urun_adi,csv_kategori,siklik,alt_tipler
EKMEK 250 GR,GIDA,9122,firin
DOMATES,MEYVE SEBZE,6018,manav
PATATES,MEYVE SEBZE,5718,manav
PORTAKAL,MEYVE SEBZE,5611,manav
TOZ SEKER,İÇECEK,5242,
SOGAN,MEYVE SEBZE,4631,manav
OSMANCIK PIRINC KG.,GIDA,4101,
LIMON,MEYVE SEBZE,4093,manav
MUZ,MEYVE SEBZE,3934,manav
KIVIRCIK,MEYVE SEBZE,3925,manav
MAYDANOZ,MEYVE SEBZE,3808,manav
HAVUC,MEYVE SEBZE,3632,manav
SİHİRLİ ELLER CİG KÖFTE 200GR,GIDA,3566,
F NEFFIS SÜT YARIM YAĞLI 1 LT,SÜT KAHVALTILIK,3253,
YERLI BADEM,MEYVE SEBZE,2900,manav
ULKER CIKOLATALI GOFRET 35GR,GIDA,2692,sekerci
YAHYAOGLU 15 LI YUMURTA,SÜT KAHVALTILIK,2588,
PORTAKAL SIKMALIK,MEYVE SEBZE,2561,manav
SALKIM DOMATES,MEYVE SEBZE,2471,manav
DANA KIYMALIK KG.,ET TAVUK,2419,kasap
ULKER 80GR BATON SUTLU 260-,GIDA,2345,
SIVRI BIBER,MEYVE SEBZE,2282,manav
CARLISTON,MEYVE SEBZE,2255,manav
NESCAFE 3 IN 1 ARADA 18 GR,İÇECEK,2196,
ERIKLI DOGAL MEMBA SU 500ML,İÇECEK,2192,
ORNEK GUNLUK YUFKA 5 ADET,GIDA,2174,
PILAVLIK BULGUR,GIDA,2130,
YESIL SOGAN,MEYVE SEBZE,2117,manav
PINAR SUT 1 LT.,SÜT KAHVALTILIK,2076,
LIMON FILE,MEYVE SEBZE,2053,manav
YERLI MUZ,MEYVE SEBZE,2049,manav
TMO OSMANCIK PIRINC 2 KG,GIDA,1986,
SALATALIK,MEYVE SEBZE,1942,manav
KIRMIZI MERCIMEK,GIDA,1859,
MEHMET EFENDI KAHVE 100 GR.,İÇECEK,1794,
PATLICAN,MEYVE SEBZE,1779,manav
FAVORIM TAM YAGLI EZINE PEYNIRI,SÜT KAHVALTILIK,1687,
SEK SUT 1 LT. SADE,SÜT KAHVALTILIK,1674,
SENPILIC,ET TAVUK,1669,kasap
BILLUR TUZ 750 GR.,GIDA,1655,
CERI DOMATES,MEYVE SEBZE,1613,manav
ELMA GOLDEN,MEYVE SEBZE,1606,manav
NOHUT BEYAZ,GIDA,1538,
DANA GULAS,ET TAVUK,1531,kasap
YAHYAOGLU 6 LI YUMURTA,SÜT KAHVALTILIK,1486,
KABAK,MEYVE SEBZE,1485,manav
SULTAN KEP.BUGDAY EKMEGI,GIDA,1435,
TEREM PAKET MARGARIN 250 GR.,SÜT KAHVALTILIK,1395,
ISPANAK KG,MEYVE SEBZE,1371,manav
WINSTON LIGHTS BOX,SİGARA,1363,
PINAR AC BITIR SALAM 75 GR,ET TAVUK,1349,kasap
F SAFF ISLAK MENDIL 80 AD,KAĞIT,1339,
MANDALINA,MEYVE SEBZE,1337,manav
L M KISA PAKET,SİGARA,1305,
AL GUNDUZ TRAKYA BEYAZ PEYNIR,SÜT KAHVALTILIK,1273,
KAY SU 5 LT,İÇECEK,1269,
YERLI BALDO PIRINC,GIDA,1248,
DERYA TAMYAGLI BEYAZ PEYNIR,SÜT KAHVALTILIK,1245,
"COCA COLA 2,5 LT. EKO BOY",İÇECEK,1235,bufe
F SAFF ISLAK MENDIL 63 AD,KAĞIT,1234,
YAHYAOGLU 30 LU BUYUK BOY YUMURTA,SÜT KAHVALTILIK,1215,
ELMA IRI,MEYVE SEBZE,1212,manav
ETI KARAM GURME 55 GR BITTER CIKOLATA,GIDA,1195,sekerci
BURDAN 6 LI YUMURTA,SÜT KAHVALTILIK,1178,
KOFTELIK BULGUR,GIDA,1174,
ULKER LAVIVA DOLGULU CIKOLATA,GIDA,1158,sekerci
SAKA SU 0.5LT,İÇECEK,1124,
YESIL MERCIMEK,GIDA,1122,
ELMA EKSI,MEYVE SEBZE,1115,manav
DERE OTU,MEYVE SEBZE,1106,manav
COCA COLA 1 LT. PET SISE,İÇECEK,1085,bufe
MANTAR PAKET,MEYVE SEBZE,1083,manav
KIRMIZI BIBER,MEYVE SEBZE,1066,manav
SENPILIC BONFILE,ET TAVUK,1062,kasap
ULKER CUBUK KRAKER 36 GR,GIDA,1036,bufe
PINAR AC BITIR MACAR SALAM 60 GR,ET TAVUK,1019,kasap
F SAFF 100 LÜ PECETE,KAĞIT,996,
"ERIKLI DOGAL MEMBA SU 1,5LT",İÇECEK,992,
ERIKLI DOGAL MEMBA SU 5 LT,İÇECEK,985,
BURDAN 30 LU BUYUK BOY KAPAKLI YUMURTA,SÜT KAHVALTILIK,948,
F SAFF WC 12 Lİ TUVALET KAGIDI,KAĞIT,941,
BIZIM MARGARIN 250 GR. PAKET,SÜT KAHVALTILIK,941,
PIRASA,MEYVE SEBZE,933,manav
HOROZ FASULYE,GIDA,933,
EDIRNE YARDIMCI TAM YAĞLI KLASIK İNEK PEY.,BEBEK,920,
WINSTON KISA BOX,SİGARA,917,
ULUDAG SODA 6LI,İÇECEK,898,bufe
"COCA COLA 1,5 LT. PET SISE",İÇECEK,887,bufe
PARLIAMENT KISA BOX,SİGARA,881,
MURATTI KISA BOX,SİGARA,857,
EKICI TAM YAGLI BEYAZ PEYNIR,SÜT KAHVALTILIK,848,
ETI CANGA 50GR,GIDA,847,
ULKER HALLEY 10 ADET,GIDA,824,
ULUDAG MADEN SUYU SADE 200 ML.,İÇECEK,823,bufe
ICIM SUT 1LT. PASTORIZE KUTU,SÜT KAHVALTILIK,816,
TURP,MEYVE SEBZE,807,manav
ARMUT DEVECI,MEYVE SEBZE,806,manav
SENPILIC BUT INCIK,ET TAVUK,805,kasap
HD ALTIN YAPRAK SİGARA SLIM,SİGARA,805,
ETI PETITO AYICIK 12 GR,GIDA,801,
EMEK AYCICEK YAG 5LT EKO.PET ŞİŞE,GIDA,796,
ROKA,MEYVE SEBZE,794,manav
ETI 70GR KARAMELLİ SUTLU ÇIK.KEYFİ,GIDA,794,sekerci
DOLMALIK BIBER,MEYVE SEBZE,784,manav
TENO 100 ADET PECETE,KAĞIT,782,
ULKER BISKREM CIKOLATALI 140 GR,GIDA,781,sekerci
ULKER DIDO SUTLU GOFRET 40 GR.,GIDA,767,sekerci
"KAY SU 0,5 LT",İÇECEK,765,
KINDER SUT DILIMI 28 GR,GIDA,762,
KINDER PINGUI DOLGULU KEK 30 GR,GIDA,761,
CIN MISIR KG.,GIDA,761,
LARK KISA BOX BLUE,SİGARA,748,
EMEK AYCICEK YAG 1 LT PETSISE,GIDA,745,
SENPILIC BAGET,ET TAVUK,743,kasap
F SAFF HAVLU KAGIDI 4 LU,KAĞIT,743,
ETI BENİMO ÇİKOLATALI BISKUVI 88 GR,GIDA,742,sekerci
TRABZON&KOY EKMEGI,GIDA,741,
DOGUS KUP SEKER 750GR,İÇECEK,740,
ANKARA MAKARNA FIYONK 500GR,GIDA,735,
ANKARA MAKARNA SPAGETTI 500GR,GIDA,727,
TADIM AY CEKIRDEGI 50 GR,GIDA,726,
ETI UZUN CIKOLATA KEYFI 40GR ANTEP FISTIKLI,GIDA,717,sekerci
NUTELLA FINDIK EZMESI 400 GR,SÜT KAHVALTILIK,717,
KIRIK PIRINC,GIDA,704,
CILEK,MEYVE SEBZE,702,manav
DR.OETKER PUDING KAKAOLU 154 G,GIDA,691,
SUTAS YAYIK TEREYAG 250 GR.,SÜT KAHVALTILIK,691,
BEYPAZARI SODA TEKLİ 20 CC,İÇECEK,681,bufe
MOR LAHANA,MEYVE SEBZE,679,manav
BILLUR TUZ 1.5 KG EKO,GIDA,677,
AYVA,MEYVE SEBZE,669,manav
KINDER SURPRISE 20 GR,GIDA,668,
ETI BROWNI INTENSE ÇİK. KAPLI KEK 38GR,GIDA,664,
KIVI,MEYVE SEBZE,658,manav
SUTAS SUZME BEYAZ PEYNIR 500 GR,SÜT KAHVALTILIK,644,
SERVIS PECETE 200 ADET,KAĞIT,641,
FINDIK ICI,GIDA,640,kuruyemisci
DOGUS KUP SEKER 1KG 405 ADET,İÇECEK,635,
ULKER COKONAT 32 GR.-275-,GIDA,631,
ULKER METRO 36 GR.-350-,GIDA,629,
PASAKOY YOGURT 2000 GR,SÜT KAHVALTILIK,628,
"SAKA SU 1,5 LİTRE",İÇECEK,626,
KAY SU 10 LT,İÇECEK,624,
ETI BURCAK 140 GR,GIDA,624,
ULKER 80GR A.FISTIKLI CIKOLATA 254,GIDA,621,sekerci
F NEFFIS TOZ SEKER 2 KG,İÇECEK,620,
OZTEMIZEL UN KURABIYE 400 GR,GIDA,619,
AY CEKIRDEGI,GIDA,611,
DERYA TAZE KASAR 400 GR,SÜT KAHVALTILIK,609,
SUTAS SUT 1 LT,SÜT KAHVALTILIK,609,
HALK MARGARIN 250 GR,SÜT KAHVALTILIK,605,
DOGUS KUP SEKER 1KG,İÇECEK,605,
TAT DOMATES SALCASI TENEKE 830 GR,GIDA,604,
F NEFFIS KESME SEKER 1 KG,İÇECEK,602,
ETI BROWNI INTENSE MINI POŞET,GIDA,600,
ANKARA ARPA SEHRIYE 500GR,GIDA,598,
ULKER NAPOLITEN SUTLU CIKO 33 GR,GIDA,596,
BURDAN 15 LI YUMURTA KAHVE 2012,SÜT KAHVALTILIK,594,
PARLIAMENT UZUN NIGHT BLUE,SİGARA,590,
HALK SUT 1/1 LT,SÜT KAHVALTILIK,589,
SARIMSAK,MEYVE SEBZE,583,manav
ETI CIN TEK LOKMALIK PORTAKALLI 112 GR,GIDA,583,
NOGAY AZ TUZLU SELE ZEYTİN,SÜT KAHVALTILIK,578,
BATTAL FASULYE,GIDA,578,
F NEFFIS KESME SEKER 750 GR,İÇECEK,577,
ETI HOSBES GOFRET 160 GR FINDIKLI,GIDA,575,sekerci
F SAFF MENDIL CEP,KAĞIT,569,
F NEFFIS AYCICEK YAGI 5 LT PET,GIDA,564,
"ULUDAG GAZOZ 1,5LT.EKO BOY",İÇECEK,563,bufe
F KALİTEM KAVRULMUS IC FINDIK 400 GR,GIDA,556,kuruyemisci
F SAFF PECETE 100'LU,KAĞIT,548,
MARLBORO KISA LIGHT BOX,SİGARA,544,
ULKER CUBUK KRAKER 5'LI,GIDA,543,bufe
MEGA YAGLI SELE ZEYTIN,SÜT KAHVALTILIK,537,
ETI CRAX CUBUK KRAKER 36 GR,GIDA,536,bufe
OYALI LOR PEYNIRI,SÜT KAHVALTILIK,531,
ULKER CIZI KRAKER 65 GR,GIDA,528,bufe
ULKER HANIMELLER COKODAMLA,GIDA,519,
NESCAFE 3 IN 1 ARADA BOL SUTLU KOPUK 18 GR,İÇECEK,517,
ANKARA MAKARNA BURGU 500GR,GIDA,517,
SERVIS PECETE 100 ADET,KAĞIT,509,
MARLBORO KISA 100 S BOX,SİGARA,508,
TAHSILDAROGLU EZINE BEYAZ PEYNIR,SÜT KAHVALTILIK,508,
SAVAS 5 LI LAVAS EKMEGI,GIDA,508,firin
ETI WANTED BUMBO 20 GR.,GIDA,508,
EMEK AYCICEK YAG 2 LT PETSISE,GIDA,501,
ETI WANTED KARAMELLİ VE PİRİNÇ PATLAKLI 40 GR,GIDA,500,sekerci
KEREVIZ,MEYVE SEBZE,499,manav
PERMATIK TEKLI,KOZMETİK,499,
MAYHOŞ NAR,MEYVE SEBZE,499,manav
DR.OETKER K.TOZU 10LU,GIDA,499,
F SAFF WC KAGIDI 32 LI,KAĞIT,497,
DR.OETKER MAYA 3 LU,GIDA,493,
BURDAN 10 LU JUMBO YUMURTA 2012,SÜT KAHVALTILIK,490,
FIDANLAR ACI PULBIBER 250 GR,GIDA,490,
SUTAS AYRAN 1 LT,İÇECEK,489,bufe
PINAR YAŞAM PINARIM SU 5KG,İÇECEK,483,
FAIRY SIVI BULASIK DETERJANI 750 ML LIMON,DETERJAN TEMİZLİK,483,
"SUTAS YOGURT 2,250 KG KOVA KAYMAKSIZ",SÜT KAHVALTILIK,482,
ULKER PIKO 25GR-398,GIDA,478,
"FANTA PORTAKAL 2,5LT",İÇECEK,477,
CAYKUR TIRYAKI SIYAH CAY 1KG,İÇECEK,472,
DOMESTOS ULTRA 810ML.DAG ES.,DETERJAN TEMİZLİK,471,
OYALI CECIL PEYNIRI,SÜT KAHVALTILIK,469,
NOGAY YESIL CIZIK ZEYTIN IRI,SÜT KAHVALTILIK,469,
ULKER COKOKREM KASE 500 GR.-0055-1,SÜT KAHVALTILIK,468,
JUMBO SELE ZEYTIN,SÜT KAHVALTILIK,467,
BURDAN 15 LI YUMURTA BUYUK BOY,SÜT KAHVALTILIK,467,
SUTAS YOGURT 2000 GR KAYMAKLI,SÜT KAHVALTILIK,463,
SENPILIC IZGARA TAVA,ET TAVUK,461,kasap
NESCAFE 2 İ 1 ARADA 18 GR,İÇECEK,460,
DANA KUSBASI,ET TAVUK,460,kasap
ULKER SMART MINI SUTLU CIKOLATA 12 GR,GIDA,457,sekerci
NESTLE NESGUİK CIKOLATALI GOFRET 35GR.,GIDA,455,sekerci
PAKMAYA YAS MAYA 4LU PAKET,GIDA,455,
CAYKUR RIZE TURIST CAY 1000 GR,İÇECEK,454,
SUTAS TOST KASAR PEYNIR 700 GR,SÜT KAHVALTILIK,451,
ULKER ALBENI 40GR.-345-,GIDA,449,
PINAR MADRAN SU 500ML SIRINLER SPORCU K.,İÇECEK,446,
DR.OETKER K.TOZU 5LI POSET,GIDA,445,
ULKER PETIBOR BISKUVI 1KG.-133,GIDA,444,
ULUDAG LIMONATA 1 LITRE,İÇECEK,442,
SUTAS AYRAN 225 ML,İÇECEK,439,bufe
DERYA TAZE KASAR 700GR,SÜT KAHVALTILIK,438,
ETI CIN MINI PORTAKALLI 48 GR,GIDA,437,
ETI TUTKU BISKUVI POSET 140 GR,GIDA,431,
CAYKUR RIZE TURIST CAY 500 GR,İÇECEK,431,
PINAR SUT 500 GR.,SÜT KAHVALTILIK,427,
"KAY SU 1,5 LT",İÇECEK,426,
TEREM YAG KASE 250 GR.,SÜT KAHVALTILIK,425,
GREYFURT,MEYVE SEBZE,423,manav
NUTELLA FINDIK EZMESI 750 GR,SÜT KAHVALTILIK,420,
DERYA KASAR 250GR,SÜT KAHVALTILIK,420,
ULKER DORE SUTLU CIKOLATALI BIS.93 GR,GIDA,420,sekerci
PASAKOY AYRAN 200GR,İÇECEK,419,bufe
ULKER CUBUK KRAKER 150GR.NO:175,GIDA,419,bufe
ULUDAG MADENSU FRUTTI LIMON 200ML,İÇECEK,417,
GUROVA TAM YAGLI BEYAZ PEYNIR,SÜT KAHVALTILIK,415,
KARNIBAHAR,MEYVE SEBZE,413,manav
IRI KABAK,GIDA,412,
SUTAS SUZME BEYAZ PEYNIR 250 GR,SÜT KAHVALTILIK,412,
CAFE CROWN KOPUKLU SUTLU KAHVE LATTE TEKLI,İÇECEK,412,
NANE TAZE,MEYVE SEBZE,412,manav
SUTAS YOGURT KAYMAKSIZ 1KG,SÜT KAHVALTILIK,411,
ALPELLA PUDING 100MLCIKOLATALI PUD,GIDA,408,sekerci
TADIM AY CEKIRDEGI 200 GR,GIDA,405,
COCA COLA 250 ML TNK,İÇECEK,402,bufe
SUTAS AYRAN 300 ML.,İÇECEK,402,bufe
F SAFF HAVLU KAGIDI 2 LI,KAĞIT,401,
FILIZ ARPA SEHRIYE 500 GR,GIDA,399,
ARBELLA BURGU MAKARNA 500GR,GIDA,398,
PINAR SUT 200ML,SÜT KAHVALTILIK,396,
CEREZZA POPCORN PATLAMIS MISIR 50GR,GIDA,396,bufe
BURDAN 10 LU PREMIUM YUMURTA BUYUK BOY 2012,SÜT KAHVALTILIK,394,
TADELLE SUTLU CIKOLATA 30GR,GIDA,393,sekerci
ULKER CIZI KRAKER MINI 140GR,GIDA,393,bufe
DR.OETKER KREM SANTI POSET TOZ 75,GIDA,391,
FALIM SAKIZ 5LI ORMAN MEYVELI,GIDA,390,sekerci
PINAR MADRAN SU 500ML,İÇECEK,390,
ETI FORM LIGHT 67 GR.MISIR VE PRINÇ PATLAGI,GIDA,390,
KINDER CIKOLATA 4LI 50GR,GIDA,390,sekerci
FILIZ MAKARNA SPAGHETTI 500 GR,GIDA,388,
ATOM KIVIRCIK,MEYVE SEBZE,387,manav
ETI BALIK KRAKER 35 GR,GIDA,387,bufe
ETI PIZZA KRAKER EKO 160GR,GIDA,386,bufe
FIDANLAR TAZE KASAR 400 GR,SÜT KAHVALTILIK,385,
ULUDAG MADENSU FRUTTI LIMON 200ML 6'LI,İÇECEK,384,
SUTAS YOGURT 1KG KAYMAKLI YENI,SÜT KAHVALTILIK,384,
L M UZUN PAKET,SİGARA,383,
ULKER ALBENI 60 GR,GIDA,382,
KOY PEYNIRI,SÜT KAHVALTILIK,381,
ETI KAKAOLU BISKUVI 125 GR.,GIDA,381,
SUTAS AYRAN 2 LT,İÇECEK,380,bufe
YAHYAOGLU 30 LU SMALL,SÜT KAHVALTILIK,380,
CAYKUR TIRYAKI CAY 500 GR,İÇECEK,378,
ULKER KREMALI 340 GR 106-1,GIDA,375,
SEK YARIM YAGLI YOĞURT 2000 GR,SÜT KAHVALTILIK,373,
SUTAS YOGURT 650GR,SÜT KAHVALTILIK,373,
ETI NEGRO KAKAOLU 91 GR,GIDA,372,
SUTAS YOGURT 650GR KAYMAKSIZ,SÜT KAHVALTILIK,372,
TADIM AY CEKIRDEGI BOLTUZLU 50GR,GIDA,369,
ETI SUSAMLI CUBUK KRAKER 136 GR,GIDA,369,bufe
FILIZ MAKARNA BURGU 500 GR,GIDA,369,
AYTAC SUT 1 LT YARIM YAGLI,SÜT KAHVALTILIK,369,
ETI PUF KAKAOLU 18 GR.,GIDA,368,
ULKER CIZI 260GR,GIDA,367,
EKICI KASAR PEYNIRI 400 GR,SÜT KAHVALTILIK,367,
ULKER COCOSTAR HINDISTANCEVIZLI,GIDA,367,
NESTLE GOFRET CIKOLATALI 35GR.,GIDA,363,sekerci
BURDAN 15 LI YUMURTA ORTA BEYAZ 2012,SÜT KAHVALTILIK,362,
LUX KARISIK CEREZ,GIDA,361,kuruyemisci
BEYAZ LAHANA,MEYVE SEBZE,361,manav
HD ALTINYAPRAK MAVI KALIN,SİGARA,359,
ETI BALIK KRAKER EKO 160GR,GIDA,358,bufe
SEK AROMA SUT KAKAOLU 200ML,SÜT KAHVALTILIK,358,
NESTLE NESGUIK SUT 180ML KAKAOLU,SÜT KAHVALTILIK,358,
ULKER HANIMELLER FINDIKLI,GIDA,358,
ULUDAG LIMONATA 1 LITRE SEKERSIZ,İÇECEK,357,
ULKER COKOPRENS 10'LU,GIDA,357,
LUPPO SANDVIC KEK 8'LI SUTLU,GIDA,357,
ULKER HALLEY MINI GRANURLU,GIDA,356,
EMEK AYCICEK YAG 3 LT PET,GIDA,354,
CAYKUR FILIZ CAY 500 GR,İÇECEK,353,
TADELLE GOFRET 35GR,GIDA,352,sekerci
NESTLE GOFRET BITTER 35 GR,GIDA,352,sekerci
TENO 200 ADET PECETE,KAĞIT,351,
UNAL TAM YAGLI KLASIK EZINE,SÜT KAHVALTILIK,351,
ACTİVEX SIVI SABUN 650 ML HASSAS,KOZMETİK,351,
ULKER CIKOLATALI GOFRET 5LI,GIDA,351,sekerci
ULKER ALBENI ATISTIRMALIK 80GR,GIDA,350,
CAYKUR KAMELYA CAY 1KG,İÇECEK,349,
PINAR DOYUM KOKTEYL SOSIS 300 GR.,ET TAVUK,348,kasap
ETI BURCAK 3 LU 420 GR,GIDA,347,
ULKER 80GR BATON BITTER 262-,GIDA,345,
TEKEL 2001 KISA BOX,SİGARA,343,
ANKARA MAKARNA BONCUK 500GR,GIDA,341,
CAFE CROWN 3 U 1,İÇECEK,340,
ETI HOSBES LIMONLU 80 GR.,GIDA,339,
FILE PATATES,MEYVE SEBZE,338,manav
ULKER 70 GR KARE CIKOLATA KARAMELLI,GIDA,337,sekerci
"BURC DOGAL KAYNAK SU 0,5 L",İÇECEK,336,
VURALLAR LÜKS KARS ESKI KASAR,SÜT KAHVALTILIK,335,
DR.OETKER VANILYA 10LU,GIDA,335,
SUTAS YOGURT KAYMAKSIZ 1.5KG,SÜT KAHVALTILIK,334,
LUPPO SANDVIC KEK 8'LI KAKAOLU,GIDA,333,
SENPILIC KANAT SPECIAL,ET TAVUK,332,kasap
ETI CRAX BAHARATLI CUBUK 50GR,GIDA,332,
ETI BURCAK SUTLU KREMALI 100 G,GIDA,331,
FILIZ MAKARNA BONCUK 500 GR,GIDA,331,
ETI BROWNI KAKAO KEK 40GR,GIDA,331,
TEKEL 2000 KIRMIZI UZUN,SİGARA,330,
MISIR UNU,GIDA,328,
ETI TUTKU BISKUVI 120 GR KAKAO KREMALI,GIDA,326,
TADELLE FINDIK DOLGULU CIK.40 GR,GIDA,325,
SANA MUTLU AILE PK.250GR,SÜT KAHVALTILIK,325,
CAKMAK,EV,325,
BIZIM MUTFAK CORBA EZOGELIN 74GR,GIDA,323,
ANKARA TEL SEHRIYE 500GR,GIDA,323,
DR.OETKER KARBONAT 5 LI POSET,GIDA,323,
ETI PETITO SUTLU KREMA DOLGULU BEYAZ CIK,GIDA,322,
CAYKUR KAMELYA CAY 500GR,İÇECEK,321,
KURU UZUM,GIDA,321,kuruyemisci
ICIM SUT CIKOLATALI 200ML,SÜT KAHVALTILIK,320,sekerci
ULKER STIKS CIKOLATA ANTEP FISTIKLI 38 GR,GIDA,319,sekerci
ELMA LUX AMASYA,MEYVE SEBZE,319,manav
ULKER COKOMILK 5'LI,GIDA,319,
PASAKOY YOGURT 500GR,SÜT KAHVALTILIK,315,
TEREM YAG KASE 500 GR,SÜT KAHVALTILIK,313,
ANKARA MAKARNA YUKSUK 500GR,GIDA,312,
ARBELLA FIYONK MAKARNA 500GR,GIDA,311,
FAIRY SIVI BULASIK DETERJANI 750 ML ELMA,DETERJAN TEMİZLİK,310,
HEKIMOGLU UN 2KG,GIDA,310,
ETI PIZZA KRAKER 30 GR,GIDA,309,bufe
NOGAY YAGLI SELE 1,SÜT KAHVALTILIK,306,
ETI TOP KEK FINDIKLIKAKAOLU 35 GR,GIDA,306,
CEVIZ LUX ICI,GIDA,305,kuruyemisci
ETI KOMBO 56 GR,GIDA,304,
SULTAN BUYUK TAM BUGDAY EKMEGI,GIDA,304,
PINAR SOLEN MACAR SALAM,ET TAVUK,303,kasap
"ULUDAG GAZOZ 2,5 LT.EKO BOY SA",İÇECEK,300,bufe
FALIM SAKIZ 5LI DAMLA,GIDA,298,sekerci
FALIM SAKIZ 5LI CILEK,GIDA,297,sekerci
F SAFF HAVLU KAGIDI 12 LI,KAĞIT,297,
YORSAN KAYMAK 200GR,SÜT KAHVALTILIK,297,
DR.OETKER CIKOLATA SOSU 128 GR.,GIDA,296,sekerci
SUTAS BEYAZ PEYNIR 500GR PRATIK,SÜT KAHVALTILIK,296,
ETI SUSAMLI CUBUK KRAKER 45GR,GIDA,296,bufe
ETI POP KEK CIKOLATA KAPLAMA 50 GR.,GIDA,295,sekerci
PINAR AC BITIR SUCUK90 GR.,ET TAVUK,294,kasap
ULKER HOBBY 400 GR KAKAOLU FIND.,SÜT KAHVALTILIK,293,
ETI PUF HINDISTAN CVZ 18 GR.,GIDA,293,
CHEETOS FIRINDA FISTIKLI 44 GR.,GIDA,292,bufe
DR.OETKER K.TOZU 15LI POSET,GIDA,292,
DR.OETKER VANILYA 5LI POSET,GIDA,292,
DR.OETKER KAKAO 2*25GR.,GIDA,291,
ETI MAXIMUS SUTLU YER FIS. NUGA BAR 40 GR,GIDA,291,
SANA PAKET MARGARIN 250GR.,SÜT KAHVALTILIK,290,
ETI GONG MISIR VE PIRINC PATLAGI 64 GR,GIDA,290,
FILIZ TEL SEHRIYE 500 GR,GIDA,290,
FILIZ IRMIK 500 GR,GIDA,289,
RUFFLES ORGINAL132 GR,GIDA,288,
SULTAN KEPEKLI EKMEK,GIDA,288,firin
SUTAS GUNLUK SUT 1 LT ŞİŞE,SÜT KAHVALTILIK,287,
ONCU DOMATES SALCASI 1900GR,GIDA,287,
NESTLE CRUNCH PAT 44 GR,GIDA,287,
BESLER PILIC KOKTEYL SOSIS 280GR,ET TAVUK,286,kasap
SUTAS SUT 200 ML,SÜT KAHVALTILIK,286,
SUTAS BEYAZ PEYNIR 1KG PLAS.,SÜT KAHVALTILIK,286,
ETI CAY KEYFI KAKAOLU 82 GR,GIDA,285,
ETI BROWNI KEK CIKOLATALI FINDIKLI,GIDA,285,sekerci
ULKER CARAMIO CIKOLATA 40GR,GIDA,285,sekerci
SUTAS YOGURT 1250 GR KAYMAKLI,SÜT KAHVALTILIK,284,
KARTAL MAKARNA BURGU 500GR,GIDA,284,
SANA HAMURISI MARGARIN 250 GR,SÜT KAHVALTILIK,283,
ANTEP FISTIGI,GIDA,283,
SULTAN KEPEKLI KOY EKMEGI,GIDA,283,
AROMA M.SUYU 200ML SEFTALI,İÇECEK,283,
CAYKUR TOMURCUK EARL GREY 125G,İÇECEK,282,
SINANGIL UN 1 KG.,GIDA,282,
PINAR KIDO KAKAOLU SUT 200 ML,SÜT KAHVALTILIK,282,
SUTAS KAKAOLU SUT 200 ML,SÜT KAHVALTILIK,282,
ULKER 40GR A.FISTIK CIKOLATA,GIDA,282,sekerci
WINNER SLIMS,SİGARA,280,
SEK SADE SUT 200 ML.,SÜT KAHVALTILIK,280,
F KALITEM IC FINDIK 700 GR,GIDA,279,kuruyemisci
ETI HOSBES GOFRET FINDIKLI 40GR,GIDA,279,sekerci
SINANGIL UN 2 KG.,GIDA,279,
ETI YULAFLI BISKUVI 133 GR,GIDA,277,
ULKER IKRAM 101 KAKAO/FINDIK 100GR,GIDA,277,
ULKER HOBBY SUTLU KOKOLIN KAP. 32 GR,GIDA,276,
ETI POP KEK MUZLU 50 GR.,GIDA,275,
SENPILIC KALCALI BUT,ET TAVUK,273,kasap
ETI 80GR ANTEP FIST.CIKOLATA KARE,GIDA,273,sekerci
ETI POP KEK CIKOLATALI 90 GR.,GIDA,270,sekerci
ULKER SUSAMLI CUBUK KRAKER 150,GIDA,270,bufe
ASURELIK BUGDAY,GIDA,269,
ULKER KEKSTRA 35GR.CILEK,GIDA,268,
CAFE CROWN 2IN1 SEKERSIZ,İÇECEK,268,
DOMESTOS ULTRA 810ML KAR BEYAZI,DETERJAN TEMİZLİK,268,
ETI BROWNI INTENSE MINI POŞET VISNE,GIDA,267,
ULKER BISKREM KAKAOLU RULO,GIDA,267,
BADEM,GIDA,267,kuruyemisci
ARBELLA ARPA SEHRIYE MAKARNA 500GR,GIDA,267,
PINAR MANGAL SUCUK,ET TAVUK,267,kasap
DR.OETKER KREM SANTI SADE 150GR,GIDA,266,
SARI LEBLEBI,GIDA,264,kuruyemisci
DANA ANTRIKOT,ET TAVUK,264,kasap
KOMILI ISLAK TEMIZLIK HAVLUSU 90 'LI %30 BED,KAĞIT,263,
ETI CIN JOLELI BISKUVI PORTAKAL,GIDA,261,
PASAKOY YOGURT 1000GR,SÜT KAHVALTILIK,261,
ETI 80 GR KARAM BITTER,GIDA,260,
CHESTERFIELD NAVY LINE,SİGARA,260,
PERMATIK BANYO BICAGI,KOZMETİK,259,
ETI FORM 45 GR,GIDA,259,
F SAFF ÇÖP POŞETİ ORTA BOY,EV,258,
ARBELLA SPAGHETTI MAKARNA 500GR,GIDA,258,
KEBIR TAZE KASAR 400 GR,SÜT KAHVALTILIK,257,
SENPILIC CIGER,ET TAVUK,257,kasap
YORSAN EV TIPI 2 KG YOGURT,SÜT KAHVALTILIK,256,
ETI HOSBES GOFRET KAKAOLU 40GR,GIDA,256,sekerci
UNO TOST EKMEGI PAKET 500GR.,GIDA,255,
ULKER PETIBOR 175 GR.-111-,GIDA,255,
F NEFFIS BUGDAY UNU 5 KG,GIDA,254,
TUZLU FISTIK,GIDA,254,kuruyemisci
H.SAKIR SAB.BEYAZ 4LU LAVANTA,KOZMETİK,252,
F SAFF ÇÖP POŞETİ BÜYÜK BOY,EV,251,
FILIZ MAKARNA DIRSEK 500 GR,GIDA,251,
CAFE CROWN LATTE,İÇECEK,250,
ETI HOSBES GOFRET 160 GR KAKAO,GIDA,250,sekerci
ETI SULTANI BISKUVI 138 GR,GIDA,249,
ONCU DOMATES SALCASI 830 GR TNK,GIDA,249,
VICEROY KIRMIZI UZUN,SİGARA,248,
ULKER COKOMILK 20 GR,GIDA,248,
KALBIM TON BALIGI 3*80GR,GIDA,247,balikci
H.SAKIR SAB.BEYAZ 4LU DOGAL,KOZMETİK,247,
GOZDE MACAR SALAM KG,ET TAVUK,247,kasap
K.PLAST BUZD.POSETI ORTA 30AD,EV,247,
KARTAL MAKARNA FIYONK 500GR,GIDA,247,
DORITOS TACO 150 GR SUPER BOY,GIDA,246,
ULKER HALLEY -340- 30 GR,GIDA,246,
FILIZ MAKARNA KELEBEK 500 GR,GIDA,245,
ULKER PROBIS ATISTIRMALIK 75 GR,GIDA,245,
DERYA DILIM KASAR 200 GR,SÜT KAHVALTILIK,244,
ETI KREMALI BISKUVI 77GR,GIDA,244,
CAN SOSYETE SEKERI ADIKE,GIDA,244,
SHAZILI SALEP 24GR,İÇECEK,243,
BERRAK TURSU SALATALIK 250 GR,GIDA,242,
AKIDE SEKERI-2,GIDA,242,
"FANTA 1,5 LT PORTAKAL PET SISE",İÇECEK,242,
"EMEK AYCICEK YAG 4,5 LT PET ŞİŞE",GIDA,242,
ANANAS TANE,MEYVE SEBZE,241,manav
LD LODOS DENİZCİSİ SLİMS,SİGARA,240,
KINDER BUENQ 2LI,GIDA,240,
DOMESTOS ULTRA 810ML.OKALİPTÜS FERAHLIĞI,DETERJAN TEMİZLİK,240,
BULGUR ESMER,GIDA,239,
ICIM SUT 200 ML.,SÜT KAHVALTILIK,239,
LARK KISAKIRMIZI  BOX,SİGARA,239,
ANKARA MAKARNA DIRSEK 500GR,GIDA,239,
M.OSMANCIK PIRINC,GIDA,239,
"ULUDAG SARI PORTAKALLI 2,5 LT.",İÇECEK,238,
F NEFFIS BUGDAY UNU 2 KG,GIDA,237,
NESTLE SICAK CIKOLATA 19 GR,GIDA,237,sekerci
PINAR YOGURT 2000 GR,SÜT KAHVALTILIK,237,
VICEROY SPECIAL KISA,SİGARA,236,
CHEETOS 3' LÜ 60 GR.,GIDA,236,bufe
YUVAM KIRMIZI MERCIMEK KG,GIDA,236,
CP 15 LI YUMURTA MIDYUM,SÜT KAHVALTILIK,236,
BESLER DILIMLI SUCUK 260GR,ET TAVUK,235,kasap
CAFE CROWN 3 U 1 FINDIKLI,İÇECEK,235,
ALTIN CEZVE SUTLU SALEP 300 GR,İÇECEK,235,
GOLPAZARI BUFE TOST 700 GR,SÜT KAHVALTILIK,235,
MONTE CARLO NINGHT BLUE,SİGARA,235,
SOLEN OZMO CORNET,GIDA,235,
PINAR LABNE PEYNIR 200GR,SÜT KAHVALTILIK,235,
BIZIM MARGARIN 250 GR 6LI EKO PAKET,SÜT KAHVALTILIK,233,
TAMEK DOMATES SALCASI 830 GR,GIDA,233,
ULKER PROBIS RULO 10`LU NO:72,GIDA,233,
ANKARA MAKARNA PENNE 500GR,GIDA,233,
CAFE CROWN SICAK ÇİKOLATA 23GR,İÇECEK,232,sekerci
ULUDAG MADENSU FRUTTI ELMA 200ML,İÇECEK,232,
KAYA FUNDA GARLAND KURU INCIR 250GR,GIDA,231,kuruyemisci
ULKER KREMALI BISKUVI 85 GR,GIDA,231,
PINAR MADRAN SU 1.5 LT,İÇECEK,231,
ETI KEPEKLI BURCAK 125 GR,GIDA,230,
ULKER RULOKAT 42GR 190,GIDA,230,
MARLBORO UZUN 100 S PAKET,SİGARA,230,
NESCAFE 3 IN1 10 AL 9 ÖDE,İÇECEK,230,
FIDANLAR NANE 100 GR,GIDA,229,
KARTAL MAKARNA ARPA SEHR.500GR,GIDA,228,
ULKER 9 KAT 50 GR. FINDIKLI GOFRET,GIDA,228,sekerci
ETI BURCAK SUTLU CIK. 100 GR,GIDA,227,
ULKER KAKAO 50 GR. 608,GIDA,227,
IPEK PAMUK 50 GR.,KOZMETİK,227,
ULKER SAKLIKOY YULAFLI 133GR,GIDA,226,
SEK YOGURT T.YAGLI 500 GR,SÜT KAHVALTILIK,226,
DR.OETKER KAKAO 25 GR.,GIDA,226,
PUDRA SEKERI 500GR,GIDA,225,
SUTAS HUPTRIK YOGURT 3'LU,SÜT KAHVALTILIK,225,
F NEFFIS BUGDAY UN 1 KG,GIDA,225,
SAYAN BIGIY DIKISSIZ CORAP,EV,224,
ISIL TUZ 1.5 KG,GIDA,224,
SADE-GULLU LOKUM,GIDA,223,sekerci
KINDER SURPRISE 3LU,GIDA,223,
ULKER 80GR LUKS CIKOLATA 250,GIDA,223,sekerci
ETI CRAX CUBUK KRAKER 150GR,GIDA,223,bufe
SUTAS PIKNIK KASAR 500GR,SÜT KAHVALTILIK,222,
ARMUT,MEYVE SEBZE,220,manav
ULKER KEKSTRA KONFETI 35GR CIKOLATALI,GIDA,220,sekerci
YORSAN EV TIPI 1 KG YOGURT,SÜT KAHVALTILIK,220,
NISASTA 1KG,GIDA,219,
LAY`S YOGURT VE MEVSIM YESILLIKLERI 115GR,GIDA,219,
ULKER SAKLIKOY KLASIK 140 GR,GIDA,219,
ULKER ALBENI TANE TANE 55 GR,GIDA,219,
FALIM SAKIZ 5LI NANE,GIDA,218,sekerci
NOGAY ÖZEL ÜRÜN YAGLI SELE ZEYTINI LUX,SÜT KAHVALTILIK,218,
ULKER KAKAO 25 GR.-606-,GIDA,218,
ULKER OLALA CIK. DOLGULU BAR KEK 34 GR,GIDA,218,
WINSTON BLUE SLIMS,SİGARA,218,
FILIZ MAKARNA FIYONK 500 GR,GIDA,217,
ULKER PETITCIFTE KAVRULMUS 117,GIDA,216,kuruyemisci
SUTAS SUT 500 ML SISE SUT,SÜT KAHVALTILIK,216,
ULUDAG MADENSU FRUTTC MAX VITAMIN 200ML,İÇECEK,215,
PINAR M.SUYU 1LT. AKDENIZ,İÇECEK,215,
CP 30 LU YUMURTA MIDYUM,SÜT KAHVALTILIK,215,
ULKER MAKARNEXKS DOMATES SOSLU,GIDA,214,
ANKARA MAKARNA KUSKUS 500GR,GIDA,214,
PINAR YAYIK TEREYAGI 250 GR.,SÜT KAHVALTILIK,213,
ETI FORM LIMON LIFLI KEPEKLI BISKUVI 50 GR,GIDA,213,
K.PLAST BUZD.POSETI KUCUK 50 AD,EV,212,
ETI POP KEK 180 GR KAKAOLU,GIDA,212,
ULKER SUSAMLI CUBUK KRAKER 50GR,GIDA,212,bufe
SUTAS SUT PRATIK GUNLUK 1 LT,SÜT KAHVALTILIK,212,
BARBUNYA FASULYE,GIDA,211,
ULUDAG MADENSU FRUTTC MAX VITAMIN 6'LI,İÇECEK,211,
ULKER 40GR LUKS CIKOLATA 210 SUTLU,GIDA,211,sekerci
ETI ETIMEK -TUZSUZ 130 GR,GIDA,211,
FILIZ MAKARNA YUKSUK 500 GR,GIDA,211,
FAIRY SIVI BULASIK DETERJANI 750 ML PORTAKAL,DETERJAN TEMİZLİK,211,
ULKER COKOPRENS ATISTIRMALIK,GIDA,210,
PRIL BULASIK SIVISI 750 GR.LIMON,DETERJAN TEMİZLİK,210,
F NEFFIS TOZ SEKER 5 KG,İÇECEK,209,
PINAR YOGURT 500 GR.,SÜT KAHVALTILIK,209,
SOKE UN 2KG,GIDA,209,
DANA SOTE,ET TAVUK,208,kasap
KNORR CORBA EZOGELIN,GIDA,206,
H.SAKIR SAB.BEYAZ 4LU GUL,KOZMETİK,206,
ETI FORM CIKOLATA KAPLI LIFLI 56GR,GIDA,206,sekerci
ANKARA MAKARNA MANTI 500GR,GIDA,206,
CAYKUR RIZE TURIST CAYI 1 KG+500 GR,İÇECEK,205,
IPEK PAMUK 100 GR.,KOZMETİK,205,
SULTAN EKLER PASTA,GIDA,204,
TEREM YAG GURME KAYMAKLI KASE 250 GR.,SÜT KAHVALTILIK,204,
KNORR BULYON 24TABLET 7 BEDAVA TAVUK,GIDA,204,
ULKER METRO YER FISTIGI 40GR,GIDA,203,
OZTEMIZEL KIR KIRAK GALETA KEPEKLİ 200 GR,GIDA,203,
GOZDE KOKTELY SOSIS 500 GR,ET TAVUK,203,kasap
PALL MALL TURUNCU,SİGARA,203,
LAY'S  ACI BIBER 61 GR.,GIDA,202,
FIRST SENSATİONS GÜN ISIGI 27 GR,GIDA,202,
ETI CRAX COK INCE BIBERLI-KEKIKLI KRAKER 40GR,GIDA,202,bufe
ULKER KELLOGG`S SPECIAL K KRAKER FESLEGEN,SÜT KAHVALTILIK,202,bufe
FAMILIA PECETE 100 AD.,KAĞIT,201,
NUTELLA FINDIK EZMESI 180 GR,SÜT KAHVALTILIK,201,
DR.OETKER VANILYA 15LI POSET,GIDA,201,
POLO SİLVER,SİGARA,200,
ULKER RODEO CIKOLATA 40GR,GIDA,200,sekerci
TROPICANA M.SUYU 1 LT SEFTALI,İÇECEK,199,
SENPILIC PİLİÇ SALAM 850 GR,ET TAVUK,199,kasap
ERIKLI DOGAL MEMBA SU 10 LT,İÇECEK,199,
ETI POP KEK LIMON KAPLAMA 50 GR.,GIDA,199,
KNORR CORBA YAYLA,GIDA,199,
EKICI TAM YAGLI KLASIK B PEYNIR,SÜT KAHVALTILIK,198,
LD BLUE KISA PAKET,SİGARA,198,
ICIM DOGAL YOGURT 2250GR,SÜT KAHVALTILIK,197,
LAVACHE QUIRIT KREM PEYNIR 300 GR,SÜT KAHVALTILIK,197,
ANKARA MAKARNA INCE UZUN 500GR,GIDA,197,
KNORR BULYON 12 TABLET TAVUK %25 BED,GIDA,196,
CAFE CROWN 2 U 1 FINDIKLI,İÇECEK,196,
SONY NEW ULTRA 4 LU KALEM PIL,EV,196,
FIDANLAR HINDISTAN CEVIZI 100 GR,GIDA,195,kuruyemisci
PINAR M.SUYU 1LT.ŞEFTALİ,İÇECEK,195,
ULKER COKOPRENS BIS.28 GR,GIDA,195,
ETI BROWNI INTENSE ÇİK. KAPLI KEK 114GR 3 LÜ,GIDA,194,
FANTA 1 LT PORTAKAL PET SISE,İÇECEK,194,
SOKE UN 1KG,GIDA,194,
LARK UZUN BLUE BOX,SİGARA,194,
VICEROY SPECIAL UZUN,SİGARA,193,
SUTAS TEREYAG 125GR FOLYO,SÜT KAHVALTILIK,192,
ETI TOP KEK MEYVELİ 40 GR,GIDA,192,
YUDUM AYCICEK YAGI 1LT.,GIDA,192,
NESCAFE CLASSIC 50 GR.EKO PAKET,İÇECEK,191,
K.PLAST BUZD.POSETI ORTA 70 AD.EKO,EV,191,
FILIZ MAKARNA INCE UZUN 500 GR,GIDA,191,
BIZIM AYCICEK YAGI 5LT.TENEKE,GIDA,190,
"SAKA MINI SU 0,33ML",İÇECEK,190,
ETI 80GR A.FISTIKLI BITTER CIKOLATA KEYFI KARE,GIDA,190,sekerci
ULKER 80GR BITTER CIKOLATA 252,GIDA,190,sekerci
SEK SUT 500 ML. SADE,SÜT KAHVALTILIK,189,
TROPICANA M.SUYU 1 LT VISNE,İÇECEK,189,
BAGDAT KIRMIZIPULBIBER 80GR,GIDA,189,
PASTAVILLA MAKARNA SPAGETTI 500 GR.,GIDA,189,
ARBELLA KELEBEK MAKARNA 500GR,GIDA,189,
ETI CRAX BIBERLI KEKIKLI 88 GR,GIDA,189,
ULKER 9 KAT FINDIKLI GOFRET 100GR,GIDA,189,sekerci
CHEETOS 44 GR PEYNIR&SOGAN,GIDA,188,bufe
IRMIK,GIDA,188,
ALPELLA 3 GEN GOFRET 38 GR,GIDA,188,sekerci
MILKA BONIBON 27 GR,GIDA,187,
ETI TOP KEK CILEKLI 40 GR,GIDA,187,
K.PLAST BUZD.POSETI KUCUK 100 AD,EV,187,
AROMA M.SUYU 200ML KAYISI,İÇECEK,187,
KNORR CORBA KREMALI MANTAR,GIDA,186,
NESCAFE 3 IN 1 CIKOLATALI 13 GR,İÇECEK,186,sekerci
ETI ACI BALIK KRAKER 125 GR,GIDA,186,bufe
LAY`S  KLASIK 125 GR.,GIDA,186,
KOMILI ISLAK TEMIZLIK HAVLUSU SENSITIVE 90LI,KAĞIT,186,
ULUDAG MADENSU FRUTTI NAR 200ML,İÇECEK,186,
CANBEBE TEMIZLIK HAVLUSU YEDEK 64 AD,KAĞIT,186,
PASTAVILLA MAKARNA LINGUINE 500 GR.,GIDA,185,
FALIM SAKIZ 5LI ISIL KARBONATLI,GIDA,185,sekerci
SOLO SUPER PECETE 100 LU %20,KAĞIT,185,
FERSAN ELMA SIRKESI 500 ML,GIDA,185,
HD BLUE SIGARA,SİGARA,185,
CAM SAKIZI 270 GR. PVC.,EV,185,
PASTAVILLA MAKARNA KELEBEK 500GR.FARF,GIDA,184,
KNORR CORBA KR.DOMATES 74 GR,GIDA,184,
FIDANLAR TAZE KASAR 250GR,SÜT KAHVALTILIK,184,
ETI MİNİ BROWNI GOLD KAKAO SOS KEK 180GR,GIDA,183,
ULUDAG LIMONATA 330 ML,İÇECEK,183,
ETI CRAX PEYNIRLI CUBUK 50GR,GIDA,183,
ETI KOMBO 50 GR,GIDA,183,
LD BLUE UZUNPAKET,SİGARA,183,
ULKER MAKARNEXKS PEYNIRLI SOSLU,GIDA,183,
YEDOY TATLI KURU PASTA,GIDA,182,
ETI TARTINI FRAMBUAZLI TURTA 180 GR,GIDA,182,
FILE SOGAN,MEYVE SEBZE,182,manav
RUFFLES ORIGINALAILE 87GR,GIDA,181,
ULKER DANKEK CAY SAATI ISLAK KEK 240 GR,GIDA,181,
H.SAKIR SAB.BEYAZ 4LU LEYLAK,KOZMETİK,181,
F SAFF WC KAGIDI 24'LU,KAĞIT,181,
GILLETTE BLUE 3 TEKLI,KOZMETİK,181,
SEK MEYVE SU 1 LT KAYISI,İÇECEK,181,
SAKA SU 5 LİTRE,İÇECEK,181,
ICIM TEREYAGI 250GR YAYIK,SÜT KAHVALTILIK,180,
ETI HOSBES GOFRET 160 GR CILEK,GIDA,180,sekerci
ULKER KRISPI BAHARATLI CUBUK 50 GR,GIDA,180,
ULKER HAYLAYF 75 GR NO:81,GIDA,180,
ULUDAG GAZOZ 1LT EFSANE,İÇECEK,179,bufe
FIDANLAR KARABIBER 100 GR,GIDA,179,
PINAR YASAM PINARIM 10 LT,İÇECEK,179,
SULTAN HAMB-SANDV 8 LI,GIDA,179,
ULKER IKRAM 102 KAKAO/FINDIK 100GR,GIDA,179,
COLGATE D.M UCLU ETKI 50 ML,KOZMETİK,179,
SUTAS TEREYAG PAST 250 GR,SÜT KAHVALTILIK,179,
"HYPO CAMASIR SUYU 2,5 LT.",DETERJAN TEMİZLİK,179,
CAYKUR RIZE TURIST CAY 200GR,İÇECEK,178,
PINAR YASAM PINARIM 33 CL CAM SISE,İÇECEK,178,
ETI BENIMO CIK.KAPLI H.CEVIZLI BISK.198 GR,GIDA,178,
MONTE CARLO SLENDER BLUE,SİGARA,178,
MONTE CARLO BOX,SİGARA,178,
TUZSUZ FISTIK,GIDA,177,kuruyemisci
REIS SARIMSAK 250 GR,GIDA,177,
ETI PETITO AYICIK 25 GR,GIDA,176,
KNORR BULYON 12 TABLET ET,GIDA,176,
ULKER ALBENI TANE TANE 120 GR,GIDA,176,
ULKER DANKEK POTI KAKAOLU 48GR,GIDA,176,
SEK YOGURT NATUREL 1KG,SÜT KAHVALTILIK,176,
ULUDAG MADENSU FRUTTI ELMA 6'LI,İÇECEK,176,
SULTAN MINIK 8 LI EKMEK,GIDA,175,firin
YORSAN AYRAN 180 GR,İÇECEK,174,bufe
DORITOS TACO BAH.CESNILI 99GR,GIDA,174,
HALK BORNEO KREMALI KAKAOLU BISKUVI 96 GR,GIDA,174,
ETI ETIMEK KLASIK 130 GR,GIDA,174,
LIPTON ICE TEA 1 LT TGA SEFTALI,İÇECEK,173,bufe
TADIM AY CEKIRDEGI 100 GR,GIDA,172,
MAVI YESIL MISIR PIRINV CITIRI 40 GR,GIDA,172,
CIF SIVI KREM 750 ML AMONYAKLI KOKULU,DETERJAN TEMİZLİK,172,
ULKER ALBENI KEK 40GR,GIDA,172,
FALIM SAKIZ 5LI KARISIK MEYVELI,GIDA,171,sekerci
CAYKUR FILIZ CAY 1KG,İÇECEK,171,
TENO WC KAGIDI 4 RULO 2 KATLI,KAĞIT,171,
ANKARA MAKARNA ERISTE 500GR,GIDA,170,
FILIZ MAKARNA MANTI 500 GR,GIDA,170,
ULKER 40GR LUKS CIKOLATA 212 BITTER,GIDA,170,sekerci
ERZİNCAN TULUM PEYNİRİ,SÜT KAHVALTILIK,169,
ALTIN CEZVE TOZ ICECEK KUSBURNU 300 GR,İÇECEK,169,
TEKEL 2001 UZUN KIRMIZI,SİGARA,169,
KOSKA KIS HELVASI KAKAOLU 2012,SÜT KAHVALTILIK,169,sekerci
YORSAN LABNE PEYNIR 100GR,SÜT KAHVALTILIK,169,
KARMEZ TOST EKMEGI BÜYÜK 670 GR,GIDA,169,
ULKER CIZI VIC PEYNIRLI SAND.KRAKER 90 GR.,GIDA,169,bufe
ETI CICI BEBE 1 KG.,BEBEK,168,
SEHRIYELI BULGUR,GIDA,168,
EMEK YEMEKLIK KANOLA YAGI 1 LT,GIDA,168,
ULKER CARAMIO ÇİKOLATA 60GR SÜTLÜ,GIDA,168,sekerci
SAMSUN 216 BAX,SİGARA,168,
ETI BROWNI KEK 200 GR,GIDA,167,
SEK MEYVE SU 1 LT KARISIK,İÇECEK,167,
ULKER PROBIS PROTEINLI BISKUVI 30 GR,GIDA,167,
AROMA M.SUYU KUTU 1LT SEFTALI,İÇECEK,166,
ISIL TUZ 3000 GR,GIDA,166,
ULKER KELLOGG`S SPECIAL K KRAKER DOMATES,SÜT KAHVALTILIK,166,bufe
PASTAVILLA MAKARNA BURGU 500 GR.,GIDA,166,
DOMESTOS ULTRA 810ML.LIMON F.,DETERJAN TEMİZLİK,165,
PINAR M.SUYU 1LT.KAYISI,İÇECEK,165,
ULKER ALTINBASAK LIGHT-116-,GIDA,164,
WEST SPECIAL EDITION SILVER,SİGARA,164,
PAPIA CEP MENDILI COCUK 15 LI,KAĞIT,164,
NGS KEMAL PASA TATLISI,GIDA,163,
KEBIR TEREYAG 500 GR. TUZSUZ,SÜT KAHVALTILIK,163,
EKICI KASAR PEYNIRI 700 GR,SÜT KAHVALTILIK,163,
F SAFF PLASTIK BARDAK 10 ADET,EV,163,
ULKER MAKARNEXKS ACILI DOMATES SOSLU,GIDA,162,
HYPO CAMASIR SUYU 4 LT.,DETERJAN TEMİZLİK,162,
NESQUIK MISIR GEVREGI 200 GR.,GIDA,162,
NASCITA DUS LIFI,KOZMETİK,162,
ARBELLA BONCUK MAKARNA 500GR,GIDA,162,
GILLETTE BLUE 2 PLUS BICAK,KOZMETİK,161,
SEK MEYVE SU 1 LT SEFTALI,İÇECEK,161,
OZTEMIZEL KIR KIRAK GALETA SADE 200 GR,GIDA,161,
LAY`S YOGURT&MEVSIM YESILLIKLERI 119 GR,GIDA,161,
MR.MUSCLE LAVABO ACICI TEKLI 70 GR,DETERJAN TEMİZLİK,161,
SUTAS YOGURT 1KG TAVA SUTASKI,SÜT KAHVALTILIK,161,
TADIM AY CEKIRDEGI 200 GR.BOL TUZLU,GIDA,160,
KOKTEYL,GIDA,160,
FIDANLAR KEKIK 100 GR,GIDA,160,
HALK PETIBOR 800 GR,GIDA,160,
DR.OETKER PUDING BİTTER CIKOLATALI 111 GR,GIDA,160,sekerci
BILLUR TUZ 3 KG EKO,GIDA,160,
ETI CICI BEBE BISKUVI 190 GR.VIT.,BEBEK,160,
KARMEZ HAMBURGER SUSAMLI 8 LI,GIDA,159,
SOLEN OZMO EGG YUMURTA,GIDA,159,
KISMET KAZANDIBI TATLISI 300GR,SÜT KAHVALTILIK,158,
COCA COLA 450 ML PET SISE,İÇECEK,158,bufe
KNORR BULYON 24TABLET 6 BEDAVA ET,GIDA,157,
GOZDE MACAR SALAM 850GR BUFE,ET TAVUK,157,kasap
ICIM SALEP TEKLI,İÇECEK,157,
BIZIM MUTFAK CORBA KR.TAVUK,GIDA,157,
NESCAFE 3 IN 1 ARADA BOL KAHVE TADI 18 GR,İÇECEK,157,
ETI HOSBES GOFRET CILEKLI 40GR,GIDA,157,sekerci
ARBELLA TEL SEHRIYE MAKARNA 500GR,GIDA,157,
ULKER SAKLI KOY FINDIK KREMALI,GIDA,157,
SUTAS ÇİLEK SUT 200 ML,SÜT KAHVALTILIK,156,
HALK FIGARO BITTER CIK. GOFRET 35 GR,GIDA,156,sekerci
KOSKA KIS HELVASI SADE 2012,SÜT KAHVALTILIK,156,sekerci
PAPIA CEP MENDILI COCUK,KAĞIT,156,
PAPIA MENDIL PARFUMLU,KAĞIT,156,
AYTAC YARIM YAGLI SUT 1LT,SÜT KAHVALTILIK,156,
PINAR M.SUYU 200ML SEFTALI,İÇECEK,156,
ULUDAG MADENSU FRUTTI KARPUZ 200ML,İÇECEK,156,
F SAFF ÇÖP POŞETİ BATTAL BOY,EV,155,
KOSKA TAHIN 550 GR.,SÜT KAHVALTILIK,155,
YORSAN TEREYAGI 250GR,SÜT KAHVALTILIK,155,
PINAR KLASIK KANGAL SUCUK 225 GR.,ET TAVUK,155,kasap
ULKER PETIBOR SADE 450GR,GIDA,155,
CEREZZA SÜT MISIRI 121 GR,GIDA,155,
PORTAKAL FILE EROL 2KG,MEYVE SEBZE,154,manav
ETI CIN JOLELI 13 ADET BISKUVI PORT.,GIDA,154,
LUKS KAYISI,GIDA,154,
TAMEK BEZELYE 850GR TNK,GIDA,153,
TAT SALATALIK TURSUSU CAM 680G,GIDA,153,
ICIM KREMA 200 ML,GIDA,153,
ETI SUTLU CIKOLATA KEYFI 35 GR FISTIKLI,GIDA,153,sekerci
ULKER DANKEK DILIM MOZAIK 25GR,GIDA,153,
YUDUM AYCICEK YAGI 2LT.,GIDA,153,
YORSAN YOGURT 750 GR,SÜT KAHVALTILIK,153,
COFFEE MATE 50 GR,İÇECEK,152,
DERYA DİLİM KAŞAR 500 GR,SÜT KAHVALTILIK,152,
COLGATE UCLU ETKI 125ML D.M.,KOZMETİK,152,
PINAR DOYUM HINDI KANGAL SUCUK 225GR,ET TAVUK,152,kasap
SUTAS MINIMIX CILEKLI 100 GR,SÜT KAHVALTILIK,152,
CANBEBE MAX TEMIZLIK HAVLUSU 88,KAĞIT,152,
PINAR BEYAZ 200GR.,GIDA,151,
FIDANLAR KIRMIZI TATLI TOZ BIBER 100GR,GIDA,151,
BISCOLATA MOOD CIKOLATALI BISKUVI 50 GR,GIDA,151,sekerci
DOGUS TOMURCUK EARL GREY KARTON KUTU 100 GR,İÇECEK,151,
CAKMAK MUTFAK,EV,151,
ULKER 80GR BATON FINDIKLI CIK. 263,GIDA,151,
WINSTON KISA,SİGARA,150,
DORITOS NACHO PEYNIRLI 92 GR,GIDA,150,
KENT TIPITIP SAKIZ,GIDA,150,sekerci
SABAH PAKET MARGARIN 250 GR.,SÜT KAHVALTILIK,150,
ULKER DIDO KARE 50GR,GIDA,150,
ULKER RONDO KREMALI CILEKLI 75GR,GIDA,150,
MILKA GOFRET BEYAZ CIKOLATALI 35GR,GIDA,150,sekerci
F SAFF TEMİZLİK 3LU,DETERJAN TEMİZLİK,150,
KINDER MAXI 21GR.,GIDA,150,
KOMILI ISLAK TEMIZLIK HAVLUSU 63'LU,KAĞIT,149,
ETI 80 GR KARAM BITTER ACISI AZALTILMIS,GIDA,149,
ETI ACI BALIK KRAKER 50 GR,GIDA,149,bufe
MARET DANA KOKTEYL SOSIS 250 GR,ET TAVUK,149,kasap
ANKARA MAKARNA BUKLE 500GR,GIDA,149,
COCA COLA 1 LT. PET SISE KAMPANYA,İÇECEK,149,bufe
NOGAY BIBERLI ZEYTIN,SÜT KAHVALTILIK,148,
ETI BURCAK SUTLU KREMALI 270 GR,GIDA,148,
NESTLE 40GR DAMAK A.FISTIK,GIDA,148,kuruyemisci
ETI ETIBOR 400 GR. CIFTE KAVRU,GIDA,148,
TROPICANA M.SUYU 1 LT KAYISI,İÇECEK,148,
KNORR CORBA SEHRIYELI TAVUK 58GR,GIDA,148,
PENGUEN GARNITUR 540GR,GIDA,147,
EGE BAGLARI UZUM SIRKESI 750ML PET,GIDA,147,
NESCAFE GOLD 2 GR,İÇECEK,147,
HALK DUBLE GOFRET FINDIKLI 140GR,GIDA,147,sekerci
ULKER TUP COKOKREM 40GR,SÜT KAHVALTILIK,147,
F SAFF BULASIK DETERJANI 750ML LİMONLU,DETERJAN TEMİZLİK,147,
NESTLE CHOKELLA 500 GR,SÜT KAHVALTILIK,146,
TADIM TADIMCA ANTEP FISTIKLI 30 GR,GIDA,146,kuruyemisci
ETI LIFALIF YULAF EZMESI 500 GR,GIDA,146,
COCA COLA ZERO 1 LITRE,İÇECEK,146,bufe
ULKER RONDO ESMER 75 GR,GIDA,146,
SOLEN OZMO FUN 23 GR,GIDA,146,
ETI PUF 18 GR.RENKLI,GIDA,145,
TEREM YAG GURME KAYMAKLI KASE 500 GR.,SÜT KAHVALTILIK,145,
JACOBS 3 IN 1 ARADA 18 GR,İÇECEK,145,
SUTAS LIGHT YOGURT 650 GR.,SÜT KAHVALTILIK,145,
SULTAN TEREYAGLI TOST 500GR.,GIDA,144,
DERYA CECIL PEYNIRI 200 GR,SÜT KAHVALTILIK,144,
UNO BUYUK TOST EKMEGI PK 670GR,GIDA,144,
ULKER RONDO SADE KREMALI 75 GR,GIDA,144,
FIDANLAR SUSAM 100 GR,GIDA,144,
F SAFF ULTRA ÇAMAŞIR SUYU ÇAM KOKULU 750 ML,DETERJAN TEMİZLİK,144,
F.G.TAM YAGLI EZİNE KOYUN PEYNIRI,SÜT KAHVALTILIK,144,
ULKER CANPARE CIK.KREMALI SND 85 GR,GIDA,143,
CAPPY PULPY PORTAKAL 1 LT,İÇECEK,143,
ICIM BEYAZ PEYNIR 1000GR,SÜT KAHVALTILIK,143,
MARET MACAR UZUN SALAM 1KG,ET TAVUK,142,kasap
PINAR M.SUYU 200ML KOKTEYL AKDENIZ,İÇECEK,142,
F SAFF SÜNGER 5LI DÜZ,DETERJAN TEMİZLİK,142,
PASTAVILLA MAKARNA ERISTE 500 GR.,GIDA,142,
DORITOS NACHO PEYNIRLI 131GR,GIDA,142,
SAVAS KETE,GIDA,141,
AROMA M.SUYU 200ML KARISIK,İÇECEK,141,
ALTIN CEZVE TOZ ICECEK PORTAKAL 300 GR,İÇECEK,140,
KNORR CORBA TERBIYELI TAVUK,GIDA,140,
ICIM KREM SANTI 2*75=150GR.,GIDA,140,
BIZIM MAKARNA BURGU,GIDA,140,
SONY SHRINK İNCE KALEM PIL 4 LU,EV,140,
TAT KONSERVE GARNITUR 530GR.,GIDA,139,
F SAFF PLASTIK TABAK BUYUK BOY 10 ADET,EV,139,
PAZI,MEYVE SEBZE,139,manav
ETI POP KEK GOA FINDIKLI 58 GR,GIDA,138,
ICIM AYRAN 200 GR,İÇECEK,138,bufe
ULKER DANKEK MAGMA CIKOLATALI 45 GR,GIDA,138,sekerci
F SAFF SÜNGER 3LU OLUKLU,DETERJAN TEMİZLİK,138,
WINSTON SÜPER SLİMS,SİGARA,138,
SUPER FRESH KAYSERİ MANTI 450 GR,GIDA,138,
YUDUM AYCICEK YAGI 5 LT TNK,GIDA,137,
EKICI UCGEN PEYNIR 100 GR,SÜT KAHVALTILIK,137,
ULKER KRISPI PEYNIRLI CUBUK 50 GR,GIDA,137,
ULKER HANIMELLER ASORTI POSET,GIDA,137,
CALI FASULYE,MEYVE SEBZE,136,manav
ETI CICI BEBE BISKUVI EKO 400,BEBEK,136,
BIZIM MUTFAK TAVUKSUYU 24 LU,GIDA,136,
ICIM SUT 200ML CILEKLI,SÜT KAHVALTILIK,136,
ETI 80GR KARAM BITTER CIKOLATA KARE,GIDA,136,sekerci
KEBIR YOGURT 2000 GR.,SÜT KAHVALTILIK,136,
YUDUM AYCICEK YAGI 5 LT PET,GIDA,136,
COFFEE MATE 100 GR,İÇECEK,136,
ETI FORM 45 GR LIGHT KARIŞIK MEYVELİ,GIDA,135,
"ULUDAG PORTAKALLI 2,5 LT.EKO B",İÇECEK,135,
ICIM KREM SANTI 75 GR.SADE,GIDA,135,
ULKER SAKLIKOY SUTLU KREMALI 140 GR,GIDA,135,
ETI CRAX KIVRIK KRAKER 136GR,GIDA,135,bufe
LARK KISA BLUE TAG,SİGARA,135,
TADELLE BITTER CIKOLATA 32 GR,GIDA,135,sekerci
DERYA TEREYAG 500 GR,SÜT KAHVALTILIK,134,
BESNI UZUM,GIDA,134,
TADIM AY CEKIRDEGI 100GR BOL TUZLU,GIDA,134,
ISIL TUZ 750 GR,GIDA,134,
PINAR HINDI SALAM KG,ET TAVUK,134,kasap
BİEN CROISSANT KAKAOLU 50GR,GIDA,134,
YORSAN TAVA KAYMAKLI YOGURT 1KG,SÜT KAHVALTILIK,134,
OZTEMIZEL TUZLU KURABIYE 400 GR,GIDA,134,
KAJU FISTIK,GIDA,134,kuruyemisci
BAGDAT KARBONAT 97GR,GIDA,134,
ULKER METRO BUYUK BOY 60 GR,GIDA,133,
SUTAS SUTASKI SUT 500 GR,SÜT KAHVALTILIK,133,
KARMEZ AYVALIK TOSTU 1 KG,GIDA,133,
LD UZUN KIRMIZI PAKET,SİGARA,133,
PARLIAMENT AQUA BLUE,SİGARA,133,
S.UZUM,MEYVE SEBZE,132,manav
DR.OETKER CIKOLATA SOSU 125 GR.BITTER,GIDA,132,sekerci
EMEK MISIROZU YAG 1LT.PET SISE,GIDA,132,
ICIM TAZE KASAR 400 GR,SÜT KAHVALTILIK,132,
ETI CRAX SADE 95 GR,GIDA,132,
SUTAS KREMA 200 ML,GIDA,132,
COFFEE MATE 200 GR EKO PAKET,İÇECEK,131,
ARBELLA CARLISTON MAKARNA 500GR,GIDA,131,
VICEROY RED KISA,SİGARA,131,
UNO KEPEKLI EKMEK 470GR.,GIDA,131,firin
CAYKUR ALTINBAS CAY 500 GR.,İÇECEK,131,
ETI CAY KEYFI KAKAOLU KURABIYE 141 GR,GIDA,131,
TENO ISLAK MENDIL 12 ADET,KAĞIT,131,
LAY`S  BAHARATLI 119 GR,GIDA,130,
HALK MARGARIN 250 GR 6 LI,SÜT KAHVALTILIK,130,
NOGAY SUPER ZEYTIN,SÜT KAHVALTILIK,130,
ETI FORM YULAFLI KEPEKLI 45 GR,GIDA,130,
YORSAN YOGURT 500GR KAYMAKLI,SÜT KAHVALTILIK,130,
ULKER KELLOGG`S COCO POPS 500GR EKO,SÜT KAHVALTILIK,130,
ULUDAG EFSANE GAZOZ KUTU 330 ML,İÇECEK,130,bufe
FIDANLAR COREK OTU 100 GR,GIDA,130,
RUFFLES KETÇAP CESNILI 119GR,GIDA,130,
BAKLA,MEYVE SEBZE,130,manav
ETI BURCAK MINI 40 GR,GIDA,129,
TAT DOMATES SALCASI TENEKE 430,GIDA,129,
F SAFF YAGLI PISIRME KAGIDI,EV,129,
BECEL ZEYTINYAGLI KASE 250GR,SÜT KAHVALTILIK,129,
ULKER ALTINBASAK LIGHT 5LI 116-1,GIDA,129,
YAREN BURAK MINI HALI KAYDIRMAZ 30*90 CM,EV,129,
F SAFF ULTRA ÇAMAŞIR SUYU LİMON KOKULU 750 ML,DETERJAN TEMİZLİK,129,
ALTIN CEZVE COFFEE CREAMER 200 GR PAKET,İÇECEK,129,
KNORR CORBA KREMALI TAVUK 69 GR,GIDA,129,
ULKER COKOKREM 700GR.-1202-,SÜT KAHVALTILIK,128,
KINDER CIKOLATA 8LI 100GR,GIDA,128,sekerci
COLGATE SUPERFRESH 125 ML D.M.,KOZMETİK,128,
PINAR M.SUYU 200 ML PORT+SEFT,İÇECEK,128,
PINAR TEREYAGI 125 GR.,SÜT KAHVALTILIK,128,
BERRAK TURSU TURLU 250 GR,GIDA,128,
TEKEL 2000 LACIVERT KISA,SİGARA,128,
YALOVA ELMA,MEYVE SEBZE,128,manav
ULKER 38 GR GOLDEN BATON BOL ANT.FIST.,GIDA,128,
TAT DOMATES PURESI 1/5,GIDA,127,
PENGUEN BEZELYE 680GRCAM,GIDA,127,
ULKER DANKEK 8 KEK CIKOLATA CILEK,GIDA,127,sekerci
ETI PETIBOR 200 GR,GIDA,127,
SOLEN OZMO CAILLOU TUP CIKOLATA 35 GR,GIDA,127,sekerci
SOLEN NUTYMAX A FISTIK 46 GR,GIDA,127,kuruyemisci
OLIN AYCICEK 1 LITRE,GIDA,127,
KUS LOKUM PISMIS,GIDA,127,sekerci
PAKMAYA INSTANT KURU MAYA 3 'LU,GIDA,126,
ARBELLA YUKSUK MAKARNA 500GR,GIDA,126,
HEKIMOGLU UN 1KG,GIDA,126,
SESU ILIK AGDA TURUNCU,KOZMETİK,126,
FAMILIA WC KAGIDI 26+6 BEDAVA CIFT KATLI,KAĞIT,126,
SEK AROMALI SUT CILEK 200ML,SÜT KAHVALTILIK,126,
COCA COLA LIGHT 1 LT,İÇECEK,126,bufe
UNO SOFRA TAM BUGDAY EKMEK 360 GR,GIDA,126,firin
CAMEL KISA BOX,SİGARA,126,
MAGGI TAVUK SUYU GELENEKSEL 12LI,GIDA,126,
"NESTLE NESGUIK TEK ICIMLIK 14,3 GR",GIDA,125,
SHAZILI HAZIR SUTLU TURK KAHVESI SEKERLI,İÇECEK,125,
SEK AYRAN 200 GR,İÇECEK,125,bufe
ETI PAYKEK CIKOLATA SOSLU FINDIKLI KEK 325 GR,GIDA,125,sekerci
EMEK AYCICEK YAG 5 LT TNK,GIDA,125,
PAPIA MENDIL TEKLI,KAĞIT,125,
TADELLE BEYAZ CIKOLATA 32 GR,GIDA,125,sekerci
WINSTON SUPER LIGHTS BOX,SİGARA,125,
BECEL TEREYAG KEYFI KASE 250 GR,SÜT KAHVALTILIK,124,
DR.OETKER KREM SANTI 4LU POSET,GIDA,124,
ETI CRAX BAHARATLI CUBUK 136GR,GIDA,124,
KIBRIT KUTU,EV,124,
ICIM SUT 1/2 SISE SUT PASTORIZE,SÜT KAHVALTILIK,124,
ULKER DANKEK 8 KEK CIKOLATA+PORTAKAL 45GR,GIDA,124,sekerci
FAIRY 10 LU PLATINUM DENEME PAKETI,DETERJAN TEMİZLİK,124,
ETI PETITO BITTER VE BEYAZ CIKOLATA DESENLI,GIDA,124,sekerci
CHEETOS KIVIR KIVIR 44GR,GIDA,123,bufe
KNORR BULYON-TAVUK 3'LU,GIDA,123,
NESCAFE CLASSIC 2 GR.,İÇECEK,123,
PAPIA CEP MENDILI POTPORI 15 LI,KAĞIT,123,
ULKER COKOKREM PUDING 100GR,GIDA,122,
COOK BUZDOLABI POSETI 24*38,EV,122,
CEVIZ ICI OZEL,GIDA,122,kuruyemisci
TAT DOMATES SALCASI 370 CC CAM,GIDA,122,
PINAR DOYUM KANGAL SUCUK ACIK,ET TAVUK,122,kasap
HEKIMOGLU UN 5KG YENI,GIDA,122,
ANKARA MAKARNA FIRIN 500GR,GIDA,122,
NOGAY HAKIKI SELE KG,SÜT KAHVALTILIK,122,
ICIM SUT 1LT SISE SUT,SÜT KAHVALTILIK,121,
SUTAS BUYUMIX 6 LI CILEK YENI,SÜT KAHVALTILIK,121,
NESCAFE 3 IN 1 FINDIK 18 GR,İÇECEK,121,
PASTAVILLA MAKARNA KALP CUORE 500 GR.,GIDA,121,
KNORR CORBA DUGUN 73 GR YENI,GIDA,121,
SUTAS MINIMIX BALONLU SAKIZLI 100 GR,SÜT KAHVALTILIK,121,sekerci
PAPIA CEP MENDILI FLORAL 15 LI,KAĞIT,121,
SUTAS UCGEN ERITME PEYNIRI,SÜT KAHVALTILIK,121,
ULKER HOBBY DRAJE SEKER KAKAOLU 12GR,GIDA,121,sekerci
RUFFLES KETCAPLI 84 G,GIDA,121,
DOGUS SARGILI SEKER KG,İÇECEK,120,
SEKER LEBLEBI,GIDA,120,kuruyemisci
FIRST KARADUT GIZEMI,GIDA,120,
K.KUKRER LIMON SOSU 500ML,GIDA,120,
CAYKUR DEMLIK POSETI 40 ADET,İÇECEK,120,
"ULUDAG PORTAKALLI 1,5 LT.",İÇECEK,120,
NOHUT,GIDA,120,
DORITOS POPS SUPER BOY 146 GR,GIDA,120,
F SAFF PLASTIK BARDAK 20 ADET,EV,120,
TADIM KABAK CEKIRDEGI 80 GR,GIDA,120,
ICIM TAZE KASAR 700 GR,SÜT KAHVALTILIK,120,
BIZIM MUTFAK TAVUK SUYU 9+3 BEDAVA,GIDA,120,
GUNES NISASTA 400 GR,GIDA,120,
CAPPY MEYVA NEKTARI 1LT SEFTALI,İÇECEK,120,
KOSKA SUZME CICEK BALI 850 GR,SÜT KAHVALTILIK,120,
MILKA GOFRET CIKOLATALI 35GR,GIDA,120,sekerci
PAKMAYA KAKAOLU PUDING,GIDA,120,
TADIM KLASIK 75 GR,GIDA,120,
PRIMA ACT BABY MEGA MAXI 7-18KG,BEBEK,120,
ZENCEFİL,MEYVE SEBZE,120,manav
ICIM DOGAL YOGURT 500GR,SÜT KAHVALTILIK,120,
FIRST SENSATİONS NANE ESİNTİSİ 27 GR,GIDA,119,
HALK BORNEO KREMALI KAKAOLU BISKUVI 92 GR POSET,GIDA,119,
BURC DOGAL KAYNAK SU 5 L,İÇECEK,119,
PRIMA ACT BABY MEGA MAXI 11-25KG,BEBEK,119,
MISIR CEREZİ SOSLU,GIDA,119,
DURU 4LU GUZELLIK SABUN SAFVEDOĞAL 360GR,KOZMETİK,119,
TAT MISIR 3*220GR.KUTU,GIDA,119,
ULUDAG GAZOZ CAM SISE 250ML,İÇECEK,119,bufe
ANKARA YILDIZ SEHRIYE 500GR,GIDA,119,
AROMA M.SUYU KUTU 1LT KAYISI,İÇECEK,118,
ULKER ALBENI 47 GR,GIDA,118,
PATOS ROLLS 136 GR,GIDA,118,
ULKER CAMLICA 1.5 LT,İÇECEK,118,
BAGDAT HINDISTAN CEVIZI 60GR,GIDA,118,kuruyemisci
PAKMAYA TOZ 100 GR,GIDA,118,
CAPPY MEYVA NEKTARI 1LT KARISIK,İÇECEK,118,
ULKER DANKEK CHOCO KEK 45GR,GIDA,118,
TAT SALATALIK KORNISON TURSUSU CAM 370GR,GIDA,117,
PEPSI 330 ML TNK,İÇECEK,117,
BECEL MARGARIN KASE 250 GR.OMEGA,SÜT KAHVALTILIK,117,
K.PLAST EKONOMIK COP POSETI MINI BOY,EV,117,
CIF SUNLIGHT BULASIK DETERJANI 737 ML LIMONLU,DETERJAN TEMİZLİK,117,
FILIZ MAKARNA ERISTE 500 GR,GIDA,117,
ICIM SUT BALLI VANILYALI 200ML,SÜT KAHVALTILIK,117,
K.PLAST COP TORBASI EKO BUYUK BOY 10'LU,EV,117,
DR.OETKER PUDRA SEKERI 150 GR,GIDA,117,
ULKER 40GR LUKS CIKOLATA 213 FINDIKLI,GIDA,117,sekerci
COLGATE MAXBEYAZLIK 50 ML KRISTAL BEYAZLIK,KOZMETİK,116,
PASTAVILLA MAKARNA BUKET 500 GR.,GIDA,116,
ULKER DANKEK POTI HAVUCLU 43 GR,GIDA,116,
AY CEKIRDEK TUZSUZ,GIDA,116,kuruyemisci
WINSTON LIGHTS 100S UZUN,SİGARA,116,
KARMEZ SANDVIC EKMEK 6 LI,GIDA,115,firin
BEYAZ LEBLEBI,GIDA,115,kuruyemisci
UNO PREMİUM ÇOK TAHILLI EKMEK 460 GR,GIDA,115,firin
DERYA ORGU PEYNIRI 200GR,SÜT KAHVALTILIK,115,
REIS KIRMIZI MERCIMEK 1KG,GIDA,115,
FIDANLAR KIMYON 100GR,GIDA,115,
NOGAY KIRMA KOKTEYL ZEYTIN,SÜT KAHVALTILIK,115,
TAT KETCAP 510 GR TATLI,GIDA,115,
ULUDAG GAZOZ 1LT EFSANE ŞEKERSİZ,İÇECEK,114,bufe
ICIM UCGEN PEYNIR 8 PORSIYON,SÜT KAHVALTILIK,114,
BAGDAT KARABIBER 45GR,GIDA,114,
ULKER PETIBOR KAKAOLU 175GR.-112,GIDA,114,
BROKOLI KG,MEYVE SEBZE,114,manav
NESTLE TOTO TEKLI,GIDA,114,
ETI PETITO 50GR SOKOCOK,GIDA,114,
ULUDAG MADENSU FRUTTI NAR 200ML 6'LI,İÇECEK,114,
CIF SUNLIGHT BULASIK DETERJANI 760 GR SARI LIMON,DETERJAN TEMİZLİK,114,
PINAR SOLEN MACAR FISTIKLI SALAM,ET TAVUK,113,kasap
BİBERES EV ACIKASI 200 GR,GIDA,113,
SOLO CEK-AL PECETE YEDEK 125 ADET,KAĞIT,113,
ULKER BISKREM BI'STIK 17 GR SADE,GIDA,113,
PAPIA MENDIL TEKLI MENTOLLU,KAĞIT,113,
ULKER COCOSTAR 5LI -272,GIDA,113,
ULKER HOBBY GOFRET 25GR,GIDA,113,sekerci
FLORES DOGAL 6LI MINERALLI SU 200ML,İÇECEK,113,
ICIM LABNE 500 GR,SÜT KAHVALTILIK,113,
PINAR PIKNIK BAL 6 LI,GIDA,113,
BECEL KASE OMEGA 500 GR,SÜT KAHVALTILIK,112,
UNO DENGE LIGHT EKMEK 550 GR,GIDA,112,firin
MONTE CARLO SLENDER RED,SİGARA,112,
LAY`S AILE BOYU 87 GR,GIDA,112,
SARELLE DUO KAP GOFRET 33 GR,GIDA,112,sekerci
ETI FORM KIZARMIS KEPEKLI DILIM EKMEK 120 GR,GIDA,112,firin
DOGUS FILIZ CAY 1KG,İÇECEK,112,
CAFE CROWN 3 U 1 ARADA ACTION,İÇECEK,112,
PRIL BULASIK SIVISI 5 KG LIMON,DETERJAN TEMİZLİK,112,
ULKER METRO 5LI NO:349,GIDA,111,
TAT KETCAP 750 GR BUFE TIPI,GIDA,111,
PINAR KIDO CILEKLI SUT 200 ML,SÜT KAHVALTILIK,111,
MALTEPE KISA SOFT,SİGARA,111,
BIZIM MAKARNA YUKSUK,GIDA,111,
SUPER FRESH MILFOY 1 KG,GIDA,111,
KARTAL MAKARNA SPAGHETTI 500GR,GIDA,110,
KEBIR TEREYAG 500 GR. TUZLU,SÜT KAHVALTILIK,110,
SOLEN OZMO HOXİ POXİ 40 GR,GIDA,110,
CAMEL SOFT KISA 1913,SİGARA,110,
ETI CAY KEYFI KAKAOLU TARCINLI KURABIYE,GIDA,110,
SELPAK PECETE COLLECTION BUYUK,KAĞIT,110,
AROMA M.SUYU 200 ML.VISNE KUTU,İÇECEK,110,
SAMSUN 216 SOFT,SİGARA,110,
SINANGIL UN 5 KG.,GIDA,110,
KOMILI ISLAK TEMIZLIK HAVLUSU,KAĞIT,110,
ICIM KAYMAK 200 GR,SÜT KAHVALTILIK,110,
TADIM AY CEKIRDEK 400GR,GIDA,109,kuruyemisci
PEYMAN CITLIYO 50GR. DAHA TUZLU,GIDA,109,
HALK KEK MEYVELI 150GR,GIDA,109,
DOGUS FILIZ CAY 500GR SIYAH,İÇECEK,109,
PINAR DOYUM BUFE SALAM 500GR,ET TAVUK,109,kasap
"PEPSI KOLA 2,5 LT.",İÇECEK,109,bufe
BRUKSEL LAHANASI PAKET,MEYVE SEBZE,109,manav
F SAFF ÇAMASIR SUYU 4 LT,DETERJAN TEMİZLİK,109,
COCA COLA 1.5 LT LIGHT,İÇECEK,109,bufe
ETI NEGRO MINI 40 GR,GIDA,109,
PASTAVILLA ARPA SEHRIYE,GIDA,109,
SELPAK MENDIL MENTOLLU,KAĞIT,109,
KENT MISSBON KAHVELI 43GR,GIDA,108,
K.PLAST COP TORBASI EKO ORTA BOY 20'LI,EV,108,
KEBIR TEREYAG 250 GR. TUZSUZ,SÜT KAHVALTILIK,108,
MUJDE SUPER INCE 57 DIZALTI,EV,108,
FIRST SENSATİONS ÇİLEK RÜYASI 27 GR,GIDA,108,
REIS YESIL MERCIMEK 1KG,GIDA,108,
ARBELLA PAPATYA MAKARNA 500GR,GIDA,108,
SULTAN TAHILLI SANDVIC,GIDA,108,
PAPIA HAVLU 2+1 BEDAVA 3KATLI,KAĞIT,108,
DR.OETKER SICAK CIKOLATA 3+1,GIDA,108,sekerci
ULKER COKOMEL 3 LU CILEKLI,GIDA,108,
ICIM M.SUYU 1000 GR SEFTALI,İÇECEK,107,
PINAR SUT 200ML EXTRA LIGHT,SÜT KAHVALTILIK,107,
BIZDEN BALDO PIRINC 2 KG,GIDA,107,
ULKER DANKEK DILIM KAKOLU 25GR,GIDA,107,
INKA OORJINAL SIYAH ZEYTIN KG,SÜT KAHVALTILIK,107,
ULKER PETIBOR CIFTE KAVRULMUS 450 GR,GIDA,107,kuruyemisci
HALK MARSHMALLOW 12LI,GIDA,107,
ULKER KRISPI BAHARATLI CUBUK 150 GR,GIDA,107,
KOSKA TAHIN PEKMEZ 350 GR,SÜT KAHVALTILIK,107,
PINAR YOGURT 1000 GR,SÜT KAHVALTILIK,107,
ARBELLA KUSKUS MAKARNA 500GR,GIDA,107,
NESCAFE 3 IN 1 ARADA SUTLU 7 LI,İÇECEK,107,
ULKER 9 KAT 100 GR.CILEKLI GOFRET,GIDA,106,sekerci
CAPPY MEYVA NEKTARI 1LT VISNE,İÇECEK,106,
F SAFF PLASTIK ÇATAL 10 ADET,EV,106,
INKA SELE ZEYTIN KG,SÜT KAHVALTILIK,106,
LIPTON DOGU K.DENIZ 25 LI BARDAK POSET CAY,İÇECEK,106,
ETI FORM TAHILLI BİSKÜVİ 50GR,GIDA,106,
ANT.CIFTE KAVR.LOKUM,GIDA,106,sekerci
ULKER KAT KAT TAT 32 GR,GIDA,106,
CIF KREM 500 ML AMONYAKLI,DETERJAN TEMİZLİK,106,
ORKID ULTRA PLATINUM COMFORT 7AD GECE,KAĞIT,106,
PINAR PIKNIK TEREYAG 6LI,SÜT KAHVALTILIK,106,
FILIZ MAKARNA KUSKUS 500 GR,GIDA,106,
SITIL PREMIUM EVALI PARLATICI SUNGER 1AD.,DETERJAN TEMİZLİK,105,
K.PLAST PISIRME KAGIDI 8METRE,EV,105,
ETI SUTLU NAPOLITEN 33 GR,GIDA,105,
TAT DOMATES SALCASI 720 GR.CAM,GIDA,105,
KAR CIPSO YÖRESEL LEZZETLER 123GR,GIDA,105,
KENT OLIPS STICK NANE 28GR,GIDA,105,
NESTLE 40GR BEYAZ CIKOLATA,GIDA,105,sekerci
DİSNEY EĞLENCELİ YOĞURT ÇİLEKLİ 100GR,SÜT KAHVALTILIK,105,
DİSNEY KAKAO AROMALI SÜT 200ML,SÜT KAHVALTILIK,105,
TADELLE GOFRET 35GR BITTER,GIDA,105,sekerci
ICIM HOMOJEN YOGURT 1000GR,SÜT KAHVALTILIK,105,
PASTAVILLA IRMIK 500 GR.,GIDA,105,
PAPIA CEP MENDILI OCEAN 15 LI,KAĞIT,105,
MARET YORE PILIC SUCUK  225GR,ET TAVUK,105,kasap
PINAR M.SUYU 6*200 ML KAYISI,İÇECEK,105,
ULKER 80GR FINDIK CIKOLATA 253,GIDA,104,sekerci
OYALI TAM YAGLI EZINE PEYNIRI,SÜT KAHVALTILIK,104,
UNO KRUVASAN CIKALATA KREMALI 300 GR,GIDA,104,
NESCAFE CLASSIC 100 GR EKO PAKET,İÇECEK,104,
CALGON TOZ 500 GR DOYPACK,DETERJAN TEMİZLİK,104,
TAT SIKI DOSTLAR 650 KETCAP+MAYONEZ,GIDA,104,
YER FISTIGI,GIDA,104,
H.SAKIR SAB. 600GR GLISERIN  Z.YAGLI,KOZMETİK,104,
HALK MINI KEK 10'LU POSET KAKAO FINDIK,GIDA,104,
KISMET FIRIN SUTLAC 250GR,SÜT KAHVALTILIK,104,
BEREKET MANTI 500GR,GIDA,104,
KEBIR YOGURT 1000 GR.,SÜT KAHVALTILIK,104,
PASTAVILLA MAKARNA FIYONK 500 GR.,GIDA,104,
MARET BONCUK DANA SUCUK,ET TAVUK,104,kasap
TENO MENDIL TEKLI,KAĞIT,104,
EKICI KREM PEYNİR 500 GR,SÜT KAHVALTILIK,104,
GUROVA KLASIK BEYAZ PEYNIR,SÜT KAHVALTILIK,103,
ETI BURCAK 3 LU 399 GR,GIDA,103,
FIDANLAR LIMON TUZU 100 GR,GIDA,103,
ICIM M.SUYU 1000 GR KARISIK,İÇECEK,103,
ULKER KREMALI BISKUVI 850GR 10LU,GIDA,103,
BIANCA ROSE SLIMS,SİGARA,103,
ICIM SUT 500ML KUTU,SÜT KAHVALTILIK,103,
F SAFF ÇÖP POŞETİ JUMBO BOY,EV,103,
F SAFF STRECH FİLM 33 METRE,EV,103,
DR.OETKER KAKAO 100GR,GIDA,103,
SOLEN BISCOLATA PIA FRANBUAZ 100 GR,GIDA,103,
ULUDAG MADENSU FRUTTI SEFTALI 200ML,İÇECEK,103,
F SAFF BUZDOLABI POŞETI ORTA 50 ADET,EV,103,
LIPTON ICE TEA 330 CL ICECEK SEFT.,İÇECEK,103,bufe
EMEK MISIROZU YAG 5 LT PET ŞİŞE,GIDA,102,
KENT MISSBON TEREYAGLI 43GR,GIDA,102,
MARET KOKTEYL PILIC SOSIS 250 GR,ET TAVUK,102,kasap
CEBEL SUZME CICEK BALI 850GR,SÜT KAHVALTILIK,102,
NOGAY YESIL CIZIK ZEYTIN,SÜT KAHVALTILIK,102,
NESTLE TOTO 3 LU,GIDA,102,
L M UZUN KUTU,SİGARA,102,
ARKO KREM 20 CC. TUP,KOZMETİK,102,
DR.OETKER EXSPRES SAHLEP 3+1,GIDA,101,
DOGANAY SALGAM SUYU 1000ML ACILI,İÇECEK,101,
YORSAN WHITE PEYNIR 100GR,SÜT KAHVALTILIK,101,
PINAR M.SUYU 200 ML CILGIN PORTAKAL ARMUT ELMA,İÇECEK,101,
CAYKUR DIDI SOGUK CAY 500 ML SEFTALI,İÇECEK,101,
HALK MARSHMALLOW HINDISTAN CEVIZLI 12LI,GIDA,101,
DANONE DANINO CILEKLI 6 LI 2011,SÜT KAHVALTILIK,101,
PINAR SUT COCUK 200 ML,SÜT KAHVALTILIK,101,
ULKER KRISPI PEYNIRLI CUBUK 150 GR,GIDA,101,
COFFEE MATE 500 GR,İÇECEK,101,
PEPSI 1 LT PET SISE,İÇECEK,101,
ICIM SUT 200 ML MUZLU,SÜT KAHVALTILIK,101,
MOLPED ULTRA AIRACTIVE GECE 7AD,KAĞIT,101,
KOSKA KIS HELVASI ANTEP FIS.2012,SÜT KAHVALTILIK,101,sekerci
S.BRITE YESIL KLASIK SUNGER 2 LI,DETERJAN TEMİZLİK,101,
F NEFFIS KAKAOLU FINDIK KREMASI 400GR,SÜT KAHVALTILIK,101,
ULKER DAMLA CIKOLATA 250GR.NO:,GIDA,101,sekerci
NUMIL APTAMIL JUNIOR 500ML SUT TETRA,BEBEK,101,
CHEETOS FIRINDAN 3' LÜ 144 GR,GIDA,101,bufe
SOLEN OZMO GO 30 GR,GIDA,100,
SUTAS YAYIK TEREYAG 500 GR,SÜT KAHVALTILIK,100,
ICIM SMART 6 LI BUYUME KUPLERI CILEKLI 40 GR,SÜT KAHVALTILIK,100,
CEREZZA KOKTEYL MIXED 165 GR,GIDA,100,
ULKER HANIMELLER 110 GR -121-,GIDA,100,
KENT TOFITA MEYVE OZLU SEKER CILEK,GIDA,100,
SEK AROMALI SUT MUZ 200ML,SÜT KAHVALTILIK,100,
ICIM M.SUYU 200 ML SEFTALI,İÇECEK,100,
K.PLAST STREC FILM 15 METRE,EV,99,
PINAR DOYUM SALAM 225 GR.,ET TAVUK,99,kasap
TAT DOMATES SALCASI 170 GR,GIDA,99,
ULKER BONBON NANELI 40GR.,GIDA,99,
PINAR MILFOY 1KG DONDURULMUS,GIDA,99,
ETI PETIT BEURRE 400GR.NO:13101,GIDA,99,
SARAY CIKILOPCUK KAKAOLU POSET 130 GR,GIDA,99,
KARTAL MAKARNA BONCUK 500GR,GIDA,99,
KENT JELIBON 100GR.TOPIK,GIDA,98,sekerci
BESLER KANGAL SUCUK KG,ET TAVUK,98,kasap
ULKER COKOKREM KASE 180GR.-53-,SÜT KAHVALTILIK,98,
ICIM LABNE 200GR,SÜT KAHVALTILIK,98,
ANKARA MAKARNA BAMYA 500GR,GIDA,98,
PAM SIVI SABUN 400ML SEFTALI,KOZMETİK,98,
OLIN AYCICEK 2 LT,GIDA,98,
SOLEN OZMO OGOPOGO,GIDA,98,
LAVACHE QUIRIT UCGEN PEYNIR,SÜT KAHVALTILIK,97,
DARDANEL TON 3*80 GR.EKO,GIDA,97,
KARTAL MAKARNA TEL 500GR,GIDA,97,
CANBEBE ISLAK MENDIL EXTRA SOFT 72'LI,KAĞIT,97,
ULKER 9 KAT MUZLU GOFRET 100GR,GIDA,97,sekerci
PINAR M.SUYU 200 ML PORT+HAV+LIM,İÇECEK,97,
ETI POP KEK MUZLU 90 GR.,GIDA,97,
TEKEL 2000 LACIVERT UZUN,SİGARA,97,
MAVI YESIL LIGHT BISKUVI (ELMA LIFLI) 50 GR,GIDA,97,
DOGUS KARADENIZ FILIZ CAY 1KG+TOMURCUK HED.,İÇECEK,97,
ETI 80 GR SUTLU CIKOLATA KARE,GIDA,96,sekerci
PINAR LABNE PEYNIR 400GR,SÜT KAHVALTILIK,96,
SEK GUNLUK SUT KUTU 1 LT.,SÜT KAHVALTILIK,96,
ETI CANGA 5 LI PAKET 140 GR,GIDA,96,
ETI NEGRO KAKAO KREMALI BIS. 273 GR,GIDA,96,
DR.OETKER PUDING ÇİKOLATA PARÇ 115GR,GIDA,96,sekerci
ICIM SMART EGLENCELI YUMURTA,GIDA,96,
TADELLE MAXINUT CIKOLATA 20 GR,GIDA,96,sekerci
TAT SIKI DOSTLAR 30CC KETCAP+MAYONEZ,GIDA,95,
OLCA DOMATES SALCASI 950 GR,GIDA,95,
MR.MUSCLE LAVABO ACICI TOZ 140GR,DETERJAN TEMİZLİK,95,
K.PLAST BUZD.POSETI 20AD BUYUK,EV,95,
KENT MISSBON CIKOLATALI,GIDA,95,sekerci
"COCA COLA ZERO 1,5 LİTRE",İÇECEK,95,bufe
SULTAN BUYUK KOY EKMEĞİ,GIDA,95,
KENT TOFITA MEYVE OZLU SEKER BOGURT.,GIDA,95,
"CAYKUR DIDI SOGUK CAY 2,5 LT SEFTALI",İÇECEK,95,
PINAR M.SUYU 200 ML KAYISI,İÇECEK,95,
SARAY CIKILOP 12'LI,GIDA,95,
MAVI YESIL LIGHT BISKUVI (LIMON LIFLI) 50 GR,GIDA,95,
CAYKUR FILIZ CAY 200 GR,İÇECEK,95,
ULKER COKOKREM KASE 100GR.-54-,SÜT KAHVALTILIK,95,
EGE BAGLARI UZUM SIRKESI 2LT.,GIDA,95,
KLASİK UZUN,SİGARA,95,
REDBULL ENERJI ICECEGI 250 ML.,İÇECEK,95,bufe
SOLEN NUTYMAX FINDIK46 GR,GIDA,94,kuruyemisci
NESTLE 40GR BITTER BATON,GIDA,94,
BIZDEN MANTI 500 GR,GIDA,94,
NESTLE NESQUIK ÇİKOLATA 23 GR,GIDA,94,sekerci
BINGO ULTRA CAM.SUYU 750 ML BANYO,DETERJAN TEMİZLİK,94,
DOGUS KARADENIZ 1KG+500GR OZEL FIYAT,İÇECEK,94,
DR.OETKER PUDRA SEKERI 250 GR,GIDA,94,
ORKID ULTRA GECE 7LI PAKET,KAĞIT,94,
SEK AYRAN 300GR,İÇECEK,93,bufe
PINAR M.SUYU 200ML VISNE,İÇECEK,93,
ULKER DIDO 3'LU,GIDA,93,
HALK DUBLE GOFRET KAKAOLU 140 GR,GIDA,93,sekerci
TEKEL 2001 KISA MAVI,SİGARA,93,
CALVE MAYONEZ PVC 335 G,GIDA,93,
BIZIM MAKARNA FIYONK,GIDA,93,
SUTAS BUYUMIX 6 LI ORMAN MEYVELI YENI,SÜT KAHVALTILIK,93,
HYPO TUZ RUHU 600 GR.,DETERJAN TEMİZLİK,93,
CAYKUR RIZE TURIST CAY 100 GR,İÇECEK,93,
FIRST SENSATİONS DAMLA TUTKUSU 27 GR,GIDA,92,
AROMA M.SUYU KUTU 1LTVISNE,İÇECEK,92,
WINSTON 100S UZUN,SİGARA,92,
KOSKA TAHIN KAVANOZ 300 GR.,SÜT KAHVALTILIK,92,
NESTLE 80GR DAMAK A.FISTIK 288,GIDA,92,kuruyemisci
DIMES 1/5 LT MEYVE SUYU ŞEFTALİ,İÇECEK,92,
KOSKA HELVA KAKAOLU 500 GR.,SÜT KAHVALTILIK,92,sekerci
COLGATE D.M.TOTAL12 PROFESIONAL CLEAN 50 ML,KOZMETİK,92,
ULKER PETIBOR KAKAOLU 450 GR,GIDA,91,
F SAFF SIVI SABUN DOGAL ESINTI 2500ML,KOZMETİK,91,
PAM SIVI SABUN 400ML LAVANTA,KOZMETİK,91,
PINAR SUT 1 LT. EXTRA LIGHT,SÜT KAHVALTILIK,91,
ULKER COKOMEL 3 LU,GIDA,91,
FAX ELVAN 5LI SABUN 300 GR.,KOZMETİK,91,
PINAR SUT 200ML ORGANIK,SÜT KAHVALTILIK,91,
SUTAS MINIMIX MEYVELI 100 GR,SÜT KAHVALTILIK,91,
BINGO ULTRA CAM.SUYU 750 ML KLASIK,DETERJAN TEMİZLİK,91,
SARELLE 350 GR FINDIK KREMASI,SÜT KAHVALTILIK,91,
BREF WC POWER AKTIF 53 GR LEMON,DETERJAN TEMİZLİK,91,
DOGUS BLACK LABEL 100 'LU DEMLIK CAY KUTU HED,İÇECEK,91,
KARAAGAC KAKAOLU HELVA 500GR,SÜT KAHVALTILIK,91,sekerci
PAM SIVI SABUN 400ML TROPIKAL,KOZMETİK,91,
F SAFF KARTON BARDAK,EV,91,
ARBELLA KALEM MAKARNA 500GR,GIDA,91,
MONTE CARLO BLUE,SİGARA,91,
KARAAGAC FISTIKLI HELVA 500GR,SÜT KAHVALTILIK,91,sekerci
PASTAVILLA MAKARNA KALEM 500 GR.,GIDA,91,
ULKER STIKS CIKOLATA SUTLU 38 GR,GIDA,91,sekerci
PAM SIVI SABUN 400ML GUL BUKETI,KOZMETİK,91,
DR.OETKER MEYVELI SOS 80 GR,GIDA,90,
NESTLE CRUNCH CITIR 35 GR,GIDA,90,
BIZDEN PILAVLIK BULGUR 1KG,GIDA,90,
IPEK KULAK CUBUGU 200 LU,BEBEK,90,
KOSKA HELVA SADE 200 GR.,SÜT KAHVALTILIK,90,sekerci
SOLO SUPER PECETE 200ADET %20UCUZ,KAĞIT,90,
TAT MAYONEZ 295 GR,GIDA,89,
F SAFF SIVI SABUN LAVANTA RUYASI 2500ML,KOZMETİK,89,
DORITOS TACO PARTİ 203 GR,GIDA,89,
ICIM LINK AROMA 250ML CILEK,İÇECEK,89,
KENT OLIPS STICK MENTOL 28GR,GIDA,89,
ULKER RONDO KREMALI,GIDA,89,
"F SAFF ÇAMASIR SUYU 2,5 KG BAHAR TAZELIGI",DETERJAN TEMİZLİK,89,
ULKER BISKREM BI'STIK 17 GR FINDIK,GIDA,89,
MOLPED ULT AIRACTIVE KANATLI 10 AD,KAĞIT,89,
NESTLE 80GR BITTER CIKOLATA108,GIDA,89,sekerci
MOLPED ULT AIRACTIVE KANATLI 8 AD,KAĞIT,89,
ULKER KRISPI MEKSİKA ACILI 50GR,GIDA,89,
SEK GUNLUK SUT KUTU 500 ML.,SÜT KAHVALTILIK,88,
SUTAS MUZLU SUT 1/5,SÜT KAHVALTILIK,88,
ICIM BEYAZ PEYNIR 500GR,SÜT KAHVALTILIK,88,
ULKER YILDIZ SEKERSIZ STICK,GIDA,88,
EKICI TAM YAGLI BEYAZ PEYNIR 500 GR,SÜT KAHVALTILIK,88,
H.SAKIR BANYO SAB.175GR LEYLAK,KOZMETİK,88,
"ICIM SUT SISE 1,5LT EKONOMIK",SÜT KAHVALTILIK,88,
NOGAY KOY KIRMASI KG,SÜT KAHVALTILIK,88,
FAIRY SIVI BULASIK DETERJANI 480 ML LIMON,DETERJAN TEMİZLİK,88,
NESTLE KIT KAT 42 GR,GIDA,88,
BINGO DINAMIK 750 GR. BULASIK SIVI SENSITIVE,DETERJAN TEMİZLİK,88,
ULUDAG MANDALİNATA 1 LITRE,İÇECEK,88,
BOSTAN PATLICAN,MEYVE SEBZE,88,manav
ULKER KREMINI 50 GR CILEKLI,GIDA,88,
KNORR CORBA MERCIMEK 76GR,GIDA,88,
ICIM PUDING 200ML CIKOLATALI,SÜT KAHVALTILIK,88,sekerci
KOTEX ULTRA PED GECE 7 LI,KAĞIT,88,
FAMILIA HAVLU 2+1,KAĞIT,88,
F SAFF BULASIK DETERJANI 750ML PORTAKALLI,DETERJAN TEMİZLİK,88,
OYALI IZMIR TENEKE TULUM 2,SÜT KAHVALTILIK,88,
FERSAN ELMA SIRKESI 1000 ML,GIDA,87,
H.SAKIR GUZL.SAB.4LU ELEGAN 400GR,KOZMETİK,87,
F NEFFIS SADE TAHIN HELVASI 500 GR,SÜT KAHVALTILIK,87,sekerci
HALK MINI KEK 10'LU POSET MEYVELI,GIDA,87,
SARELLE GOLD FINDIKLI GOFRET 33 GR,GIDA,87,sekerci
ULUDAG NARATA 1 LITRE,İÇECEK,87,
BISCOLATA MOOD BITTER CIKOLATALI BISKUVI 50 GR,GIDA,87,sekerci
ULKER PETIBOR PASTA BISK.800 GR,GIDA,87,
PINAR M.SUYU 200 ML ARMUT ANANAS,İÇECEK,87,
CAYKUR SIYAH SUZME CAY 50GR.,İÇECEK,87,
DR.OETKER SUPANGLE 155 GR.,GIDA,87,
EDIRNE YARDIMCI İNEK PEYNİR VAKUMLU,SÜT KAHVALTILIK,87,
TADIM YER FISTIGI 90 GR,GIDA,87,
ULKER CARAMIO 12 GR,GIDA,87,
ULKER DANKEK POTI MEYVELI KEK 52GR,GIDA,87,
PRIMA PAMPERS SENSITIVE ISLAK MENDIL 56'LI,KAĞIT,87,
KENT JELIBON 100 GR.COLA,GIDA,86,sekerci;bufe
DERYA TEREYAG 1000 GR,SÜT KAHVALTILIK,86,
F NEFFIS KAKAOLU TAHIN HELVASI 500 GR,SÜT KAHVALTILIK,86,sekerci
PINAR M.SUYU 1LT.VISNE,İÇECEK,86,
KENT JELIBON 80 GR.BOGURTLEN,GIDA,86,sekerci
BIZIM MAKARNA BONCUK,GIDA,86,
SEKER FASULYE,MEYVE SEBZE,86,manav
HD KIRMIZI  KALIN,SİGARA,86,
DORITOS MEXCAN HOT 155GR SUPER BOY,GIDA,86,
ARBELLA MANTI MAKARNA 500GR,GIDA,86,
ICIM YOGURT 2250 GR TAVA,SÜT KAHVALTILIK,86,
FAMILIA PECETE 200 AD.,KAĞIT,85,
F SAFF CAM TEMİZLEYİCİ 750 ML,DETERJAN TEMİZLİK,85,
IPEK KULAK CUBUGU 100 LU,KOZMETİK,85,
ICIM M.SUYU 1000 ML KAYISI,İÇECEK,85,
KNORR KOFTE HARCI 100 GR,GIDA,85,
ULUDAG MADENSU FRUTTI KARPUZ-ÇİLEK 6'LI,İÇECEK,85,
PRIL BULS.SIVISI 3'LU GUC 450 ML NAR,DETERJAN TEMİZLİK,85,
LIPTON Y.LABEL TEA 25 AD BARDAK,İÇECEK,85,
LAY`S AILE BOYU 84GR.BAHARATLI,GIDA,85,
COOK BUZDOLABI POSETI 20*30,EV,84,
KENT JELIBON 100 GR.AYICIK,GIDA,84,sekerci
REIS CIN MISIR 500 GR,GIDA,84,
ETI SULTANİ BISKUVI 3 LU 390 GR,GIDA,84,
CP 30 LU YUMURTA LURCH,SÜT KAHVALTILIK,84,
ULKER KELLOGG`S COCO POPS 250GR,SÜT KAHVALTILIK,84,
ULKER 80 GR GOLDEN KARE ÇIK BOL FISTIKLI,GIDA,84,kuruyemisci
GURALLAR KULPLU BARDAK,EV,84,
DOGUS B.LABEL 25LI 2 PAKET,İÇECEK,84,
ULKER IKRAM 400GR FINDIK KREMALI,GIDA,84,
KOSKA HELVA KAKAOLU 200 GR.,SÜT KAHVALTILIK,84,sekerci
VICEROY SWITCH,SİGARA,84,
SAMSUN UZUN,SİGARA,84,
CAYKUR CAY CICEGI 500 GR.,İÇECEK,84,
DOGANAY SALGAM SUYU 330 ML ACILI,İÇECEK,83,
ICIM PUDING KAKAOLU 150GR,GIDA,83,
KARMEZ HAMBURGER6 LI,GIDA,83,
RUFFLES ORGINAL 179 GR.,GIDA,83,
ULKER DANKEK CHOCO MUFFIN,GIDA,83,
FIDANLAR ISOT BIBER 100 GR,GIDA,83,
SOLO WC KAGIDI 13+3 BEDAVA BEYAZ,KAĞIT,83,
PAPIA WC KAGIDI 32 AD.8 RULO BEDAVA,KAĞIT,83,
DORITOS ALATURCA DOMATES CESNILI 131GR,GIDA,83,
BIZIM MAKARNA TEL SEHRIYE,GIDA,83,
BIZIM MUTFAK ET SUYU 9+3 BEDAVA,GIDA,82,
BIZIM MUTFAK CORBA MERCIMEK,GIDA,82,
FAMILIA PECETE HAZIR KATLANMIS 100 AD.,KAĞIT,82,
NESCAFE GOLD 50 GR EKO PAKET,İÇECEK,82,
CIPS FISTIK,GIDA,82,bufe
ORGANİK KAYISI,GIDA,82,
SUTAS LABNE 200GR,SÜT KAHVALTILIK,82,
ETI TOP KEK UZUN CIKOLATAPARCALI 40 GR,GIDA,82,sekerci
AROMA MEYVE SUYU 1 LT KARISIK,İÇECEK,82,
FILIZ YUMURTALI UZUN ERISTE MAKARNA 350 GR,GIDA,82,
PAM SIVI SABUN 400ML ALOE VERA,KOZMETİK,82,
PRIL BULS.SIVISI 3'LU GUC 750 ML NAR,DETERJAN TEMİZLİK,82,
ISLENMIS KUZU PIRZOL,ET TAVUK,82,kasap
PINAR YOGURT 150 GR,SÜT KAHVALTILIK,82,
PASTAVILLA KUSKUS SEHRIYE 500 GR.,GIDA,82,
BESLER V.KANGAL SUCUK 220 GR FERMENTE,ET TAVUK,82,kasap
EXTREM AGDA BEZI 20 MT,KOZMETİK,82,
LIPTON ICE TEA 1 LT TGA LIMON,İÇECEK,81,bufe
AKIDE SEKERI,GIDA,81,
HALK PUDING KAKAOLU 150GR,GIDA,81,
ULKER COLA TURKA 3 LT,İÇECEK,81,bufe
KUZU DANA KIYMALIK,ET TAVUK,81,kasap
CIF SUNLIGHT BULASIK DETERJANI 737 ML ELMA,DETERJAN TEMİZLİK,81,
FIDANLAR KUS UZUMU 100 GR,GIDA,81,
COK AMACLI ORTU 45 CM,EV,81,
MLP ULTRA KURULUK GARANTISI 24'LU GECE,KAĞIT,81,
F SAFF ALUMINYUM FOLYO 15 METRE,EV,81,
ANTRIKOT PASTIRMA KG,ET TAVUK,81,kasap
K.KUKRER ELMA SIRKE 500ML CAM,GIDA,81,
SOLEN OZMO HOPPO 50 GR,GIDA,81,
KAR CIPSO SADE PATATES 129 GR TIRTIKLI,GIDA,81,
ETI UZUN CIKOLATA KEYFI 40GR SUTLU,GIDA,81,sekerci
KNORR CORBA ISKEMBECORBASI 63GR,GIDA,81,
RUFFLES PIRZOLAI 150 GR,GIDA,81,
NESTLE FIORELLA CIK.,GIDA,81,
COOK YAGLI PISIRME KAGIDI 8 METRE,EV,80,
ULKER IKRAM 400GR CIKOLATALI,GIDA,80,sekerci
ULUDAG FRUTTI EXTRA MANDALINALI 250ML,İÇECEK,80,
INKA YESIL BIBERLI ZEYTIN KG,SÜT KAHVALTILIK,80,
COCA COLA 250ML SISE,İÇECEK,80,bufe
MARET MACAR TOMBUL SALAM 250 GR,ET TAVUK,80,kasap
PASAKOY TEREYAĞI 250 GR,SÜT KAHVALTILIK,80,
PRIMA JUMBO MAXİPLUS 4+,BEBEK,80,
FIDANLAR TARCIN 100 GR,GIDA,80,
ACE C.SUYU 1 LT.BAHAR,DETERJAN TEMİZLİK,80,
TAT MISIR 220GR.KUTU,GIDA,80,
SUTAS LOR PEYNIR,SÜT KAHVALTILIK,80,
KARAAGAC SADE HELVA 500 GR,SÜT KAHVALTILIK,80,sekerci
ULUDAG MADENSU FRUTTI CILEK 200ML,İÇECEK,80,
HIGHGENIC ASPRINN 750ML SPREY,DETERJAN TEMİZLİK,80,
BIZIM MAKARNA KELEBEK 500GR,GIDA,80,
"F SAFF ÇAMASIR SUYU 2,5 KG",DETERJAN TEMİZLİK,79,
PASAKOY TEREYAGI 500GR,SÜT KAHVALTILIK,79,
KURU INCIR NATUREL,GIDA,79,kuruyemisci
F KERVAN DOMATES SALCASI 800 GR,GIDA,79,
ULKER HANIMELLER 3'LU,GIDA,79,
FIDANLAR CAM FISTIGI 30 GR,GIDA,79,
H.SAKIR BANYO SAB. 175 GR.LAVANTA,KOZMETİK,79,
ULKER DANKEK H.CEVIZLI 48GR,GIDA,79,
INKA SOSLU YESIL ZEYTIN KG,SÜT KAHVALTILIK,79,
DOVE CREAM BAR SABUN 100 GR.GENTLE,KOZMETİK,79,
HALK KAKAO KREMALI KEK 175 GR,GIDA,79,
HALK KEK KAKAOLU 150GR,GIDA,79,
FIDANLAR KARANFIL 20GR,GIDA,79,
FAIRY SIVI BULASIK DETERJANI 1500ML LIMON,DETERJAN TEMİZLİK,79,
NESTLE 40GR SUTLU BATON,GIDA,79,
CAYKUR DIDI MINI SOGUK CAY 250 ML SEFTALI,İÇECEK,79,
DOGUS FILIZ CAY 1 KG +TOMURCUK CAY,İÇECEK,79,
NESTLE CORN FLAKES 250 GR,SÜT KAHVALTILIK,79,
SEK ANANAS 1 LT MEYVE SU,İÇECEK,79,
TENO EKONOMIK HAVLU 2 RULO,KAĞIT,79,
SELPAK CEP MENDILI 6LI PAKET,KAĞIT,79,
ETI PETITO BITTER VE BEYAZ CIKOLATA DESENLI MINI,GIDA,79,sekerci
TAT KETCAP 345 GR TATLI,GIDA,78,
ULKER CANPARE FINDIKLI KREMALI SND 85 GR,GIDA,78,
F SAFF SIVI SABUN BAHAR FERAHLIGI 2500ML,KOZMETİK,78,
COLGATE D.F.ÜCLÜ ETKİ,KOZMETİK,78,
ETI CRAX PEYNIRLI CUBUK 136 GR,GIDA,78,
F SAFF YÜZEY TEMIZLEYICI 1LT CICEK FER.,DETERJAN TEMİZLİK,78,
BESLER PIKNIK SUCUK 220GR,ET TAVUK,78,kasap
PAKMAYA CIKOLATALI PUDING,GIDA,78,sekerci
ARGEM CAYSUZ,EV,78,
SELPAK MENDIL LOSYONLU,KAĞIT,78,
MONTE CARLO BLUE SLI,SİGARA,78,
LIPTON Y.LABEL TEA 100 AD DEMLIK,İÇECEK,78,
SARAY CIKILOPCUK HINDISTAN CEVIZLI POSET,GIDA,78,
SUPER FRESH MILFOY 500 GR,GIDA,78,
ULKER YUPO DRAJE TUP 25GR*2,GIDA,78,sekerci
F NEFFIS FILIZ ÇAY 500GR,İÇECEK,78,
BIZIM MAKARNA SPAGETTİ,GIDA,78,
FILIZ YUMURTALI ERISTE MAKARNA 350 GR,GIDA,78,
NESTLE CHOKELLA 250GR.,SÜT KAHVALTILIK,78,
CALVE 700 GR KETCAP + 600 GR MAYONEZ,GIDA,78,
KNORR CORBA KREMALI SEBZE 68GR,GIDA,78,
BIZIM MUTFAK CORBA KR.MANTAR 65GR,GIDA,78,
CAYKUR DIDI SOGUK CAY 500 ML BERGAMOT,İÇECEK,77,
BINGOSIL KREM 750ML+750 2.Sİ %50 BEDAVA,DETERJAN TEMİZLİK,77,
SUTAS LABNE 400 GR,SÜT KAHVALTILIK,77,
PINAR UCGEN PEYNIR SADE 8LI,SÜT KAHVALTILIK,77,
SHAZILI HAZIR SUTLU TURK KAHVESI SADE,İÇECEK,77,
REIS PILAVLIK BULGUR 1 KG,GIDA,77,
SARUHAN RIZE CAYI 500 GR,İÇECEK,77,
ULKER GRISINI 125GR SADE-580-,GIDA,77,
MOLPED KANATLI UZUN 16AD.EKO,KAĞIT,77,
F SAFF KREM TEMIZLEYICI 500ML LIMONLU,DETERJAN TEMİZLİK,77,
COOK COP TORBASI KUCUK BOY,EV,77,
FAMILA HAVLU 4+2,KAĞIT,77,
F NEFFIS KIRMIZI MERCIMEK 1 KG,GIDA,77,
PASTAVILLA MAKARNA YUKSUK DITALI 500 GR.,GIDA,77,
BIZIM MAKARNA INCE UZUN,GIDA,77,
ULKER HANIMELLER 110 GR.118-,GIDA,77,
PINAR KREMA SIVI SANTI 1/5,GIDA,77,
YUMOS EXTRA 1500 ML YABANI ORKIDE-YASEMIN,DETERJAN TEMİZLİK,77,
IPANA SAG.GUL.TUM AILE 50ML/62G,KOZMETİK,77,
BROKOLI PAKET,MEYVE SEBZE,77,manav
SOKE TAM BUGDAY UNU 1KG,GIDA,77,
F SAFF YÜZEY TEMIZLEYICI 1LT LAVANTA,DETERJAN TEMİZLİK,76,
TAT BEZELYE KONSERVESI 700 GR.CAM,GIDA,76,
ULKER SAKLIKOY 3'LU,GIDA,76,
ETI CICI BEBE 190GR.MUZLU POSET,BEBEK,76,
NESTLE 80 GR BITTER CIKOLATA109,GIDA,76,sekerci
ICIM SUZME PEYNIR 500 GR.,SÜT KAHVALTILIK,76,
HASTEL BAKLAVALIK YUFKA 800GR.,GIDA,76,
PALL MALL KIRMIZI,SİGARA,76,
EMEK MISIROZU YAG 3 LT PET,GIDA,76,
F NEFFIS RIZE ÇAY 1000GR,İÇECEK,76,
SENPILIC PİLİÇ SALAM 380 GR,ET TAVUK,76,kasap
EMEK SIVI SABUN 250 ML ZEYTIN YAGI,KOZMETİK,76,
BINGO ULTRA CAM.SUYU 750 ML MUTFAK,DETERJAN TEMİZLİK,76,
FIDANLAR SUMAK 100 GR,GIDA,76,
PENGUEN TATLI MISIR 220*3 PAKET,GIDA,76,
NESTLE BEYAZ GOFRET 32GR.,GIDA,76,sekerci
ERNET KOKU GIDERICI ASKILI 70 GR,DETERJAN TEMİZLİK,76,
ULKER HANIMELLER TUZLU KURABIYE,GIDA,76,
NESTLE 90GR DAMAK A.FISTIK,GIDA,76,kuruyemisci
ICIM KEFIR SUT 275 ML SISE,SÜT KAHVALTILIK,76,
BEYPAZARI SODA 6'LI LIMON AROMALI,İÇECEK,76,bufe
DOMESTOS ULTRA 810ML.YAZ GUNESI,DETERJAN TEMİZLİK,76,
FILIZ KEPEKLI BURGU 350GR,GIDA,76,
KOSKA HELVA SADE 500 GR.,SÜT KAHVALTILIK,75,sekerci
KENT OLIPS XS MENTOL NANE 17 GR,GIDA,75,
ULKER RONDO KREMALI BISKUVI,GIDA,75,
MAGGI ETSU GELENEKSEL 12 LI,GIDA,75,
KARPER UCGEN PEYNIR 200 GR 16 LI,SÜT KAHVALTILIK,75,
BIGBABOL SEKERLI SAKIZ MUZ 23GR,GIDA,75,sekerci
HALK KEK MOZAIK 150GR,GIDA,75,
ORKID ULTRA KANATLI UZUN 8 LI,KAĞIT,75,
SANA EKMEKUSTU 250GR KASE,SÜT KAHVALTILIK,75,firin
TAT BARBUNYA PILAKI 400 GR,GIDA,75,
YORSAN YOGURT YARIM YAĞLI KAYMAKSIZ 2KG,SÜT KAHVALTILIK,75,
KNORR CORBA TARHANA,GIDA,75,
ULKER HOBBY KREM 770 GR,SÜT KAHVALTILIK,75,
KINDER PINGUI 4'LU 2012,GIDA,75,
WINSTON ONE,SİGARA,75,
EKICI TAM YAGLI BEYAZ PEYNIR 1 KG,SÜT KAHVALTILIK,75,
ICIM M.SUYU 1000 GR VISNE,İÇECEK,75,
BESLER HUNKAR PILIC SALAM 600,ET TAVUK,75,kasap
LİPTON DOĞU KARADENİZ POUCH 48'Lİ,İÇECEK,75,
K.KUKRER LIMON SOSU 1LT,GIDA,74,
DURU TURK HAMAMI 125GR*4,KOZMETİK,74,
SEK MEYVE SU 1 LT ELMA,İÇECEK,74,
VILEDA YESIL SUNGER KLASIK 5 LI EKO PAKET,DETERJAN TEMİZLİK,74,
SCHWEPPES 1 LT MANDALIN PET SISE,İÇECEK,74,
ARBELLA ERISTE 500GR,GIDA,74,
ULKER GRISINI 125GR KEPEKLI 581,GIDA,74,
SUTAS TATLIMMM 4LU CIKOLATALI PUDING,SÜT KAHVALTILIK,74,sekerci
ARBELLA INCE KESME MAKARNA 500GR,GIDA,74,
ULKER HAYLAYF BISKUVI 4*75GR,GIDA,74,
FILIZ MAKARNA SEBZELI BURGU 350GR,GIDA,74,
PINAR KIDO PUDING 200GR KAKOLU,SÜT KAHVALTILIK,74,
DR.OETKER PUDING MUZLU 125GR,GIDA,73,
PINAR MAYONEZ 250 GR.,GIDA,73,
PINAR PIZZA 4LU EKO PAKET,GIDA,73,
AYTAC MEYVE SUYU ŞEFTALİ 1 LT,İÇECEK,73,
SUPER FRESH PATATES 1 KG,GIDA,73,
GENERAL RENKLI 15W MINI TOP,EV,73,
"ULKER COLA TURKA 1,5 LT",İÇECEK,73,bufe
MARET YORE TOMBUL PILIC SALAM 220 GR.,ET TAVUK,73,kasap
KOSKA HARNUP PEKMEZI 380 GR CAM,SÜT KAHVALTILIK,73,
ICIM AYRAN 1 LT,İÇECEK,73,bufe
KOTEX ULTRA PED NORMAL 10 LU,KAĞIT,73,
ERZURUM SEKERI 2 KG,İÇECEK,73,
F SAFF YAG ÇÖZÜCÜ SPREY 750 ML,DETERJAN TEMİZLİK,73,
AROMA TROPIKAL VISNE KUTU 200ML,İÇECEK,73,
UNI KULAK CUBUGU 100 ADET,BEBEK,73,
BAGDAT KIMYON 90GR,GIDA,73,
BESLER EKO BUFE SUCUK 350GR,ET TAVUK,73,kasap
BECEL ZEYTINYAGLI KASE 500GR,SÜT KAHVALTILIK,73,
KABAK CEKIRDEGI,GIDA,73,
SHAZILI HAZIR TURK KAHVESI ORTA,İÇECEK,73,
DERYA YAGLI BEYAZ PEYNİR 1KG,SÜT KAHVALTILIK,72,
ARBELLA DIRSEK MAKARNA 500GR,GIDA,72,
BIZIM MUTFAK CORBA SEHRIYELI TAVUK,GIDA,72,
PINAR SUT ILK ADIM COCUK 1/2,SÜT KAHVALTILIK,72,
ULKER RULO KAT EKO PAKET 250GR TNK,GIDA,72,
SOLEN NUTYMAX SUTLU 46 GR,GIDA,72,
DORITOS CERAZZA KOKTELY 120 GR,GIDA,72,
TADIM FINDIK ICI 90GR,GIDA,72,kuruyemisci
VILEDA ELDIVEN STANDARD 8,DETERJAN TEMİZLİK,72,
SARELLE BITTER KAP GOFRET 33 GR,GIDA,72,sekerci
VIGOR KISA ULTIMATE,SİGARA,72,
FILIZ MAKARNA FIRIN 500 GR,GIDA,72,
KUZU KOL,ET TAVUK,72,kasap
SOLO ULTRA HAVLU 3 LU % 25 DAHA UCUZ,KAĞIT,72,
AYTAC MEYVE SUYU KARIŞIK 1 LİTRE,İÇECEK,72,
ULKER 80 GR GOLDEN BITTER KARE ÇIK. A.FIST.,GIDA,72,
DARDANEL TON 2*160GR.EKO,GIDA,72,
KARTAL IRMIK 500GR,GIDA,72,
TADIM AYCEKIRDEGI 400 GR BOL TUZLU,GIDA,72,
KARTAL MAKARNA ORTA KESME 500GR,GIDA,72,
SUTAS MEYVELI YOGURT 2 LI CILEK,SÜT KAHVALTILIK,71,
NESTLE NESQUIK MISIR GEVR.250 GR,SÜT KAHVALTILIK,71,
UMIT GALETA UNU 250 GR,GIDA,71,
ICIM TEREYAGI 1KG.,SÜT KAHVALTILIK,71,
JACOBS 2 IN 1 ARADA 16 GR,İÇECEK,71,
ALO MATIK 7 KG KAR CICEGI,DETERJAN TEMİZLİK,71,
HALK DUBLE GOFRET CILEKLI 140GR,GIDA,71,sekerci
P.BAHCE 42191 CAY BARDK SADE 6,EV,71,
CIF SIVI KREM 750 ML ÇAMASIR SUYU KATKILI,DETERJAN TEMİZLİK,71,
ORKID ULTRA PLATINUM COMFORT 8AD UZUN,KAĞIT,71,
BINGO DINAMIK 750 GR. BULASIK SIVI LIMON,DETERJAN TEMİZLİK,71,
K.PLAST A.FOLYO 15MT,EV,70,
F SAFF PLASTIK KASIK 10 ADET,EV,70,
ICIM TEREYAGI 125 GR.,SÜT KAHVALTILIK,70,
AYTAC MEYVE SUYU KAYISI 1 LT,İÇECEK,70,
SEK SUT PAMUK SEKER AROMALI 200ML,SÜT KAHVALTILIK,70,
KARMEZ SADE PASTA TABANI 250GR.2 KATLI,GIDA,70,
"ULKER COLA TURKA 2,5 LT",İÇECEK,70,bufe
ULKER BEBE BISKUVISI 1KG -138-,BEBEK,70,
DR.OETKER PASTA KREMASI 150 GR.VANILİNLİ,GIDA,70,
BAGDAT TARCIN 50GR,GIDA,70,
VICEROY GREY KS,SİGARA,70,
ICIM AYRAN 1.5 LT,İÇECEK,70,bufe
LIPTON Y.LABEL TEA 48 AD DEMLIK 153GR,İÇECEK,70,
NESTLE CRUNCH GOFRET 30 GR,GIDA,70,sekerci
PAPIA DECOR PECETE 3 KATLI 25 AD,KAĞIT,70,
PALMOLIVE SAB.175 GR THERMAL SPA MASSAGE,KOZMETİK,70,
F SAFF MIKROFIBER TEMIZLIK BEZI,DETERJAN TEMİZLİK,70,
KENT JELIBON 100 GR.FRUTTY,GIDA,69,sekerci
ETI KAYMAKLIM KAKAOLU BISKUVI 75 GR,GIDA,69,
DR.OETKER SAKIZLI MUHALLEBI 150 G,GIDA,69,sekerci
DOGUS BLACK LABEL 25*2GR POSET,İÇECEK,69,
TAT KETCAP 510 GR ACILI,GIDA,69,
KEBIR TEREYAG 250 GR. TUZLU,SÜT KAHVALTILIK,69,
SEK MEYVE SU 1 LT PORTAKAL,İÇECEK,69,
TADIM BEYAZ LEBLEBI 90 GR,GIDA,69,kuruyemisci
UMIT KEDI DILI EKLERI 12 ADET,GIDA,69,
BIZDEN KAHVE 100GR,İÇECEK,69,
KARTAL MAKARNA ERISTE 500GR,GIDA,69,
PEYMAN ÇITLIYO AYCEKIR.DAHA TUZLU 156 GR,GIDA,69,
MOLPED ULTRA KURULUK GARANTISI 12 'LI GECE,KAĞIT,69,
ULKER STIKS CIKOLATA FINDIK 38 GR,GIDA,69,sekerci
FAIRY PLATINUM BUL.MAKINESI 30+8'LI,DETERJAN TEMİZLİK,69,
IPEK DISK PAMUK 70 ADET,KOZMETİK,69,
DR.OETKER TAVUK GOGSU 125 GR,GIDA,69,
TAT CEVIZLI EZME 200GR,GIDA,68,
PINAR TEREYAGI 250GR.PASTORIZE KASE,SÜT KAHVALTILIK,68,
ALTIN CEZVE TOZ ICECEK KIVI 300 GR,İÇECEK,68,
KARPER SADE PEYNIRLI 100 GR 8 Lİ,SÜT KAHVALTILIK,68,
F NEFFIS EKS GELENEKSEL CILEK RECELI 380 GR,SÜT KAHVALTILIK,68,
ULKER GOFRET 220 GR MUZLU,GIDA,68,sekerci
KARMEZ KAKAOLU PASTA TABANI 250GR 2 KATLI,GIDA,68,
ETI FINGER BISKUVI 900GR.,GIDA,68,
H.SAKIR BANYO SAB.175GR.GUL,KOZMETİK,68,
SUTAS KREM PEYNIR 300 GR,SÜT KAHVALTILIK,68,
CIF KREM 500 ML ULTRA BEYAZ,DETERJAN TEMİZLİK,68,
TADELLE GOFRET 35GR BEYAZ,GIDA,68,sekerci
PIKNIK 1496 KORUKLU KAMIS,EV,68,
SHAZILI HAZIR TURK KAHVESI SEKERLI,İÇECEK,68,
KENT JELIBON 100 GR.CILEK,GIDA,68,sekerci
BAGDAT KIRMIZI PULBIBER 250GR,GIDA,67,
BESLER HÜNKAR KANGAL 220 GR,ET TAVUK,67,kasap
KNORR CABUK CORBA DOM.KITIR 22GR.,GIDA,67,
TAT MAYONEZ 430 GR,GIDA,67,
KAR PATOS ACI SOSLU 115 GR,GIDA,67,
PINAR M.SUYU 1LT.TROPİK,İÇECEK,67,
BAGDAT HASHAS 90 GR,GIDA,67,
ULKER COKOMEL POFTI KAKAOLU,GIDA,67,
ULKER COKOPRENS ATISTIRMALIK 3 LU,GIDA,67,
LD KISA PAKET RED BOX,SİGARA,67,
BURN ENERGY ICECEG,İÇECEK,67,
TENO WC KAGIDI 32'Lİ CIFT KATLI,KAĞIT,67,
CAYKUR DIDI MINI SOGUK CAY 250 ML CILEK,İÇECEK,67,
KAYA FUNDA KURU INCIR 500GR KOPUK TABAK,GIDA,67,kuruyemisci
SULTAN KARISIK ROLL.EKMEK,GIDA,67,firin
LİPTON DOĞU KARADENİZ POUCH 100'LÜ,İÇECEK,67,
KITEL,GIDA,67,
ULKER COKOKREM KASE 1KG 1212,SÜT KAHVALTILIK,67,
FIRST SENSATİONS SANSLI PAKET,GIDA,67,
MONTE CARLO 100S UZUN,SİGARA,67,
BIZIM MUTFAK CORBA DOMATES 62GR,GIDA,67,
PASTAVILLA MAKARNA BUKLE 500 GR.,GIDA,66,
VILEDA CELIK TEL 2+1,DETERJAN TEMİZLİK,66,
ULKER COKOMEL MARSH.6'LI CILEKLI,GIDA,66,
DOGUS TİRYAKİ SIYAH CAY 1KG,İÇECEK,66,
CALVE MAYONEZ 600ML,GIDA,66,
KENT OLIPS STICK C VITAMINLI,GIDA,66,
KOSKA PEKMEZI 700 GR.UZUM,SÜT KAHVALTILIK,66,
CIF KREM 500 ML AKTIF KREM,DETERJAN TEMİZLİK,66,
H.SAKIR SAB.BEYAZ 4LU SARAYLI ZEYT&BAL,KOZMETİK,66,
KISMET HOSMERIM TATLISI 400 GR,SÜT KAHVALTILIK,66,
ULKER TURK KAHVESI 100GR,İÇECEK,66,
ULKER 9 KAT MUZLU .GOFRET 50 GR,GIDA,66,sekerci
SELPAK MENDIL BAHAR,KAĞIT,66,
ULKER DANKEK CAY SAATI 220 GR MOZAIK,GIDA,66,
VERNEL 1.5LT MAX GULUN BUYUSU,DETERJAN TEMİZLİK,66,
ICIM LINK AROMA 250ML VISNE,İÇECEK,66,
KENT MISSBON ELMA VE CILEK 43GR,GIDA,66,
DERYA DIL PEYNIR 200 GR,SÜT KAHVALTILIK,66,
PINAR YASAM PINARIM 75 CL CAM SISE,İÇECEK,66,
PINAR KAHVALTILIK SOSIS SOYULMUS,ET TAVUK,66,kasap
H.SAKIR GUZL.SAB.4LU KLASIK 400GR,KOZMETİK,66,
CAYKUR ALTIN SUZME POSET 25LI,İÇECEK,65,
BIZIM MAKARNA ARPA SEHRIYE 500 GR,GIDA,65,
SARUHAN RIZE CAYI 1000GR,İÇECEK,65,
SEK MEYVE SU 1 LI VISNE,İÇECEK,65,
ABC TOZ DETERJAN 600 GR ELDE YIKAMA SODA ETKILI,DETERJAN TEMİZLİK,65,
ULKER RULO PASTA 245GR .CILEK,GIDA,65,
ULKER EV KEK 170 GR MOZAIK,GIDA,65,
LAY`S KLASIK PARTİ 179 GR,GIDA,65,
TAT ANTEP SALCA 580CC,GIDA,65,
ULKER HANIMELLER 3'LU FINDIKLI,GIDA,65,
NESTLE NESQUIK 180 GR KAKAOLU,GIDA,65,
PIKNIK 1483 KULLAN AT KARTON BARDAK,EV,65,
VILEDA TEMIZLIK BEZI 4 AL 2 ODE,DETERJAN TEMİZLİK,65,
CANPED MESANE PEDI BUYUK 10 LI,KAĞIT,65,
NESTLE 1927 BITTER CIKOLATA 80 GR,GIDA,65,sekerci
UNX YOĞUN KEPEKLİ KÖY 400 GR,GIDA,64,
TEKEL 2001 SOFT KISA,SİGARA,64,
SUTAS TEREYAGI 500 G PASTÖRİZE,SÜT KAHVALTILIK,64,
FANTA 250 ML TNK,İÇECEK,64,
ULKER BEBE BISKUVI 190GR,BEBEK,64,
ULKER DANKEK CAY SAATI 220 GR MEYVELI,GIDA,64,
DURU BANYO SABUN 700 GR.LAVANTA,KOZMETİK,64,
ICIM M.SUYU 200 ML VISNE,İÇECEK,64,
SUTAS ESKI KASAR 350 GR,SÜT KAHVALTILIK,64,
SUTAS MEYVELI YOGURT 2 LI ORMAN MEYVELI,SÜT KAHVALTILIK,64,
EMEK MISIROZU YAG 2 LT PETSISE,GIDA,64,
BANVIT NUGET 225 GR,ET TAVUK,64,kasap
BINGOSOFT 6 LT SENSITIVE YUMUSATICI,DETERJAN TEMİZLİK,64,
KECHEESE KECI PEYNIRI VAKUMLU KG,SÜT KAHVALTILIK,64,
KARA LAHANA,MEYVE SEBZE,64,manav
RUFFLES SUPER-PEYNIRLI SOGANLI 119GR,GIDA,64,
VIVIDENT XYLIT NANE AROMALI 45 DK 33 GR,GIDA,64,
BAGDAT NANE 30GR,GIDA,64,
KOSKA RECEL CILEK 380 GR,SÜT KAHVALTILIK,64,
SUTAS TEREYAGI 1000 GR.,SÜT KAHVALTILIK,64,
SUTAS SUZME YOGURT 750 GR,SÜT KAHVALTILIK,64,
TAT KÖY DOMATES SALCASI 560 GR.CAM,GIDA,64,
DR.OETKER PASTA KREMASI 150 GR.KAKAOLU,GIDA,64,
MAVI YESIL LIGHT BISKUVI 50 GR SEKERSIZ,GIDA,64,
SUTAS LIGHT SUT 1000 GR,SÜT KAHVALTILIK,64,
ULUDAG FRUTTI EXTRA NARLI 250ML,İÇECEK,64,
DOGUS KARADENIZ CAY 1KG,İÇECEK,64,
NESTLE CREMA LATTE KAHVE,GIDA,64,
DOGUS BLACK LABEL 48 AD DEMLIK,İÇECEK,64,
MOLPED KANATLI NORMAL 20 AD. EKO,KAĞIT,64,
ICIM AYRAN 295 GR,İÇECEK,64,bufe
PHILIPS 20 W TORNADO 8W KALIN DUY BEYAZ,EV,63,
TADIM MISIR 75 GR,GIDA,63,
CAYKUR ALTINBAS CAY 200 GR.,İÇECEK,63,
ULKER GOFRET 220 GR FINDIKLI,GIDA,63,sekerci
REIS OSMANCIK PIRINC UZUN TANELI 1 KG,GIDA,63,
F SAFF YÜZEY TEMIZLEYICI 1LT GÜL TAZ.,DETERJAN TEMİZLİK,63,
PINAR M.SUYU 1LT.PORTAKAL,İÇECEK,63,
ELSEVE 650 ML SAMP.+360 ML S. KREMI ARGININE DIREN,KOZMETİK,63,
ETI CIN 144GR PORTAKAL JOLE LI BUSKUVI,GIDA,63,
CAPPY MEYVA NEKTARI 1LT PORTAKAL,İÇECEK,63,
S.BRITE YESIL SUNGER 8 AL 4 ODE,DETERJAN TEMİZLİK,63,
SULTAN KARE TAM BUGDAY EKMEGI,GIDA,63,
KINDER SUT DILIMI 4'LU 2012,GIDA,63,
BINGO DINAMIK 750 GR. BULASIK SIVI NİLÜFER,DETERJAN TEMİZLİK,63,
F SAFF YUMUSATICI 1 LT.LAVANTA,DETERJAN TEMİZLİK,63,
BIZIM KABARTMA TOZU 10+2,GIDA,63,
HEKIMOGLU UN 10 KG,GIDA,63,
TEKEL 2000 KIRMIZI KISA,SİGARA,63,
HALK CORBA DOMATES 60GR,GIDA,63,
TENO WC KAGIDI 12 LI 2 RULO BEDAVA CIFT KAT,KAĞIT,63,
YORSAN YOGURT 1.5KG KAYMAKLI TAVA,SÜT KAHVALTILIK,63,
VILEDA YESIL SUNGER 2LI KLASIK OLUKLU,DETERJAN TEMİZLİK,62,
F NEFFIS TAZE KASAR PEYNIRI 1000 GR,SÜT KAHVALTILIK,62,
K.KUKRER LIMON SOSU 250ML,GIDA,62,
KENT JELIBON TAMTAM 100 GR MEYVE SULU,GIDA,62,sekerci
K.KUKRER UZUM SIRKESI 750ML PET,GIDA,62,
DORITOS NACO PARTİ 187 GR,GIDA,62,
CAYKUR TOMURCUK EARL GREY 200 GR,İÇECEK,62,
YUMOS EXTRA 1500 ML LILYUM&LOTUS,DETERJAN TEMİZLİK,62,
BINGO BULASIK SIVI 6LT.LIMON EKO.,DETERJAN TEMİZLİK,62,
ULKER DANKEK CIKOLATALIM,GIDA,62,sekerci
AYTAC MEYVE SUYU VİŞNE 1 LT,İÇECEK,62,
CAYKUR YESIL SUZEN CAY 25AD,İÇECEK,62,
KENT MISSBON VISNE AHUDUDU 43GR,GIDA,62,
LD GRAY KISA,SİGARA,62,
KUZU GERDAN,ET TAVUK,62,kasap
PINAR SOSIS EKO. 10 LU,ET TAVUK,62,kasap
FAMILIA WC KAGIDI 13+3 BEDAVA,KAĞIT,62,
DIMES 1/5 LT MEYVE SUYU KARISIK,İÇECEK,62,
VILEDA YESIL SUNGER 2LI KLASIK,DETERJAN TEMİZLİK,62,
KNORR BULYON ET 3'LU,GIDA,62,
PINAR GURME SUCUK 250 GR,ET TAVUK,62,kasap
PINAR KREM PEYNIR 160GR,SÜT KAHVALTILIK,62,
F NEFFİS K. FINDIK KREMASI 350 GR,SÜT KAHVALTILIK,62,
TAT BIBERIYE TURSUSU 370 GR,GIDA,61,
NESCAFE GOLD 100 GR EKO PAKET,İÇECEK,61,
ULKER DANKEK RULO PASTA 255 GR CIKOLATALI,GIDA,61,sekerci
DURU 4LU GUZELLIK SABUN SAF VE DOGAL 360 GR,KOZMETİK,61,
DANONE DANETTE 2'LİM 4 LU CIKO-SUTLU,SÜT KAHVALTILIK,61,
BREF WC POWER BALLS 53 GR OCEAN,DETERJAN TEMİZLİK,61,
ICIM SMART 3'LU YUMURTA,GIDA,61,
YORSAN BEYAZ PEYNIR 500GR,SÜT KAHVALTILIK,61,
ETI KAYMAKLIM CILEKLI BISKUVI 75 GR,GIDA,61,
PINAR BUFE SALAM 900GR.,ET TAVUK,61,kasap
ULKER EV KEK 170 GR UZUMLU,GIDA,61,
BREF WC POWER AKTIF 53 GR OCEAN,DETERJAN TEMİZLİK,61,
KECHEESE KECI SUTU 1LT,SÜT KAHVALTILIK,61,
SUTAS TATLIMMM 4LU FINDIKLI,SÜT KAHVALTILIK,61,
DOGUS KUP SEKER 750GR CIFT SARGILI,İÇECEK,61,
JACOBS MONARCH 2GR.,İÇECEK,61,
ULUDAG MADENSU FRUTTI VISNE 200ML,İÇECEK,61,
S.BRITE 2 LI YESIL SUNGER,DETERJAN TEMİZLİK,61,
SOLO WC KAGIDI 32 Lİ 6 RULO BEDAVA,KAĞIT,61,
NESTLE NESQUIK TOZ 375 GR,GIDA,61,
ETI KREMALI BISKUVI 4.LU,GIDA,60,
SOLEN OZMO CORNET 4 AL 3 ODE,GIDA,60,
ULKER GOFRET DELUXE 220 GR KAKAOLU,GIDA,60,sekerci
PALMOLIVE SAB.175 GR THERMAL SPA CILT YENILEYICI,KOZMETİK,60,
F SAFF KREM TEMIZLEYICI 500 ML AMONYAKLI,DETERJAN TEMİZLİK,60,
PRIMA PAMPERS ISLAK MENDIL 64'LU,KAĞIT,60,
YORSAN AYRAN 1LT,İÇECEK,60,bufe
F NEFFIS HARMAN ÇAY 1000 GR,İÇECEK,60,
PAPIA HAVLU %25 İ BEDAVA 3KATLI 2Lİ,KAĞIT,60,
ULKER CIKOLATALI GOFRET 10 LU,GIDA,60,sekerci
HALK YESEM 10 ADET CIKOLATALI SANDVIC,GIDA,60,sekerci
PRIMA JUMBO EKSTRA LARGE 16+ KG,BEBEK,60,
KENT OLIPS XS YESIL NANE 17 GR,GIDA,60,
TAT TEDİ 200 ML. HAVUC+ELMA+CILEK,İÇECEK,60,
CANBEBE MINI EXTRA LARGE 6,BEBEK,59,
PINAR KAHVALTILIK SALAM 250 GR,ET TAVUK,59,kasap
SESU AGDA BEZI POSET 10ADET,KOZMETİK,59,
PINAR MILFOY HAMURU 10AD.500GR,GIDA,59,
VERNEL 1.5LT MAX YASEMIN VE ALOERA,DETERJAN TEMİZLİK,59,
ULKER 9 KAT 50G CILEKLI GOF.,GIDA,59,
ARKO NEM 20ML. KREM TUP ZEYTINYAGLI,KOZMETİK,59,
FILIZ MAKARNA KISA KESME 500 GR,GIDA,59,
NESTLE NESGUIK SUT 180 ML.CILEK 2012,SÜT KAHVALTILIK,59,
AROMA TROPIKAL SEFTALI KUTU 200ML,İÇECEK,59,
CESMEBASI LOR 500 GR,SÜT KAHVALTILIK,59,
REIS KOFTELIK BULGUR 1 KG,GIDA,59,
DOGUS EARL GREY DEMLIK POSET 48 LI,İÇECEK,59,
BIZIM KABARTMA TOZU 5LI,GIDA,59,
HALK DUBLE GOFRET VANILYA 140GR,GIDA,59,sekerci
BAGDAT COREK OTU 90GR,GIDA,59,
SEK KREMA 1/5,GIDA,59,
DURACELL 4LI KALEM PIL AA LR6,EV,59,
ACE C.SUYU 2.2 KG BAHAR,DETERJAN TEMİZLİK,59,
CAYKUR CAY CICEGI 200 GR.,İÇECEK,59,
KESTANE,MEYVE SEBZE,59,manav
CIF SUNLIGHT BULASIK DETERJANI 737 ML PORTAKAL,DETERJAN TEMİZLİK,59,
BIZIM MUTFAK CORBA TARHANA,GIDA,59,
IPEK PAMUK 250 GR.,KOZMETİK,59,
DR.OETKER KREM SANTI 80GR CIKO,GIDA,59,
FAMILIA SB DESENLI PECETE 100 LU,KAĞIT,59,
CEREZZA 3 AL 2 ÖDE,GIDA,59,
PINAR BEYAZ PEYNIR 800 GR.T.YAGLI,SÜT KAHVALTILIK,58,
ULKER BISKREM 3'LU PAKET,GIDA,58,
VERNEL 1.5LT MAX DENIZ ESINTISI,DETERJAN TEMİZLİK,58,
BALPARMAK SUZME CICEK BALI 850,SÜT KAHVALTILIK,58,
ULKER DANKEK 8 KEK CIKOLATA+MUZ 50GR,GIDA,58,sekerci
ULKER DANKEK 8 KEK DOUBLE CIK.45 GR,GIDA,58,
NESCAFE CLASSIC 200 GR EKO PAKET,İÇECEK,58,
MOLPED DAİLY CARE 28 AD GUNL.PED LARGE,KAĞIT,58,
OMO TOTAL 1400 ML SIVI,DETERJAN TEMİZLİK,58,
SUTAS BUYUMIX SUTLU BİS 6 LI,SÜT KAHVALTILIK,58,
MILKA MILKINIS 7`LI,GIDA,58,
MOLPED ULTRA AİRACTİVE 20AD EKO KANATLI NORMAL,KAĞIT,58,
CARTE DOR PUDING KAKAOLU 154 GR.,GIDA,58,
CIF SIVI KREM C.SUYU KATKILI 500ML,DETERJAN TEMİZLİK,58,
ORKID ULTRA GECE EKO PAK.14 AD,KAĞIT,58,
SARELLE KAKAOLU FINDIK EZMESI 50 GR,SÜT KAHVALTILIK,58,
FLORMAR OJE,KOZMETİK,58,
ORKID ULTRA PLATINUM COMFORT 18AD NORMAL,KAĞIT,58,
PASTAVILLA MAKARNA YUMURTALI 350 GR,GIDA,58,
NESTLE 1927 EXTRA SUTLU CIKOLATA 80 GR,GIDA,58,sekerci
K.KUKRER ELMA SIRKESI 500ML PET,GIDA,58,
NESTLE NESQUIK MISIR GEVR.500GR EKO PAKET,SÜT KAHVALTILIK,57,
BAGDAT SUSAM 90GR,GIDA,57,
SEK TEREYAGI 125 GR.,SÜT KAHVALTILIK,57,
PASTAVILLA İRİ ARPA SEHRIYE 500 GR.,GIDA,57,
DOVE CREAM BAR SABUN 100 GR.,KOZMETİK,57,
YORSAN ORGU PEYNIRI 250 GR,SÜT KAHVALTILIK,57,
TAT KONSERVE GARNITUR CAM 350GR,GIDA,57,
PINAR DILIMLI TOST PEYNIRI 350GR,SÜT KAHVALTILIK,57,
ETI FORM KAKAOLU YABANMERSINLI BISKIVI  30 GR,GIDA,57,
"BINGO 7,5 KG KONSANTRE ERGUVAN ESINTISI",DETERJAN TEMİZLİK,57,
DOMESTOS ULTRA 4LT DAG ESINTISI,DETERJAN TEMİZLİK,57,
FUSE TEA 1 LT SEFTALI,İÇECEK,57,
VILEDA SUNGER 5LI YESIL EKONOMIK,DETERJAN TEMİZLİK,57,
ICIM CIKOLATALI SOS 128 GR.,GIDA,57,sekerci
SCHWEPPES 250ML MANDALIN CAM SISE,İÇECEK,57,
PERMATIK BANYO 5LI,KOZMETİK,57,
SULTAN NATUREL KOY,GIDA,57,
PINAR KAYSERI MANTISI 400GR.,GIDA,57,
ONCU BIBER SALCASI TATLI 1850 GR,GIDA,57,
F SAFF BUZDOLABI POŞETI ORTA 100 ADET,EV,57,
COLGATE D.M OPTIK BEYAZ 2'LI OZEL PAKET,KOZMETİK,57,
SUTAS BUYUMIX 6 LI SEFTALI-KAYSI YENI,SÜT KAHVALTILIK,57,
PALMOLIVE SAB.90GR.NATURALS ROSE,KOZMETİK,57,
ORKID ULTRA PLATINUM COMFORT 14AD UZUN,KAĞIT,57,
PEYMAN ÇITLIYO 156GR KLASIK,GIDA,57,
CIF KREM 750ML ULTRA BEYAZ CAMASIR SUYU KATKILI,DETERJAN TEMİZLİK,57,
WEST BLUE ICE,SİGARA,57,
BİGİY PATİK ÇORAP,EV,57,
DURU GELENEKSEL PİRİNA SABUNU 5*200 GR,KOZMETİK,56,
F SAFF SIVI EL SABUNU HINDISTAN CEVIZLI 500ML,KOZMETİK,56,
JOHNSON`S SAMPUAN 200 ML,KOZMETİK,56,
DOVE CREAM BAR SABUN 100 GR SHEA BUTTER,KOZMETİK,56,
YORSAN BEYAZ PEYNIR 1KG,SÜT KAHVALTILIK,56,
KENT JELIBON 75 GR TISTIS,GIDA,56,sekerci
SHAZILI SICAK CIKOLATA,İÇECEK,56,sekerci
"ALOMATIK 1,5 KG KAR ÇICEĞI",DETERJAN TEMİZLİK,56,
FILIZ YUMURTALI BUKLE MAKARNA 350 GR,GIDA,56,
PINAR YOGURT 1500 GR.,SÜT KAHVALTILIK,56,
BIZDEN NISASTA 400 GR,GIDA,56,
REIS GONEN BALDO PIRINC 1 KG,GIDA,56,
NESTLE 80GR SUTLU KARE 208,GIDA,56,
DURU 4LU GUZELLIK SABUN SAFVE DOĞAL 360 GR,KOZMETİK,56,
H.SAKIR SAMP.2IN1 KURU SACLAR ICIN,KOZMETİK,56,
DANONE DANETTE 4 LÜ CIKO 110GR,SÜT KAHVALTILIK,56,
VIVIDENT XYLIT STORMING KARPUZ 33 GR,GIDA,56,
F SAFF 6LT BULAŞIK DETERJANI LİMONLU,DETERJAN TEMİZLİK,56,
KISMET TAVUK GOGSU TATLISI 300GR,SÜT KAHVALTILIK,56,
KARTAL MAKARNA MANTI 500GR,GIDA,56,
SUTAS 500 GR M.YOGURT ORMAN MEYVELİ,SÜT KAHVALTILIK,56,
TAT KETCAP 750 GR ACILI,GIDA,56,
ULKER HOBBY CIKOLATA18 GR,GIDA,56,sekerci
ICIM KREM PEYNIR 300 GR,SÜT KAHVALTILIK,56,
PASTAVILLA MAKARNA MANTI 500 GR.,GIDA,56,
MOLPED ULTRA EKO KURULUK GARANTISI UZUN 14AD,KAĞIT,56,
KENT TOFITA 47GR.PORTAKALLI,GIDA,55,
F SAFF SIVI EL SABUNU HINDISTAN CEVIZLI 1000ML,KOZMETİK,55,
PINAR KIDO MUZLU SUT 200 ML,SÜT KAHVALTILIK,55,
FAMILIA WC KAGIDI 10+2 BEDAVA,KAĞIT,55,
PAPIA WC KAGIDI 14+2RULO BEDAVA,KAĞIT,55,
BAGDAT KOFTE HARCI 100GR,GIDA,55,
NESTLE NESGUIK SUT 180 ML.MUZLU 2012,SÜT KAHVALTILIK,55,
COOK COP TORBASI ORTA BOY,EV,55,
PEYMAN FINDIK ICI 70GR,GIDA,55,kuruyemisci
ACE C.SUYU 1.1 KG LAVANTA DUŞLERI,DETERJAN TEMİZLİK,55,
ULKER HOBBY HEDIYELI YUMURTA KIZ TEKLI,GIDA,55,
SUTAS SUTASKI KREM PEYNIR 180 GR,SÜT KAHVALTILIK,55,
KAR PATOS MEKSIKA 97 GR,GIDA,55,
NESCAFE CAPUCCINO CIKOLATALI 14 GR,İÇECEK,55,sekerci
IPANA ANTI CURUK KALSI-DENT 50 ML,KOZMETİK,55,
ULKER DANKEK 8 KEK CIKOLATALI,GIDA,55,sekerci
DOMESTOS ULTRA 2LT DAG ESINTISI,DETERJAN TEMİZLİK,55,
"OMO MATIK 1,5 KG COLOR",DETERJAN TEMİZLİK,55,
YUDUM AYCICEK YAGI 3 LT,GIDA,55,
ICIM KEFIR SUT CILEK 275 ML SISE,SÜT KAHVALTILIK,55,
SOLEN BİSCOLATA STİX 46 GR FINDIK,GIDA,55,
KAR PATOS 82 GR. BAHARATLI,GIDA,55,
ORKID ULTRA PLATINUM COMFORT 12AD GECE,KAĞIT,55,
VIVIDENT 45 DAKIKA TNK 18 LI,GIDA,55,
BIZIM KETCAP 420 GR PWC TATLI,GIDA,54,
PATOS BARBEKULU 97 GR,GIDA,54,
H.SAKIR GUZL SAB.5LI CICEK BUKETI 375GR,KOZMETİK,54,
ULKER DANKEK CAY SAATI KAPL.,GIDA,54,
K.PLAST COP TORBASI EKO BATAL BOY 10 AD,EV,54,
FIRST SENSATİONS TROPİK KARNAVAL 27 GR,GIDA,54,
SEK GUNLUK SISE SUT 1 LT.,SÜT KAHVALTILIK,54,
COLGATE D.F. EXTRA CLEAN,KOZMETİK,54,
F NEFFIS PİLAVLIK BULGUR 1 KG,GIDA,54,
HELEN H. KANATLI UZUN 8 AD.,KAĞIT,54,
KONSERVE KAPAK,EV,54,
CAMEL WHITE,SİGARA,54,
ANCELIKA ERIK,MEYVE SEBZE,54,manav
F SAFF SIVI EL SABUNU MEYVE AROMALI 500ML,KOZMETİK,54,
SOKE UN 5KG,GIDA,54,
ELIDOR 700ML SAMP. ISILDAYAN PARLAKLIK FIRÇA HEDİY,KOZMETİK,54,
DOGUS KEYIF BAHCESI CAYI 1KG,İÇECEK,54,
DURU BANYO SABUN 700 GR.,KOZMETİK,54,
HALK GOFRET KAKAOLU 120GR,GIDA,54,sekerci
ONCU DOMATES SALCASI 700GR CAM,GIDA,54,
DOGUS ROYAL BREAKFAST 48 AD DEMLIK,İÇECEK,54,
LAY`S YOGURT&MEVSIM YESILIGI 84 GR,GIDA,54,
COFFEE MATE 170 GR YENI,İÇECEK,54,
PINAR PIKNIK RECEL 6 LI,SÜT KAHVALTILIK,54,
"OLCA DOMATES SALCASI 1,85 GR",GIDA,53,
ARGEM KEK KAPSULU 100'LU,EV,53,
YEDOY TUZLU KURU PASTA,GIDA,53,
ARKO NEM KREMLI SABUN 100GR.,KOZMETİK,53,
SUTAS LIGHT BEYAZ PEYNIR 700GR,SÜT KAHVALTILIK,53,
TAT DOGRANMIS DOMATES 400GR TNK,GIDA,53,
ULKER KEKSTRA PEKI 35 GR KAKAOLU,GIDA,53,
FIRST SENSATİONS GECE DÜŞÜ 27 GR,GIDA,53,
ETI POP KEK VISNELI 50 GR.,GIDA,53,
BECEL TEREYAG KEYFI KASE 500 GR,SÜT KAHVALTILIK,53,
PEYMAN KABUKLU FISTIK 275GR,GIDA,53,kuruyemisci
FAIRY SIVI BULASIK DETERJANI 1500ML ELMA,DETERJAN TEMİZLİK,53,
ULKER KAT KAT TAT 36GR.CILEK,GIDA,53,
ETI PAYKEK MOZAIK 250 GR,GIDA,53,
ULKER BONBON RULO SEKER,GIDA,53,
BAGDAT KUS UZUMU 40GR,GIDA,53,
UMIT YAGLI GEVREK 500GR,GIDA,53,
ULKER COKOKREM GOLDEN 400GR,SÜT KAHVALTILIK,53,
ELSEVE 650 ML SAMP.+360 ML S. KREMI KOMPLE ONARICI,KOZMETİK,53,
ULKER DIDO TANE TANE CIKOLATA 96 GR,GIDA,53,sekerci
DR.OETKER PUDING CILEKLI 125GR,GIDA,53,
KLASİK BOX,SİGARA,53,
OLIN AYCICEK YAGI 5 LT TNK,GIDA,53,
DIMES 1LT %100 KIRMIZI MEY.KARISIK,İÇECEK,53,
LARK KIRMIZI BAX UZUN,SİGARA,53,
DIMES 1LT MEYVE SUYU KARISIK,İÇECEK,53,
BILLUR TUZ 500GR IYOTLU PLASTIK,GIDA,53,
NUMIL APTAMIL 1 900 GR,BEBEK,53,
BIZIM UN 2 KG,GIDA,53,
SOLEN BİSCOLATA STİX 40 GR SUTLU,GIDA,53,
ICIM SMART 6 LI BUYUME KUPLERI ORMAN 40 GR,SÜT KAHVALTILIK,53,
KOSKA HELVA FISTIKLI 200 GR.,SÜT KAHVALTILIK,53,sekerci
ULKER KARE CIKOLATA BITTER,GIDA,53,sekerci
NESTLE CORN FLAKES 500GR EKO PK.,SÜT KAHVALTILIK,52,
PINAR KAH.KEYFI BEYAZ PEYNIR 800 GR,SÜT KAHVALTILIK,52,
ULKER CIZI VIC PEYNIRLI SAND.KRAKER 3'LÜ 270 GR,GIDA,52,bufe
TADIM SOSLU YER FISTIGI 75 GR,GIDA,52,
KUZU BUT,ET TAVUK,52,kasap
F SAFF YUMUSATICI 1 LT. BAHAR,DETERJAN TEMİZLİK,52,
BAGDAT TATLI BIBER 90GR,GIDA,52,
ALTIN CEZVE TURK KAHVESI 100GR,İÇECEK,52,
"CAYKUR DIDI SOGUK CAY 2,5 LT BERGAMOT",İÇECEK,52,
H.SAKIR GUZL SAB 5LI SARAYLI GUL 375GR,KOZMETİK,52,
P.BAHCE 42191 OPT 6 LI CAY BRD,EV,52,
SELPAK MENDIL NORMAL,KAĞIT,52,
KOSKA SUPER IKILI TAHIN PEKMEZ KARISIMI 200 GR,SÜT KAHVALTILIK,52,
FAIRY SIVI BULASIK DETERJANI 1500ML PORTAKAL,DETERJAN TEMİZLİK,52,
UNO GALETA UNU 300GR,GIDA,52,
ULKER DANKEK DILIM MEYVELI 25GR,GIDA,52,
"BINGO 1,5 KG KONSANTRE ISILTILI RENKLER",DETERJAN TEMİZLİK,52,
BIZIM MARGARIN 500 GR. KASE,SÜT KAHVALTILIK,52,
MENTOS NANE STICK 38GR,GIDA,52,
BURDAN 10'LU YUMURTA CIFT SARILI 2012,SÜT KAHVALTILIK,52,
ULKER ALBENI ATISTIRMALIK 144 GR,GIDA,52,
CP 15 LI YUMURTA LURCH,SÜT KAHVALTILIK,52,
"FABULOSO 2,5 LT LAVANTA T.SUPER EKO",DETERJAN TEMİZLİK,52,
ACTİVEX 4 LÜ SABUN 280GR AKTİF KORUMA,KOZMETİK,52,
TADIM ISLENMIS YER FISTIGI 100 GR,GIDA,52,
SITIL SPECIAL 60 GR SİYAH,DETERJAN TEMİZLİK,52,
ULKER COLA 330ML TURKA,İÇECEK,52,bufe
KOSKA HELVA CEVIZLI,SÜT KAHVALTILIK,52,sekerci
KOTEX ULTRA PED UZUN 8 LI,KAĞIT,52,
"PINAR MANGAL KEYFİ 2,Sİ %40 İNDİR. 600 GR",GIDA,52,
NEUTROGENA BAKIM KREMI 200 ML.,KOZMETİK,52,
IPEK KULAK CUBUGU 300 LU,KOZMETİK,52,
DOGANAY SALGAM SUYU 2000ML ACILI,İÇECEK,52,
REIS CIG KOFTELIK BULGUR 1 KG,GIDA,52,
SEK SUT 200*6 KAKAOLU SUNGER BOB KALEM HED.,SÜT KAHVALTILIK,52,
CALGON TOZ KIRECE KARSI 1KG KİLİTLİ PAK.,DETERJAN TEMİZLİK,51,
VIVIDENT CZD DAMLA SAKIZLI 14 ADET 26GR,GIDA,51,sekerci
F SAFF YANMAZ FIRIN TORBASI,EV,51,
SEK MEYVE NEK.200 ML KARISIK,İÇECEK,51,
CAPPY 1 LT ATOM,İÇECEK,51,
DURU NATURAL GLISERIN 720 GR,KOZMETİK,51,
FAIRY SIVI BULASIK PLATINUM 480ML,DETERJAN TEMİZLİK,51,
ACE 10 KG MATIK BAHAR KOKULU,DETERJAN TEMİZLİK,51,
DIMES 1LT %100 MEYVE SUYU ELMA,İÇECEK,51,
ETI PAYKEK SEKLİ SAHANE 325 GR,GIDA,51,
DANONE DANINO ORMAN MEYVELI 6 LI 2011,SÜT KAHVALTILIK,51,
UNO SOFRA GELENEKSEL 500 GR,GIDA,51,
ULKER COKONAT 5LI -276-,GIDA,51,
TAT DOMATES RENDESI 720GR CAM,GIDA,51,
F NEFFIS EKS GELENEKSEL VISNE RECELI 380 GR,SÜT KAHVALTILIK,51,
ICIM M.SUYU 200 ML KAYISI,İÇECEK,51,
SEK MEYVE NEK.200 ML KAYISI,İÇECEK,51,
BAGDAT KIRMIZI PULBIBER 1KG,GIDA,51,
KAR PATOS PEYNIRLI 97 GR,GIDA,51,
VIVIDENT CZD CULT NANE 14 ADET 26 GR,GIDA,50,
FABULOSO 900 ML LAVANTA,DETERJAN TEMİZLİK,50,
BIZIM MAYONEZ 250 GR PWC,GIDA,50,
CAYKUR DIDI SOGUK CAY 500 ML LIMON,İÇECEK,50,
F SAFF SIVI EL SABUNU MEYVE AROMALI 1000ML,KOZMETİK,50,
SERAC ELEKT.SUPURGE TORBASI,EV,50,
ULUDAG PORTAKALLI 1 LT.,İÇECEK,50,
PIKNIK 277 TIRYAKI CAY SUZGECU,EV,50,
ARIEL MATIK 5 KG EXTRA FERAH LAVANTA 3 D ACTIVES,DETERJAN TEMİZLİK,50,
ERKEK BIGIY SIZE OZEL CORAP,EV,50,
SEK MEYVE NEK.200 ML SEFTALI,İÇECEK,50,
ULKER FINGER 900GR BISKUVI,GIDA,50,
EMEK YEMEKLIK KANOLA YAGI 2 LT,GIDA,50,
BIZDEN K.PASA TATLI 140GR,GIDA,50,
KARAAGAC SADE HELVA 1 KG,SÜT KAHVALTILIK,50,sekerci
PRINGLES 165 GR ORIGINAL,GIDA,50,
COOK COP TORBASI BUYUK BOY,EV,50,
MANGAL KÖMÜRÜ 1KG MERCAN-CELIKSOY,EV,50,
PERWOLL SİYAH SİHİR 1 LT,DETERJAN TEMİZLİK,50,
ULKER CAMLICA 1.5 LT PORTAKALLI,İÇECEK,50,
EMEK ZEYTINYAGI SIZMA 1LT,GIDA,50,
NESCAFE CAPUCCINO 14 GR,İÇECEK,50,
OYALI DIL PEYNIRI,SÜT KAHVALTILIK,50,
BAGDAT KEKIK 30GR,GIDA,50,
ULKER GOFRET 220 GR VANILYA,GIDA,50,sekerci
ORKID ULTRA KANATLI NORMAL EKO 20 ADET,KAĞIT,50,
KINDER BUENQ 2LI WHITE,GIDA,50,
LARK KIRMIZI UZUN,SİGARA,50,
TAT TEDİ 300 ML. HAVUC+ELMA+ANANANS,İÇECEK,50,
CHESTERFIELD RED LINE,SİGARA,50,
MOLPED ULTRA GECE 20 LI,KAĞIT,50,
ICIM PUDING BITTER 115GR,GIDA,50,
NESTLE CHEERIOS HONEY NUT 250GR,SÜT KAHVALTILIK,50,
NESCAFE CAPUCCINO SEKERSIZ 14 GR,İÇECEK,50,
DOGANAY SALGAM SUYU 330 ML SADE,İÇECEK,50,
BIZIM KETCAP 750 GR TATLI PVC,GIDA,49,
ULUDAG FRUTTI EXTRA ARMUTLU 250ML,İÇECEK,49,
KONYA KUP SEKER 750 GR,İÇECEK,49,
BINGOSIL KREM 470ML.LIMONLU YENI,DETERJAN TEMİZLİK,49,
OMO MATIK 5KG ACTIVE,DETERJAN TEMİZLİK,49,
ULKER ONEO SAKIZ 27 GR NANE AROMA,GIDA,49,sekerci
PINAR YAYIK TEREYAGI 500GR.,SÜT KAHVALTILIK,49,
BINGO 7.5 KG KONSANTRE RENKLILER ICIN,DETERJAN TEMİZLİK,49,
KENT TOFITA 47GR VISNELI,GIDA,49,
L M KISA BLUE LABEL,SİGARA,49,
EMEK ZEYTINYAGI SIZMA 2LT,GIDA,49,
TADIM TADIMCA YER FISTIKLI 30 GR,GIDA,49,kuruyemisci
NESCAFE FALCI ORTA 9GR,İÇECEK,49,
DR.OETKER PUDING CIKOLATALI ANTEP FISTIKLI 100GR,GIDA,49,sekerci
KNORR CORBA ANALI KIZLI 92 GR,GIDA,49,
SUTAS 500 GR M.YOGURT ÇİLEK,SÜT KAHVALTILIK,49,
ETI CICI BEBE VIT.BEBE EKMEGI 125GR,BEBEK,49,
AKDEM NAR EKSISI PEKMEZI 340GR.,SÜT KAHVALTILIK,49,
ICIM TEREYAGI 250 GR.,SÜT KAHVALTILIK,49,
SENER RECEL 380 GR CILEK,SÜT KAHVALTILIK,49,
ICIM PUDING MUZLU 125GR,GIDA,49,
DR.OETKER KEKUN SADE 450GR,GIDA,49,
REIS ASURELIK BUGDAY 1KG,GIDA,49,
TAT BEZELYE KONSERVESI 825 GR,GIDA,49,
MEHMET EFENDI KAHVE 250 GR.,İÇECEK,49,
CHESTERFIELD BLUE LINE,SİGARA,49,
LAPIDEN TUY DOKUCU KREM KLASIK,KOZMETİK,49,
KNORR CABUK CORBA K.MANTAR 19GR,GIDA,49,
PINAR CIKOLA SUT 200 GR,SÜT KAHVALTILIK,49,
SELPAK HAVLU 6 LI BEYAZ %25 INDIRIMLI,KAĞIT,49,
ULKER RONDO 4'LU SADE KREMALI,GIDA,49,
FILIZ KEPEKLI SPAGETTI 350GR,GIDA,49,
CAPPY M.SUYU 200ML KARISIK,İÇECEK,49,
TAT KIR.PANCAR TURSUSU 680GR,GIDA,48,
ONCU BIBER SALCASI ACI 1850 GR,GIDA,48,
YUMOS EXTRA 1500 ML GARDENYA MENEKSE,DETERJAN TEMİZLİK,48,
K.PLAST PROFESYONEL COP TORBASI BATTAL 10 LU,EV,48,
PEYMAN KOKTEYL 335 GR,GIDA,48,
COLGATE KIDS 2 DF.,KOZMETİK,48,
PINAR M.SUYU 200ML PORTAKAL,İÇECEK,48,
"ARIEL MATIK 1,5 KG DAĞ ESINTISI",DETERJAN TEMİZLİK,48,
ORKID ULTRA PLATINUM COMFORT 10AD NORMAL,KAĞIT,48,
TAT JALAPENO BİBER TURŞUSU 370 GR,GIDA,48,
LOFÇALI ARAP SABUNU KASE 400GR,DETERJAN TEMİZLİK,48,
POWERADE 500ML. ICE BLAST,İÇECEK,48,
"OMO MATIK 1,5 KG ACTİVE FRESH",DETERJAN TEMİZLİK,48,
NIX SODA MATIK 750 KG,DETERJAN TEMİZLİK,48,
SERA STREC 15 METRE,EV,48,
PRIMA 5 PREMCARE 11-25KG. 36ADET,BEBEK,48,
ULKER COKOMEL MARSH.6'LI,GIDA,48,
ICIM SUT CIKOLATALI 200 ML X6 LI,SÜT KAHVALTILIK,48,sekerci
PASTAVILLA TEL SEHRIYE 500 GR.,GIDA,48,
KARTAL MAKARNA INCE UZUN 500GR,GIDA,48,
DURU CIGKOFTELIK BULGUR 1KG,GIDA,48,
ACTİVEX 4 LÜ SABUN 280GR HASSAS KORUMA,KOZMETİK,47,
UNO PASTABAN KAKAOLU 2 KAT 250GR.,GIDA,47,
NIVEA SOFT 100 ML KNVZ,KOZMETİK,47,
PINAR KREM PEYNIR 400 GR AVANTAJLI PAK.,SÜT KAHVALTILIK,47,
SEK TEREYAG 500 GR.RULO,SÜT KAHVALTILIK,47,
TURSIL MATIK 6+1 KG KIR CICEGI,DETERJAN TEMİZLİK,47,
KARAAGAC TAHIN 500GR,SÜT KAHVALTILIK,47,
BAYAN PATIK CORAP,EV,47,
LİPTON DOĞU KARADENİZ POUCH 24'LÜ,İÇECEK,47,
BIZIM MARGARIN 250 GR.KASE,SÜT KAHVALTILIK,47,
DR.OETKER CIKOLATA SOSUTEK KULLANIMLIK 50G,GIDA,47,sekerci
KAR PATOS 76 GR. ACI BAHARATLI,GIDA,47,
KENT OLIPS MENTOL&OKALİPTUS 40 GR,GIDA,47,
"ACE C.SUYU 2,2 KG NORMAL",DETERJAN TEMİZLİK,47,
KOSKA FISTIK KROKAN 50GR,SÜT KAHVALTILIK,47,kuruyemisci
HERO BAYBY MEYMELI TAHILLI 125 GR,BEBEK,47,
BINGOSIL KREM 470ML.AMONYAKLI YENI,DETERJAN TEMİZLİK,47,
SELPAK WC SPA PUDRA KOKULU KAGIDI 8LI,KAĞIT,47,
BINGOSIL FRESH 1LT BEBEĞİMİN DÜNYASI,DETERJAN TEMİZLİK,47,
ULKER DANKEK MUFFIN 40GR MEYVELI,GIDA,47,
ULKER HALLEY 3'LU 231 GR.,GIDA,47,
LIPTON ICE TEA 330 CL LIMON AROMALI,İÇECEK,47,bufe
DR.OETKER KREM SANTI ORMAN MEY.75 GR,GIDA,47,
MURATTI KISA TONE LIGHT,SİGARA,47,
KOTEX ULTRA PED GECE 28 LI DORTLU,KAĞIT,47,
CANPED MESANE PEDI ORTA 12 LI,KAĞIT,47,
F BAKTAT DOMATES SALCASI 800 GR,GIDA,47,
BIZDEN MISIR 1 KG,GIDA,46,
DOVE CREAM BAR RESTORE SABUN 100 GR.,KOZMETİK,46,
BIZDEN BALDO PIRINC 1KG,GIDA,46,
DOGUS TİRYAKİ SİYAH CAY 500GR,İÇECEK,46,
ULUDAG GAZOZ CAM SISE 6X 250ML,İÇECEK,46,bufe
"OMO MATIK 1,5 KG ACTİVE",DETERJAN TEMİZLİK,46,
P.BAHCE 42011 OPT. CYBRDK6 LI,EV,46,
BILLUR TUZ 250GR TUZLUKLU,GIDA,46,
ETI UZUN CIKOLATA KAREMELLİ 38GR,GIDA,46,sekerci
CANBEBE STANDART MAXI 10 LI,BEBEK,46,
KNORR YORESEL CORBA KAZDAGI,GIDA,46,
FIDANLAR KIRMIZI ACI TOZ BIBER 100 GR,GIDA,46,
H.SAKIR SIVI SAB.2 LT H.CEVIZI SUTLU,KOZMETİK,46,
PINAR DENGE LAKTOZSUZ SUT 500ML,SÜT KAHVALTILIK,46,
KNORR CABUK CORBA SEHRIYELI TAVUK 22 GR.,GIDA,46,
ORKID ULTRA KANAT NORMAL 10 AD,KAĞIT,46,
DIMES 1/5 LT MEYVE SUYU KAYISI,İÇECEK,46,
NUMIL APTAMIL 1 350 GR,BEBEK,46,
SOKE OZEL KEPEK UN 1KG,GIDA,46,
ICIM SUZME PEYNIR 250 GR.,SÜT KAHVALTILIK,46,
F NEFFIS ANTEP FISTIKLI TAHIN HELVASI 500 GR,SÜT KAHVALTILIK,46,sekerci
MLP ULTRA KURULUK GARANTISI 28'LI,KAĞIT,46,
BECEL 500 GR. TEREYAG KEYFI MAKARNA HEDIYELI,SÜT KAHVALTILIK,46,
ULKER 100GR A.FISTIKLI BATON 264,GIDA,46,kuruyemisci
KNORR CABUK CORBA ACILI DOMATES 22 GR.,GIDA,46,
SUTAS TATLIMMM 4LU CİLEKLİ PUDING,SÜT KAHVALTILIK,46,
ETI STİCS ÇİKOLATA KEYFİ 80 GR ANTEP FISTIKLI,GIDA,46,sekerci
"NESCAFE MOCHA 13,5 GR",İÇECEK,46,
CALVE  KETCAP 700GR,GIDA,45,
F NEFFIS TAZE KASAR PEYNIRI 500 GR,SÜT KAHVALTILIK,45,
SITIL PREMIUM PARLATICI KUTU SUNGER NATUREL,DETERJAN TEMİZLİK,45,
CARTE DOR PUDING BITTER CIKOLATALI 116GR,GIDA,45,sekerci
HALK CORBA YAYLA,GIDA,45,
ARIEL MATIK 5 KG PARLAK RENKLER 3D ACTIVES,DETERJAN TEMİZLİK,45,
K.PLAST FIRIN TORBASI 8 ADET,EV,45,
CARTE DOR KREM SANTI SADE 280GR 4LÜ,GIDA,45,
ETI PETIT BEURRE 1KG.,GIDA,45,
ICIM KEFIR SUT 1LT SISE,SÜT KAHVALTILIK,45,
KOSKA TAHIN 1100 GR.,SÜT KAHVALTILIK,45,
DR.OETKER PUDING VANILINLI 125GR,GIDA,45,
KENT OLIPS STIC BAL&LIMON 28GR,GIDA,45,
K.PLAST COP POSETI STD BUYUK 10 AD,EV,45,
ICIM LINK AROMA 250ML SEFTALI,İÇECEK,45,
PINAR BURGER DILIMLI 350 GR,SÜT KAHVALTILIK,45,
LIPTON DOGU K.DENIZ 1KG CAY,İÇECEK,45,
BERRAK SALAMURA YAPRAK 500GR,GIDA,45,
KNORR BASAMEL SOS 75GR,GIDA,45,
KOMILI RIVIERA Z.YAG 1 LT. PET,GIDA,45,
DOGUS TOMURCUK EARL GREY TEN. KUTU 125 GR,İÇECEK,45,
ARIEL MATIK 5 KG BEYAZ CICEKLER 3 D ACTIVES,DETERJAN TEMİZLİK,45,
EXTREM GUL SUYU ROSSA 350ML,KOZMETİK,45,
MLP DCARE 40AD GUNL.PED NORM.,KAĞIT,45,
TAT SIKI DOSTLAR 500CC KETCAP+MAYONEZ,GIDA,45,
ICIM SUZME YOGURT 650GR,SÜT KAHVALTILIK,45,
DOGUS ROYAL BREAKFAST 25*2GR POSET,İÇECEK,45,
MOLPED KANATLI UZUN 8LI,KAĞIT,45,
YORSAN KASAR PEYNIR 400GR,SÜT KAHVALTILIK,45,
H.SAKIR GUZL SAB 5LI SARAYLI LAVANTA 375GR,KOZMETİK,45,
KOSKA RECEL VISNE 380 GR,SÜT KAHVALTILIK,45,
DORITOS ACILI  95  GR,GIDA,45,
PALMOLIVE NATR 90 GR BALANCED MILD,KOZMETİK,45,
VIVIDENT CZD FRUIT SWING 14 ADET 26 GR,GIDA,44,
MAGGI CORBA KREMALI MANTAR,GIDA,44,
"BURC DOGAL KAYNAK SU 1,5 L",İÇECEK,44,
DANONE ACTIVIA KAHVALTI ZAMANI 150ML,SÜT KAHVALTILIK,44,
EKİN KOFTELIK BULGUR 1KG,GIDA,44,
SPRITE LIMON KUTU 250 ML.,İÇECEK,44,
"TURSIL MATIK 1,5 KG COLOR",DETERJAN TEMİZLİK,44,
BERRAK TURSU SALATALIK 720 ML,GIDA,44,
SUPER FRESH KLASIK TON,GIDA,44,
ULKER COLA 1LT TURKA,İÇECEK,44,bufe
DAMLA DOĞAL SU 500 ML,İÇECEK,44,
EMEK ZEYTINYAGI RIVIERA 1LT,GIDA,44,
CIF ULTRA HIJYEN 750 ML,DETERJAN TEMİZLİK,44,
KOSKA HELVA ANTEPFISTIKLI 500GR,SÜT KAHVALTILIK,44,sekerci
IKBAL KASAP KANGAL SUCUK 350 GR,ET TAVUK,44,kasap
MARET BONCUK VAK. KANGAL SUCUK 220GR,ET TAVUK,44,kasap
PHILIPS 23 W TORNADO KALIN DUY BEYAZ,EV,44,
ULKER HOBBY DRAJE KAKAOLU 5*12GR,GIDA,44,sekerci
MOLFİX JUMBO PAKET EXTRA LARGE 16+KG,BEBEK,44,
KOMILI SIZMA ZEYTINYAG 1LT.PET,GIDA,44,
FERSAN ELMA SIRKESI 500 ML CAM,GIDA,44,
ULKER MIX KRAKER 150GR 574-1,GIDA,44,bufe
VILEDA TEMIZLIK BEZI %30 MIKROFIBER,DETERJAN TEMİZLİK,44,
PEYMAN KABAK CEKIRDEGI 70 GR,GIDA,44,
PERMATIK 5+1,KOZMETİK,44,
EXTREM VAZELIN 100 ML,KOZMETİK,44,
BARILLA SPAGHETTI 500 GR,GIDA,44,
EMEK ZEYTINYAGI SIZMA 500ML,GIDA,44,
ULKER SUSAMLI -177-BISKUVI 90GR,GIDA,44,
ROCCO JELLY MAYHOŞ 80GR,GIDA,44,
HALK CORBA SEHRIYELI TAVUK,GIDA,44,
ELIDOR 700ML SAMP. KOPARAK DOKULMEYE COZUM,KOZMETİK,44,
NESTLE 80GR SUTLU CIKOLA209,GIDA,44,
CAYKUR YESIL CAY TNK 150 GR,İÇECEK,44,
HERO BABY KAVANOZ PURE ELMA,BEBEK,44,
DR.OETKER K.TOZU 2LI MAHLEP SUSAMLI,GIDA,44,
VERNEL 1.5LT MAX ROYAL ORKIDE,DETERJAN TEMİZLİK,44,
DURU PILAVLIK BULGUR 1KG,GIDA,44,
ULKER KELLOGG`S EXTRA GRANOLA SUTLU CIK.290 GR,SÜT KAHVALTILIK,44,
DURU BASBASI BULGUR 1KG,GIDA,44,
SPRITE 1 LT LIMON AROMALI GAZOZ,İÇECEK,43,bufe
PENGUEN DOMATES SALCASI 830 GR,GIDA,43,
YORSAN KOY PEYNIRI 550 GR,SÜT KAHVALTILIK,43,
BINGOSIL KREM 470ML.CICEK ISILTI,DETERJAN TEMİZLİK,43,
MOLFİX JUMBO PAKET JUNIOR 11-25KG,BEBEK,43,
PRIMA ACT BABY IKIZ MAXI 15+KG  NO:6,BEBEK,43,
COLGATE D.F.UCLU ETKI 2+1 BED.,KOZMETİK,43,
ARIEL PROFESSIONAL SIVI 500ML.,DETERJAN TEMİZLİK,43,
PRIL BUL. DETERJAN KLASIK LIMON 3 KG,DETERJAN TEMİZLİK,43,
ETI PAYKEK MEYVELI 250GR,GIDA,43,
TROPICANA %100 AMASYA ELMA SUYU,İÇECEK,43,
ARKO NEM KREMLI SABUN 100GR.COTTON,KOZMETİK,43,
DIMES SUT 1LT,SÜT KAHVALTILIK,43,
ULKER DANKEK MUFFIN CIKOLATA,GIDA,43,sekerci
BERRAK ACI BIBER POŞET 200 GR,GIDA,43,
ONCU BIBER SALCASI 700 GR TATLI,GIDA,43,
ULKER PIKO 18 GR 4 LU,GIDA,43,
HUGGIES NATURAL ISLAK HAVLU 64 AD,KAĞIT,43,
ICIM M.SUYU 200 GR KARISIK,İÇECEK,43,
BINGOSOFT 1LT.SENSITIVE YUMUSATICI,DETERJAN TEMİZLİK,43,
MAVI YESIL LIGHT BISKUVI KAKAO KR. KEP.BİS.90 GR,GIDA,43,
WEST BLUE UZUN,SİGARA,43,
REST RINGO BULASIK SUNGERI 2 LI,DETERJAN TEMİZLİK,43,
ICIM DOLCIA 110ML X4 MUZSEVDASI,SÜT KAHVALTILIK,43,
TADIM KABAK CEKIRDEGI 200GR,GIDA,43,
HALK KEK 35 GR VISNE SOSLU KEK,GIDA,43,
PENGUEN TURSU SALATALIK 370GR.,GIDA,43,
F NEFFIS KAKAOLU FINDIK KREMASI DUO400GR,SÜT KAHVALTILIK,43,
REST BULASIK SUNGERI,DETERJAN TEMİZLİK,43,
ULKER BONBON LIMON SEKER,GIDA,43,
ARIEL MATIK 5 KG EXTRA FERAH BAHAR 3D ACTIVES,DETERJAN TEMİZLİK,43,
DOGUS EARL GREY 100 DEMLIK POSET CAY,İÇECEK,43,
DR.OETKER KAYMAK TADINDA KREM SANTI,GIDA,43,
COOK BUZDOLABI POSETI BUYUK BOY,EV,43,
SUPER FRESH BEZELYE 450GR,GIDA,43,
DR.OETKER DOLGU KREMASI 60 GR CIKOLATALI,GIDA,43,sekerci
DR.OETKER SALEP 20 GR,GIDA,42,
SELPAK ULTRA WC KAGIDI 4 LU,KAĞIT,42,
HALK MARGARIN 500GR KASE,SÜT KAHVALTILIK,42,
SUTAS MEYVELI YOGURT 2 LI SEFTALI+KAYISI,SÜT KAHVALTILIK,42,
VERNEL 1.5LT MAX SENSUAL,DETERJAN TEMİZLİK,42,
DR.OETKER PUDING CIKOLATALI FNDK 115GR,GIDA,42,sekerci
CALVE400 GR+335 GR MAYONEZ İKİLİ SET,GIDA,42,
KENT OLIPS NANE AROMALI 40 GR,GIDA,42,
DAMLA DOĞAL SU 1 LT,İÇECEK,42,
H.SAKIR GUZL SAB 4LÜ YOĞURTLU HİNDİSTAN,KOZMETİK,42,
CANBEBE MINI JUNIOR 5,BEBEK,42,
KAR PATOS BAHARATLI 145 GR,GIDA,42,
BIZIM MUTFAK BUGDAY NISASTA 200G,GIDA,42,
F SAFF CAM BEZİ,DETERJAN TEMİZLİK,42,
SANA HAMURISI 6'LI MARGARIN TAVA HED.,SÜT KAHVALTILIK,42,
EMEK ZEYTINYAGI RIVIERA 500ML,GIDA,42,
ICIM DOGAL YOGURT  2000GR YARIM Y.,SÜT KAHVALTILIK,42,
DOGUS FORM KAYISILI KARISIK BITKI CAYI 20 LI,İÇECEK,42,
SUPER FRESH BEZELYE KONSERVESI 830 GR,GIDA,42,
DR.OETKER PASTA SUSU SEKERLI-SUGAR 80 GR,GIDA,42,
KOMİLİ 700 ML ŞAMPUAN,KOZMETİK,42,
PAKMAYA 5 Lİ KABARTMA TOZU+VANILYA,GIDA,42,
M.BIRLIK SADE SIYAH ZEYTIN EZME 340G,SÜT KAHVALTILIK,41,
ARKO TRAS KREMI 100 GR.REGULAR,KOZMETİK,41,
F NEFFIS AYCICEK YAGI 5 LT,GIDA,41,
KAR CIPSO KETCAP 100 GR,GIDA,41,
CARTE DOR SUPANGLE 153 GR,GIDA,41,
BINGO 5 KG AUTOMAT ISILTILI RENKLER,DETERJAN TEMİZLİK,41,
ULKER PIKNIK KAKAOLU 70GR,GIDA,41,
BAGDAT PILIC BAHARATI 80GR,GIDA,41,
TENO EKONOMIK HAVLU 6 RULO,KAĞIT,41,
ROCCO JELLY JUNIOR NESELI KOLA VE GAZOZ 80GR,GIDA,41,bufe
SUTAS BUYUMIX 6 LI MUZLU YENI,SÜT KAHVALTILIK,41,
DOGUS KARADENIZ CAY 500 GR,İÇECEK,41,
CIF SIVI KREM 750 ML LİMON KOKULU,DETERJAN TEMİZLİK,41,
SENER AKIDE SEKERI 150 GR,SÜT KAHVALTILIK,41,
ONCU BIBER SALCASI 700 GR ACI,GIDA,41,
BAGDAT KARANFIL 15GR,GIDA,41,
SEK UCGEN ERITME PEYNIR 100 GR,SÜT KAHVALTILIK,41,
CAYKUR DIDI MINI SOGUK CAY 250 ML LIMON,İÇECEK,41,
BERRAK TANE MISIR KONS. 370 ML,GIDA,41,
BREF WC 2LI TEM.KUPU 100 ML,DETERJAN TEMİZLİK,41,
H.SAKIR GUZL SAB 5LI SARAYLI SUT&HANIM 375GR,KOZMETİK,41,
KNORR CABUK CORBA KREMALI TAVUK 18GR,GIDA,41,
CALVE KETÇAP 400GR SADE,GIDA,41,
COLGATE D.F. ZIGZAG 2+1 ORTA,KOZMETİK,41,
ULKER GOLDEN CIKOLATALI FINDIK EZMESİ 350 GR,SÜT KAHVALTILIK,41,sekerci
MOLPED ULTRA KURULUK GARANTISI DEO 28LI FLORAL,KAĞIT,41,
ICIM PUDING 200ML MUZLU,SÜT KAHVALTILIK,41,
PINAR TEREYAGI 250GR.,SÜT KAHVALTILIK,41,
GOLD KREM FISTIK 340GR,SÜT KAHVALTILIK,41,
ULKER GENC TURK KAHVESI ORTA TEKLI,İÇECEK,41,
K.PLAST COP TORBASI EKO JUMBO 10 LU,EV,41,
ULKER GOLDEN BEYAZ CIK. ANTEP FISTIKLI 90 GR,GIDA,41,
S.BRITE YESIL SUNGER 8 AL 4 ODE TIRNAK KORU.,DETERJAN TEMİZLİK,41,
BIZIM MUTFAK CORBA KELLE PACA,GIDA,41,
TAT TEDİ 300 ML. HAVUC+SEFTALI+ELMA,İÇECEK,41,
BIZIM MUTFAK MISIR NISASTA 150 GR,GIDA,40,
CAPPY M.SUYU 200ML VISNE,İÇECEK,40,
ALTIN CEZVE TOZ ICECEK NANE LIMON 300 GR,İÇECEK,40,
F SAFF SIVI EL SABUNU DENIZ ESINTISI 1000ML,KOZMETİK,40,
ETI FORM DOMATESLI KEKIKLI KRAKER 30 GR,GIDA,40,bufe
NESTLE NESQUIK MISIR GEVR 750 GR,SÜT KAHVALTILIK,40,
CARTE DOR PUDING CIKOLATALI 109GR,GIDA,40,sekerci
"BINGO 1,5 KG AUTOMAT LOVELY PARFÜMLÜ",DETERJAN TEMİZLİK,40,
COCA COLA ZERO 250 ML TNK,İÇECEK,40,bufe
DR.OETKER PIRINC UNU 5*35GR,GIDA,40,
"SPRITE 1,5 LT PET",İÇECEK,40,
ETI HOSBES MANDALINA 80 GR.,GIDA,40,
KNORR CORBA ERISTELI YOGURT,GIDA,40,
CAMEL BLACK,SİGARA,40,
KNORR PANE HARCI CITIR 90GR,GIDA,40,
BEBAK ACI BADEM KREMİ 20 ML. MİNİK TÜP,KOZMETİK,40,
DOGUS RIZE HARMANI CAY 500GR,İÇECEK,40,
WINSTON KISA CODE WHITE,SİGARA,40,
TUZOT 200 GR KLASIK ÇEŞNİ,GIDA,40,
CAYKUR BURCUM YESIL CAY 100GR,İÇECEK,40,
MARET BONCUK VAKUM KANGAL ACILI 250 GR,ET TAVUK,40,kasap
PASTAVILLA MAKARNA RIGATONI 500 GR.,GIDA,40,
ICIM PUDING 200ML CILEKLI,SÜT KAHVALTILIK,40,
HALK MARGARIN 250 GR KASE,SÜT KAHVALTILIK,40,
PINAR KIDO MINI PEYNIR SADE 6LI,SÜT KAHVALTILIK,40,
TADIM YER FISTIGI 200GR,GIDA,40,
DR.OETKER DOUBLE SICAK CIKOLATA 27 GR.,GIDA,40,sekerci
YORSAN YOGURT 1.5KG KAYMAKLI,SÜT KAHVALTILIK,40,
HALK GOFRET VANILYALI 150GR,GIDA,40,sekerci
ICIM KREM PEYNIR 180 GR,SÜT KAHVALTILIK,40,
SENSODYNE ONARIM TAM KORUMA 75 ML.,KOZMETİK,40,
"FABULOSO 2,5 LT CICEK D. SUPER EKO",DETERJAN TEMİZLİK,40,
PENGUEN BIBERIYE TURSU 300 ML,GIDA,40,
SOLO WC KAGIDI 20+4 RULO BEDAVA,KAĞIT,40,
PIKNIK 1493 PLSTK ORTA TABAK10,EV,40,
DIMES 1LT KIRMIZI MEYVELERDEN,İÇECEK,39,
BIZDEN MANTI 250 GR,GIDA,39,
KARMEZ GALATE UNU 250 GR,GIDA,39,
SENER RECEL 380 GR VISNE,SÜT KAHVALTILIK,39,
FAX SIVI EL SABUNU 2 KG GÜL,KOZMETİK,39,
KARMEZ LAVAS10 AD*600 GR.,GIDA,39,firin
PERWOLL RENKLİ SİHİR 3LT,DETERJAN TEMİZLİK,39,
F SAFF SIVI SABUN 500 ML DENIZ ESINTISI,KOZMETİK,39,
FAX 5 LI GUZELLIK SABUNU GUL 350GR,KOZMETİK,39,
HALK KEK 35 GR KAKAO SOSLU KEK,GIDA,39,
PINAR HINDI SALAM FISTIK,ET TAVUK,39,kasap
LUX SABUN 90 GR.LUX SABUN 90 GR MAGICAL BEAUTY (Sİ,KOZMETİK,39,
ETI PAYKEK KAKAOLU 220 GR.,GIDA,39,
ULKER HOBBY HEDIYELI YUMURTA,GIDA,39,
SELPAK MENDIL SENSITIVE 10PAKET,KAĞIT,39,
HELEN H. KANATLI UZUN 16 AD,KAĞIT,39,
NESTLE 40GR ANTEP FISTIKLI SUTLU CIKOLATA,GIDA,39,
DOGUS EARL GREY 25 POSET CAY,İÇECEK,39,
ULKER PIKNIK KAKAOLU 3*70 GR,GIDA,39,
LAND LITE ELH/M-11 T2 BEYAZ,EV,39,
BINGOSOFT 2 LT SENSITIVE YUMUSATICI,DETERJAN TEMİZLİK,39,
MAGGI CORBA EZOGELIN 72GR,GIDA,39,
COTANAK IDEAL FINDIK YAGI 1LT PET,GIDA,39,
SANA KASE MARGARIN 250 GR.,SÜT KAHVALTILIK,39,
ICIM M.SUYU 1000ML PORTAKAL,İÇECEK,39,
UNO PREMİUM ÇAVDARLI EKMEK 480GR,GIDA,39,firin
SUTAS TATLIMMM MUZLU 4*75 GR,SÜT KAHVALTILIK,39,
ARIEL PROFESSIONAL SIVI 1 LT,DETERJAN TEMİZLİK,39,
FIDANLAR YENI BAHAR 50 GR,GIDA,39,
"PINAR DENGE MADEN SUYU 6,200 ML",GIDA,39,bufe
FILIZ YUMURTALI KIRPIK MAKARNA 350 GR,GIDA,39,
MLP DCARE 60ADLARGE,KAĞIT,39,
CAPPY 1LT ELMA SUYU %100,İÇECEK,39,
ORKID 4 LU ANNE KIZ PKT ULTRA 32 LI,KAĞIT,39,
P.BAHCE 62511 AIDA 6LI CAYBARD,EV,39,
MARET PRATIK SERI DANA SALAM 60GR,ET TAVUK,39,kasap
ULKER DANKEK CAY SAATI KAKOLU 220 GR,GIDA,39,
ARKO NEM Z.YAGLI 150ML,KOZMETİK,39,
DOGUS RIZE HARMANI CAY 1KG,İÇECEK,39,
"CALGONIT TUZ 1,5 KG",DETERJAN TEMİZLİK,39,
CANPED ANA.HASTA BEZ 10 AD. ORTA EMICI KULOT,KAĞIT,39,
BEBELAC KAV.125GR MUZLU MUHALLEBI,BEBEK,39,
PIKNIK 113 COP SIS 100 AD,EV,39,
KENT TOPITOP FAN TEKLI,GIDA,39,
BARILLA FUSILLI BURGU 500 GR,GIDA,39,
TENO WC KAGIDI 16LI CIFT KAT,KAĞIT,39,
ARI 12 VIT.6 MIN.PIRINC UNU 125 GR SUTLU,BEBEK,39,
MARET 5LI SOYULMUS SOSIS PAKET,ET TAVUK,39,kasap
SUPER FRESH ISPANAK 450 GR,GIDA,39,
ULKER ONEO SAKIZ DAMLA,GIDA,39,sekerci
DOMESTOS TOZ LIMON FERAHLIGI 500 GR,DETERJAN TEMİZLİK,39,
NESTLE NESQUIK COKOKARE 310 GR,GIDA,39,
REIS GOKCE BEYAZ NOHUT 1KG,GIDA,38,
CALVE KETCAP 700 GR ACILI,GIDA,38,
VERNEL 1.5LT MAX ROYAL LILYUM,DETERJAN TEMİZLİK,38,
BARILLA PIPETTE BUKLE 500 GR,GIDA,38,
UNO SANDVİÇ 7LI 455 GR,GIDA,38,
ICIM SMART 6 LI BUYUME KUPLERI BİSKÜVİLİ 40 GR,SÜT KAHVALTILIK,38,
OMO MATIK 5KG COLOR,DETERJAN TEMİZLİK,38,
TEST MATIK 5 KG RENGARENK,DETERJAN TEMİZLİK,38,
ULKER PIKNIK SADE 70GR,GIDA,38,
ORKID ULTRA KANATLI UZUN 16 LI EKO,KAĞIT,38,
YUMOS EXTRA 1500 ML SAF&BEYAZ,DETERJAN TEMİZLİK,38,
BREF WC POWER AKTIF 53 GR PINE,DETERJAN TEMİZLİK,38,
UMIT GALETA KEPEKLI 230 GR,GIDA,38,
EMEK MISIROZU YAG 5 LT TNK,GIDA,38,
SAYAN BIGIYLABSWOOL ÇORAP,EV,38,
ALTIN CEZVE GOLD COFFEE 100 GR PAKET,İÇECEK,38,
JOHNSON`S SAMPUAN 800ML POMPALI,KOZMETİK,38,
BANAT JUMBO TEMIZLIK BEZI 4 LU,DETERJAN TEMİZLİK,38,
SEK TEREYAGI 125GR KASE,SÜT KAHVALTILIK,38,
ETI FORM PORTAKALLI BISKUVI 30 GR,GIDA,38,
VERNEL 1.5LT MAX ROYAL GUL,DETERJAN TEMİZLİK,38,
ETI CRAX COK INCE SADE KRAKER 40GR,GIDA,38,bufe
FAMILIA WC KAGIDI 20+4 BEDAVA,KAĞIT,38,
TADIM ANTEP FISTIGI 90 GR,GIDA,38,
PRONTO AHSAP TEMIZLEYICI 750 G,DETERJAN TEMİZLİK,38,
BEYPAZARI SODA 6LI ELMA AROMALI,İÇECEK,38,bufe
ORKID 4 LU ANNE KIZ PKT ULTRA 40 LI,KAĞIT,38,
PALL MALL MAVİ,SİGARA,38,
ERNET KOKU GIDERICI YEDEK,DETERJAN TEMİZLİK,38,
DOMESTOS ULTRA 4LT KAR BEYAZI,DETERJAN TEMİZLİK,38,
VILEDA ELDIVEN STANDARD NO:9,DETERJAN TEMİZLİK,38,
TEKEL 2001 UZUN MAVİ,SİGARA,38,
ERNET KLOZET DEODORANTI LIMON,DETERJAN TEMİZLİK,38,
PIKNIK 1462 PASTA ALTI KAPSULU,EV,38,
HERO SEFTALI MUZ 125 GR,BEBEK,38,
PEYMAN ÇITLIYO KLASİK 50GR,GIDA,38,
CEBEL PETEKLI CICEK BAL KASE KG,SÜT KAHVALTILIK,38,
DOGANAY UZUM SIRKESI 500GR,GIDA,38,
DURU SIVI SABUN FRUIT'N MILK 300 ML NAR,KOZMETİK,37,
TAT DOMATES SALCASI TENEKE 4500 GR,GIDA,37,
ICIM PUDING KAKAO-FINDIK 150GR,GIDA,37,
TADIM CIFTE KAVRULMUS 90 GR SARI LEBLEBI,GIDA,37,kuruyemisci
TAMEK SALCACIK PAKET 135GR,GIDA,37,
BAGDAT HINDISTAN CEVIZI  KILITLI EKO POSET 175GR,GIDA,37,kuruyemisci
H.SAKIR SAMP.2IN1BADEM SUTU VE PROTEIN YENI,KOZMETİK,37,
CLEAR 1000ML SAMPUAN SAC DOK.KARSI,KOZMETİK,37,
SELALE ASETON PARFUMLU 180CC,KOZMETİK,37,
CALVE KETÇAP 400GR ACILI,GIDA,37,
CIL NEROX 2'LIBICAK,EV,37,
DIMES 1LT %100 MEYVE SUYU PORTAKAL,İÇECEK,37,
COLGATE D.F. ZIGZAG FLE,KOZMETİK,37,
"ARIEL MATIK 1,5 KG EXTRA SOFT",DETERJAN TEMİZLİK,37,
CAPPY KUTU 330 ML.KARISIK,İÇECEK,37,
FABULOSO 900 ML CICEK DEMETI,DETERJAN TEMİZLİK,37,
NUMIL APTAMIL 2 900 GR,BEBEK,37,
KNORR CORBA VALIDE SULTAN,GIDA,37,
VIVIDENT XYLIT STORMING DAMLA SAKIZLI 33 GR,GIDA,37,sekerci
VIVIDENT CZD FRUIT CILEK MANDALINA 14 ADET 26G,GIDA,37,
TAT KARISIK TURSU CAM 680 GR,GIDA,37,
TADIM TADIMCA FINDIKLI 30 GR,GIDA,37,kuruyemisci
F SAFF YUMUSATICI 1 LT.SENSETIVE,DETERJAN TEMİZLİK,37,
SEK SUT LIGHT 200 ML. DAYANIKLI,SÜT KAHVALTILIK,37,
BARILLA FARFALLE TONDE FIYONK 500 GR,GIDA,37,
ROZI KLASİK HIJYENIK KANATLI 10LU,KAĞIT,37,
NIVEA BABY FRESH-LOTION 63 AD,KAĞIT,37,
UMIT GALETA SADE 230 GR,GIDA,37,
PENGUEN BEZELYE 340GR,GIDA,37,
PIKNIK 110 JAPON TIP KURDAN,EV,37,
MARLBORO KISA FSB,SİGARA,37,
DR.OETKER MISIR NISASTASI 150 GR.,GIDA,37,
IPANA SAG.GUL.TUM AILE 125ML/155G,KOZMETİK,37,
"TURSIL MATIK 1,5 KG KIRCICEGI",DETERJAN TEMİZLİK,37,
CAYKUR KAMELYA CAY 100GR,İÇECEK,37,
YORSAN TEREYAGI 500GR,SÜT KAHVALTILIK,37,
COOK STREC FILM 15M POLIETILEN,EV,36,
BAGDAT LIMON TUZU 60GR,GIDA,36,
KAR PATOS 66 GR. PEYNIR LI,GIDA,36,
MILKA 80GR ANTEP FISTIK CIKOLATA,GIDA,36,kuruyemisci
VIVIDENT XYLIT STORMING CILEK 33 GR,GIDA,36,
ALTIN CEZVE SUTLU KAKAO 300 GR,İÇECEK,36,
KOMILI RIVIERA ZEYTINYAG 500ML,GIDA,36,
KOMILI RIVIERA Z.YAG 2 LT.PET SISE,GIDA,36,
SELPAK MENDIL ANTIBAKTERIYEL,KAĞIT,36,
CLIO TUZ RUHU 600 GR.,DETERJAN TEMİZLİK,36,
BIZIM MAYONEZ 365 GR PWC,GIDA,36,
F SAFF ÇAMAŞIR MAK. KİREÇ ÖNLEYİCİ 500GR,DETERJAN TEMİZLİK,36,
PINAR PIZZATTO ALATURKA PIZZA 600GR 4 LU,GIDA,36,
ARGEM CELIK CAMASIR IPI,EV,36,
LAPIDEN TUY DOKUCU PARFUMLU,KOZMETİK,36,
MOLFIX BABY WIPES 70 AD.KREM VE SUT,KAĞIT,36,
COOK YAGLI PISIRME KAGIDI KESILMIS,EV,36,
FERSAN NAR EKSILI SOS 2'LI PAKET 430 GR,GIDA,36,
KENT OLIPS POSET C VITAMIN 40GR,GIDA,36,
KUZU FILOTO,ET TAVUK,36,kasap
PENGUEN TURSU ACI BIBER 300G,GIDA,36,
VILEDA STYLE TEMIZLIK BEZI 3'LU,DETERJAN TEMİZLİK,36,
ACE C.SUYU 1.1 KG HIJYEN,DETERJAN TEMİZLİK,36,
PINAR TAZE KASAR PEYNIRI 500GR,SÜT KAHVALTILIK,36,
TADIM KAJU TEKI FISTIĞI 75 GR,GIDA,36,kuruyemisci
KNORR CABUK CORBA MERCIMEK 22 GR.,GIDA,36,
ULUDAG PORTAKAL CAM SISE 250 ML,İÇECEK,36,
BIZIM AYCICEK YAGI 1 LT.PET,GIDA,36,
"BINGO 1,5 KG KONSANTRE SOFT SENSITIVE",DETERJAN TEMİZLİK,36,
TAT TEDİ 300 ML. HAVUC+SEFTALI+ARMUT,İÇECEK,36,
DIMES 1LT MEYVE SUYU KAYISI,İÇECEK,36,
PINAR BEYAZ PEYNIR 400GR,SÜT KAHVALTILIK,36,
F KARAT MANGAL KOMURU 1KG,EV,36,
TEKEL 2001 KISA KIRMIZI BOX,SİGARA,36,
ULKER KELLOGG`S COCO POPS 15GR,SÜT KAHVALTILIK,36,
ICIM SUT 1LT. LIGHT PASTORIZE KUTU,SÜT KAHVALTILIK,36,
EKICI SUZME PEYNIR 250 GR,SÜT KAHVALTILIK,36,
EKICI SUZME PEYNIR 500 GR,SÜT KAHVALTILIK,36,
PAPIA WC KAGIDI 10+2RULO BEDAVA,KAĞIT,35,
CALVE KETÇAP 250GR,GIDA,35,
ARBELLA KALEM KESME MAKARNA 500GR,GIDA,35,
H.SAKIR SAMP.2IN1 YAGLI SAC.YENI,KOZMETİK,35,
KAR PATOS 3 AL 2ODE,GIDA,35,
PRENSES KAHVERENGI K.SEKER 500GR,İÇECEK,35,
CIF ULTRA HIJYEN 500 ML,DETERJAN TEMİZLİK,35,
BEYPAZARI SODA LİMON AROMALI,İÇECEK,35,bufe
TURSIL MATIK 5KG KONS.LEYLAK,DETERJAN TEMİZLİK,35,
"TURSIL MATIK 1,5 KG LEYLAK",DETERJAN TEMİZLİK,35,
DURU BANYO SABUN 700 GR.GUL,KOZMETİK,35,
TAT KOY DOMATES SALCASI 1700 GR,GIDA,35,
ELIDOR 700ML SAMP. KEPEGE KARSI,KOZMETİK,35,
BAGDAT PASTA SUSU 40GR,GIDA,35,
TAT %100 DOMATES SUYU 1LT KLASİK,İÇECEK,35,
TADIM KLASIK KARISIK 200GR,GIDA,35,
ICIM SMART 6 LI BUYUME KUPLERI ŞEFTALİ 40 GR,SÜT KAHVALTILIK,35,
TADIM SARI LEBLEBI 90 GR,GIDA,35,kuruyemisci
BIZIM MUTFAK ET SUYU 24 LÜ,GIDA,35,
PEYMAN KAJU FISTIK 70 GR,GIDA,35,kuruyemisci
ACE C.SUYU 1 LT.NORMAL,DETERJAN TEMİZLİK,35,
KARAAGAC KAKAOLU HELVA 1KG,SÜT KAHVALTILIK,35,sekerci
TAT RECEL VISNE 380GR,SÜT KAHVALTILIK,35,
NESCAFE GOLD 200GR ALANA COFFEE MATE 200GR HEDIYE,İÇECEK,35,
LAND LITE ELT/M-15W,EV,35,
YORSAN KASAR PEYNIR 700GR,SÜT KAHVALTILIK,35,
YAREN RENGA MOR BOYALI TUZLUK 90CC,EV,35,
KNORR CABUK CORBA EZOGELIN 21 G,GIDA,35,
KUZU SIS,ET TAVUK,35,kasap
BARILLA FARFALLE KELEBEK 500 GR,GIDA,35,
DR.OETKER CIKOLATALI MUHALLEBI 215 GR,GIDA,35,sekerci
MEHMET EFENDI 250 GR KAKAO,İÇECEK,35,
ARGEM MINI MANDAL 24'LU,EV,35,
S.BRITE YESIL KLASIK SUNGER,DETERJAN TEMİZLİK,35,
KOTEX ULTRA QUADRO NORMAL,KAĞIT,35,
TENO MENDIL 10ADET,KAĞIT,35,
POLO SILIMS BLUE,SİGARA,35,
PINAR KIDO PUDING 200GR MUZ,SÜT KAHVALTILIK,35,
KNORR MAKARNA SOSU KR.MANTARLI,GIDA,35,
ULKER ONEO SAKIZ CEP PAKET NANE,GIDA,35,sekerci
YORSAN BEYAZ PEYNIR LIGHT 500GR,SÜT KAHVALTILIK,35,
PINAR SUT 1 LT. LIGHT %50,SÜT KAHVALTILIK,35,
CAPPY %100 KARISIK MEYVE NEKTARI LT,İÇECEK,35,
KOMILI EGE SIZMASI Z.YAGI 1LT,GIDA,35,
PEYMAN BEYAZ LEBLEBI 80 GR,GIDA,35,kuruyemisci
PRIMA ACT BABY MEGA PAKET MIDI,BEBEK,35,
VIVIDENT CZD EXTRA 14 ADET 26 GR,GIDA,35,
P.BAHCE 42021 OPT.CAY BARDK 6L,EV,35,
MILKA 3TAT 51 GR.,GIDA,35,
LIPTON TB YESIL CAY SADE 20 LI BARDAK HED.,İÇECEK,35,
ULUDAG MADENSU FRUTTI CILEK 200ML 6'LI,İÇECEK,34,
ROCCO SIKI ŞEKER NAR-CİLEK 19.5GR,GIDA,34,
SEK TEREYAG 250 GR.KÖY,SÜT KAHVALTILIK,34,
DOGANAY SALGAM SUYU 1000ML,İÇECEK,34,
CEBEL TULUM PEYNIRI BEZ 1KG,SÜT KAHVALTILIK,34,
DURU SIVI SABUN FRUIT'N MILK 300 ML CILEK,KOZMETİK,34,
PERSIL 5 KG EXPERT GÜL,DETERJAN TEMİZLİK,34,
BAGDAT ZENCEFIL 40GR,GIDA,34,
COLGATE GELISMIS BEYAZLIK 1+1 HEDIYE,KOZMETİK,34,
HALK COCO PASTA 77 GR,GIDA,34,
SEK TAZE KASAR PEYNIRI 400GR,SÜT KAHVALTILIK,34,
CARTE DOR KREM SANTI SADE70GR,GIDA,34,
DURU BANYO SABUN 700 GR.OKYANUS,KOZMETİK,34,
TROPICANA M.SUYU 1 LT KARISIK,İÇECEK,34,
BIZIM VANILIN 5LI,GIDA,34,
UNI KULAK CUBUGU 50 ADET,BEBEK,34,
KOMILI SIZMA ZEYTINYAG 500ML.,GIDA,34,
DOMESTOS ULTRA 2160LT KAR BEYAZI,DETERJAN TEMİZLİK,34,
ALTIN CEZVE 3'U BIR ARADA 300 GR,İÇECEK,34,
CAPPY KUTU 330 ML KAYISI SPECIAL,İÇECEK,34,
HELEN H. ULTRA NORMAL 10AD,KAĞIT,34,
CALVE MAYONEZ PVC 240 ML,GIDA,34,
K.PLAST PROFESYONEL COP TORBASI JUMBO 10 LU,EV,34,
WELLA KOLESTON SIVI PEROKSIT 50 ML,KOZMETİK,34,
LIPTON Y.LABEL TEA 500GR EKO,İÇECEK,34,
KOSKA ÜZÜM PEKMEZ 400 GR.,SÜT KAHVALTILIK,34,
BAGDAT DOLMALIK FISTIK 25GR,GIDA,34,kuruyemisci
BANVIT CORDON BLUE 300 GR,ET TAVUK,34,kasap
TAT HASLANMIS NOHUT 850 GR,GIDA,34,
ARI 12 VIT.6 MIN.SUTLU PIRINC UNU 250 GR,BEBEK,34,
HERO BABY KARISIK MEYVE 125 GR,BEBEK,34,
BINGO 5 KG AUTOMAT SENSITIVE,DETERJAN TEMİZLİK,34,
LOFÇALI SODA MATIK 500 GR,DETERJAN TEMİZLİK,34,
H.SAKIR SAMP.IN1 KEPEK ADACAYI,KOZMETİK,34,
HIGHGENIC 750ML DERZ TEMIZLEYICI SPREY,DETERJAN TEMİZLİK,34,
BIGBABOL SEKERLI SAKIZ TUTTI FRUTTI 27GR,GIDA,34,sekerci
TAT MAYONEZ 230 GR CAM,GIDA,34,
CAPPY KUTU 330 ML.SEFTALI,İÇECEK,34,
CIF BANYO JEL 750 ML,DETERJAN TEMİZLİK,34,
"PINAR SUT 1,5LT",SÜT KAHVALTILIK,34,
COFFEE MATE 5 GR,İÇECEK,34,
BIZIM AYCICEK YAGI 2 LT. PET,GIDA,34,
ORKID GUNLUK UZUN 16,KAĞIT,34,
S.BRITE BLİSTERLİ OVMA TELİ,DETERJAN TEMİZLİK,34,
PANTENE AQUA LIGHT SAMPUAN 400GR,KOZMETİK,34,
ULKER KELLOGG`S K FLAKES 250 GR,SÜT KAHVALTILIK,34,
PASTAVILLA MAKARNA TRICOLOR 500 GR.,GIDA,34,
M.BIRLIK SIYAH ZEYTIN EZME 175GR,SÜT KAHVALTILIK,34,
ULKER BEBE 190GR.MUZLU,BEBEK,34,
PRIL PERFECT TABLET 56 LI,DETERJAN TEMİZLİK,34,
NESCAFE GOLD BLEND 50 GR KAVANOZ,İÇECEK,34,
PAPIA KUTU MENDIL 120 ADET,KAĞIT,34,
BANVIT PILIC KOKTEYL SOSIS 360GR,ET TAVUK,34,kasap
COLGATE D.M. MAKSIMUM ANTI-CURUK SEKER ASIDI,KOZMETİK,34,
TAT HASLANMIS NOHUT 420 GR,GIDA,33,
SUTAS DIL PEYNIRI 300GR,SÜT KAHVALTILIK,33,
ALOMATIK 7 KG CANLI RENKLER,DETERJAN TEMİZLİK,33,
SARAY TAT PARE MEYVELI KEK 150 GR,GIDA,33,
PERMASHARP 5 LI BIÇAK,KOZMETİK,33,
KOSKA KECIBOYNUZU 700GR.PEKMEZ,SÜT KAHVALTILIK,33,
ICIM SMART 6 LI CIKOLATALI KUP,SÜT KAHVALTILIK,33,sekerci
SUTAS TATLIMMM ÇILEK 4*75 GR,SÜT KAHVALTILIK,33,
K.PLAST COP POSETI STD ORTA 20 AD.,EV,33,
MARET CEMENSIZ PASTIRMA 115 GR,ET TAVUK,33,kasap
BINGO SIVI DET.2 LT.RENKLI,DETERJAN TEMİZLİK,33,
VICEROY WHITE KS,SİGARA,33,
SENER TAHIN 550GR,SÜT KAHVALTILIK,33,
TAT HARDAL DYON 190GR CAM,GIDA,33,
"ETI PAYKEK HAVUÇLU,CEVİZLİ,TAR.250 GR",GIDA,33,
PERSIL MATIK 1.5 KG GUL,DETERJAN TEMİZLİK,33,
P.BAHCE 42021 CAY BARDK 6LI,EV,33,
H.SAKIR SIVI SAB.2 LT LAVANTA,KOZMETİK,33,
REST DAMLALIK,DETERJAN TEMİZLİK,33,
HALK CORBA EZOGELIN,GIDA,33,
COOK COP TORBASI BATTAL BOY,EV,33,
PERWOLL SİYAH SİHİR 3LT,DETERJAN TEMİZLİK,33,
TAT HASLANMIS FASULYE 850 GR,GIDA,33,
SANA EKMEKUSTU 500 GR KASE,SÜT KAHVALTILIK,33,firin
PHILIPS 57 W 700 LM,EV,33,
HALK GOFRET MUZLU 120GR,GIDA,33,sekerci
CIF KREM DOGAL SERI 500 ML,DETERJAN TEMİZLİK,33,
PINAR BURGER 5 ADET,GIDA,33,
PINAR KOKTEYL SOSIS MINIK 215GR,ET TAVUK,33,kasap
PRIMA 1 PREMCARE 3-6 KG 62 ADET,BEBEK,33,
ULKER ONEO SLIM CILEK,GIDA,33,
DIMES 1LT ACTIVE VISNE SUYU,İÇECEK,33,
PINAR KAKAO SOS 460 GR,GIDA,33,
ICIM M.SUYU %100 ELMA SUYU,İÇECEK,33,
MAGGI CORBA SEHRIYELI TAVUK,GIDA,33,
SARELLE 700 GR FINDIK KREMASI,SÜT KAHVALTILIK,33,
MLP DCARE 16AD LARGE,KAĞIT,33,
DR.OETKER SICAK CIKOLATA 27 GR.,GIDA,33,sekerci
DR.OETKER DOLGU KREMASI VANILYA 55GR,GIDA,33,
BEBELAC 1 250 GR,BEBEK,33,
TARIS Z.YAGI SIZMA 500ML,GIDA,33,
BIZIM UN 1 KG,GIDA,33,
ROZI HIJYENIK KANATLI 20LU,KAĞIT,33,
PENGUEN GARNITUR 345GR,GIDA,33,
LIPTON Y.LABEL TEA 1 KG.,İÇECEK,33,
BARILLA LASAGNE 500GR,GIDA,33,
LAND LITE ELH/S-13W,EV,33,
RUFFLES MAC KEYFI KETCAP CESNILI 171GR,GIDA,33,
MOLPED ULTRA K. GARANTISI NORMAL  30 LU,KAĞIT,33,
HERO UZUMLU-YOGURTLU-MUZLU 125 GR,BEBEK,33,
F SAFF AHSAP TEMIZLEYICI 750 ML.,DETERJAN TEMİZLİK,32,
PINAR SUT EXTRA LIGHT 500ML,SÜT KAHVALTILIK,32,
ELSEVE 650 ML SAMP.+360 ML S. KREMI NEMLENDIRICI,KOZMETİK,32,
TAT BIBER SALCASI CAM TATLI 550GR,GIDA,32,
"TURSIL MATIK 1,5 KG BODRUM BEGONVILI",DETERJAN TEMİZLİK,32,
ARGEM LATEKS ELDIVEN 10'LU,EV,32,
HUGGIES NATURAL ISLAK HAVLU 3 AL 2 ÖDE,KAĞIT,32,
SHAZILI HAZIR TURK KAHVESI SADE,İÇECEK,32,
EMEK ZEYTINYAGI RIVIERA 2LT,GIDA,32,
SENER RECEL 770 GR CILEK,SÜT KAHVALTILIK,32,
CANBEBE KAZANCLI PAKET 5 JUNIOR 60ADET,BEBEK,32,
NESTLE NESQUIK DUO 340GR,GIDA,32,
TAMEK KONSR GARNITUR 560 GR,GIDA,32,
SUTAS 250 G DİLİM KASAR,SÜT KAHVALTILIK,32,
VIVIDENT XYLIT STORMING YEŞİL NANE 33 GR,GIDA,32,
KUZU CORBALIK KEMIK,ET TAVUK,32,kasap
BAYCE 250GR SIYAH CAY,İÇECEK,32,
MILKA 80GR CIKOLATA SUTLU,GIDA,32,sekerci
DOGUS KIRAZ SAPLI YESIL CAY 20'LI,İÇECEK,32,
SAFRANBOLU CEVİZLİ LOKUM 450 GR,SÜT KAHVALTILIK,32,sekerci
SITIL PREMIUM PARLATICI SUNGER KUTULU KAHVE,DETERJAN TEMİZLİK,32,
ARKO TRAS SABUNU,KOZMETİK,32,
SAFRANBOLU ÇİFTE KAVR. LOKUM 450 GR,SÜT KAHVALTILIK,32,sekerci
ORKID ULTRA PLATINUM COMFORT 24AD GECE,KAĞIT,32,
LIPTON FORM PLUS KAYISI 20'LI POSET,İÇECEK,32,
DR.OETKER SALEP 20 GR EKSPRES,GIDA,32,
CLIO SIVI BULASIK DETERJANI 1KG FRANBUAZ,DETERJAN TEMİZLİK,32,
F SAFF BANYO TEMIZLEYICI 750 ML,DETERJAN TEMİZLİK,32,
K.KUKRER 1LT ELMA SIRKESI,GIDA,32,
BINGO DYNAMIK TAB.15'LI KLASIK,DETERJAN TEMİZLİK,32,
H.SAKIR MATIK 1000GR LAVANTA POSET,DETERJAN TEMİZLİK,32,
PAKMAYA PUDRA SEKERI 200 GR.,GIDA,32,
ELIDOR 700 ML SAMPUAN ONARICI BAKIM,KOZMETİK,32,
"RINSO MATİK 1,5 KG CICEK BAHCESI",DETERJAN TEMİZLİK,32,
SENER RECEL 380 GR AHUDUDU,SÜT KAHVALTILIK,32,
HUGGIES NATURAL ISLAK HAVLU 64 AD BANYO,KAĞIT,32,
PASTAVILLA MAKARNA MEZZANELLI 500 GR.,GIDA,32,
ACE C.SUYU 2.2 KG LAVANTA DUŞLERI,DETERJAN TEMİZLİK,32,
DR.OETKER GOURMET SEKERLI VANILIN 3'LU,GIDA,32,
KARMEZ KEPEK EKMEK DILIMLI 500 GR,GIDA,32,firin
DOGUS B.LABEL 100'LU DEMLIK 48'LI POSET CAY HED,İÇECEK,32,
CIG KOFTELIK KIYMA,ET TAVUK,32,kasap
ORKID 4 LU ANNE KIZ PKT ULTRA 28 LI,KAĞIT,32,
ICIM SUT 2 LT PASTORIZE KUTU,SÜT KAHVALTILIK,32,
"CALGONIT JEL DETERJAN 1,35 ML",DETERJAN TEMİZLİK,32,
EKICI KASAR PEYNIRI 500 GR,SÜT KAHVALTILIK,32,
DERYA YAGLI BEYAZ PEYNİR 500GR.,SÜT KAHVALTILIK,32,
PERSIL JEL 1095GR DENİZ ESİNTİSİ,DETERJAN TEMİZLİK,32,
DR.OETKER ASURE 225 GR,GIDA,32,
ROCCO SIKI SEKER AHUDUDU-LİMON 19.5GRDET,GIDA,32,
COFFEE MATE 400 GR YENI,İÇECEK,32,
DURU IRI BULGUR 1KG,GIDA,32,
FAIRY H 1 ARADA PLAT 30'LU BULASIK DETERJAN HEDİ,DETERJAN TEMİZLİK,32,
TURSIL MATIK 5KG COLOR LEYLAK BAHCESI,DETERJAN TEMİZLİK,32,
PINAR %100 SAF PORTAKAL SUYU 1LT,GIDA,31,
DURU 600ML SAMPUAN SARMASIK KREMLI,KOZMETİK,31,
TORKU GOFRET SUTLU 35 GR NO:1,GIDA,31,sekerci
COLGATE TOTAL 100ML P.BEYAZLIK 1 ALANA 1BEDAVA,KOZMETİK,31,
PRIMA 4 PREMCARE 7-18KG.46 ADET,BEBEK,31,
MOLFIX DYNAMIC DEV PAK. MAXI 7_18 48+48,BEBEK,31,
ELIDOR 700 ML MUKEMMEL DUZ,KOZMETİK,31,
SUTAS M.YOGURT 500 GR SEFTALİ+KAYISI,SÜT KAHVALTILIK,31,
FAX SIVI EL SABUNU 2 KG OKYANUS FERAHLIGI,KOZMETİK,31,
SUTAS AYRAN 200 GR.,İÇECEK,31,bufe
CLIN CAM TEMIZLEYICI 500 ML,DETERJAN TEMİZLİK,31,
PAM SIVI SABUN GUL 4LT.,KOZMETİK,31,
PERSIL 5 KG EXPERT DENİZ,DETERJAN TEMİZLİK,31,
OZKALELI BALBASI TATLI VE KATI UZUM PEKMEZI,SÜT KAHVALTILIK,31,
CARTE DOR AYVA TATLISI 240GR,GIDA,31,
IPANA ANTI CURUK KALSI-TAT 125 ML,KOZMETİK,31,
RENGA HELEZON SEFFAF BAHARATLIK,EV,31,
WEST GREY UZUN,SİGARA,31,
CIF MUTFAK JEL 750ML,DETERJAN TEMİZLİK,31,
MILKA 80 GR BONIBON TABLET CIKOLATA,GIDA,31,sekerci
ICIM TAZE PEYNIR 200GR,SÜT KAHVALTILIK,31,
ELSEVE ARGININE 650 ML DOKULME KARSITI,KOZMETİK,31,
BINGO DINAMIK 750 GR. BULASIK SIVI SARAY MUTFAGI,DETERJAN TEMİZLİK,31,
"ALOMATIK 1,5 KG CANLI RENKLER",DETERJAN TEMİZLİK,31,
SOLO ULTRA HAVLU 6 LI %25,KAĞIT,31,
KECHEESE YORUK KECI PEYNIRI,SÜT KAHVALTILIK,31,
ULKER BEBE 400 GR.-145,BEBEK,31,
SELIN KOKU GIDERICI ISLAK MENDIL 3 LU,KAĞIT,31,
REIS BORULCE FASULYE 1KG,GIDA,31,
FUSE TEA 330 ML KARPUZ,İÇECEK,31,
ULKER CICI BALIK KRAKER 145GR,GIDA,31,bufe
NESTLE 80 GR BLACK UZUM-BADEM-FINDIK CIK.,GIDA,31,
ARKO TRAS KREMI 100 GR.KOMANDO,KOZMETİK,31,
MARLBORO BLUE ICE,SİGARA,31,
BINGO SIVI DET.4 LT.RENKLI,DETERJAN TEMİZLİK,31,
"FRUKO GAZOZ 2,5 LT.",İÇECEK,31,bufe
PINAR KARE MANTISI 400GR.,GIDA,31,
HALK GOFRET FINDIK AROMALI 150GR,GIDA,31,sekerci
HALK KREM SANTI SADE 150GR,GIDA,31,
DURU VUC.BAKIM SABUN 200 SALATA OZ,KOZMETİK,31,
BERRAK TURSU KARISIK 3 LT PET,GIDA,31,
BINGO 5 KG AUTOMAT ERGUAN,DETERJAN TEMİZLİK,31,
SILEN WC KAGIDI ULTRA 8'LI,KAĞIT,31,
SIGNAL WHITE NOW D.M 75 ML DIS FIRCASI HED.,KOZMETİK,31,
CLIO TUZ RUHU 2500 ML,DETERJAN TEMİZLİK,31,
MILKA 100GR CIKOLATA CILEKLI,GIDA,31,sekerci
LIPTON DOGU K.DENIZ 500GR CAY,İÇECEK,31,
GILLETTE MACH3 BICAK 4'LU MACH3 JEL HEDIYE,KOZMETİK,31,
S.BRITE YESIL ULTRA KONFOR SUNGER 2 LI,DETERJAN TEMİZLİK,31,
HERO SUTLAC 125GR,BEBEK,31,
EMEK AYCICEK YAG 18 LT TNK,GIDA,31,
MURATTI AZURE KISA BAX,SİGARA,31,
"SHAZILI CAPPUCCİNO ŞEKERLI 10,5GR",İÇECEK,31,
DOGUS KARADENIZ CAY DEMLIK 48'LI BERGAMOTLU,İÇECEK,31,
KARAAGAC YAZ HELVASI CEVIZLI 500GR,SÜT KAHVALTILIK,31,sekerci
VIVIDENT XYLIT STORMING LİMONATA 33 GR,GIDA,31,
ICIM LINK AROMA 250ML PORTAKAL,İÇECEK,31,
HERO GOGLY PIRINC UNU MUZ,BEBEK,31,
LIPTON ICE TEA 1 LT SEFTALI,İÇECEK,31,bufe
HEAD SHOULDERS 600ML 2SI1 ARADA,KOZMETİK,31,
IPEK SAMP.600 ML KEPEĞE KARŞI,KOZMETİK,31,
DURU ESMER CIGKOFTELIK BULGUR 1KG,GIDA,31,
DURU KIRMIZI TOP MERCIMEK 1 KG,GIDA,31,
BIZIM KETCAP 750GR + MAYONEZ 650 GR MAKARNA HEDİYE,GIDA,30,
ARGEM JAPON KURDAN 200'LU,EV,30,
ULKER KREMINI 50 GR PORTAKAL,GIDA,30,
BALPARMAK 460GR SUZME CICEK BALI,SÜT KAHVALTILIK,30,
TAT BARBUNYA PILAKI 190 GR,GIDA,30,
DURACELL 4 LU KALEM INCE PIL 1.5 V AAA,EV,30,
LAY`S KURUTRLMUS YESILLIK 115 GR,GIDA,30,
MOLFIX DYNAMIC DEV PAK.MAXI 9_20,BEBEK,30,
"RINSO MATİK 1,5 KG YAĞMURDA DANS",DETERJAN TEMİZLİK,30,
RENGA LIMON SIKACAGI,EV,30,
ULKER ONEO SLIM YESIL NANE,GIDA,30,
FUSE TEA 1 LT MANGO-ANANAS,İÇECEK,30,
TAT RECEL CILEK 380GR,SÜT KAHVALTILIK,30,
ULKER DANKEK CAY SAATI,GIDA,30,
PROTEX SABUN 75 GR FRESH,KOZMETİK,30,
SOLO NATUREL 3 LU HAVLU,KAĞIT,30,
PAPIA HAVLU 4+2 BEDAVA 3KATLI,KAĞIT,30,
MARET GELENEKSEL DANA SUCUK VAK.250GR,ET TAVUK,30,kasap
APTAMIL SUTLU PIRINCLI 250 GR,BEBEK,30,
SOLEN BISCOLATA PIA PORTAKAL 100 GR,GIDA,30,
SUTAS KASAR PEYNIR 8 DILIM 160 GR,SÜT KAHVALTILIK,30,
DANONE ACTIVIA SADE 4LU 440GR,SÜT KAHVALTILIK,30,
RUFFLES AILE PEYNIR SOGAN 84 GR,GIDA,30,
H.SAKIR GUZL SAB 5LI LEYLAK BAHCESI 375GR,KOZMETİK,30,
BANVIT PILIC YAPRAK DONER  200 GR,ET TAVUK,30,kasap
SARELLE 350 GR FINDIK EZMESI,SÜT KAHVALTILIK,30,
BINGO DYNAMIC BULS.MAK.PARLATICI 500LT,DETERJAN TEMİZLİK,30,
PHILIPS 15 W TORNADO KALIN DUY BEYAZ,EV,30,
MOLFİX JUMBO PAKET MAXİ 7-18KG,BEBEK,30,
"BINGOSOFT KONSANTRE 1,5 LT SENSITIVE",DETERJAN TEMİZLİK,30,
H.SAKIR SAMPUAN BAL OZU 600ML.,KOZMETİK,30,
FİSKOBİRLİK FINDIK EZMESİ 320 GR,SÜT KAHVALTILIK,30,
PINAR BEYAZ LIGHT PEYNIR 400GR,SÜT KAHVALTILIK,30,
PEYMAN TUZLU IC FINDIK 55GR.,GIDA,30,kuruyemisci
KOTEX LİGHDAYS 20 Lİ GÜNLÜK PED NON-PARFUME,KAĞIT,30,
VERNEL 1.5LT MAX AMETIST,DETERJAN TEMİZLİK,30,
VERNEL 1LT LAVANTA&VANILYA YUMUSATICI,DETERJAN TEMİZLİK,30,
OMO MATIK 5KG YUMOS,DETERJAN TEMİZLİK,30,
PERMATIK TEKLI 5LI POSET,KOZMETİK,30,
FAX 5 LI GUZELLIK SABUNU MUGE 350 GR,KOZMETİK,30,
FAX SIVI EL SABUNU 2 KG CREAM,KOZMETİK,30,
KNORR CABUK CORBA KREMALI SEBZ,GIDA,30,
DR.OETKER BÖĞÜRTLENLİ SOS TEK KULLANIMLIK 50G,GIDA,30,
MOLPED ULTRA AİRACTİVE KNT. NOR. DEO FLORAL SÜPER,KAĞIT,30,
DOGUS BLACK LABEL 100 AD.SUZEN BARDAK,İÇECEK,30,
TORKU CLASSIC FINDIKLI CIKOLATA 80GR,GIDA,30,sekerci
ULKER KREMINI 50 GR AHUDUDU,GIDA,30,
ICIM DOLCIA 110ML X4 CILEK,SÜT KAHVALTILIK,30,
DURU 600ML SAMPUAN INCE TELLI-YAGLI,KOZMETİK,30,
DR.OETKER KREM SOKOLA,GIDA,30,
SERA BUZDOLABI POSETI 30 ADET,EV,30,
ACE C.SUYU 2.2 KG HIJYEN,DETERJAN TEMİZLİK,30,
DR.OETKER GOURMET KAKAO 50 GR,GIDA,30,
W.CANPED YATAK KORUYUCU ORTU 10LU,KAĞIT,30,
MOLFIX DYNAMIC DEV PAK. JUNIOR 11_25 36+36,BEBEK,30,
HALK CORBA KREMALI TAVUK,GIDA,30,
DR.OETKER PROFITEROL 360GR,GIDA,30,
DR.OETKER CIKOLATALI FIN. SOS 130GR,GIDA,30,sekerci
SELPAK WC AQUA 26+6 WC KAGIDI,KAĞIT,30,
REIS IRMIK 500 GR,GIDA,30,
PAKMAYA BUGDAY NISASTA 200 GR.,GIDA,30,
"OMO MATIK 1,5 KG YUMOŞ LAVANTA",DETERJAN TEMİZLİK,30,
BINGOSIL FRESH 1LT YUZEY TEMIZLEYICI  LOVELY,DETERJAN TEMİZLİK,30,
MLP DCARE LIGHT 20*24FLOWER DEO,KAĞIT,30,
FAX SIVI SABUN LAVANTA 500ML,KOZMETİK,30,
BIZIM MARGARİN KAHVALTI KEYFİ 250 GR,SÜT KAHVALTILIK,30,
DIMES 1 LT %100 MEYVE SUYU ŞEFTALİ-ÜZÜM,İÇECEK,30,
PENGUEN KOZL-KIRMIZI BIBER 680GR,GIDA,30,
BEBELAC TAHIL KARISIMI 125 GR GECE,BEBEK,30,
BEBELAC SUTLAC 125 GR,BEBEK,30,
"PRIL BULS.SIVISI 1,5KG KLASIK",DETERJAN TEMİZLİK,30,
ULKER SAKLIKOY YULAFLI 3 LU PAKET,GIDA,30,
ULKER OLALA ISLAK  KEK 35 GR,GIDA,30,
ABC TOZ DETERJAN 600 GR ELDE YIKAMA LAVANTA TAZELI,DETERJAN TEMİZLİK,30,
LAY`S KASIK BAHARAT 61 GR,GIDA,30,
VILEDA ELDIVEN STANDARD -7,DETERJAN TEMİZLİK,29,
CARTE DOR DAMLA SAKIZLI MUHALLEBI 134GR,GIDA,29,sekerci
ICIM PUDING SUTLU CIKOLATALI 150GR,GIDA,29,sekerci
UNO HAMBURGER 6 LI.YATAY 312GR,GIDA,29,
TAT ACI BIBER TURSUSU 370 GR,GIDA,29,
KONYA KUP SEKER 360 AD.1000 GR,İÇECEK,29,
SUTAS AYRAN 330 ML ŞİŞE AYRAN,İÇECEK,29,bufe
TADIM ANTEP FISTIGI 200GR,GIDA,29,
KOSKA DUT PEKMEZI 700 GR,SÜT KAHVALTILIK,29,
COCA COLA LIGHT 250 ML TNK,İÇECEK,29,bufe
ULKER CAMLICA 2.5 LT,İÇECEK,29,
ULKER SUSAMLI PASTA BİSKÜVİ 360 GR 4'LÜ PAKET,GIDA,29,
DR.OETKER SICAK CIK. TADINDA 27 GR,GIDA,29,
COTANAK FINDIK YAGI 5 LT,GIDA,29,
YAREN COK AMACLI RAF ORTUSU,EV,29,
ALTIN CEZVE TOZ ICECEK TARCIN 300 GR,İÇECEK,29,
MARET AFIYETLE PILIC SALAM,ET TAVUK,29,kasap
SENER TAHIN 400 GR+ PEKMEZ 540 GR,SÜT KAHVALTILIK,29,
ISIL TUZ SALAMURA 3000 GR,GIDA,29,
ELHIM T2-20W 276400,EV,29,
LIPTON EARL GREY TEA 48 AD 163 GR,İÇECEK,29,
FAX SIVI EL SABUNU 2 KG LAVANTA,KOZMETİK,29,
KARAAGAC PEKMEZ 1000 GR,SÜT KAHVALTILIK,29,
ULKER SUNNY 2.5 LT MANDALINA,İÇECEK,29,
SUPER FRESH GARNITUR 570 GR,GIDA,29,
LIPTON TB 32GR IHLAMUR 20LI,İÇECEK,29,
CARTE DOR CIKOLATALI SOS 118,GIDA,29,sekerci
KISMET PROFITEROL 300GR,SÜT KAHVALTILIK,29,
YUMOS 2 LT CICEK BAHCESI YUMUSATICI YENI,DETERJAN TEMİZLİK,29,
ARKO TRAS KREMI 100 ML SENSITIVE,KOZMETİK,29,
PENGUEN TURSU AVRUPA 670 GR,GIDA,29,
ORKID GUNLU KNORMAL 20,KAĞIT,29,
CAYKUR SIYAH SUZME 100 AD.BARDAK,İÇECEK,29,
DOGUS KEYIF BAHCESI CAYI 500 GR,İÇECEK,29,
PEYMAN DORLEO KIZARTILMIŞ YER FISTIGI 70 GR,GIDA,29,
DURU SIVI SABUN FRUIT'N MILK 300 ML SEFTALI,KOZMETİK,29,
MR.MUSCLE REZERVUAR BLOK EKO.PK,DETERJAN TEMİZLİK,29,
DR.OETKER WOLKE LIMONLU KEK 430 GR.,GIDA,29,
CAPPY M.SUYU 200ML PORTAKAL,İÇECEK,29,
PERSIL 7KG GULUN BUYUSU,DETERJAN TEMİZLİK,29,
BINGOSOFT 6 LT LOVELY,DETERJAN TEMİZLİK,29,
F SAFF BULASIK PARLATICISI 450ML,DETERJAN TEMİZLİK,29,
OMO MATIK 5KG AKTIF FRESH,DETERJAN TEMİZLİK,29,
DR.OETKER JOLE 100 GR CILEK,GIDA,29,
ICIM PEYNO KREM PEYNIR 200 GR.,SÜT KAHVALTILIK,29,
MILKA 80GR CIKOLATA BEYAZ,GIDA,29,sekerci
DALIN CEP MENDIL CARS,KAĞIT,29,
PRIMA 1 PREMCARE 2-5KG.50 ADET,BEBEK,29,
DOGUS YESIL 20LI TARÇINLI-KARANFILLI,İÇECEK,29,
ICIM M.SUYU 200 ML PORTAKAL,İÇECEK,29,
CARTE DOR KABARTMA TOZU 5'LI,GIDA,29,
DR.OETKER PUDING CIKOLATILI-BADEM 118GR,GIDA,29,sekerci
DOGUS KARADENIZ POSET 25'LI BERGAMOTLU,İÇECEK,29,
PIKNIK 1488 PLASTIK CATAL 1488,EV,29,
NESTLE CHOCAPIC BUGDAY 250 GR,SÜT KAHVALTILIK,29,
HALK CIKOLATALI SOS 128GR,GIDA,29,sekerci
NESTLE CHOKELLA 750GR.,SÜT KAHVALTILIK,29,
DIMES 1/5 LT MEYVE SUYU VİŞNE,İÇECEK,29,
LIPTON SIYAH INCI 1000 GR.,İÇECEK,29,
SITIL SPECIAL 100 ML SIYAH LIKIT,DETERJAN TEMİZLİK,29,
TAT MISIR 320GR CAM,GIDA,29,
KEBIR TEREYAG 1 KG,SÜT KAHVALTILIK,29,
SEMIZOTU,MEYVE SEBZE,29,manav
DURU KOFTELIK BULGUR 1KG,GIDA,29,
TADIM CIFTE KAVRULMUS 200GR SARI LEBLEBI,GIDA,28,kuruyemisci
BIZDEN KIRMIZI MERCIMEK 1KG,GIDA,28,
TAT KOZLENMIS BIBER 670 GR,GIDA,28,
DOGUS CIPSO 69 GR. YOGURT LEZZETI TIRTIKLI,GIDA,28,
YUMOS EXTRA 1500 ML LAVANTA&MANOLYA,DETERJAN TEMİZLİK,28,
SUPER FRESH MISIR 450 GR,GIDA,28,
BIZDEN IRMIK 500 GR,GIDA,28,
ARGEM LAVABO ACICI 2'LI KUTU,EV,28,
TAT MAYONEZ 650 GR.,GIDA,28,
BIGBABOL SEKERLI SAKIZ CILEK 23GR,GIDA,28,sekerci
BERRAK BIBERIYE TURSUSU 370 ML,GIDA,28,
MUJDE MICRO 60 CESIT,EV,28,
ULKER DANKEK KAKAO KAPL.KEK 280GR,GIDA,28,
FUSE TEA 330 ML LIMON,İÇECEK,28,
CIF SUNLIGHT BULASIK DETERJANI1275 GR SARI LIMON,DETERJAN TEMİZLİK,28,
SENER RECEL 380 GR INCIR,SÜT KAHVALTILIK,28,
PINAR CESNI KETCAP 500 GR TUP,GIDA,28,
TAT TEDİ 300 ML. HAVUC+ELMA+KAYISI,İÇECEK,28,
GURALLAR ART CRAFT ASENA 314 CAY BARDAGI,EV,28,
AKDEM NAR EKSISI PEKMEZI 670GR.,SÜT KAHVALTILIK,28,
LAVACHE QUIRIT KREM PEYNIR 160 GR,SÜT KAHVALTILIK,28,
SELPAK MENDIL BAHAR 10LU PAKET,KAĞIT,28,
HALK PETIBOR 350 GR,GIDA,28,
PERWOLL NARİN SİHİR 1 LT,DETERJAN TEMİZLİK,28,
ARGEM LUX TOPTEL,EV,28,
DIXI SIVI TEMIZLEYICI 3LT AKDENIZ FERHLIGI,DETERJAN TEMİZLİK,28,
MLP DCARE LIGHT 60*10 FRESH DEO,KAĞIT,28,
H.SAKIR SABUN 5*70 GR LIMON FERAHLIGI,KOZMETİK,28,
KUZU BOBREK,ET TAVUK,28,kasap
ULKER METRO KARAMEL 19 GR,GIDA,28,sekerci
KENT OLIPS BALLI & LIMON AROMALI 40GR,GIDA,28,
SENSODYNE BEYAZLATICI 100 ML,KOZMETİK,28,
H.SAKIR SIVI SAB. 400ML H.CEVIZ,KOZMETİK,28,
CHAMPION BARDAK25LI SEYLAN CAYI,İÇECEK,28,
BEBELAC KAV.125GR BAHCE MEYVELERI,BEBEK,28,
COLGATE D.M.MISVAK OZLU 50ML,KOZMETİK,28,
KNORR CORBA HANIM AGA 95 GR,GIDA,28,
P.BAHCE 55411 KEYIF 6 LI CAY BARDAGI,EV,28,
BIZDEN PIRINC UNU 7VIT200 GR,GIDA,28,
PINAR PILIC KROKET 430 GR.,GIDA,28,
NUMIL APTAMIL JUNİOR 200 ML SUT TETRA,BEBEK,28,
SUPER FRESH PATATESLI RULO BOREK 500GR.,GIDA,28,
CIPSO KIRMIZI BIBER 111 GR,GIDA,28,
SENSODYNE FERAH NEFES 100 ML,KOZMETİK,28,
DR.OETKER CIKOLATA PARCACIKLARI 100GR,GIDA,28,sekerci
DOGANAY SALGAM SUYU ACILI 1000ML CAM SISE,İÇECEK,28,
CHAMPION DEMLIK 48LI SEYLAN CAYI,İÇECEK,28,
ULKER HOBBY KEK FINDIK KREMALI 30GR,GIDA,28,
HASTEL CIG KADAYIF 500GR,GIDA,28,
AROMA TROPIKAL KAYISILI KUTU 200ML,İÇECEK,28,
PINARI HINDI DONER PISMIS 350 GR,GIDA,28,
ICIM DOLCIA 110ML X4CIKOLATA SEVDASI,SÜT KAHVALTILIK,28,sekerci
ARGEM KAPI BANDI,EV,28,
SINANGIL UN 10 KG.,GIDA,28,
KNORR FIRINDA TAVUK CESNISI 32 GR OTLU CESNI,GIDA,28,
SARELLE 350 GR BITTER FINDIK EZMESI,SÜT KAHVALTILIK,28,
YUMOS 1500 ML.DELUX GECE MANOLYASI,DETERJAN TEMİZLİK,28,
S.BRITE YESIL ULTRA KONFOR KLASIK SUNGER 2 LI,DETERJAN TEMİZLİK,28,
SANA KLASIK 4*250 ML BORCAM HEDIYE,SÜT KAHVALTILIK,28,
TAT TEDİ 200 ML. HAVUC+ELMA+ANANANS+MANGO,İÇECEK,28,
RENGA HELEZON TUZLUK,EV,27,
ICIM TEREYAGI 500 GR,SÜT KAHVALTILIK,27,
PINAR MAYONEZ 650 GR.,GIDA,27,
REIS MIDYAT PILAVLIK BULGUR 1KG,GIDA,27,
COOK ALUM.FOLYO 10 M STREC FILM HEDIYE,EV,27,
DURACELL TURBO MAX 2 LI INCE PIL,EV,27,
PENGUEN BEZELYE 820GR TNK,GIDA,27,
ARIEL MATIK 5 KG DAG ESINTISI 3D ACTIVES,DETERJAN TEMİZLİK,27,
FALIM DAMLA SAKIZI POŞET 20 ADET,GIDA,27,sekerci
M.BIRLIK MEGA ZEYTIN 500GR,SÜT KAHVALTILIK,27,
NESCAFE GOLD 100 GR.KAVANOZ,İÇECEK,27,
HELEN H. KANATLI NORMAL 10 AD,KAĞIT,27,
SEK MEYVE NEK.200 ML VISNE,İÇECEK,27,
"BINGOSOFT KONSANTRE 1,5 LT ADA FERAHLIGI",DETERJAN TEMİZLİK,27,
SENER RECEL 770 GR VISNE,SÜT KAHVALTILIK,27,
PAKMAYA ANTEP FISTIKLI PUDING,GIDA,27,
PRIMA ACT BABY EKONOMI 11-25 KG,BEBEK,27,
ARGEM JAPON KURDAN 400'LU,EV,27,
PAPIA CEP MENDILI COCUK 10PK,KAĞIT,27,
MLP DCARE LIGHT 20*24 FRESH DEO,KAĞIT,27,
F SAFF CEP MENDIL 8'LI,KAĞIT,27,
HALK CORBA ISKEMBE 60GR,GIDA,27,
PHILIPS 8 W TORNADO,EV,27,
CAPPY MEYVA NEKTARI 200ML SEFTALI,İÇECEK,27,
DANONE ACTIVIA CILEK 4LU 440GR,SÜT KAHVALTILIK,27,
VERNEL 6LT LAVANTA YUMUSATICI,DETERJAN TEMİZLİK,27,
BIGBABOL CILEK SAKIZ 40GR,GIDA,27,sekerci
ULKER KELLOGG`S K FLAKES 450 GR SADE,SÜT KAHVALTILIK,27,
NESTLE MÜSLİ TROPIKAL MEYVELI 350 GR,SÜT KAHVALTILIK,27,
OLCA BIBER SALCASI 900 GR TATLI,GIDA,27,
NIVEA LIP DUDAK KORU STAR FRUITS,KOZMETİK,27,
ARKO MEN BANYO TIRAS BICAGI 5'LI,KOZMETİK,27,
PINAR ORGANIK SUT 1000ML,SÜT KAHVALTILIK,27,
GILLETTE BLUE 2 PLUS 10+2 'LI 3DISP,KOZMETİK,27,
CALVE KETÇAP ACILI 250GR,GIDA,27,
FUSE TEA 330 ML MANGO-ANANAS,İÇECEK,27,
PANTENE Y 400GR TEMEL BAKIM ŞAMPUAN,KOZMETİK,27,
ARKO NATUREL KREM 100ML VAZO,KOZMETİK,27,
BERRAK TURSU SALATALIK 370 ML NO:0,GIDA,27,
HELEN H.ULTRA UZUN 8AD,KAĞIT,27,
SELPAK HAVLU 8 LI BEYAZ %25 INDIRIMLI,KAĞIT,27,
DR.OETKER KREM SANTİ KAYMAK TADINDA 116GR,GIDA,27,
ULKER NAPOLITEN ANTEP FISTIK DOLGULU 33GR,GIDA,27,
DR.OETKER IRMIK HELVASI 400GR,GIDA,27,sekerci
PEYMAN BADEM IC 70 GR,GIDA,27,kuruyemisci
LIPTON SIYAH INCI 500 R.,İÇECEK,27,
NAZO TOZ ICECEK VISNE,İÇECEK,27,
PINAR BURGER 590GR,GIDA,27,
FİSKOBİRLİK SUTLU FINDIK EZMESİ 450 GR,SÜT KAHVALTILIK,27,
ERIK,MEYVE SEBZE,27,manav
S.BRITE 6'LI KLASIK SUNGER,DETERJAN TEMİZLİK,27,
SENSODYNE TAM KORUMA+BEYAZLATICI 100ML,KOZMETİK,27,
BIZIM MUTFAK CORBA YAYLA,GIDA,27,
LIPTON EG.2 AD 100'LU DEMLIK ALANA SAKLABA KABI H,İÇECEK,27,
SOLEN BİSCOLATA STİX 50 GR H.CEVIZI,GIDA,27,
ECOMY CAY KASIGI 6'LI,EV,27,
HELEN H. GUNLUK NORMAL 36 LI,KAĞIT,27,
SUPER FRESH PIZZA KING 4'LU,GIDA,27,
SENER RECEL 380 GR GUL,SÜT KAHVALTILIK,27,
TADELLE CIKOLATA 25 GR,GIDA,27,sekerci
FALIM 5`LI ORMAN MEYVELI,GIDA,27,
COLGATE D.M OPTIK BEYAZ 75 ML,KOZMETİK,27,
IPEK SACKREMI 700 MLTUM SACLAR ICIN,KOZMETİK,27,
LOFÇALI ARAP SABUNU 500 GR. TORBA,DETERJAN TEMİZLİK,27,
FALIM 5`LI SAKIZ DAMLA SAKIZI,GIDA,27,sekerci
SENSODYNE FLORURLU 100 ML,KOZMETİK,26,
FABULOSO 900 ML CAM,DETERJAN TEMİZLİK,26,
HALK COCO PASTA 22 GR,GIDA,26,
CARTE DOR TAVUKGOGSU 143 GR,GIDA,26,
BIZIM KETCAP 750 GR ACILI PVC,GIDA,26,
UMIT GALETA SUSAMLI 200 GR,GIDA,26,
TEST MATIK 5 KG GUL BAHCESI,DETERJAN TEMİZLİK,26,
SITIL EKO SPECIAL 60 GR K.KAHVE,DETERJAN TEMİZLİK,26,
PRINGLES 165 GR SOUR CREAM,GIDA,26,
PRINGLES ORIGINAL 2'LI PAKET,GIDA,26,
PINAR LABNE 750GR.,SÜT KAHVALTILIK,26,
CAMSIL MATIK 500 ML+ 500 ML,DETERJAN TEMİZLİK,26,
ICIM SUT 200ML ALPELLA CIKOLATALI,SÜT KAHVALTILIK,26,sekerci
DURU 2000 5LI SABUN375GR ELMA,KOZMETİK,26,
UMIT KEK PASTA ALTI KAKAOLU 300GR,GIDA,26,
ULKER GRANINI 330 ML VISNE,İÇECEK,26,
ULKER RONDO 8'LI SADE KREMALI,GIDA,26,
ULKER CAMLICA 2.5 LT PORTAKALLI,İÇECEK,26,
KENT JELIBON 100 GR.KARPUZ,GIDA,26,sekerci
DALIN BABY SABUN 100 GR.,BEBEK,26,
RUFFLES PARTİ PEYNIR SOGAN 171 GR,GIDA,26,
NESTLE NESFIT FRUITS MEYVELI BUGDAY 430 GR,SÜT KAHVALTILIK,26,
AKDEM BARUT AGACLI 9 KARISIK B.CAYI 40 SUZEN,İÇECEK,26,
TRAKYA PEYNIR MAYASI 50 ML,SÜT KAHVALTILIK,26,
SEK TEREYAG 250 GR.,SÜT KAHVALTILIK,26,
BEBELAC 2 900 GR DEVAM SUTU,BEBEK,26,
BINGOSOFT 1LT KIS SURPRIZI,DETERJAN TEMİZLİK,26,
PINAR YOGURT LIGHT 600 GR,SÜT KAHVALTILIK,26,
DR.OETKER SALEP 4LU POSET,GIDA,26,
CANBEBE KAZANCLI PAKET 4 MAXI 80 ADET,BEBEK,26,
DOGANAY ELMA SIRKESI 500 ML,GIDA,26,
DALIN SIVI DETERJAN 2 LT,BEBEK,26,
"KOMILI EGE SIZMASI ZEYTIN YAGI 0,5L",GIDA,26,
KOSKA TAHIN BAL 350 GR.,SÜT KAHVALTILIK,26,
"ACE C.SUYU 4,4LT.LAVANTA DUŞLERI",DETERJAN TEMİZLİK,26,
BIZDEN SARI MERCIMEK 1 KG,GIDA,26,
S.BRITE TEMIZLIK BEZI 6Lı,DETERJAN TEMİZLİK,26,
MILKA 80GR CIKOLATA FINDIK,GIDA,26,sekerci
BINGO SIVI DET.2 LT.SIYAH,DETERJAN TEMİZLİK,26,
PIKNIK 1482 SEFFAF BARDAK,EV,26,
SENER RECEL 1800 GR CILEK,SÜT KAHVALTILIK,26,
MAGGI CORBA KREMALI TAVUK,GIDA,26,
ULUDAG EFSANE GAZOZ PORTAKALLI 330 ML,İÇECEK,26,bufe
"OMO MATIK 1,5 KG YUMOŞ FLORAL",DETERJAN TEMİZLİK,26,
DR.OETKER CIKOLATA SELALESI 215GR,GIDA,26,sekerci
BEBELAC 3 900 GR DEVAM SUTU,BEBEK,26,
POWERADE 500ML. SUN RUSH,İÇECEK,26,
BREF WC HIJYEN TEMIZLEME KUPLERI,DETERJAN TEMİZLİK,26,
MENTOS MEYVESUYU STICK 38GR,GIDA,26,
S.BRITE TEMIZLIK BEZI 9 LU EKO,DETERJAN TEMİZLİK,26,
SUTAS 250 GR HELLIM PEYNIRI,SÜT KAHVALTILIK,26,
CIF ULTRA HIZ MUTFAK SPREY 1 KG,DETERJAN TEMİZLİK,26,
PRINGLES 40 GR ORIGINAL,GIDA,26,
DR.OETKER CHOCOLATERIA ÇIKOLATALI 98 GR.,GIDA,26,sekerci
REDBULL ENERJI ICECEGI 355ML.,İÇECEK,26,bufe
BIZIM KETCAP MAYONEZ 2 LI SET,GIDA,26,
REIS KURU FASULYE DERMASON 1 KG,GIDA,25,
KNORR MANTI YOĞURTLU 98 GR,GIDA,25,
DOGUS RIZE HARMANI CAY 100GR,İÇECEK,25,
PROTEX SABUN 75 GR ULTRA,KOZMETİK,25,
TADIM FINDIK ICI 200GR,GIDA,25,kuruyemisci
"OMO MATIK 1,5 KG DOMESTOS ETKİLİ",DETERJAN TEMİZLİK,25,
YORSAN TEREYAGI 1 KG,SÜT KAHVALTILIK,25,
"ARIEL MATIK 1,5 KG PARLAK RENKLER",DETERJAN TEMİZLİK,25,
PEYMAN TUZLU LEBLEBI 75 GR,GIDA,25,kuruyemisci
ARGEM CAMASIR IPI,EV,25,
ICIM TEREYAGI 500 GR KOZALAK,SÜT KAHVALTILIK,25,
ASPIRIX COK AMACLI TEMIZLIK SIVISI 1 LT,DETERJAN TEMİZLİK,25,
BINGO OV 500 GR. ÇİÇEKLERİN IŞILTISI,DETERJAN TEMİZLİK,25,
ULKER DANKEK 8 KEK CIKOLATA KARAMEL,GIDA,25,sekerci
ALTIN CEZVE SICAK CIKOLATA 250 GR,İÇECEK,25,sekerci
FAMILA HAVLU 6+2,KAĞIT,25,
"ACE C.SUYU 4,4LT.BAHAR KOKULU",DETERJAN TEMİZLİK,25,
KARMEZ LIGHT EKMEK 430GR,GIDA,25,firin
BIZDEN BARBUNYA FASULYE 1KG,GIDA,25,
H.SAKIR SIVI SAB. 400ML LAVANTA,KOZMETİK,25,
YUMOS 1 LT CICEK BAHCESI YUMUSATICI,DETERJAN TEMİZLİK,25,
PINAR MAYONEZ 420 GR TUP,GIDA,25,
PRIMA 3 PREMCARE 4-9 KG 54 AD,BEBEK,25,
REIS DERMASON FASULYE 1 KG,GIDA,25,
CEREZZA TV SUT MISIR 43 GR,GIDA,25,
ULUDAG MANDALİNİTA 330 ML PET,İÇECEK,25,
KOTEX ULTRA DRY SOFT 36'LI NORMAL TEKLI PKT HED.,KAĞIT,25,
PEYMAN ANTEP FISTIGI 70 GR,GIDA,25,
SUTAS BABYMIX SADE 4LU,SÜT KAHVALTILIK,25,
LAND LITE ELH/M-8W,EV,25,
COLGATE D.F. DISETI RAHATLIGI 1+1 GUM COMFORT,KOZMETİK,25,
REST OLUKLU BULASIK SUNGERI 5 LI,DETERJAN TEMİZLİK,25,
"F SAFF BULASIK MAKINESI TUZU 1,5KG",DETERJAN TEMİZLİK,25,
TADIM BADEM ICI 90 GR,GIDA,25,kuruyemisci
ABC TOZ DETERJAN 600 GR ELDE YIKAMA GUL TUTKUSU,DETERJAN TEMİZLİK,25,
CAPPY SPECIAL MEYVA SUYU 1LT KAYISI,İÇECEK,25,
ULKER KREMINI 50 GR VISNELI,GIDA,25,
PERSIL 5 KG EXPERT LEKE,DETERJAN TEMİZLİK,25,
POWERADE SNOW STORM 500 ML,İÇECEK,25,
BIZIM MUTFAK KOFTE HARCI 100GR,GIDA,25,
PHILIPS 14 W=60W 750LM ECO COOL DAY LIGHT,EV,25,
CAPPY KUTU 330 ML.VISNE,İÇECEK,25,
PERSIL MATIK 1.5 KG COLOR,DETERJAN TEMİZLİK,25,
"YEDIGUN 2,5 LT.PORTAKAL",İÇECEK,25,
AKDEM TARCIN CUBUK 75 GR,İÇECEK,25,
BINGO DINAMIK 750 ML.PORTAKAL BULASIK SIVI,DETERJAN TEMİZLİK,25,
SELPAK MENDIL NORMAL 10LU,KAĞIT,25,
NESTLE BLACK TAM FIS.KARE 80GR,GIDA,25,
GEZER TERLIK CESIT,EV,25,
DANA KONTRFILE,ET TAVUK,25,kasap
ROCCO JELLY JUNIOR SEVIMLI AYILAR 80GR,GIDA,25,
ULKER ALBENI 5LI 346,GIDA,25,
YORSAN LIGHT KASAR 500GR,SÜT KAHVALTILIK,25,
DANONE DANINO MUZLU 6 LI 2011,SÜT KAHVALTILIK,25,
PANTENE Y 400ML.TEMEL BAKIM,KOZMETİK,25,
REST DUZ BULASIK SUNGERI,DETERJAN TEMİZLİK,25,
PAM SIVI SABUN 4LT. LAVANTA+LEYLAK,KOZMETİK,25,
DR.OETKER REVANI 500 GR.,GIDA,25,
F SAFF BULAŞIK MAKİNE DETERJANI TOZ 750 GR,DETERJAN TEMİZLİK,25,
PRIL BULASIK SIVISI 750 GR. ELMA,DETERJAN TEMİZLİK,25,
SOLEN OZMO CLUB SUTLU CIK. 44 GR,GIDA,25,
PANTENE Y 400GR TEMEL BAKIM 2IN 1,KOZMETİK,25,
NUMIL APTAMIL 2 350 GR,BEBEK,25,
TURSIL ELDE YIKAMA POSET 600G,DETERJAN TEMİZLİK,25,
PASTAVILLA MAKARNA JUNIOR ALFABE 500 GR.,GIDA,25,
DR.OETKER MUHALLEBI 210 GR,GIDA,25,
SIGNAL D.M.BEYAZ GUC ELMALI 50 ML,KOZMETİK,25,
KOSKA RECEL CILEK 760 GR,SÜT KAHVALTILIK,25,
"NOGAY EKONONIK SIYAH ZEYTIN 1,800 GR",SÜT KAHVALTILIK,25,
REIS TRAKYA BALDO PIRINC 1 KG,GIDA,24,
REIS GONEN BALDO PIRINC 2500 GR,GIDA,24,
K.PLAST COP POSETI KUCUK 30 AD,EV,24,
ETI STİCKS ÇİKOLATA KEYFİ 88 GR NANELİ,GIDA,24,sekerci
BIZDEN PIRINC UNU SADE 250 GR,GIDA,24,
TAT MAYONEZ 500 GR CAM,GIDA,24,
BIGBABOL SEKERLI SAKIZ KAVUN 27GR,GIDA,24,sekerci
PAPIA HAVLU 12 RULO 3 KATLI,KAĞIT,24,
BIZDEN KOFTELIK BULGUR 1KG,GIDA,24,
YUMOS 2 LT DOGANIN ÖZÜ,DETERJAN TEMİZLİK,24,
MILKA TOBLERONE 100 GR,GIDA,24,
ICIM SMART 6 LI BUYUME KUPLERI MUZLU 40 GR,SÜT KAHVALTILIK,24,
CAPPY %100 ELMALI ŞEFTALİ 1LT,İÇECEK,24,
KOSKA DUT PEKMEZI 380 GR CAM,SÜT KAHVALTILIK,24,
CAPPY %100 ELMALI VİŞNE 1LT,İÇECEK,24,
SENER PEKMEZ 720 GR,SÜT KAHVALTILIK,24,
DIMES 1LT MEYVE SUYU ŞEFTALİ KLASIK,İÇECEK,24,
S.BRITE EKO YESIL SUNGER 4'LU,DETERJAN TEMİZLİK,24,
BEBELAC 1 500 GR BEBEK SÜTÜ DOĞ.İTİBAREN,BEBEK,24,
KENT KISA SWICH,SİGARA,24,
BALPARMAK SUZMECAM BALI 225GR,SÜT KAHVALTILIK,24,
CANBEBE IKIZ 7-18KG COCUK 48 ULTRA KORUMA,BEBEK,24,
CENK COK AMACLI KORUYUCU TABLE,DETERJAN TEMİZLİK,24,
KARAAGAC PEKMEZ 650 GR,SÜT KAHVALTILIK,24,
RINSO MATIK 5KG YAGMURDA DANS,DETERJAN TEMİZLİK,24,
SERA ALUMINYUM FOLYO 15 METRE,EV,24,
DOGUS MEYVE CAYI BOGURTLEN 20LI POSET CAY,İÇECEK,24,
BEBELAC 4 DEVAM SUTU 500 GR,BEBEK,24,
TAT KETCAP 345 GR.ACILI,GIDA,24,
DALIN BEBEK SAMPUANI 1000ML.,BEBEK,24,
DURU BEYAZ 700 GR KLASIK SABUN + ARKO KREM,KOZMETİK,24,
BIZIM KIRMIZI MERCIMEK 1KG,GIDA,24,
BIZIM KETCAP 750GR + MAYONEZ 650 GR,GIDA,24,
MARET SOYULMUS SOSIS 9 LU,ET TAVUK,24,kasap
CANBEBE AVANTAJ PK. MAXI PLUS 54 AD 9-20,BEBEK,24,
F BAKTAT KARISIK TURSU 1420 GR,GIDA,24,
PINAR MAYONEZ 500 GR.,GIDA,24,
TAT BIBER SALCASI 810GR TENEKE TATLI,GIDA,24,
PENGUEN BIBER SALCA TATLI 360 GR,GIDA,24,
BEBELAC 2 250 GR,BEBEK,24,
ALPELLA 3 GEN BEYAZ CIK GOFRET 5Lİ,GIDA,24,sekerci
ETI POP KEK 180 GR MUZLU,GIDA,24,
CARTE DOR KREM SANTI SADE 140GR,GIDA,24,
ULKER YUPO JELLY KOLA 80 GR,GIDA,24,bufe
ULKER ONEO SLIM NANE,GIDA,24,
TAT HASLANMIS BARBUNYA 850 GR,GIDA,24,
DANONE ACTIVIA KURU KAYISI 4 LU 440GR,SÜT KAHVALTILIK,24,kuruyemisci
PINAR SUCUK KANGAL SOLEN 250GR.,ET TAVUK,24,kasap
FAIRY SIVI BULASIK PLATINUM 960ML,DETERJAN TEMİZLİK,24,
SOLO PECETE DESENLI,KAĞIT,24,
DR.OETKER TIRAMISU YAP 127GR,GIDA,24,
MILUPA KAV.125GR ORGANIK SUTLAC,BEBEK,24,
DOGANAY LIMON SOSU 1000ML,GIDA,24,
LIPTON EARL GREY TEA DEMLIK 326GR,İÇECEK,24,
NESTLE 80GR A.FISTIKLI 268,GIDA,24,kuruyemisci
TEKEL 2000 LACIVERT KUTU,SİGARA,24,
HERO ARMUT-ANANAS-SEFTALI,BEBEK,24,
PINAR LABNE PEYNIR 8*20GR,SÜT KAHVALTILIK,24,
H.SAKIR GUZL SAB 5LI MENEKSE CİCEGİ 375GR,KOZMETİK,24,
RIBEK KEBIR KAVURMA,ET TAVUK,24,kasap
F NEFFIS EKS GELENEKSEL KAYISI RECELI 380 GR,SÜT KAHVALTILIK,24,
COOK COP TORBASI JUMBO BOY,EV,24,
PIKNIK 1399 COK AMACLI ELDIVEN,EV,24,
DR.OETKER CREME OLE MUZ 110GR,GIDA,24,
MILUPA K. ORGANİK SEFTALI ELMA 125 GR,BEBEK,24,
NUMIL APTAMIL 3 900 GR,BEBEK,24,
ULKER GRANINI 2 LI  NEKTARI BARDAK HED.,İÇECEK,24,
PERWOLL RENKLİ SİHİR 1 LT,DETERJAN TEMİZLİK,24,
PALMOLIVE NATURALS 3+1 PAPATYA 400 GR,KOZMETİK,24,
CARTE DOR KREM SANTI KAKAOLU 81GR,GIDA,24,
KARPUZ,MEYVE SEBZE,24,manav
DOGUS KARADENIZ POSET 100'LU BERGAMOTLU,İÇECEK,24,
FIRST DAMLA SAKIZLI 22 GR,GIDA,23,sekerci
ARKO SYSTEM3 TRAS BICAGI 4 LU,KOZMETİK,23,
TAT FINDIKLI EZME 190 GR,GIDA,23,
TAMEK KONSR BARBUNYA PILAKI 215 GR,GIDA,23,
YUMOS EXTRA 1500 ML GUL,DETERJAN TEMİZLİK,23,
SENER RECEL 380 GR BOGURTLEN,SÜT KAHVALTILIK,23,
ULKER SP.CORBA KOFTELI KÖY ÇORBASI,GIDA,23,
PERSIL MATIK 1.5 KG DENIZ,DETERJAN TEMİZLİK,23,
PERSIL 5 KG COLOR EXPERT,DETERJAN TEMİZLİK,23,
H.SAKIR MATIK 1700 GR LAVANTA POSET,DETERJAN TEMİZLİK,23,
CILLIT BANG 750+750ML YAGCOZ+KIREC COZ SPREY,DETERJAN TEMİZLİK,23,
SANA KASE MARGARIN 500 GR.,SÜT KAHVALTILIK,23,
SHE SEXY DEO 100ML,KOZMETİK,23,
CLIO SIVI BULASIK DETERJAN 1LT LIMON,DETERJAN TEMİZLİK,23,
F BAKTAT SALATALIK TURSUSU 1450 GR,GIDA,23,
HALK GOFRET CILEKLI 120 GR.,GIDA,23,sekerci
ARTCRAFT CAY BARDAGI 6LI AJDA,EV,23,
SOLO CEK-AL HAVLU REFIL,KAĞIT,23,
S.BRITE KLASIK 6 LI SUNGER,DETERJAN TEMİZLİK,23,
BEBELAC PEYNIRLI PEKMEZLI 125 GR KAHVALTI,BEBEK,23,
PEYMAN LEBLEBI 75GR,GIDA,23,kuruyemisci
GILLETTE BLUE III 6 LI,KOZMETİK,23,
SENSODYNE TAM KORUMA 100ML,KOZMETİK,23,
KNORR CORBA YUVALAMA BUGDAYLI NOHUTLU 103 GR,GIDA,23,
FERSAN UZUM SIRKESI 500 ML PET,GIDA,23,
IPEK SAMPUAN YAGLI SACLAR,KOZMETİK,23,
SITIL EKO AYAKKABI BOYA SIYAH 60ML,DETERJAN TEMİZLİK,23,
BIZIM VANILIN 10+2,GIDA,23,
FAIRY SIVI BULASIK PLATINUM 480ML LIMON,DETERJAN TEMİZLİK,23,
BALKOVAN SUZME CICEK BALI 800 GR,SÜT KAHVALTILIK,23,
COLGATE D.M TOTAL PRO. HASSAS 1+1 HEDIYE,KOZMETİK,23,
COOK YANMAZ FIRIN TORBASI,EV,23,
NESTLE NESFIT MEYVELI 235 GR,SÜT KAHVALTILIK,23,
SEK MEYVE SU 1 LT NAR NEKTARI,İÇECEK,23,
S.BRITE TEMIZLIK BEZI 4 LU,DETERJAN TEMİZLİK,23,
PENGUEN TURSU SALATALIK KOTNISON  670G,GIDA,23,
PIKNIK 1397 YANMAZ FIRIN TORBA,EV,23,
ELHIM T2-15W E276400,EV,23,
SARELLE DUO 350 GR,SÜT KAHVALTILIK,23,
ORKID YAPRAK LIGHT BAHAR CICEKLERI,KAĞIT,23,
KOSLA VANISH HALI MAKİNE 900 ML,DETERJAN TEMİZLİK,23,
DURU 700ML SAÇ KREMI COK KURU SACLARA,KOZMETİK,23,
ICIM TAVA KAYMAKLI YOGURT 1KG,SÜT KAHVALTILIK,23,
ULKER RODEO CIKOLATA 40GR*5LI,GIDA,23,sekerci
CALGONIT BUL.MAK.PARLATICI 800ML,DETERJAN TEMİZLİK,23,
ULKER BONBON MEYVE SEKER 40GR.,GIDA,23,
BEBELAC GECE DEVAM MAMASI 125 GR IRMIKLI MUHALLEBI,BEBEK,23,
HELEN H. ULTRA GECE 7AD,KAĞIT,23,
SIGNAL WHITE NOW SEYAHAT SETI,KOZMETİK,23,
BIZIM MUTFAK SPESIYAL CORBA YUVALAMA,GIDA,23,
ELIDOR 700ML SAMP. RENK KORUYUCU,KOZMETİK,23,
BANVIT SCHNITZEL 200 GR,ET TAVUK,23,kasap
BAGDAT KORI 40GR EKO,GIDA,23,
BEBEM ISLAK HAVLU 63 AD REFIL,KAĞIT,23,
DR.OETKER CREME OLE VANILYA 110GR,GIDA,23,
PIKNIK 1484 KARTON BARDAK ORTA BOY 6'LI,EV,23,
FISKOBIRLIK NUGA FINDIK EZMESİ 450 GR,SÜT KAHVALTILIK,23,
ORKID MAXI KANATLI NORM. 4*12,KAĞIT,23,
PAPIA 50 ADET CIFT KATLI PECETE,KAĞIT,23,
ULKER GRANINI 330 ML SEFTALI,İÇECEK,23,
BABY STAR 72 LI ISLAK MENDIL,KAĞIT,23,
KNORR YORESEL CORBA PARA PARA,GIDA,23,
PROTEX SABUN 75 GR PROFESYONEL BAKIM,KOZMETİK,23,
TAHSİLDAROĞLU TAZE KAŞAR PEYNİRİ 400 GR,SÜT KAHVALTILIK,23,
ELSEVE 650 ML SAMP.+360 ML S. KREMI COLOR VIVE,KOZMETİK,23,
BAGDAT SUMAK 90GR,GIDA,23,
S.BRITE 2+1 CIZMEZ BULS SUNGERI,DETERJAN TEMİZLİK,23,
FUSE TEA 330 ML SEFTALI,İÇECEK,23,
SELPAK MENDIL MENTOL 10LU,KAĞIT,23,
DR.OETKER KESKUL TOZ KARISIM 140GR,GIDA,23,
BEBELAC KAV.125GR.YOGT. KAY.ANANS PURE,BEBEK,23,
ULUDAG MADENSU FRUTTI VISNE 6'LI,İÇECEK,23,
EKICI LOR PEYNIRI 500 GR,SÜT KAHVALTILIK,23,
PINAR KREM SANTI 150GR,GIDA,23,
HAMURANA KOY TARHANASI 250GR.,GIDA,23,
BAGDAT NAR EKSILI SOS 318 GR,GIDA,23,
SAFRANBOLU FISTIKLI LOKUM 450 GR,SÜT KAHVALTILIK,23,kuruyemisci;sekerci
COLGATE TOTAL 125 ML NANE 1 ALANA 1BEDAVA,KOZMETİK,23,
FALIM 5`LI SAKIZ NANELI,GIDA,23,sekerci
H.SAKIR GUZL.SAB.4LU TROPIK 400GR,KOZMETİK,23,
TAT FASULYE TENEKE 830 GR,GIDA,23,
PIKNIK 1406BUZDOLABI POŞETİ 50+25 BEDAVA,EV,23,
CHEETOS 44 GR MISIR CEREZI BIFTEKLI,GIDA,23,bufe
CEREZZA SINEMA PEYNIR SOGAN 130 GR,GIDA,23,
"PRIL STANDART JEL BULASIK MAK.1,5 KG SIRKE",DETERJAN TEMİZLİK,23,
DOVE SAMPUAN 700ML THERAPY KOPARAK DÖK.KARSI,KOZMETİK,23,
DANONE DANINO KAHVALTI ZAMANI 6 LI 2011,SÜT KAHVALTILIK,23,
"MARC 2,5 LT DEO SIVI FLORAL",DETERJAN TEMİZLİK,22,
GUROVA BEYAZ PEYNIR 1KG,SÜT KAHVALTILIK,22,
PARODONAX BITKISEL BEYAZLATICI 50ML,KOZMETİK,22,
ETI CAY KEYFI DAMLA CIKLATALI 161 GR,GIDA,22,
DR.OETKER TATLI SOS PISIRMEDEN CIKOLATALI 72  GR,GIDA,22,sekerci
PERSIL JEL 1125GR GÜLÜN BÜYÜSÜ,DETERJAN TEMİZLİK,22,
PRINGLES 165GR PAPRIKA,GIDA,22,
ELSEVE 700 ML COLOR VIVE,KOZMETİK,22,
BALPARMAK 350GR PET BAL CICEK,SÜT KAHVALTILIK,22,
PINAR TEREYAGI 1 KG,SÜT KAHVALTILIK,22,
ARGEM EKONOMIK 2'LI TOPTEL,EV,22,
CIF ULTRA HIZ MUTFAK SPREY 500 ML,DETERJAN TEMİZLİK,22,
TAT HASLANMIS FASULYE 420GR,GIDA,22,
SOLEN OZMO CLUB SUTLU CIK.88 GR,GIDA,22,
PEPSI KOLA 200 ML CAM,İÇECEK,22,bufe
PERWOLL BEYAZ SIHIR 1000 ML,DETERJAN TEMİZLİK,22,
BINGO 5 KG AUTOMAT SODA,DETERJAN TEMİZLİK,22,
SEK SUT 500 ML. DIYET,SÜT KAHVALTILIK,22,
UNO PASTABAN SADE 2 KAT 250GR.,GIDA,22,
H.SAKIR MATIK 500GR.LAVANTA POSET,DETERJAN TEMİZLİK,22,
ARTCRAFT CAY BARDAGI 6'LI,EV,22,
DOGUS FORM TEA 20 POSET,İÇECEK,22,
BEBELAC KAV.125GR HAVUC ELMA PURESI,BEBEK,22,
BERRAK SALATA TURSU 3LT PET,GIDA,22,
DR.OETKER SUTLAC TOZ KARISIM 153G,GIDA,22,
KNORR CORBA YUKSUK 124 GR YENI,GIDA,22,
PANTENE Y 400GR KEPEĞE KARŞI 2IN 1,KOZMETİK,22,
ULKER BEBE EKO PAKET 1 KG,BEBEK,22,
IPANA PRO EXPERT HEPSİ BİR ARADA 50 ML,KOZMETİK,22,
CANBEBE AVANTAJ PK. MAXI60 AD,BEBEK,22,
HALK KEK 4 ADET KAKAO SOSLU KEK 4*35,GIDA,22,
BINGOSOFT 1LT BAHAR YUMUSATICI,DETERJAN TEMİZLİK,22,
VILEDA POWER OLUKLU SUNGER 2 LI,DETERJAN TEMİZLİK,22,
BIZIM MAYONEZ 650 GR,GIDA,22,
PAPIA MENDIL 10LU 10PAKET,KAĞIT,22,
PIKNIK 1415 YUMURTA FIRCASI,EV,22,
HERO GOGLY PIRINC UNU ELMA,BEBEK,22,
KOSKA KECIBOYNUZU 800GR.PEKMEZ,SÜT KAHVALTILIK,22,
KAR PATOS ROLLS 76GR. ACILI,GIDA,22,
NESTLE NESFIT BUGDAY PIRINC 250 GR,SÜT KAHVALTILIK,22,
BINGO SIVI DET.4 LT.SIYAH,DETERJAN TEMİZLİK,22,
DOVE BODY SILK KREM 150 ML KVNZ,KOZMETİK,22,
BİEN CROISSANT DOUBLE 50GR,GIDA,22,
DIMES 1 LT MEYVE SUYU PORTAKAL,İÇECEK,22,
HALK M. SUYU 200ML YENI KAYISI,İÇECEK,22,
BEBELAC 4 DEVAM SUTU 250 GR,BEBEK,22,
SESU KARTUŞ AĞDA LAVENDER 100 ML,KOZMETİK,22,
HUGGIES ISLAK HAVLU 72 LI 3 AL 2 ODE BANYO,KAĞIT,22,
PIKNIK 1382 CAY SUZGECI,EV,22,
ULKER KELLOGG`S KARISIK MEYVE 250 GR,SÜT KAHVALTILIK,22,
"CAYKUR DIDI SOGUK CAY 2,5 LT LIMON",İÇECEK,22,
TAT HARDAL 345 GR PVC,GIDA,22,
DOGANAY SALGAM SUYU 2000ML,İÇECEK,22,
MOLFİX JUMBO PAKET MAXİ PLUS 9-20KG,BEBEK,22,
BILLUR OGUTME TUZU 135 GR.,GIDA,22,
DURU VUC.BAKIM SABUN 200 BAL,KOZMETİK,22,
PINAR AYRAN 1LT,İÇECEK,22,bufe
EKİN OSMANCIK PIRINC 1 KG.,GIDA,22,
REST DUZ BULASIK SUNGERI 3 LI,DETERJAN TEMİZLİK,22,
DR.OETKER IRMIK TATLISI 162 GR,GIDA,22,
DR.OETKER PUDING CIKOLATALI HINDISTAN CEVIZLI100GR,GIDA,22,sekerci
YUMOS EXTRA 1500 NILUFER&YASEMİN,DETERJAN TEMİZLİK,22,
BIZIM KETCAP 420 GR PWC ACILI,GIDA,22,
BEBELAC KAV.125GR SEFTALI ELMA,BEBEK,22,
KOSKA RECEL VISNE 760 GR,SÜT KAHVALTILIK,22,
DR.OETKER PASTA SUSU KAKAOLU-COCOA 80 GR,GIDA,22,
OSKAR ÇİKOLATA KAPLI PİŞMANİYE 115 GR,SÜT KAHVALTILIK,22,sekerci
COTANAK IDEAL FINDIK YAGI 2LT PET,GIDA,22,
JACOBS CRONAT GOLD 100 GR EKO PKT,İÇECEK,22,
P.BAHCE 42381 6LI INCEBELLI CAY.BARDAK,EV,22,
PAPIA WC KAGIDI 3KATLI 20+4 BEDAVA,KAĞIT,22,
F BAKTAT BIBER- DOMATES SOSU TUZLU 1700 GR,GIDA,22,
MILKA CIKOLATA CILEK YOGURT 75GR,GIDA,22,sekerci
VIVIDENT MEYVA SULU SAKIZ 23GR,GIDA,22,sekerci
VIVIDENT XYLIT STORMING NANE 33 GR,GIDA,22,
OSKAR FISTIKLI SARAY HELVASI 450 GR,SÜT KAHVALTILIK,22,sekerci
DURU LIMON KOLONYA 400ML PET S,KOZMETİK,22,
LIPTON EARL GREY TEA 25LI POSET,İÇECEK,22,
SPRITE 200 ML SISE,İÇECEK,22,
HEAD SHOULDERS 600ML LIMON FERAHLIGI,KOZMETİK,22,
ORKID DEOFRESH UZUN PKT TEKLI,KAĞIT,22,
S.BRITE 4'LÜ YEŞİL SÜNGER,DETERJAN TEMİZLİK,22,
IPANA 3 BOYUTLU BEYAZLIK LUXE 75 ML,KOZMETİK,22,
M.BIRLIK EX-EX ZEYTIN 500 GR,SÜT KAHVALTILIK,22,
HALK MEYVE SUYU NARITA VISNE 1LT,İÇECEK,22,
H.SAKIR GUZL.SAB 4LÜ SUTLU SALATALIK,KOZMETİK,22,
SELALE GUL SUYU 400CC,KOZMETİK,22,
TURSIL ELDE YIKAMA 600GR X-TRA LEYLAK,DETERJAN TEMİZLİK,22,
SEK TEREYAGI 250GR KASE,SÜT KAHVALTILIK,22,
COLGATE D.F.TWISTER EKONOMIK AILE PAKETI,KOZMETİK,22,
ULKER SUPER FRESH TON BALIĞI 3X80 GR,GIDA,22,balikci
CANBEBE TEM HAVLUSU SENSETIVE 64 AD,KAĞIT,22,
PRIL LOSYON 750ML KONSANTRE,DETERJAN TEMİZLİK,22,
MILKA 100GR SÜTLÜ CIKOLATA,GIDA,22,sekerci
TAT BAMYA KONSERVESI 720 GR.,GIDA,22,
PINAR 2 LI KLASIK SUCUK AVANTAJ PKT,ET TAVUK,22,kasap
ULKER KELLOGG`S EXTRA GRANOLA K. MEYVELI 290 GR,SÜT KAHVALTILIK,22,
PANTENE Y 400ML YOGUN VE HACIMLI ŞAMPUAN,KOZMETİK,21,
PENGUEN BIBER SALCA ACI 360GR,GIDA,21,
BIZDEN OSMANCIK PIRINC 1KG,GIDA,21,
LOFÇALI YAG COZUCU 750ML,DETERJAN TEMİZLİK,21,
SATEN AGDA BEZİ VE SPATULA,KOZMETİK,21,
SITIL PREMIUM PARLATICI KUTU SÜNGER SİYAH,DETERJAN TEMİZLİK,21,
"SELIN HIJYEN MAX 650ML.2,URUN %50 IND.",KOZMETİK,21,
IPANA 3 BOYUTLU BEYAZLIK 50 ML NANE FERAHLIGI,KOZMETİK,21,
BINGO OV 500 GR. LIMONLU,DETERJAN TEMİZLİK,21,
BINGOSIL FRESH 3LT. LOVELY,DETERJAN TEMİZLİK,21,
H.SAKIR SIVI SAB.750ML BADEM,KOZMETİK,21,
PRIMA AKTIF BEBEK JUMBO MIDI PLUS 5-10KG NO:3+,BEBEK,21,
SEK LAKTOZSUZ SUT 500 ML.,SÜT KAHVALTILIK,21,
BURC DOGAL KAYNAK SU 10L,İÇECEK,21,
UNO CITIR CUBUK SADE 250GR,GIDA,21,
EKİN KIRMIZI MERCIMEK 1KG,GIDA,21,
KNORR TUTMAC Y.MERCIMEK VE ERISTELI CORBA,GIDA,21,
DOGUS ZENCEFILLI LIMONLU YESIL CAY 20'LI,İÇECEK,21,
ETI CRAX BAHARATLI CUBUK KRAKER 172 GR,GIDA,21,bufe
DURU VUC.BAKIM SABUN 200 SUT,KOZMETİK,21,
DOMESTOS HIJ. L CIKARICI 1 LT TUM CAMAŞIR,DETERJAN TEMİZLİK,21,
PALMOLIVE DUS JELI FIRMING 500 +250 ML %25 IND.,KOZMETİK,21,
PINAR SUT 500 GR.COCUK BALLI,SÜT KAHVALTILIK,21,
F SAFF KIREÇ ÇÖZÜCÜ 900ML,DETERJAN TEMİZLİK,21,
SELPAK HAVLU 4 AL 3 ODE.,KAĞIT,21,
DOGUS YESIL 20LI POSET CAY,İÇECEK,21,
DIMES 1 LT %100 MEYVE SUYU UZUM-KAYISI,İÇECEK,21,
FIDANLAR KOFTE BAHARATI 100 GR,GIDA,21,
KNORR PEYNIRLI MAKARNA SOSU 50 GR,GIDA,21,
PRIL BULS.MKN TUZ YENI 1.5KG,DETERJAN TEMİZLİK,21,
MOLFİX JUMBO PAKET 42 LI BEBEKLERE,BEBEK,21,
DIXI SIVI TEMIZLEYICI 3 KG YABAN GULU,DETERJAN TEMİZLİK,21,
VIVIDENT XYLIT STORMING PORTAKAL 33 GR,GIDA,21,
NESTLE GOLD FLAKES MISIR GEVR.250 GR,SÜT KAHVALTILIK,21,
PEYMAN CEVIZ ICI 110 GR,GIDA,21,kuruyemisci
MOLPED KANATLI NORMAL 10LU,KAĞIT,21,
ARI 12 VIT.6 MIN.SUTLU BALLI IRMIK 250 GR,BEBEK,21,
ULKER YUPO JELLY CILEK 80 GR,GIDA,21,
BINGOSIL FRESH 3LT.PEMBE DUSLER,DETERJAN TEMİZLİK,21,
BIZDEN PUDRA SEKERI 250 GR,GIDA,21,
SELPAK MENDIL 10 LU ANTIBAKTERIYEL,KAĞIT,21,
PERSIL JEL 1095GR KALICI PARLAK RENKLER,DETERJAN TEMİZLİK,21,
PINAR DILIMLI TOST PEYNIRI 700GR,SÜT KAHVALTILIK,21,
FIRST SENSATİONS YESIL-NANE 27 GR,GIDA,21,
OLCA BIBER SALCASI 900 GR ACI,GIDA,21,
PIKNIK 1402 STREC ORTU 10METRE,EV,21,
ALATURCA KAKAOLU KEK KURABIYESI 124GR,GIDA,21,
KOMILI 800GR BEYAZ SABUN,KOZMETİK,21,
BIZIM MUTFAK PUDRASEKERI 250G,GIDA,21,
ETI FORM SEKERSIZ-KEPEKLI CUBUK 50 GR,GIDA,21,
IPANA D.F.SAG.GUL.ORTA,KOZMETİK,21,
CALVE 700 GR KETCAP ACILI +600 GR MAYONEZ,GIDA,21,
BANVIT DANA DILIM DONER 270 GR,ET TAVUK,21,kasap
TAT LAHANA TURSUSU 720 CC,GIDA,21,
FAIRY SIVI BULASIK PLATINUM 960ML LIMON,DETERJAN TEMİZLİK,21,
PAPIA HAVLU 8 LI 2RULO BEDAVA,KAĞIT,21,
PIKNIK 1486 PLASTIK KASIK,EV,21,
DR.OETKER CREME OLE CIKOLATALI 125GR,GIDA,21,sekerci
ICIM PUDING CILEKLI 125GR,GIDA,21,
SARAY CIKONELLA KASE 750  GR,GIDA,21,
BEBELAC JUNIOR 500 GR DEVAM SUTU TETRA,BEBEK,21,
PEYMAN GÜN KURUSU 150GR,GIDA,21,
PINAR HARDAL 270 GR TUP,GIDA,21,
BINGOSIL FRESH 3LT. BEBEĞİMİN DÜNYASI,DETERJAN TEMİZLİK,21,
BANAT TEMIZLIK BEZI 3 AL 2 ODE,DETERJAN TEMİZLİK,21,
CAYKUR ANADOLU FILIZ CAYI 400 GR.,İÇECEK,21,
SANA PAKET 6'LI KOMBO,SÜT KAHVALTILIK,21,
TAT EV TIPI ANTEP TADI BIBER SALÇASI 580 GR CAM,GIDA,21,
PIKNIK 1456 METAL CAY SUZGECI,EV,21,
TARIS Z.YAGI SIZMA 1LT CAM,GIDA,21,
K.KUKRER UZUM SIRKESI 500ML CAM,GIDA,21,
TARIS Z.YAGI RIVIERA 500ML CAM,GIDA,21,
BAGDAT CIG KOFTE BAHARATI 70GR,GIDA,21,
SENER TAHIN 780 GR,SÜT KAHVALTILIK,21,
ARKO KREM NATUREL 150 ML.,KOZMETİK,21,
ORKID ULTRA PLATINUM COMFORT 34AD NORMAL,KAĞIT,21,
ULKER KRIM KRAKER 165G-150,GIDA,21,bufe
CIF KREM DOGAL SERI 750 ML,DETERJAN TEMİZLİK,21,
LIPTON ICE TEA 1.5 LT LIMON,İÇECEK,21,bufe
KENT TOFITA 80GR KARISIK MEYVE,GIDA,21,
PROTEX SIVI SABUN 750 ML*2İ%25 İND.,KOZMETİK,21,
DORITOS ALATURCA DOMATES CESNILI 78GR,GIDA,21,
DEEP FRESH LIMON KOLONYASI PVC 200 ML,KOZMETİK,21,
PIKNIK 1404 KAB BONESI 4LU,EV,21,
PHILIPS 15 W TORNADO,EV,21,
UC BURUN BIBER,MEYVE SEBZE,21,manav
ULKER DANKEK CIKOLATALIM 3 LU,GIDA,21,sekerci
OSKAR PİŞMANİYE 125 GR,SÜT KAHVALTILIK,21,
MARET ALTIN SUCUK VAKUMLU 250 GR,ET TAVUK,21,kasap
DR.OETKER TAVUKGOGSU KAZANDIBI 137 GR,GIDA,21,
TURSIL MATIK 6+1 KG LEYLAK,DETERJAN TEMİZLİK,21,
BEBELAC JUNIOR 200 ML DEVAM SUTU,BEBEK,21,
NESTLE NESQUIK KAKAOLU TOZ 450,GIDA,20,
ARKO NEM GUNLUK KREM INCI 100ML.,KOZMETİK,20,
SEK MEYVE SU 1 LT MANGO AROMALI,İÇECEK,20,
KOSKA RECEL KUSBURNU 380 GR,SÜT KAHVALTILIK,20,
BINGOSOFT 6 LT BAHAR UYANISI YUMUSATICI,DETERJAN TEMİZLİK,20,
BINGOSOFT 2 LT BAHAR UY.YUMUSATICI,DETERJAN TEMİZLİK,20,
SARAY TAT PARE MEYVELI KEK 4'LU,GIDA,20,
LOFÇALI SIVI ARAP SABUNU 750 ML,DETERJAN TEMİZLİK,20,
KOMILI BANYO Z.YAGLI SABUN 800GR,KOZMETİK,20,
ULKER YILDIZ SAKIZ SEKERSIZ STICK,GIDA,20,sekerci
YUMOS EXTRA 1500 ML DOGANIN ÖZÜ,DETERJAN TEMİZLİK,20,
SITIL AYAKKABI BOYA KREM 200GR SIYAH,DETERJAN TEMİZLİK,20,
ETI HOSBES CILEKLI GOFRET 100 GR,GIDA,20,sekerci
BIZDEN MISIR NISASTASI 200 GR,GIDA,20,
P.BAHCE 52752 DORO 6 LI CIZGILI BARDAK,EV,20,
ORKID GUNLUK PED NORMAL EKO,KAĞIT,20,
PINAR BOREK KIYMALI-PATATESLI,GIDA,20,
AKAT GARDI SAC SPREYI 180GR GRI NORM.,KOZMETİK,20,
TAT BIBER SALCASI 810GR TENEKE ACI,GIDA,20,
BINGO TUL 500 GR.BEYAZLATICI VE PARLATICI,DETERJAN TEMİZLİK,20,
TILLO 1500 PLASTIK MANDAL 24AD,EV,20,
SOLEN BISCOLATA EGZOTIK 100 GR,GIDA,20,
FINDIK ICI TUZLU,GIDA,20,kuruyemisci
HALK MEYVE SUYU NARITA SEFTALI 1LT,İÇECEK,20,
SUPER TON 3*80 GR,GIDA,20,
ULKER CAMLICA 330 ML,İÇECEK,20,
ELIDOR 700ML SAMP. YUMUSAK VE IPEKSI,KOZMETİK,20,
PINAR TON BALIK 3*80GR EKO PAKET,GIDA,20,balikci
SITIL SPECIAL 60 GR K.KAHVE,DETERJAN TEMİZLİK,20,
ORKID MAXI KANATLI GECE 8 LI,KAĞIT,20,
COLGATE TOTAL 125 ML P.TEMIZLIK 1 ALANA 1BEDAVA,KOZMETİK,20,
SERA FIRIN TORBASI,EV,20,
DOVE SAMPUAN 700ML 2SI 1 ARADA KEPEGE KARSI,KOZMETİK,20,
PINAR HARDAL 175GR CAM,GIDA,20,
FAX 5 LI GUZELLIK SABUN LAVANTA 350 GR,KOZMETİK,20,
PINAR PILIC SINITZEL 415 GR,GIDA,20,
PIKNIK 1409 YANMAZ PISIRME KAG,EV,20,
KNORR CABUK CORBA YAYLA 22 GR.,GIDA,20,
BIZIM PILAVLIK BULGUR 1 KG,GIDA,20,
BINGOSIL FRESH 3LT.ATES CICEKLERI,DETERJAN TEMİZLİK,20,
DALIN BEBE SAMPUANI 200 ML.KR.S,BEBEK,20,
PINAR KAHVALTI KEYFI BEYAZ PEYNİR 400 GR.,SÜT KAHVALTILIK,20,
CANBEBE IKIZ EXTRA LARGE 28ADET,BEBEK,20,
DURU 600ML SAMPUAN KURU YIPR. SACLAR,KOZMETİK,20,
ORKID DEOFRESH NORMAL TEKLI PKT,KAĞIT,20,
DOGUS BITKI CAYI PAPATYA 20 LI POSET,İÇECEK,20,
TAT TEDİ 200 ML. HAVUC+ELMA+SEFTALI,İÇECEK,20,
P.BAHCE 151078 YAGDANLIK,EV,20,
SUPER FRESH TAZE FASULYE 450GR,GIDA,20,
SUPER FRESH PATATES ELMA DILIMLI 1 KG,GIDA,20,
"BINGOSOFT KONSANTRE 1,5 LT LOVELY",DETERJAN TEMİZLİK,20,
ICIM DOLCIA 110ML X4FINDIK BAHCESI,SÜT KAHVALTILIK,20,
CALGONIT FIN .PARLATICI 400ML LIMON,DETERJAN TEMİZLİK,20,
AKDEM KUSBURNU CAYI 20LI,İÇECEK,20,
KENT SLİM GRİ,SİGARA,20,
ORKID ULTRA PLATINUM COMFORT 26AD UZUN,KAĞIT,20,
ARKO TRAS KREMI 100 ML.COOL,KOZMETİK,20,
CANPED ANA.HASTA BEZ 8 AD. BUYUK EMICI KULOT,KAĞIT,20,
VERNEL 2LT GULUN BUYUSU YUMUSATICI,DETERJAN TEMİZLİK,20,
SUTAS 250 GR ORGU PEYNIRI,SÜT KAHVALTILIK,20,
DOMESTOS ULTRA 4LT OKALIPTUS FERAHLIĞI,DETERJAN TEMİZLİK,20,
AKDEM KIS CAYI 40 SUZEN POSET,İÇECEK,20,
KOTEX ULTRA EKO GECE 14 LU,KAĞIT,20,
BALPARMAK 460 GSUZME CAM BALI,SÜT KAHVALTILIK,20,
APTAMIL TAHIL KARISIMI 250 GR,BEBEK,20,
FUSE TEA 1 LT LIMON,İÇECEK,20,
ARTCRAF MINA GRA KULPLU CAY BARDAGI 6'LI,EV,20,
HALK PUDING FINDIKLI 150GR,GIDA,20,
FAIRY H 1 ARADA 100 LU KAPSUL,DETERJAN TEMİZLİK,20,
CANBEBE AVANTAJ PK.EXTRA LARGE 36,BEBEK,20,
SIGNAL BEYAZ GUC 125ML,KOZMETİK,20,
DR.OETKER VANILYALI 3'LU,GIDA,20,
FAIRY H 1 ARADA BUL.MAKINESI 56'LI LIMON,DETERJAN TEMİZLİK,20,
FILIZ KEPEKLI KALEM 350GR,GIDA,20,
ELIDOR 350ML SAMP. GUCLU VE PARLAK 2 IN 1,KOZMETİK,20,
SILEN HAVLU KAGIT6 LI,KAĞIT,20,
ULKER KRIM KRAKER 450GR.-151-,GIDA,20,bufe
ULKER KREMINI MEYVE PASTASI,GIDA,20,
HEAD SHOULDERS 600MLBADEM YAGLI,KOZMETİK,20,
ALPELLA 3 GEN CIKOLATALI GOFRET36 GR,GIDA,20,sekerci
IPEK SAMP.700 ML 2IN1 NORMAL SAC.ICIN,KOZMETİK,20,
SIGNAL WHITE NOW D.M GOLD 75 ML,KOZMETİK,20,
"PERSIL JEL EXPERT 2,55 LT GULUN BUYUSU",DETERJAN TEMİZLİK,20,
KABUKLU BADEM,GIDA,19,kuruyemisci
BIZDEN ASURELIK BUGDAY 1KG,GIDA,19,
DURU 600ML SAC KREMI TUM SACLAR,KOZMETİK,19,
HALK CORBA SEBZE,GIDA,19,
YAREN RENGA MOR TUZLUK,EV,19,
BINGOSOFT 6 LT LAVANTA RUZGARI YUMUSATICI,DETERJAN TEMİZLİK,19,
BINGOSIL FRESH 1LT PEMBE DUSLER,DETERJAN TEMİZLİK,19,
ULKER ONEO SAKIZ CILEK,GIDA,19,sekerci
DOGUS KUSBURNU 20 LI,İÇECEK,19,
YUMOS 6 LT BAHAR T.YUMUSATICI,DETERJAN TEMİZLİK,19,
UMIT GALETA HASHASLI 200 GR,GIDA,19,
TAT KOZLENMIS PATLICAN 520GR,GIDA,19,
HALK ET BULYON 24 TABLET,GIDA,19,
F BAKTAT ELMA SIRKESI 500 ML,GIDA,19,
SIGNAL BEYAZ GUC 125ML NANE FERAHLIGI,KOZMETİK,19,
TAT BAMYA KONS.1\1 TOMBUL,GIDA,19,
RENGA YAGDANLIK 151232,EV,19,
MLP DCARE LIGHT 60*10 FLOWER DEO,KAĞIT,19,
EKİN PILAVLIK BULGUR 1KG,GIDA,19,
LAY`S BAKED ACI KIRMIZI BIBER 115GR,GIDA,19,
PHILIPS 20 W=88 W 1200 LM ECO COOL DAYLIGHT,EV,19,
ARIEL MATIK 6 KG KONSANTRE PARLAK RENKLER,DETERJAN TEMİZLİK,19,
BIZDEN DERMASON FASULYE 1KG,GIDA,19,
ULKER KREMINI PETKINLI JELL,GIDA,19,
MILKA 80GR BITTER CILOLATA,GIDA,19,
KOSKA TAHIN KAVANOZ 620 GR.,SÜT KAHVALTILIK,19,
MARET FISTIKLI MACAR SALAM,ET TAVUK,19,kasap
SENSODYNE ONARIM KORUMA BEYAZ 75 ML.,KOZMETİK,19,
NESTLE SADE NESFIT BUGDAY PİRİNÇ 450 GR,SÜT KAHVALTILIK,19,
PAPIA DECOR HAVLU 4'LU BETTY BOOP,KAĞIT,19,
NESTLE NESFIT KIRMIZI MEYVELI 430GR,SÜT KAHVALTILIK,19,
ALATURCA COREKOTLU KITIR 60GR,GIDA,19,
BOND KISA BAX,SİGARA,19,
ARI 12 VIT.6 MIN.7 TAHILLI 250 GR,BEBEK,19,
BIZIM MUTFAK CITR PANE HARCI 100 GR,GIDA,19,
LOFÇALI ARAP SABUNU KASE 750 ML,DETERJAN TEMİZLİK,19,
TILLO 1275 CAMASIR IPI ORGULU 10 ME,EV,19,
YUMOS SPREY COMFORT SPRING 500ML,DETERJAN TEMİZLİK,19,
KOSKA RECEL INCIR 380 GR,SÜT KAHVALTILIK,19,
VERNEL 4LT HİBİSKUS GÜL YUMUSATICI,DETERJAN TEMİZLİK,19,
KOSLA VANISH HALI ELDE 900 ML,DETERJAN TEMİZLİK,19,
KOTEX LİGHDAYS 20 Lİ GÜNLÜK PED LAVANTA,KAĞIT,19,
SESU KARTUŞ AĞDA AZULENLİ 100 ML,KOZMETİK,19,
BIZDEN SIRA FASULYE 1KG,GIDA,19,
REST TEMIZLIK BEZI 10 AL 4 ODE,DETERJAN TEMİZLİK,19,
DOMESTOS ULTRA 2160LT OKALİPTÜS FERAHLIĞI,DETERJAN TEMİZLİK,19,
MARC BANYO SPREY1LT+MUTFAK SPREY 1LT,DETERJAN TEMİZLİK,19,
"BINGOSOFT KONSANTRE 1,5 LT STAR",DETERJAN TEMİZLİK,19,
"PRIMA KURU VE HESAPLI 11,25 KG 30 ADET",BEBEK,19,
SOLO WC KAGIDI 12'LI,KAĞIT,19,
COLGATE GELISMIS BEYAZLIK 50ML D.M.,KOZMETİK,19,
BEBELAC 2 500 GR,BEBEK,19,
S.BRITE 5 AL 3 ODE BULAŞIK SÜNGERİ,DETERJAN TEMİZLİK,19,
LIPTON PIRAMIT YESİL CAY 20LI,İÇECEK,19,
PARLIAMENT SLIM,SİGARA,19,
ORKID GUNLUK PED DEO FRESH EKO,KAĞIT,19,
SELPAK HAVLU 12LI,KAĞIT,19,
BESLER HUNKAR MACAR SALAM 200 GR,ET TAVUK,19,kasap
ONCU DOMATES SALCASI 5 KG,GIDA,19,
SUTAS TATLIMMM 4LU MUZLU PUDING,SÜT KAHVALTILIK,19,
MILUPA K. ORGANIK KAYSI MUZ 125 GR,BEBEK,19,
VILEDA SUPER MOCIO SET,DETERJAN TEMİZLİK,19,
BAGDAT ISOT BIBER 80GR,GIDA,19,
F NEFFIS EKS PLS KOVA RECEL 1 KG KAYISI,SÜT KAHVALTILIK,19,
SEK LABNE 200 GR,SÜT KAHVALTILIK,19,
ALATURCA COREKOTLU KITIR 150 GR,GIDA,19,
AKDEM FORM KAYISILI 20'LI,İÇECEK,19,
DOGUS BITKI CAYI ADAÇAYI 20 LI POSET,İÇECEK,19,
HALK CORBA KREMALI MANTAR 60GR,GIDA,19,
FUSE TEA 1 LT KARPUZ,İÇECEK,19,
DURU GURME 5 LI SABUN 375GR MANGO,KOZMETİK,19,
MOLPED D.C.LIGHT 100AD GÜN BAK. PEDİ NOR. DEO ULT,KAĞIT,19,
H.SAKIR SAMP.2IN1 H.CEVIZLI 600ML.,KOZMETİK,19,
COTANAK FINDIK YAGI 1 LT TNK,GIDA,19,
DIMES 1 LT %100 MEYVE SUYU ÜZÜM-VİŞNE,İÇECEK,19,
SELPAK KUTU MENDIL 40YAPRAK BEDAVA,KAĞIT,19,
TAMEK BEZELYE 720GRCAM,GIDA,19,
GULER KADAYIF SADE 400 GR,GIDA,19,
YUMOS SPREY CICEK BAHCESI 500ML,DETERJAN TEMİZLİK,19,
KNORR YORESEL CORBA BOSTAN,GIDA,19,
ORKID 4 LU ANNE KIZ PKT DEO FRESH 28 LI,KAĞIT,19,
ULKER PASTA CIKOLATASI 200GR,GIDA,19,sekerci
K.PLAST COP POSETI STD BATTAL BOY,EV,19,
DIMES 1 LT MEYVE SUYU NAR,İÇECEK,19,
KOSKA AMERIKAN FISTIK KROKAN 50 GR,SÜT KAHVALTILIK,19,kuruyemisci
PASTAVILLA MAKARNA JUNIOR UFO 500GR,GIDA,19,
ULKER COLA TURKA 200ML CAM,İÇECEK,19,bufe
MOLFİX İKİZ PAKET MAXİ 7-18KG,BEBEK,19,
ULKER KELLOGG`S 235 GR SPECIAL KIRMIZI MEYVELI,SÜT KAHVALTILIK,19,
HERO SEBZELI 125GR,BEBEK,19,
BINGOSOFT 4 LT SENSITIVE YUMUSATICI,DETERJAN TEMİZLİK,19,
CESMEBASI KAHVALTILIK LOR PEYNIRI KG,SÜT KAHVALTILIK,19,
KNORR PANE HARCI 100GR,GIDA,19,
CALGONIT BULS.MAK.DETERJANI 1KG,DETERJAN TEMİZLİK,19,
KNORR MAKARNA SOSU DOMATESLI BOLONEZ,GIDA,19,
YUMOS SPREY LAVANTA FERAHLIGI 500ML,DETERJAN TEMİZLİK,19,
DURU 600ML SAMPUAN SERAMİD KREMLI,KOZMETİK,19,
MOLFİX İKİZ PAKET JUNİOR 11-25KG,BEBEK,19,
MARC AHSAP TEMIZLIYICI 900 ML,DETERJAN TEMİZLİK,19,
SUTAS TATLIMMM 4*75 GR CIKOLATA MUZ,SÜT KAHVALTILIK,19,sekerci
ULKER HOBBY MINI TURTA 112 GR,GIDA,19,
BANAT 9 LU TEMIZLIK BEZİ,DETERJAN TEMİZLİK,19,
BEBELAC KAV.125GR PIRINCLI SEBZE PURESI,BEBEK,19,
SUPER FRESH PEYNIRLI RULO BOREK 500GR.,GIDA,19,
CANPED ANA.HASTA BEZ 8AD.BUYUK,KAĞIT,19,
PEYMAN BAHCEDEN FINDIK ICI 150GR,GIDA,19,kuruyemisci
TAT TEDİ 200 ML. HAVUC+KAYISI+ELMA,İÇECEK,19,
PINAR PIZATTA ITILIANO 600GR,GIDA,19,
ULKER KREMINI TOFFE VISNE,GIDA,19,sekerci
SONY ULTRA 4 LU AA HEAVY DUTY,EV,19,
MILKA LILA STARS 45GR FINDIKLI,GIDA,19,kuruyemisci
ULKER CAMLICA 250 ML CAM,İÇECEK,18,
ELSEVE 650 ML YIPRANMIS CANSIZ SACLAR,KOZMETİK,18,
CARTE DOR PUDING MUZLU 123 GR,GIDA,18,
BIGBABOL BOX KARPUZ SAKIZ 40GR,GIDA,18,sekerci
ARGEM JAPON KURDAN 600'LU,EV,18,
PEYMAN YER FISTIGI 70 GR,GIDA,18,
YUMOS 1 LT BAHAR TAZELIGI YUMUSATICI,DETERJAN TEMİZLİK,18,
YUMOS EXTRA 720 ML KONSANTRE LILYUM LOTUS CICEGI,DETERJAN TEMİZLİK,18,
CANBEBE AVANTAJ PK. JUNIOR 48 AD,BEBEK,18,
P.BAHCE 54201 CAY TABAGI 6 LI,EV,18,
KARMEZ TAM BUGDAY EKMEGI,GIDA,18,
BIZIM MUTFAK CORBA ISKEMBE,GIDA,18,
VIVIDENT YESIL NANE 23GR,GIDA,18,
ICIM DIL PEYNIRI 300GR,SÜT KAHVALTILIK,18,
HALK MEYVE SUYU NARITA KAYISI 1LT,İÇECEK,18,
DURU 1+1 4LU GUZELLIK SABUN DENIZ MINERALLER 400GR,KOZMETİK,18,
COLGATE D.F. KOMPLE AGIZ TEM.1+1 YUMUSAK,KOZMETİK,18,
PALMOLIVE NATURALS 3+1 GUL 400 GR,KOZMETİK,18,
P.BAHCE 42781 6LI INCEBELLI OPTIKLI CAY.BARDAK,EV,18,
H.SAKIR GUZL SAB 4LÜ YOĞURTLU BALLI,KOZMETİK,18,
FAMILIA SB DESENLI HAVLU 4 LU,KAĞIT,18,
S.BRITE TEMIZLIK PASPASI,DETERJAN TEMİZLİK,18,
ORKID DEO FRESH YAPRAK 20Lİ,KAĞIT,18,
MLP ULTRA KURULUK GARANTISI 36'LI,KAĞIT,18,
SEK TEREYAG 1KG.RULO,SÜT KAHVALTILIK,18,
VIVIDENT DELETE 50 ADET 13GR,GIDA,18,
KNORR SALATA SOSU F-K. 5 LI,GIDA,18,
YUMOS EXTRA FIESTA 1500ML.SIKLAMEN&MUGE CICEGI,DETERJAN TEMİZLİK,18,
YUMOS EXTRA 720 ML KONSANTRE YABANI ORKIDE&YASEMIN,DETERJAN TEMİZLİK,18,
VERNEL 6LT MAVI ESINTI YUMUSATICI,DETERJAN TEMİZLİK,18,
BIZIM OSMANCIK PİRİNÇ 2500 GR.,GIDA,18,
ELIDOR 350ML ŞAMP.ONARICI VE BAKIM,KOZMETİK,18,
H.SAKIR SIVI SAB.750ML LAVANTA,KOZMETİK,18,
PRIMA ACT BABY EKONOMI 9-20 KG,BEBEK,18,
KARAAGAC TAHIN 750GR,SÜT KAHVALTILIK,18,
UMIT SEKERPARE TATLI 12 AD.,GIDA,18,
CAYKUR YESIL SÜZEN CAY 25AD NANE AROMALI,İÇECEK,18,
"ACE 1,5 KG KONSENTRE BAHAR",DETERJAN TEMİZLİK,18,
ARGEM LUX IKILI GIRGIR,EV,18,
RINSO MATIK 5KG GUL PARFUMLU,DETERJAN TEMİZLİK,18,
PINAR %100 SAF ELMA SUYU 1LT,GIDA,18,
ULKER GOLF SIZIN ICIN KAKAO-VANILYA 1 LT,SÜT KAHVALTILIK,18,
PEYMAN ASORTI MIX 175 GR,GIDA,18,
DURU NATURAL GLISERIN BADEM 720 GR,KOZMETİK,18,
COLGATE D.M.COCUKLAR ICIN 50 ML,KOZMETİK,18,
K.PLAST COP TORBASI STD JUMBO BOY,EV,18,
AKAT GARDI SAC SPREYI 180GR YAGLI,KOZMETİK,18,
BIZIM MISIROZU YAG 2 LT.PET,GIDA,18,
DİSNEY ÇİLEK AROMALI SÜT 200ML,SÜT KAHVALTILIK,18,
K.KUKRER NAR EKSILI SOS 250 ML.,GIDA,18,
S.BRITE TEMIZLIK SETI YENI,DETERJAN TEMİZLİK,18,
PIKNIK 112 JAPON KURDAN BUYUK,EV,18,
CALGONIT POWERBALL 105 TABLET,DETERJAN TEMİZLİK,18,
BEBELAC 1 900 GR BEBEK SÜTÜ DOĞ.İTİBAREN,BEBEK,18,
COTANAK IDEAL FINDIK YAGI 5 LT TENEKE,GIDA,18,
CIF OKSI-JEL AKTIF OKSIJEN FLORAL 1LT,DETERJAN TEMİZLİK,18,
ROCCO SIKI ŞEKER MANDALİNA-KARPUZ 19.5GR,GIDA,18,
CAPPY KUTU 330 ML.PORTAKAL,İÇECEK,18,
PRIMA AKTIF BEBEK JUMBO 3-6 KG NO:2,BEBEK,18,
ULKER HOBBY MOZAIK CIKOLATA,GIDA,18,sekerci
SELPAK STYLE PECETE 3 KATLI 20 ADET,KAĞIT,18,
HALK FINGER 150*6LI MULTIPAK,GIDA,18,
HALK PIZZA COREKOTLU KRAKER 200GR4 LU,GIDA,18,bufe
P.BAHCE 52952 LINEA 6LI BARDAK,EV,18,
DR.OETKER GLAZUR SIYAH-BEYAZ 100 GR,GIDA,18,
H.SAKIR SIVI SAB.400ML BADEM,KOZMETİK,18,
CANBEBE BEBEK BAKIM ORTUSU 12 ADET,BEBEK,18,
TADIM KOKTEYL 200 GR,GIDA,18,
BIZIM MUTFAK CORBA KR.PATATES,GIDA,18,
PEYMAN KAYISI 200GR,GIDA,18,
PINAR LABNE PEYNIR LIGHT 200GR,SÜT KAHVALTILIK,18,
BIOBLAS SAÇ DÖK. KURU. YIP. VE BOYALI 400 ML,KOZMETİK,18,
CAYKUR YESIL CAY TNK NANELİ 150GR,İÇECEK,18,
ALTIN CEZVE CLASSIC COFFEE 100 GR PAKET,İÇECEK,18,
SUPER FRESH SOGAN KROKET 450 GR,GIDA,18,
MOLPED SUPER EKO 48'LI NORMAL,KAĞIT,18,
LD BLACK II,SİGARA,18,
KOSKA CEVIZLI SUCUK 80GR.,SÜT KAHVALTILIK,18,
"BINGOSOFT KONSANTRE 1,5 LT BAHAR UYANISI",DETERJAN TEMİZLİK,18,
NAR SARMA KUP SEKER 750GR,İÇECEK,18,
SUPER FRESH ISPANAKLI RULO BOREK 500GR.,GIDA,18,
PRIL BULASIK SIV 1500 ML. ELMA KOKULU,DETERJAN TEMİZLİK,18,
ARI 12 VIT.6 MIN.PIRINC UNU 125 GR SUTLU MUZLU,BEBEK,18,
REIS KIRMIZI IC MERCIMEK 2500 GR,GIDA,18,
REIS KEPEKLI PILAVLIK BULGUR 1KG,GIDA,18,
NESTLE NESFIT KIRMIZI MEYVELI 225 GR,SÜT KAHVALTILIK,18,
BIZIM MUTFAK CORBA MANTI,GIDA,18,
KOSKA RECEL AHUDUDU 380 GR,SÜT KAHVALTILIK,18,
PRIMA YENIDOGAN 50 AD 2-5KG-1,BEBEK,18,
BEBELAC 3 500GR,BEBEK,18,
DR.OETKER WOLKE CIKOLATALI KEK 430 GR.,GIDA,18,sekerci
MLP DCARE LIGHT40*10 FRESH DEO,KAĞIT,18,
DOGUS IHLAMUR 20LI POSET CAY,İÇECEK,18,
"BINGO 1,5 KG KONSANTRE SODA ETKILI",DETERJAN TEMİZLİK,18,
CALGON KIREC ONLEYICI 15 LI TAB.,DETERJAN TEMİZLİK,18,
DR.OETKER BEYAZ CIKOLATA SOS 80GR,GIDA,18,sekerci
SEK LEZZETIM KREM PEYNIR 200G,SÜT KAHVALTILIK,18,
KOTEX ULTRA PED UZUN 32 LI DORTLU,KAĞIT,18,
NUMIL APTAMIL JUNİOR 4 900 GR,BEBEK,18,
TENO WC KAGIDI 20+4 CIFT KATLI,KAĞIT,18,
ALTIN CEZVE TOZ ICECEK LIMON  300 GR,İÇECEK,18,
HALK PUDING MUZLU 150GR,GIDA,18,
REIS PILAVLIK BULGUR 2500 GR,GIDA,18,
HERO MEYVELI 8 TAHILLI SUTLU 250GR,BEBEK,18,
RAID KARINCA YEMI,DETERJAN TEMİZLİK,18,
FERRERO RAFFAELLO BUTUN ŞEKER 150 GR,GIDA,18,
KENT TOPITOP GRAFİTİ 5 ADET,GIDA,18,
AIR WICK AQUA MIST YAGMUR SONRASI,DETERJAN TEMİZLİK,18,
DOGUS BALLI ZENCEFILLI IHLAMUR 20'LI,İÇECEK,18,
GLADE NATURE'S ODA SPREYI FLORAL 400ML,DETERJAN TEMİZLİK,18,
"PRIMA KURU VE HESAPLI 7,18KG.40ADET",BEBEK,18,
YEDOY BAKLAVALIK YUFKA 800 GR.,GIDA,18,
KARMEZ GALETA KEPEKLI CITIR 220 GR,GIDA,18,
CANPED BELBENTLI 14AD.BUYUK BOY,KAĞIT,18,
SUPER FRESH PATATES KROKET 450 GR,GIDA,18,
ULUDAG MADENSU FRUTTI SEFTALI 6'LI,İÇECEK,18,
DOGUS REZENE CAYI 20 LI,İÇECEK,18,
NESCAFE FALCI SEKERLI 9GR,İÇECEK,18,
DURU 460 GR FLORAL GUZELLIK SABUNU,KOZMETİK,18,
"ICIM TAVA KAYMAKLI YOGURT 1,500 GR",SÜT KAHVALTILIK,18,
CEBEL SUZME CICEK BALI 500GR,SÜT KAHVALTILIK,18,
SESU KARTUŞ AĞDA NATUREL 100 ML,KOZMETİK,18,
S.BRITE EKO TEMIZLIK BEZI 3 LU,DETERJAN TEMİZLİK,18,
SARAY CITIR COREKOTLU KRAKER 4LU,GIDA,18,bufe
KOSKA LIGHT RECEL 240 GR CILEK,SÜT KAHVALTILIK,18,
LIPTON TB 30GR ADACAYI 20LI,İÇECEK,18,
KNORR CABUK CORBA TARHANA 19 GR,GIDA,18,
ULKER GRANINI NEKTARI KARISIK 1KG,İÇECEK,18,
VIVIDENT 360 NANE 14 ADET,GIDA,18,
KNORR CABUK CORBA MINESTRONE,GIDA,18,
F NEFFIS BUGDAY UNU 10 KG,GIDA,18,
VILEDA ELDIVEN KULLAN AT MULTI,DETERJAN TEMİZLİK,17,
PERMATIK BANYO 10LU,KOZMETİK,17,
ROCCO ORGINALS LOLIPOP,GIDA,17,
FIDANLAR MAHLEP 100 GR,GIDA,17,
HALK M. SUYU 200ML YENI VISNE NARITA,İÇECEK,17,
BECEL PRATIK YAG 455 GR,SÜT KAHVALTILIK,17,
ALTIN CEZVE TOZ ICECEK MUZ 300 GR,İÇECEK,17,
P.BAHCE 42331 CAY BARDAGI 6 LI,EV,17,
PENGUEN FASULYE 670GR CAM,GIDA,17,
MENTOS CILEK STICK 38GR,GIDA,17,
GILLETTE MACH3 TURBO BICAK 4LU,KOZMETİK,17,
BINGO KIREC ONLEYICI 5IN 1 IKINCISI %50 BEDAVA,DETERJAN TEMİZLİK,17,
SUPER FRESH GARNITUR 330 GR,GIDA,17,
COLGATE D.F OPTIK BEYAZ 1+1 YUMUSAK,KOZMETİK,17,
ICIM SALEP 10LU POSET,İÇECEK,17,
PIKNIK 207 COP SIS 100'LÜ 20 CM,EV,17,
BAGDAT PANE HARCI 90GR,GIDA,17,
F SAFF KURDAN 200'LU,EV,17,
DOGANAY UZUM SIRKESI 1LT,GIDA,17,
BIZDEN CIGKÖFTELIK BULGUR 1KG,GIDA,17,
REIS KOY TIPI PILAVLIK BULGUR 1KG,GIDA,17,
ULUDAG NARATA 330 ML,İÇECEK,17,
ULKER BISKREM MINI 90 GR,GIDA,17,
TAT PRATIK DOMATES RENDESI 370 GR,GIDA,17,
CANBEBE YENIDOGAN 1,BEBEK,17,
MOLFIX YENIDOGAN 1 SENSITIVE 44 AD 2-5KG,BEBEK,17,
K.KUKRER NAR EKSISI 250 GR,GIDA,17,
CANBEBE IKIZ 11-25KG JUNIOR 36 ULTRA KORUMA,BEBEK,17,
PRIMA MEGA PK 5+ JUNİROR 13-20 KG,BEBEK,17,
HOBBY GLISERINLI SIVI SABUN 4000 ML MOR ROMANTIK,KOZMETİK,17,
F NEFFIS UZUM PEKMEZI 700 GR,SÜT KAHVALTILIK,17,
ELHIM T2-20W 2700,EV,17,
LIPTON TB 50GR KUSBURNU 20LI,İÇECEK,17,
ARI 12 VIT.6 MIN.SUTLU-MUZLU G 250 GR,BEBEK,17,
FAX SIVI SABUN INCI 500ML,KOZMETİK,17,
ARGEM PIPETLI BARDAK,EV,17,
DOGUS FORM TEA 20 POSET CILEKLI,İÇECEK,17,
BINGOSIL FRESH 1LT ATES CICEKLERI,DETERJAN TEMİZLİK,17,
MARET FISTIKLI SALAM 250G,ET TAVUK,17,kasap
SENER HARNUP PEKMEZI 400 GR,SÜT KAHVALTILIK,17,
SUTAS MIHALIC PEYNIR 350 GR,SÜT KAHVALTILIK,17,
S.BRITE 2 LI ELMALI BULASIK SUNGERI,DETERJAN TEMİZLİK,17,
AKDEM IHLAMUR KARISIK KIS CAYI 100GR,İÇECEK,17,
SELPAK ULTRA COMFORT 24ADET,KAĞIT,17,
PEYMAN FINDIK ICI 140GR,GIDA,17,kuruyemisci
ROZI GENC NORMAL 10 ADET ULTRA,KAĞIT,17,
ELIDOR 700ML SAMP. GUCLU VE PARLAK,KOZMETİK,17,
KNORR CIG KOFTE HARCI 150 GR,GIDA,17,
VERNEL 6LT GUL YUMUSATICI,DETERJAN TEMİZLİK,17,
M.BIRLIK AZ TUZLU 480GR HUSUSI,SÜT KAHVALTILIK,17,
HALK KRAKER PEYNIRLI 4'LU,GIDA,17,bufe
SENER HARNUP PEKMEZI 800 GR,SÜT KAHVALTILIK,17,
SELIN KOLONYA 1LT BIDON,KOZMETİK,17,
KOSKA PEKMEZ 1400 GR.,SÜT KAHVALTILIK,17,
DIMES 1 LT %100 MEYVE SUYU NAR,İÇECEK,17,
BINGOSIL FRESH 3LT. LAVANTA CICEKLERI,DETERJAN TEMİZLİK,17,
PINAR CESNI KETCAP 750 GR ACILI,GIDA,17,
ULKER DANKEK POTI MEYVELI,GIDA,17,
PIKNIK 1492 PLS.TABAK 10LU,EV,17,
PRIL BULS.MAK.PARLATICI 450ML,DETERJAN TEMİZLİK,17,
LIPTON DOGU K.DENIZ 100 LU BARDAK POSET CAY 200GR,İÇECEK,17,
GOLD BALKREM 340GR,SÜT KAHVALTILIK,17,
NIVEA SOFT 300ML KVNZ,KOZMETİK,17,
YEDIGUN 1 LT. PORTAKAL PET SISE,İÇECEK,17,
ULKER ONEO SLIM GREYFURT,GIDA,17,
ELIDOR 350ML SAMP. KOPARAK DOKULMEYE KARSI,KOZMETİK,17,
MOLFIX BABY WIPES 3*70 LOSYON VE PAPATYA3 AL 2 ODE,KAĞIT,17,
P.BAHCE 42011 OPT. CYBRDK12 LI,EV,17,
F BAKTAT LIMON AROMALI SOS 1KG,GIDA,17,
DALIN CEP MENDIL TINKERBELL,KAĞIT,17,
BINGOSOFT 2 LT KIS SURPRIZI,DETERJAN TEMİZLİK,17,
BEBELAC 4 900 GR DEVAM SUTU,BEBEK,17,
KOTEX SECRET ULTRA PED UZUN 32 LI DORTLU,KAĞIT,17,
ANADOLU KISA BAX SIGARA,SİGARA,17,
LAY`S BAHARAT PARTİ 171 GR.,GIDA,17,
PIKNIK 1487 PIKNIK BICAK 10 LU,EV,17,
DOGANAY LIMON SOSU 500ML.,GIDA,17,
HALK M. SUYU 200ML KARISIK,İÇECEK,17,
SELIN ISLAK MENDIL JUNİOR,KAĞIT,17,
SAFRANBOLU GÜLLÜ LOKUM 450 GR,SÜT KAHVALTILIK,17,sekerci
OSKAR ÇİKOLATA KAPLI PİŞMANİYE 225 GR,SÜT KAHVALTILIK,17,sekerci
BAYCE 500GR SIYAH CAY,İÇECEK,17,
NESCAFE CLASSIC 100 GR.,İÇECEK,17,
YORSAN HELLIM PEYNIRI 250GR,SÜT KAHVALTILIK,17,
FAKIR AHŞAP PARKE 1 LT,DETERJAN TEMİZLİK,17,
ULKER ONEO SAKIZ YESIL NANE,GIDA,17,sekerci
PARODONAX BITKISEL FLORUR 50ML,KOZMETİK,17,
SITIL EKO SPECIAL 60 GR A.KAHVE,DETERJAN TEMİZLİK,17,
KOSKA SUSAM KROKAN 50 GR,SÜT KAHVALTILIK,17,
TURSIL MATIK 5KG BODRUM BEGONVİLİ,DETERJAN TEMİZLİK,17,
F NEFFIS EKS PLS KOVA RECEL 1 KG VİŞNE,SÜT KAHVALTILIK,17,
MOLFİX İKİZ PAKET 16+KG,BEBEK,17,
DOGUS KARADENİZ DEMLIK POSET CAY 160 AD,İÇECEK,17,
PIKNIK 197 6LI ÇAY KASIGI,EV,17,
YEDIGUN 330 ML.PORTAKAL TNK,İÇECEK,17,
PALMOLIVE SIVI SABUN 300 ML ANTI-STRES,KOZMETİK,17,
TIRNAK MAKASI CFA -KUTULU,KOZMETİK,17,
KNORR TAVUK SUYU 2 ADET,GIDA,17,
TAT PATLICAN SALATASI 520GR,GIDA,17,
ELSEVE 650 ML SAMPUAN NEMLENDIRICI,KOZMETİK,17,
TAT BIBER SALCASI CAM ACI 550GR,GIDA,17,
BEBELAC IRMIKLI BALLI 125 GR KAHVALTI,BEBEK,17,
COLGATE DIS MACUNU SMILE 50 ML + D.F COCUK,KOZMETİK,17,
K.PLAST COP POSET ORTA BOY BÜZGÜLÜ LIMONLU,EV,17,
ALGIDA DONDURMA 1000 ML VANILYA,SÜT KAHVALTILIK,17,
S.BRITE OVMA TELI 2LI,DETERJAN TEMİZLİK,17,
NESTLE NESQUIK PLUS 180 GR CILEKLI,GIDA,17,
PAKMAYA KREM SANTI SADE 2*75 GR,GIDA,17,
HEAD SHOULDERS 600MLERKEKLERE OZEL,KOZMETİK,17,
ELSEVE ARGININE 650ML DOKULME KARSITI 2'SI 1 ARADA,KOZMETİK,17,
MILKA MILKINIS TABLET,GIDA,17,
PINAR TAZE KASAR PEYNIRI 400 GR,SÜT KAHVALTILIK,17,
P.BAHCE BARDAK,EV,17,
SIGNAL BEYAZ GUC 125ML YESIL ELMA FERAHLIGI,KOZMETİK,16,
YUMOS 2 LT YUMUŞATICI BAHAR TAZELİĞİ,DETERJAN TEMİZLİK,16,
CARTE DOR PUDING VANILYALI 122 GR,GIDA,16,
KOMILI SIZMA ZEYTINYAG 2 LT FIRSAT PAKETI,GIDA,16,
BAGDAT NANE 97GR,GIDA,16,
FIRST SENSATİONS AHUDUDU-KARPUZ 27 GR,GIDA,16,
BECEL FORMUM KASE 250 GR,SÜT KAHVALTILIK,16,
REIS CIN MISIR 1 KG,GIDA,16,
BALPARMAK 225GR SUZME CICEK BALI,SÜT KAHVALTILIK,16,
"RINSO MATİK 1,5 KG ŞELALENİN ALTINDA",DETERJAN TEMİZLİK,16,
DURU LIMON KOLONYA 1LT,KOZMETİK,16,
ASYA ET DILIM KAVURMA KG,ET TAVUK,16,kasap
ULKER HOBBY NESELI SAND.BISK.25GR,GIDA,16,
GURALLAR ART CRAFT 6'LI CAY BARDAGI,EV,16,
PARLIAMENT AQUA MENTOLU,SİGARA,16,
DIXI SIVI TEMIZLEYICI 3 KG LEYLAK,DETERJAN TEMİZLİK,16,
F NEFFIS EKS PLS KOVA CILEK RECELI 1 KG,SÜT KAHVALTILIK,16,
FINISH QUANTUM JEL 1 LT,DETERJAN TEMİZLİK,16,
"PRIL 3 LU GUC 1,5 ML NAR",DETERJAN TEMİZLİK,16,
TAMEK KONSR BARBUNYA PILAKI 425GR,GIDA,16,
BIZIM MISIROZU YAG 1 LT.PET,GIDA,16,
BINGO SIVI DET.4 LT.ERGUVAN ES.,DETERJAN TEMİZLİK,16,
PROTEX SIVI SABUN 300ML MAX.,KOZMETİK,16,
HALK MEYVE SUYU NARITA KARISIK 1LT,İÇECEK,16,
YAREN ARTCRAFT ALTIN YALDIZ DES. CAY BARDAGI,EV,16,
ART CRAFT AIZONA 18 PARCA BARDAK SETI,EV,16,
HOBBY GLISERINLI SIVI SABUN 4000ML PEMBE BAHAR CIC,KOZMETİK,16,
AKDEM IHLAMUR 50GR YAPRAKLI,İÇECEK,16,
HALK BEBE BISKUVISI 900 GR,BEBEK,16,
PINAR BEYAZ PEYNIR 8*20GR.,SÜT KAHVALTILIK,16,
ICIM LIGHT YOGURT 650 GR,SÜT KAHVALTILIK,16,
BINGOSIL CAM 500+500 YEDEK,DETERJAN TEMİZLİK,16,
T.OĞLU KECI PEYNIRI 250GR,SÜT KAHVALTILIK,16,
GILLETTE BLUE II 5 LI PAKET,KOZMETİK,16,
BINGOSOFT 1LT MAVI MUTLULUK,DETERJAN TEMİZLİK,16,
ULKER COCO POPS COKOTOP10*2,SÜT KAHVALTILIK,16,
NESCAFE FALCI SADE 9GR,İÇECEK,16,
OYALI IZMIR TENEKE TULUMU,SÜT KAHVALTILIK,16,
SAFRANBOLU FINDIKLI LOKUM 450 GR,SÜT KAHVALTILIK,16,kuruyemisci;sekerci
F BAKTAT ASMA YAPRAGI 500 GR,GIDA,16,
ETI WANTED 4 LÜ 25GR,GIDA,16,
EMEK TURKUAZ BEYAZ SABUN 800GR.LIMON,KOZMETİK,16,
HALK KREMALI BISKUVI KAKAOLU 140 GR,GIDA,16,
ULKER GRANINI 330 ML KARISIK,İÇECEK,16,
HALK MONDEO KAR.NUGALI BAR,GIDA,16,
SEK SUT 1 LT. DIYET,SÜT KAHVALTILIK,16,
BERRAK KOZLENMIS BIBER 720ML CAM,GIDA,16,
KOTEX LİGHDAYS 20 Lİ GÜNLÜK PED ALOVERA,KAĞIT,16,
MOLPED SUPER EKO 40'LI UZUN,KAĞIT,16,
ELIDOR 700 ML HAREKETLİ BUKLELER,KOZMETİK,16,
ELIDOR 350ML SAMP. GUCLU VE PARLAK,KOZMETİK,16,
GLADE NATURE'S ODA SPREYI OCEAN 400ML,DETERJAN TEMİZLİK,16,
BIRICIK LIMON KOLONYA 1LT,KOZMETİK,16,
DEPEND HASTA BEZİ 8Lİ ERKEKLER İÇİN BUYUK BOY,KAĞIT,16,
SELPAK ULTRA 13+3 HED.WC KAGIDI A-,KAĞIT,16,
K.KUKRER 370 ML BIBERİYE TURSUSU,GIDA,16,
ARKO TRAS KREMI 100 ML MOIST,KOZMETİK,16,
P.BAHCE 42011 CAY BARDAK 12LI,EV,16,
VILEDA STYLE 3 LU MIKROFIBER TEM.BEZI,DETERJAN TEMİZLİK,16,
SAYAN BOXER SHORT XL,EV,16,
BEBELAC KAV.125GR MEYVE SALATASI,BEBEK,16,
"ULKER CAMLICA LIMON 2,5LT",İÇECEK,16,
BEBELAC KAV.125GR ELMA ARMUT PURESI,BEBEK,16,
EMEK AYCICEK YAG 10 LT TNK,GIDA,16,
NESTLE 80GR FINDIKLI KARE 278,GIDA,16,kuruyemisci
CAPPY MEYVE TANEM 1 LT KARISIK,İÇECEK,16,
MR.MUSCLE MUTFAK 5IN1 YEDEK BEDAVA,DETERJAN TEMİZLİK,16,
ARTCRAFT CAY BARDAGI NISA KULPLU 6'LI,EV,16,
AKDEM YESIL CIN CAYI 20 LI,İÇECEK,16,
FAMILA HAVLU 12 LI,KAĞIT,16,
SITIL PREMIUM SUET 100 ML LIKIT SIYAH,DETERJAN TEMİZLİK,16,
"ACE C.SUYU 4,4LT.NORMAL",DETERJAN TEMİZLİK,16,
LAND LITE ELQ-25W,EV,16,
IPANA KOMPLE BAKIM 7 D.M 1 ALANA 1 BEDAVA,KOZMETİK,16,
SERA BUZDOLABI POSETI 20 ADET,EV,16,
EXTREME NATUREL TATLI BADEM YAGI 50 ML,KOZMETİK,16,
ALTIN CEZVE TOZ ICECEK ELMA 300 GR,İÇECEK,16,
COOK COP TORBASI BATTAL BOY EXTRA,EV,16,
ARGEM BAHARATLIK,EV,16,
H.SAKIR SAMP.2IN1 UZUMLU 600ML.,KOZMETİK,16,
PAKMAYA MISIR  NISASTA 200 GR.,GIDA,16,
KAR PATOS CRITOS 66 GR. MEKSIKA ATESI,GIDA,16,
KOSKA LIGHT RECEL 240 GR VISNE,SÜT KAHVALTILIK,16,
ARKO SYSTEM3 TRAS BICAGI 8LI,KOZMETİK,16,
DOGUS FORM TEA 20 POSET MAYDANOZLU LIMONLU,İÇECEK,16,
DOMESTOS SPREY 750 ML.,DETERJAN TEMİZLİK,16,
JOLY ULTRA KANATLI NORMAL 20 AD.EKO,KAĞIT,16,
MONTE CARLO NINGHT BLUE UZUN,SİGARA,16,
SONY ALKALİNE PLUS 6'LI INCE PIL,EV,16,
PENGUEN RECEL VISNE 800 GR,SÜT KAHVALTILIK,16,
HERO ELMA MUZ 125GR,BEBEK,16,
HEAD SHOULDERS 600ML. KLASİK BAKIM,KOZMETİK,16,
SARAY TAT PARE KAKAOLU KEK 4'LU,GIDA,16,
HEAD SHOULDERS 600MLIPEKSI YUMUSAKLIK,KOZMETİK,16,
TARIS Z.YAGI RIVIERA 750ML CAM,GIDA,16,
ELSEVE 700 ML YAGLANMA KARSITI,KOZMETİK,16,
PHILIPS 12 W TORNADO,EV,16,
SAMSUN 216 DENIZ MAVISI,SİGARA,16,
MILKA LILA STARS 80GR RAISINS,GIDA,16,
8*4 ROLLON 50 ML 2.Sİ SEVGİLİNE HEDİYE,KOZMETİK,16,
VIVIDENT CZD TROPIKAL 14 ADET 26 GR,GIDA,15,
BINGOSOFT 6 LT STAR,DETERJAN TEMİZLİK,15,
PARODONAX BITKISEL ORGINAL 50ML,KOZMETİK,15,
CAPPY SAF PORTAKAL SUYU 1/1 LT,İÇECEK,15,
PEYMAN BAHCEDEN KURU ERIK,GIDA,15,
TAMEK BEZELYE 415 GR,GIDA,15,
TAMEK DOMATES SALCASI 370 ML CAM,GIDA,15,
BIZDEN YESIL MERCIMEK 1 KG,GIDA,15,
DR.OETKER WOLKE VANILYALI KEK 430 GR.,GIDA,15,
ELIDOR 700 ML GÖSTERİŞLİ HACİM ŞAMPUAN,KOZMETİK,15,
ULKER HOBBY KAKOLU FINDIKLI KEK,GIDA,15,
YUDUM RIVIERA ZEYTINYAGI 5 LT TNK,GIDA,15,
UMIT KEK PASTA ALTI SADE 300GR.,GIDA,15,
DIMES 1LT %100 MEYVE SUYU ANANAS,İÇECEK,15,
NESTLE PASTANEM KOSTEBEK  120,GIDA,15,
"MARC 2,5 LT DEO LAVANTA",DETERJAN TEMİZLİK,15,
TADIM BEYAZ LEBLEBI 200GR,GIDA,15,kuruyemisci
NESTLE NESFIT BALLI BADEMLI 430 GR,SÜT KAHVALTILIK,15,kuruyemisci
COTANAK FINDIK YAGI 2LT TENEKE,GIDA,15,
S.BRITE ULTRA KONFOR CIZMEZ SUNGER 2'LI,DETERJAN TEMİZLİK,15,
IPANA 3 BOYUTLU BEYAZLIK 50ML ÇAY/KAHVE,KOZMETİK,15,
KARMEZ GALETA SADE CITIR 220 GR,GIDA,15,
PRIL 60'LI TAB. TUZ VE PARLATICI BEDAVA,DETERJAN TEMİZLİK,15,
F SAFF PIPET KORUKLU 25'LI,EV,15,
H.SAKIR SIVI SAB.750ML H.CEVIZ,KOZMETİK,15,
PEYMAN KABAK CEKIRDEGI175 GR,GIDA,15,
DURU 750ML SAMPUAN ZAYIF VE INCE TELLI,KOZMETİK,15,
VIVIDENT FULL FRUIT KARPUZ 25GR KUTU,GIDA,15,
DR.OETKER VITALS SUTLU-BITTER,GIDA,15,
ULKER YUPO JELLY SOLUCAN 80 GR,GIDA,15,
WELLA TUP SAC BOYASI 3.0 KOYU KAHVE,KOZMETİK,15,
LAND LITE ELT/M-9W,EV,15,
CAMSIL YEDEK SISE 1 LT.,DETERJAN TEMİZLİK,15,
ARTCRAFT CAY BARDAGIM OPTIKLI,EV,15,
BIZIM UN 4 KG,GIDA,15,
NIVEA SABUN 90 GR MILK,KOZMETİK,15,
BARILLA MAKARNA 500 GR. MIDYE,GIDA,15,
ARGEM VAKUMLU SABUN KURUTAN,EV,15,
ICIM LIGHT KASAR PEYNIRI 500GR,SÜT KAHVALTILIK,15,
LOFÇALI KIREC COZUCU 750ML,DETERJAN TEMİZLİK,15,
FIRST NANE AROMALI 22 GR,GIDA,15,
TAT KETCAP 520 GR CAPCAP,GIDA,15,
KOSKA LIGHT RECEL 240 GR KAYISI,SÜT KAHVALTILIK,15,
BINGOSIL FRESH 1LT.LAVANTA CICEK,DETERJAN TEMİZLİK,15,
DOGUS NANE LIMON 20LI,İÇECEK,15,
MOLPED D.C.LIGHT 40AD GUNL.PED FRESH DEO LIGHT,KAĞIT,15,
BARILLA ARPA SEHRIYE 500 GR,GIDA,15,
CALGONIT 3IN1 UCU BIR ARADA 600 GR.,DETERJAN TEMİZLİK,15,
HALK FUN SUSAMLI CUBUK KRAKER 50 GR,GIDA,15,bufe
DR.OETKER PUDING VANILYA PARCALI 124 GR,GIDA,15,
SUTAS SUT 6*200 ML..,SÜT KAHVALTILIK,15,
REIS SEKER FASULYE 1KG,GIDA,15,
ULKER GOLF SIZIN ICIN VANILYA 1 LT,SÜT KAHVALTILIK,15,
KAR CEREZOS 3 LU,GIDA,15,
ELIDOR 350ML ŞAMP. KEPEĞE KARŞI ETKİLİ,KOZMETİK,15,
SENSODYNE NANELI 100 ML,KOZMETİK,15,
ORKID GÜNLÜK PEDNORMAL 40+40 EKONOMİ PAK,KAĞIT,15,
GURALLAR ART CRAFT FILIZ 6'LI SU BARDAGI,EV,15,
BILLUR TUZ 500GR DOGAL DENIZ TUZU CAM,GIDA,15,
ARGEM METAL CAY SUZGECI,EV,15,
BANAT PASPAS YEDEK,DETERJAN TEMİZLİK,15,
PIKNIK 003 10' LU BEYAZ MUM,EV,15,
DR.OETKER TART JOLE 3`LU POSET,GIDA,15,
ORKID MAXI KANATLI UZUN MAXI 4*10,KAĞIT,15,
CANPED ANA.HASTA BEZ ORTA 10 AD,KAĞIT,15,
ORKID ULTRA KANATLI UZUN 14 LI EKO KLASIK,KAĞIT,15,
GOKCE TOZ ICECEK 170 GR PORTAKAL,İÇECEK,15,
PINAR KREM PEYNIR 300 GR,SÜT KAHVALTILIK,15,
LIPTON Y.LABEL TEA 100 AD BARDAK,İÇECEK,15,
VILEDA ELDIVEN EXTRA SENSATION 8 ORTA,DETERJAN TEMİZLİK,15,
DR.OETKER PUDING HINDISTAN CEVIZ 128GR,GIDA,15,
"WELLA TUP SAC BOYASI 6,7 ÇİKOLATA KAHVE",KOZMETİK,15,
LIPTON DOGU KARADENIZ 160 LI DEMLIK POSET,İÇECEK,15,
KOSKA HELVA SADE 1000 GR.,SÜT KAHVALTILIK,15,sekerci
S.BRITE PASPAS STANDART 3 AL 2 ODE,DETERJAN TEMİZLİK,15,
PERMATIK TEKLI 10LU POSET,KOZMETİK,15,
DR.OETKER KEKUN KAKAOLU 375 GR,GIDA,15,
MAGGI CORBA MERCIMEK,GIDA,15,
AKDEM EGZOTIK MEYVE CAYI,İÇECEK,15,
WEST BLUE KISA BOX,SİGARA,15,
MLP DCARE LIGHT 20*24 NORMAL,KAĞIT,15,
MLP DCARE 20AD GUNL.PED NORMAL,KAĞIT,15,
GILLETTE BLUE 2 PLUS 5LI+MACH 3 SENSITIVE,KOZMETİK,15,
TARIS Z.YAGI RIVIERA 5LT TNK,GIDA,15,
SERA ALUMINYUM FOLYO 8 METRE,EV,15,
HALK BEBE BISKUVISI 150 GR,BEBEK,15,
P.BAHCE 52644 6LI BARDAK TOROS,EV,15,
CIF LUX 6 LT LIMONLU,DETERJAN TEMİZLİK,15,
SUPER FRESH PATATES 450 GR,GIDA,15,
PIKNIK 1498 KULLAN AT KARISTIRICI 50 ADET,EV,15,
ICIM M.SUYU 330ML KARIŞIK MEYVE,İÇECEK,15,
SIGNAL BEYAZLATICI SISTEM 125ML,KOZMETİK,15,
COLGATE TOTAL 12 50 ML. D.M.,KOZMETİK,15,
SEK SUT 500 ML DEVAM SUTU,SÜT KAHVALTILIK,15,
DANA BONFILE,ET TAVUK,15,kasap
DURU GURME 5 LI SABUN 375GR VİŞNE,KOZMETİK,15,
GURALLAR ARTCRAFT 3'LU BARDAK,EV,15,
BECEL FORMUM KASE 500 GR,SÜT KAHVALTILIK,15,
BIZIM PIRINC UNU 250 GR,BEBEK,15,
ROZI FRESH DAYS NORMAL 20 LI,KAĞIT,15,
PERWOLL BEYAZ SIHIR 3000 ML,DETERJAN TEMİZLİK,15,
BERRAK SARIMSAK TURŞUSU 190 GR,GIDA,15,
BANVIT BURGER 300 GR,ET TAVUK,15,kasap
FAX SIVI SABUN GUL 500ML,KOZMETİK,15,
YUMOS 6 LTDOGANIN OZU,DETERJAN TEMİZLİK,15,
COLGATE GELISMIS BEYAZLIK 125 ML%25 BEDAVA D.M.,KOZMETİK,15,
GOKCE TOZ ICECEK 350 GR PORTAKAL,İÇECEK,15,
NESCAFE GOLD BLEND 200 GR EKO PAKET,İÇECEK,15,
UNO CITIR CUBUK KEPEKLI 250GR,GIDA,15,
"BINGOSOFT KONSANTRE 1,5 LT LAVANTA RUZGARI",DETERJAN TEMİZLİK,15,
PIKNIK 1408KILIT.BUZPOSET KUC,EV,15,
BINGO DYNAMIC MAKINE TEMIZLEYICI 250ML,DETERJAN TEMİZLİK,15,
LIPTON ICE TEA 1.5 LT MANGO,İÇECEK,15,bufe
"PERSIL JEL EXPERT 2,55 LT DENIZ ESINTISI",DETERJAN TEMİZLİK,15,
K.KUKRER 370 ML ACI BIBER TURSUSU,GIDA,15,
OMO ELDE YIKAMA 750 GR,DETERJAN TEMİZLİK,15,
LUNA KASE MARGARIN 500 GR.,SÜT KAHVALTILIK,15,
PERSIL 7 KG COLOR EXPERT,DETERJAN TEMİZLİK,15,
CIF PAWERCREAM ÇAMAŞIR SUYU KAT. YEDEK 750ML.,DETERJAN TEMİZLİK,15,
SENSODYNE PRO NAMEL DIS MACUNU+AGIZ CALKALAMA SUYU,KOZMETİK,15,
WINSTON WHITE LINE SLIMS,SİGARA,15,
NESCAFE GOLD BLEND 200 GR.,İÇECEK,15,
PAM SIVI SABUN 1 LT ALOEVERA-ZEYTİNÇİÇEĞİ,KOZMETİK,15,
HERO GOGLY PIRINC UNU SADE,BEBEK,15,
CIF ULTRA HIZ BANYO SPREY 1 KG,DETERJAN TEMİZLİK,15,
BLENDAX 400GR.YAGDENGELIYICI,KOZMETİK,15,
FAVILDA 100 LU ELDIVEN LARGE,DETERJAN TEMİZLİK,15,
CANPED POLITENLI BUYUK BOY 30'LU,KAĞIT,15,
KOSKA HELVA MEYVELI,SÜT KAHVALTILIK,15,sekerci
ARTCRAFT MESRUBAT BARDAGI RENKLI 6 LI,EV,15,
RINSO MATIK 5 KG CICEK OZLERI,DETERJAN TEMİZLİK,15,
MOLFIX BABY WIPES 70 AD.,KAĞIT,15,
FALIM 5`LI SAKIZ CILEKLI,GIDA,15,sekerci
COLGATE D.F. 360 CSPR 1+1 DISPLAY,KOZMETİK,15,
KENT TOPITOP DISNEY CILEK KARPUZ 6 AD,GIDA,14,
ELIDOR 350 ML SAC KREMI ONARICI BAKIM,KOZMETİK,14,
NESTLE MÜSLİ CAPPUCCINO CIKOLATA 260 GR,SÜT KAHVALTILIK,14,
VILEDA SUPER YEDEK PASPAS CLASSIC,DETERJAN TEMİZLİK,14,
BIZDEN NOHUT 1KG,GIDA,14,
DR.OETKER VANILYA AROMASI 8ML,GIDA,14,
IPEK SAMP.600ML BOYALI SAÇ 2'Sİ 1 ARADA GÜL,KOZMETİK,14,
FARELL ODA KOKUSU TRIGERLI KAVUN,DETERJAN TEMİZLİK,14,
SENER 1800 GR VIŞNE RECELİ,SÜT KAHVALTILIK,14,
KOMİLİ 700 ML ŞAMPUAN KEPEGE KARSI ETKILI,KOZMETİK,14,
VERNEL 4LT LAVANTA BAHCESI YUMUSATICI,DETERJAN TEMİZLİK,14,
HUGGIES MAXI PLUS ERKEK 40'LI,BEBEK,14,
"MENTOS SAKIZLIDRAJE 37,5 GR",GIDA,14,sekerci
FIRST TWIST 22 GR CILEK VE LIMON,GIDA,14,
SUPER FRESH MISIR 3*220 GR,GIDA,14,
VERNEL 1LT HİBUSKUS GÜL YUMUSATICI,DETERJAN TEMİZLİK,14,
OMO MATIK 5KG HIJYEN,DETERJAN TEMİZLİK,14,
WEE SILIKON BIBERON EMZIGI NO:2,BEBEK,14,
CIF PAWERCREAM ÇAMAŞIRSUYU KATKILI SPREY 750ML.,DETERJAN TEMİZLİK,14,
WEE SILIKON BIBERON EMZIGI NO:3,BEBEK,14,
KOSKA DUT PEKMEZI 1400 GR,SÜT KAHVALTILIK,14,
PAPIA WC KAGIDI 12'LI 4KATLI 2012,KAĞIT,14,
KOTEX LIGHT DAYS GÜN. PED 40LI,KAĞIT,14,
MOLPED D.C.LIGHT 20AD GUNL.PED FRESH DEO,KAĞIT,14,
DIXI SIVI 900GR BIO-ALKOLLU,DETERJAN TEMİZLİK,14,
ARKO TRAS KOPUGU 200ML KOMANDO,KOZMETİK,14,
KENT MISSBON KAHVELI BONBON 100GR,GIDA,14,
CANLEYDI H.HARPER GUNLUK NORMAL 16 UZUN,KAĞIT,14,
TAT PATLICAN KIZARTMA 400 GR,GIDA,14,
ELIDOR 1000ML SAMP.KEPEGE KARSI ETKILI,KOZMETİK,14,
LAY`S YOGURT VE MEV. YES. 58 GR,GIDA,14,
SOLO ULTRA HAVLU 8 LI,KAĞIT,14,
ULKER SUNNY 2.5 LT,İÇECEK,14,
DIXI SIVI TEMIZLEYICI 3 LTTAZE GUL,DETERJAN TEMİZLİK,14,
CANBEBE KAZANCLI PAKET 3 MIDI,BEBEK,14,
PENGUEN RECEL CILEK 380 GR,SÜT KAHVALTILIK,14,
CALGONIT QUANTUM 30'LU LIMONLU,DETERJAN TEMİZLİK,14,
NIVEA BABY SOFT-CREME 63 AD,KAĞIT,14,
K.KUKRER NAR EKSISI 250+250ML FIRSAT PAKETİ,GIDA,14,
MR.MUSCLE MUTF.750ML PORTAKAL,DETERJAN TEMİZLİK,14,
BALPARMAK SUZME ÇAM BALI 3 ADET TÜP,SÜT KAHVALTILIK,14,
HALK PUDING CILEKLI 150GR,GIDA,14,
TAMEK DİLİMLİ JALAPENO TURŞU 370 CC,GIDA,14,
PINAR CESNI KETCAP 500 GR,GIDA,14,
LIPTON TB REZENE 20AD.,İÇECEK,14,
FERRERO RAFFAELLOC H.CEV.ŞEKER.40 GR,GIDA,14,
LIPTON FORM PLUS KIRAZ SAPI 20'LI POSET,İÇECEK,14,
HUGGIES MAXI PLUS KIZ 40'LI,BEBEK,14,
PENGUEN TURSU KARISIK 680 GR.,GIDA,14,
"TURSIL JEL KIR CICEKLERI 3,358",DETERJAN TEMİZLİK,14,
WELLA TUP SAC BOYASI 7.3FINDIK KABUGU,KOZMETİK,14,
SOLO ULTRA BEYAZ WC KAGIDI 8LI,KAĞIT,14,
BAGDAT MAHLEP 50GR,GIDA,14,
DURACELL TURBO MAX 2LI KALEM PIL AA,EV,14,
YUMOS 6 LT CICEK B. YUMUSATICI,DETERJAN TEMİZLİK,14,
KARMEZ ÇOK TAHILLI EKMEK,GIDA,14,firin
BESLER KAVURMA 100GR.,ET TAVUK,14,kasap
PRENSES KRENGI SARMA K.SEKER 750GR,İÇECEK,14,
PINAR CESNI KETCAP 500GR +MAYONEZ 420GR,GIDA,14,
DURU SIVI SABUN 750ML CANLANDIRICI,KOZMETİK,14,
DURU 600 ML SAMPUAN NORMAL SACLARA,KOZMETİK,14,
"ACE C.SUYU 4,4 KG HIJYEN",DETERJAN TEMİZLİK,14,
BEBELAC SUTLU MEYVELI PIRINC 250GR,BEBEK,14,
KOTEX SCREET ULTRA NORMAL 10 LU,KAĞIT,14,
KOMILI SIZMA ZEYTINYAG 2 LT PET,GIDA,14,
CIL AMERIKAN SERVISI,EV,14,
DR.OETKER PUDING ANTEP FISTIKLI 91 GR,GIDA,14,
BERRAK PANCAR TURSU 700 GR,GIDA,14,
PHILIPS 23 W SMALL ECONOMY KALIN DUY,EV,14,
HOBBY CRAZY HEAD JOLE 150 ML EKSTRA SERT,KOZMETİK,14,
KOSKA HELVA SADE,SÜT KAHVALTILIK,14,sekerci
SELPAK HAVLU 3 AL 2 ODE BEDAVA BEYAZ,KAĞIT,14,
"BINGO BULS.MAKINE TUZU 1,5KG.",DETERJAN TEMİZLİK,14,
VILEDA STYLE TEMIZLIK BEZI 9 ADET,DETERJAN TEMİZLİK,14,
DR.OETKER DREAM OLE CILEK,GIDA,14,
REST TEMIZLIK BEZI 3 LU SARI,DETERJAN TEMİZLİK,14,
APTAMIL SUTLU IRMIKLI MEYVELI 250 GR,BEBEK,14,
DR.OETKER JEL 100 GR VISNE,GIDA,14,
TAT TURLU TENEKE 830 GR,GIDA,14,
P.BAHCE 62561 AIDA 6 `LI CAY B,EV,14,
SENER RECEL 770 GR AHUDUDU,SÜT KAHVALTILIK,14,
APTAMIL SÜTLÜ 7 TAHILLI ELMALI 250 GR,BEBEK,14,
ULKER KELLOGG`S K FLAKES 250 GR CIKOLATA,SÜT KAHVALTILIK,14,
TAMEK MEYVE SUYU 1 LT KUTU SEFTALI,İÇECEK,14,
AXE DEO 150 ML EXCITE,KOZMETİK,14,
TADELLE GOL SUTLU FINDIK DRAJE 36GR,GIDA,14,sekerci
AKDEM YESIL CAYI 100GR,İÇECEK,14,
CANBEBE STANDART MIDI 4-9 KG,BEBEK,14,
HELEN H. KANATLI NORMAL.20 ADET EKO,KAĞIT,14,
M.BIRLIK LUKS ZEYTIN 500 GR,SÜT KAHVALTILIK,14,
S.BRITE YEŞİL KLASİK TIRNAK K.,DETERJAN TEMİZLİK,14,
KARAAGAC FISTIKLI HELVA 1KG,SÜT KAHVALTILIK,14,sekerci
ELSEVE 650 ML SAMPUAN KIRILMA KARSITI ONARICI,KOZMETİK,14,
SULTAN PASTA CESITLERI,GIDA,14,
REIS BARBUNYA FASULYE 1 KG,GIDA,14,
REST OLUKLU BULASIK SUNGERI 3 LU,DETERJAN TEMİZLİK,14,
DOGADAN YESIL CIN CAYI 20 LI,İÇECEK,14,
OMO MATIK 5KG FLORAL,DETERJAN TEMİZLİK,14,
SULTAN KANDİL SİMİDİ,GIDA,14,
DOGUS EKINEZYA BITKI CAYI 20 LI POSET,İÇECEK,14,
GURALLAR ART CRAFT ZEN CAY BARDAGI 6'LI,EV,14,
YUMOS EXTRA 720ML SAF&BEYAZ,DETERJAN TEMİZLİK,14,
JOLY MESANE PEDI KADIN 10 LU,KAĞIT,14,
SEK SICAK CIKOLATA 500ML,GIDA,14,sekerci
OSKAR KASE PİŞMANİYE 100 GR,SÜT KAHVALTILIK,14,
PRIMA ACT BABY IKIZ MAXI 7-18KG,BEBEK,14,
REIS JASMINE KOKULU PIRINC 1 KG,GIDA,14,
HALK FUN CUBUK KRAKER 40 GR,GIDA,14,bufe
PASTAVILLA MEKSIKAN ACILI SOS 300GR,GIDA,14,
LIPTON ICE TEA 330 CL ICECEK MANGO AROMA,İÇECEK,14,bufe
ARGEM TABLET FRESH 80 GR,EV,14,
SIGNAL D.F. VERTİCAL EXPERT,KOZMETİK,14,
MR.MUSCLE AQUA MAVI 40GR,DETERJAN TEMİZLİK,14,
NASCITA-KROM DUZ AGIZ CIMBIZ KUTULU,KOZMETİK,14,
PALMOLIVE SIVI SABUN 2 LT ORKİDE,KOZMETİK,14,
AIR WICK F.M YED.ODOR STOP 2 ALANA 1 BED.,DETERJAN TEMİZLİK,14,
SIGNAL BEYAZ GUC 50ML NANE FERAHLIGI,KOZMETİK,14,
PRONTO AHSAP TEMIZLEYICI 750ML PORTAKAL,DETERJAN TEMİZLİK,14,
COLGATE D.M.MISVAK OZL125ML,KOZMETİK,14,
NIVEA SOFT 75ML TUP,KOZMETİK,14,
ELHIM T2-11W E276400,EV,14,
IPEK SACKREMI 600 ML BOYALI,KOZMETİK,14,
IPANA COCUK 50ML DIS MACUNU,KOZMETİK,14,
PALMOLIVE DUS JELI ANTI STRES 500 +250 ML %25 IND.,KOZMETİK,14,
PASTAVILLA TAM BUGDAY 500 GR KALEM,GIDA,14,
DURU DUS JELI 500+250,KOZMETİK,14,
PAPIA MENDIL 10LU PARFUMLU,KAĞIT,14,
DR.OETKER GERCEK VANILYA PARCALI SEKERLI 2 LI,GIDA,14,
ERNET PLUS KAPAKLI,DETERJAN TEMİZLİK,14,
VILEDA POWER DUZ SUNGER 2 LI,DETERJAN TEMİZLİK,14,
PENGUEN RECEL VISNE 1800 GR,SÜT KAHVALTILIK,14,
DURACELL ULTRA 9 VOLT PIL,EV,14,
FAX 5 LI GUZELLIK SABUNU ELMA 350GR,KOZMETİK,14,
LİPTON BERRAK YEŞİL ÇAY SADE 20LI,İÇECEK,14,
BANVIT PILIC SALAM 750 GR,ET TAVUK,14,kasap
KENT TOPITOP SAPLI SEKER POSET,GIDA,14,
VIVIDENT  CUZDAN ACTIVE YESIL NANE,GIDA,14,
ELSEVE 650 ML KOMPLE ONARICI 2'Sİ 1 ARADA,KOZMETİK,14,
TADELLE FINDIK DOLGULU SUT.CIK.52 GR.,GIDA,14,
ALGIDA FRIGOLA CIKOLATA FINDIK 55 ML,SÜT KAHVALTILIK,14,sekerci
TAMEK ACI BIBER TURSUSU 330GR,GIDA,13,
HEAD SHOULDERS 400ML KEPEĞE KARŞI BAKIM,KOZMETİK,13,
FAX SIVI SABUN MANOLYA 500ML,KOZMETİK,13,
KONYA SEKER NAYLON TORBA 1000 GR,İÇECEK,13,
BREF POWER SPREY MUTFAK 500 ML,DETERJAN TEMİZLİK,13,
HEAD SHOULDERS 500 GR KOMPLE BAKIM,KOZMETİK,13,
KNORR PATATES PURESI 60GR.,GIDA,13,
BİBERES RUS SALATASI 200 GR,GIDA,13,
TAMEK DOMATES SALCASI 1/2,GIDA,13,
DARDANEL TON LIGHT 2*160 GR. EKO,GIDA,13,
SELPAK KUTU MENDIL BUYUK,KAĞIT,13,
TIRNAK TOR.+ TIR.ETI SIYIR-KUTULU,KOZMETİK,13,
PINAR ORGANIK SUT 500ML,SÜT KAHVALTILIK,13,
F SAFF 6 LT YUMUŞATICI LAVANTA,DETERJAN TEMİZLİK,13,
ROCCO STRIP KESKİN NANE,GIDA,13,
TAMEK KONSR MISIRLI GARNITUR 320 GR,GIDA,13,
APTAMIL SUTLU BISKUVILI 2*250 GR EKONOMIK,BEBEK,13,
GLADE MULTI SPRAY LAVENDER 460 ML,DETERJAN TEMİZLİK,13,
DURU 460 GR OCEAN GUZELLIK SABUN,KOZMETİK,13,
"WELLA TUP SAC BOYASI 7,1 KÜLLÜ KUMRAL",KOZMETİK,13,
DR.OETKER HOSMERIM,GIDA,13,
CAPPY MEYVA NEKTARI 1LT KIRMIZI MEYVE,İÇECEK,13,
ULKER KELLOGG`S COCO POPS 250 GR COKORING,SÜT KAHVALTILIK,13,
DIXI SIVI 900 GR. LIMON CICEGI,DETERJAN TEMİZLİK,13,
KAR PATOS BAHARATLI CIPS 60GR,GIDA,13,bufe
SIGNAL D.F. DOUBLE ACTION,KOZMETİK,13,
KAVUN,MEYVE SEBZE,13,manav
DR.OETKER CREME OLE CILEK 110GR,GIDA,13,
SITIL ECO PACK FARELL ISLAK MENDIL HED.,DETERJAN TEMİZLİK,13,
AKAT GARDI SAC SPREYI 450 ML,KOZMETİK,13,
DURU 460 GR FRUITY GUZELLIK SABUNU,KOZMETİK,13,
SARAY PRENS BISK.4'LU,GIDA,13,
DOMESTOS ULTRA 2LT .YAZ GUNESI,DETERJAN TEMİZLİK,13,
DR.OETKER CIKOLATA KALPLER 45 GR,GIDA,13,sekerci
MILKA TOBLERONE 100 GR BITTER,GIDA,13,
REIS OSMANCIK PIRINC 2500 GR,GIDA,13,
YUMOS 1 LT DOGANIN OZU,DETERJAN TEMİZLİK,13,
HUGGIES JUNIOR KIZ 36'LI,BEBEK,13,
ULKER KELLOGG`S 450 GR SPECIAL KARISIK MEYVE,SÜT KAHVALTILIK,13,
FERSAN LIMON SUYU 500 ML. PET,GIDA,13,
"WELLA TUP SAC BOYASI 7,0 KUMRAL",KOZMETİK,13,
DANONE DANETTE 4 LÜ CILEKLI 110GR,SÜT KAHVALTILIK,13,
VILEDA POWER 4 LU SUNGER TIRNAK KORUYUCU,DETERJAN TEMİZLİK,13,
CIF SUNLIGHT BULASIK DETERJANI ELMA 1275 GR,DETERJAN TEMİZLİK,13,
UNO KRUVASAN 220 GR,GIDA,13,
P.BAHCE 52052 BAKUGAN DESENLI BARDAK,EV,13,
HALK FUN PEYNIRLI CUBUK KRAKER 40GR.,GIDA,13,bufe
BIZIM MUTFAK TAVUK BULYON2 LI,GIDA,13,
KOSLA TUL 500 GR+PARLATICI%15 IND.,DETERJAN TEMİZLİK,13,
VERNEL 750 ML MAX GULUN BUYUSU,DETERJAN TEMİZLİK,13,
KOSLA SIVI 2LT+2LT FLORAL,DETERJAN TEMİZLİK,13,
BLENDAX 400GR KEPEGE KARSI ETKILI,KOZMETİK,13,
MOLFİX JUMBO PAKET MİNİ 3-6KG,BEBEK,13,
ORKID MAXI KANATLI NORMAL 12AD.,KAĞIT,13,
MILKA 100GR CARAMEL,GIDA,13,
MILKA TOBLERONE 35GR.,GIDA,13,
REST DUZ BULASIK SUNGERI 5 LI,DETERJAN TEMİZLİK,13,
BINGOSIL CAM 500ML PUSKURTMELI,DETERJAN TEMİZLİK,13,
KORPE KOKTEYL PILIC SOSIS 500 GR,ET TAVUK,13,kasap
JOLY YETISKIN HASTA BEZI 10ADT,KAĞIT,13,
CALGONIT BUL.MAK.PARLATICI 400,DETERJAN TEMİZLİK,13,
DR.OETKER ZERDE 167 GR,GIDA,13,
ORKID YAPRAK DEO FRESH EKO PK,KAĞIT,13,
BEBELAC 5 900 GR DEVAM SUTU,BEBEK,13,
SILVER OTO SUNGERI,DETERJAN TEMİZLİK,13,
SELPAK CEP MENDILI,KAĞIT,13,
DOGUS KIRMIZI MEYVELER 20 LI,İÇECEK,13,
KENT JELIBON 90 GR.MIMIK M.SULU,GIDA,13,sekerci
ARKO TRAS KOLONYASI 250 ML.AQUA,KOZMETİK,13,
F NEFFIS KIRMIZI MERCIMEK 2 KG,GIDA,13,
BECEL PRATIK ZEYTINYAGLI 485ML,SÜT KAHVALTILIK,13,
PALMOLIVE SIVI SABUN 2 LT  ANTI-STRESS,KOZMETİK,13,
BINGOSOFT KONSANTRE 750 ML BAHAR UYANISI,DETERJAN TEMİZLİK,13,
CARTE DOR KAZANDIBI 182GR,GIDA,13,
ROCCO STRIP ÇİLEK,GIDA,13,
SIGNAL BEYAZ GUC ETKİN KALSİYUM 50ML,KOZMETİK,13,
BEYBI 100 LU ELDIVEN MEDIUM,DETERJAN TEMİZLİK,13,
F BAKTAT LIMON AROMALI SOS 500ML,GIDA,13,
ICIM LIGHT BEYAZ PEYNIR 500GR,SÜT KAHVALTILIK,13,
"WELLA KOLESTON SAC BOYASI 7,3 FINDIK KABUĞU",KOZMETİK,13,
SITIL PREMIUM CEP SUNGERI,DETERJAN TEMİZLİK,13,
ARKO T2 PRO 10 LU KULLAN AT TRAS BICAGI,KOZMETİK,13,
KOSKA DIYET FISTIKLI HELVA350GR,SÜT KAHVALTILIK,13,sekerci
F BAKTAT YAPRAK SARMA 400 GR,GIDA,13,
WEE CAM BIBERON 250 CC,BEBEK,13,
"PERSIL JEL EXPERT 2,55 LT PARLAK RENKLER",DETERJAN TEMİZLİK,13,
SCHWEPPES 1 LT LIMON PET SISE,İÇECEK,13,
AKDEM MELISSA CAYI 20LI,İÇECEK,13,
KAR CIPSO S.PATATES 70GR TIRTIKLI,GIDA,13,
APTAMIL SÜTLÜ BİSKÜVİLİ 250 GR,BEBEK,13,
RENGA MOR BOYALI SURGULU TUZLUK,EV,13,
OKEY KLASIK 10LU,KOZMETİK,13,
VILEDA GLITZI POWER LNOX,DETERJAN TEMİZLİK,13,
WINSTON XSENCE BLUE SILIM,SİGARA,13,
BAGDAT YENIBAHAR 50GR,GIDA,13,
ROZI GENC GECE 7 ADET,KAĞIT,13,
ROCCO GUM MULTİPACK 90GR,GIDA,13,
TADIM BADEM ICI 200GR,GIDA,13,kuruyemisci
ULKER KELLOGG`S 450 GR SPECIAL CIKOLATALI,SÜT KAHVALTILIK,13,sekerci
JACOBS CRONAT GOLD 45 GR,İÇECEK,13,
VITA BITKISEL SUSUZ YAG 2LT,GIDA,13,
YUMOS EXTRA 720ML DOGAN ÖZU,DETERJAN TEMİZLİK,13,
KARMEZ GALETA LIGHT CITIR 220 GR,GIDA,13,
EMEK SABUN 4 LU 800 GR.,KOZMETİK,13,
YUMOS 2 LT BABY,DETERJAN TEMİZLİK,13,
BINGO DYNAMİC TABLET KLASİK 60LI,DETERJAN TEMİZLİK,13,
PINAR TAZE KASAR PEYNIRI 700 GR,SÜT KAHVALTILIK,13,
CALDION BAYAN SPREY DEO 150ML,KOZMETİK,13,
IPEK SAMP.700 ML 2IN1 YIPRANMIS VE KIRIK UCLU,KOZMETİK,13,
DOGUS SARI KANTARONLU MELISA 20'LI,İÇECEK,13,
K.KUKRER UZUM SIRKESI 2LT PET,GIDA,13,
KNORR İNEGÖL KÖFTE HARCI 98 GR,GIDA,13,
ELIDOR 350ML ISILDAYAN PARLAKLIK,KOZMETİK,13,
CLEAR 350 ML SAMP. FOOL SPORT MEN,KOZMETİK,13,
BIZIM KOFTELIK BULGUR 1 KG,GIDA,13,
DOMESTOS REZER.BL.DAG ESİNTİSİ 100 GR,DETERJAN TEMİZLİK,13,
PERWOLL GOZ ALICI RENKLER 3 LT.,DETERJAN TEMİZLİK,13,
NASCITA HELEZON KIL ALMA YAYI,KOZMETİK,13,
HERO MUZ-MANDALINA-ARMUT 125 GR,BEBEK,13,
DOGUS YESILCAY 20LI CILEK,İÇECEK,13,
RAID BOCEK YEMI,DETERJAN TEMİZLİK,13,
MILKA 80GR CIKOLATA UZUM-FINDIK -,GIDA,13,sekerci
SIGNAL D.F. REACH,KOZMETİK,13,
PENGUEN SIVRIBAMYA 820GR TNK,GIDA,13,
REDBULL ENERJI ICECEGI 473ML.,İÇECEK,13,bufe
ULKER DANKEK 8 KEK MINI CIKOLATA CILEK,GIDA,13,sekerci
YAREN DMR KAHVE BARDAGI 6 LI HAREM DESENLI,EV,13,
DR.OETKER CHEESECAKE 260GR,GIDA,13,
KEBIR TEREYAG 1 KG TUZLU,SÜT KAHVALTILIK,13,
VIVIDENT CUZDAN 360 KARPUZ,GIDA,13,
CARTE DOR PUDING CILEKLI,GIDA,13,
MILKA 100 GR TABLET OREO,GIDA,13,
PAM SIVI SABUN 2LT LAVANTA/LEYLAK,KOZMETİK,13,
GILLETTE MACH3 TURBO BICAK 2LI,KOZMETİK,12,
PAM SIVI SABUN 1 LT LAVANTA LEYLAK,KOZMETİK,12,
F NEFFIS YESIL MERCIMEK 1 KG,GIDA,12,
OZTEMIZEL KIR KIRAK GALETA SUSAMLI 200 GR,GIDA,12,
JACOBS MONARCH EKO 100 GR KAHVE,İÇECEK,12,
ROCCO SIKI SEKER NANE 19.5GR,GIDA,12,
YUMOS 2 LT LAVANTA FERAHLIGI,DETERJAN TEMİZLİK,12,
SIGNAL WHITE NOW D.M 75 ML,KOZMETİK,12,
SANA MUTLU AILE 6*250 GR,SÜT KAHVALTILIK,12,
DURU 1+1 4LU GUZELLIK SABUN LIMON 400GR,KOZMETİK,12,
HALK CIKOBIS 25 GR,GIDA,12,
TORKU GOFRET CILEKLI 160 GR,GIDA,12,sekerci
COLGATE D.F. MAX WHITE MEDIUM,KOZMETİK,12,
BORCAM 59034 KARE TEPSI,EV,12,
AKDEM HARNUP PEKMEZI 420 GR,SÜT KAHVALTILIK,12,
BEBELAC SUTLU YULAF&BUGDAY 250GR,BEBEK,12,
LIPTON EARL GREY TEA 100GR TENEKE KUTU,İÇECEK,12,
TAMEK M.SUYU 200ML KAHVALTIM KARISIK MEYVE NEKTARI,İÇECEK,12,
PINAR KETCAP750GR.+MAYONEZ650 GR.,GIDA,12,
TORKU BANADA KAKAOLU FINDIK KR.400 GR,SÜT KAHVALTILIK,12,
HALK CORBA TARHANA,GIDA,12,
OZTEMIZEL GALETA ANASONLU,GIDA,12,
CARTE DOR KESKUL 140 GR,GIDA,12,
CIF KREM 750GR ULTRA + ULTRA,DETERJAN TEMİZLİK,12,
DAMLA DOĞAL SU 5 LT,İÇECEK,12,
VERNEL 2LT LAVANTA BAHCESI YUMUSATICI,DETERJAN TEMİZLİK,12,
CLEAR 350 ML SAMP. MEN HIZLI SITIV,KOZMETİK,12,
ARKO TRAS KOLONYASI 250 ML.GOLD POWER,KOZMETİK,12,
ULKER RONDO KREMALI BISKUVI MUZLU,GIDA,12,
SENSODYNE PRONAMEL BEYAZLATICI 75 ML.,KOZMETİK,12,
KOMILI EGE SIZMASI Z.YAGI 2 LT,GIDA,12,
PHILIPS SMALL ECONOMY 8 W INCE DUY BEYAZ,EV,12,
REST DESENLI TEMIZLIK BEZI 3 LU,DETERJAN TEMİZLİK,12,
CIF OKSI-JEL AKTIF OKSIJEN AMONYAK 1LT,DETERJAN TEMİZLİK,12,
H.SAKIR SAMP.2IN1 NAR,KOZMETİK,12,
DURU 1+1 4LU GUZELLIK SABUN LOTUS 400GR,KOZMETİK,12,
ELIDOR 350ML SAMP. YUMUSAK VE IPEKSI,KOZMETİK,12,
TAMEK KONSR PATLICAN KIZRTM.215 GR,GIDA,12,
ERNET REZERVUAR BLOK DEODORANT,DETERJAN TEMİZLİK,12,
ARGEM METAL SUZGEC NO 2,EV,12,
GARNIER SAC BOYA 5.52 CIKOLATA KAHVE,KOZMETİK,12,
LD GRAY UZUN,SİGARA,12,
KOSKA DIYET KAKAOLU HELVA350GR,SÜT KAHVALTILIK,12,sekerci
KOTEX SECRET 24 LU UZUN,KAĞIT,12,
ORKID 4 LU ANNE KIZ PKT DEO FRESH 36 LI,KAĞIT,12,
"MARC 2,5 LTDEO SIVI SARI GULLER",DETERJAN TEMİZLİK,12,
REIS NOHUT 1 KG,GIDA,12,
COLGATE D.F.SOFT SEYAHAT DİŞ FIRÇASI,KOZMETİK,12,
KOSKA FIRINDA HELVA 250GR,SÜT KAHVALTILIK,12,sekerci
HOBBY CRAZY HEAD JOLE 150 ML SERT,KOZMETİK,12,
DR.OETKER ICE TEA SEFTALI 60 GR,GIDA,12,bufe
ICIM ASURE 225 GR,GIDA,12,
MARC MUTFAK SISE JEL 1 LT,DETERJAN TEMİZLİK,12,
PALMOLIVE DUS JELI 250 ML HAMAM DETOX,KOZMETİK,12,
PERWOLL NARIN SİHİR 3LT,DETERJAN TEMİZLİK,12,
PRENSES KAHVERENGI TOZ SEKER 500 GR,İÇECEK,12,
PALMOLIVE SIVI SABUN 300 ML SIYAH ORKIDE,KOZMETİK,12,
PROTEX BANYO SABUNU 4 LU ULTRA,KOZMETİK,12,
PANTENE Y 400ML RENK KOR.VE HACIM ŞAMPUAN,KOZMETİK,12,
APTAMIL SÜTLÜ MUZLU PIRINCLI 250 GR,BEBEK,12,
KENT MADLEN 260 GR,GIDA,12,
PASTAVILLA TAM BUGDAY 500 GR PASTAVILLA,GIDA,12,
BEBELAC 3 250 GR,BEBEK,12,
REDBULL ENERJI ICECEGI 330ML.,İÇECEK,12,bufe
PEYMAN IC TATLI BADEM 160GR,GIDA,12,kuruyemisci
MARET BONCUK BATON SUCUK VAK.175 GR,ET TAVUK,12,kasap
EMEK TURKUAZ BEYAZ SABUN 800GR.LAVANTA,KOZMETİK,12,
VIVIDENT WHITE KARBONATLI 23GR,GIDA,12,
ARKO T2 10 LU KULLAN AT TRAS BICAGI,KOZMETİK,12,
BADEM SEKERI,GIDA,12,
ULKER KREMINI TOFFE PORTAKALLI,GIDA,12,sekerci
PIKNIK 1371 AGAC KASIK,EV,12,
TAMEK M.SUYU 200ML SEFTALI,İÇECEK,12,
M.BIRLIK SUPER ZEYTIN 500 GR,SÜT KAHVALTILIK,12,
BIZIM MUTFAK KOFTELI NOHUTLU YUKSUK ÇORBASI,GIDA,12,
SITIL HAZIR BOYA SIYAH SUNGER 200 GR,DETERJAN TEMİZLİK,12,
BINGO DINAMIK 1250GR. BULASIK SIVI SENSITIVE,DETERJAN TEMİZLİK,12,
K.PLAST COP POSET BUYUK BOY LIMONLU,EV,12,
WELLA KOLESTON 7/0 MAXI,KOZMETİK,12,
"PRIL LOSYON 1,5 ML ALOE VERA",DETERJAN TEMİZLİK,12,
ELIDOR 700ML SAC KREMI DÜZLESTIRICI,KOZMETİK,12,
DR.OETKER CREME OLE CIKOLATALI FINDIK 125GR,GIDA,12,sekerci
S.BRITE TEMIZLIK BEZI 3LU ÇİLEK KOKU,DETERJAN TEMİZLİK,12,
ULKER DIDO SUTLU CIKOLATA,GIDA,12,sekerci
YUMOS 1500 ML.DELUX FREZYA,DETERJAN TEMİZLİK,12,
YUMOS EXTRA 720ML LAVANTA MANOLYA,DETERJAN TEMİZLİK,12,
ULKER CICI BALIK KRAKER 40 GR.,GIDA,12,bufe
ULKER GRANINI NEKTARI KAYISI 1KG,İÇECEK,12,
KARMEZ LAVAS 10 AD 950GR,GIDA,12,firin
KOSLA SIVI FLORAL 1LT,DETERJAN TEMİZLİK,12,
TAT PRATIK DOGRANMIS DOMATES 370 GR,GIDA,12,
TAT BEZELYE 4250 GR. NO:3,GIDA,12,
SEK MEYVE NEK.200 ML PORTAKAL,İÇECEK,12,
PERSIL 7KG EXPERT,DETERJAN TEMİZLİK,12,
S.BRITE SUNGER BEZ 3LU,DETERJAN TEMİZLİK,12,
OSKAR PİŞMANİYE 190 GR,SÜT KAHVALTILIK,12,
TILLO 1801 KORUKLU FANTUZ POMPA,EV,12,
ORKID MAXI UZUN 10 LU YENI,KAĞIT,12,
DR.OETKER PELTE DAG CICEGI 110GR,GIDA,12,
SONY SHRINK ORTA 2Lİ,EV,12,
ANCHOR TIRNAK MAKASI,KOZMETİK,12,
ARGEM KUBBELI ASKI 4'LU,EV,12,
ARKO T2 5 LI KULLAN AT TRAS BICAGI,KOZMETİK,12,
KNORR FESLEGENLI MAKARNA SOSU 50 GR,GIDA,12,
ARKO NEM 75ML. KREM TUP ZEYTINYAGLI,KOZMETİK,12,
SULTAN KARE BUYUK TOST EKMEGI,GIDA,12,
KOSKA CEVIZLI KOZ HELVASI 50 GR,SÜT KAHVALTILIK,12,sekerci
"MILUPA APTAMIL 1 BEBEK SUTU EKONOMIK 1,2 KG",BEBEK,12,
P.BAHCE 59204 DIKDORTGEN TEPSI,EV,12,
ROCCO JELLY KAYMAK AROMALI 80GR,GIDA,12,
KOSKA DIYET HELVA SADE 350 GR,SÜT KAHVALTILIK,12,sekerci
PASTAVILLA MAKARNA KEPEKLI 350GR TAGL.,GIDA,12,
LIPTON EARL GREY TEA 500 GR.,İÇECEK,12,
NESTLE KAKAO 100 GR.,GIDA,12,
OKEY ROTAR 10 LU,KOZMETİK,12,
ARKO NEM NAR&UZUM 75ML BAKIM KREMI TUP,KOZMETİK,12,
W.CANPED BEZ 10 AD.ORTA BOY,KAĞIT,12,
AKDEM MELİSA LIMON OTU 20GR,İÇECEK,12,
ICIM UCGEN PEYNİR 16 PORSIYON,SÜT KAHVALTILIK,12,
DR.OETKER KAZANDIBI 150 GR,GIDA,12,
M.BIRLIK HUSUSI ZEYTIN 500 GR,SÜT KAHVALTILIK,12,
TADIM KOKTEYL 100 GR,GIDA,12,
ALATURCA CIKOLATA DOLG. KAKAOLUKURABIYESI 124GR,GIDA,12,sekerci
MOLPED D.C.LIGHT 40AD GUNL.PED FLOWER DEO,KAĞIT,12,
YAREN METAL KAPAKLI CAM KAVANOZ NO:4,EV,12,
VERNEL 4LT MAVI ESINTI YUMUSATICI,DETERJAN TEMİZLİK,12,
BINGO SIVI DET.2 LT.ERGUVAN ES.,DETERJAN TEMİZLİK,12,
COOK COP TORBASI JUMBO BOY EXTRA,EV,12,
SESU EL AGDASI 270 GR,KOZMETİK,12,
HALK CORBA MERCIMEK,GIDA,12,
PROTEX SIVI SABUN 750+300ML 2LI ULTRA,KOZMETİK,12,
KENT XD WHITE 2013,SİGARA,12,
SENER RECEL 380 GR KAYISI,SÜT KAHVALTILIK,12,
EKEN KURU KAYISI NO:4,GIDA,12,kuruyemisci
BEBELAC ARMUTLU MUHALLEBI 125 GR GECE,BEBEK,12,
COLGATE D.M.TOTAL 75 ML.,KOZMETİK,12,
PAKMAYA PIRINC UNU 200 GR.,GIDA,12,
BALKOVAN ÇIT KAPAK SUZME CICEK BALI 350 GR,SÜT KAHVALTILIK,12,
KAR PATOS ACI MISIR CIPSI 60 GR.,GIDA,12,
HALK FUN BAHARATLI CUBUK KRAKER 40GR,GIDA,12,bufe
CIF PAWERCREAM AKTIF KALKAN BANYO SPREY 750ML.,DETERJAN TEMİZLİK,12,
DURACELL 2LI KALEM PIL AA,EV,12,
JOLY EMICI KULOT UNISEX MEDIUM 8 LI,KAĞIT,12,
FAMILIA SB DESENLI WC KAGIDI 24 LU,KAĞIT,12,
HAMURANA KOY TARHANASI 500GR.,GIDA,12,
KOSKA YAZ HELVASI CEVIZLI 500 GR,SÜT KAHVALTILIK,12,sekerci
AIR WICK F.M YED.MANOLYA 2 ALANA 1 BED.,DETERJAN TEMİZLİK,12,
ALGIDA MARAS SADE 750 ML,SÜT KAHVALTILIK,12,
KENT JELIBON 75 GR KOPPUK,GIDA,12,sekerci
PIKNIK 244 SILIKON YUMURTA FIRCASI,EV,12,
DURU KEPEKLİ BULGUR 1KG,GIDA,12,
SIGNAL D.F. BEYAZ GUC ORTA ULTRA,KOZMETİK,12,
KNORR CORBA KASIK BOREK 100 GR,GIDA,12,
NESCAFE CLASSIC 200 GR.,İÇECEK,12,
SONY SHRINK BUYUK 2 LI SUN 1 NUB 2,EV,12,
AKDEM ADAÇAYI 40 GR,İÇECEK,12,
PIKNIK 1407 PLASTIK ELDIVEN 20,EV,12,
MARC MUTFAK SPREY 1 LT.,DETERJAN TEMİZLİK,12,
ELIDOR 350 ML SAC KREMI GUCLU VE PARLAK,KOZMETİK,12,
PANTENE PRO-V 600 ML SAMP. TEMEL BAKIM,KOZMETİK,12,
SITIL PREMIUM KREM BOYA 100 GR SIYAH,DETERJAN TEMİZLİK,12,
DR.OETKER CIKOLATA HARFLER RAKAMLAR 45 GR,GIDA,12,sekerci
IPEK SAMP.600 ML NORMAL ŞAÇ ORKİDE,KOZMETİK,12,
P.BAHCE 95040 AQUA 6'LI FINCAN TAKIMI SADE,EV,12,
ELIDOR 700ML SAC KREMI SAC DOKULMELERINE KARSI,KOZMETİK,12,
DR.OETKER KREM SANTI LIGHT TOZ 38GR,GIDA,12,
TURSIL MATIK 6+1 KG COLOR LEYLAK,DETERJAN TEMİZLİK,12,
DURACELL 4 LU KALEM PIL AVANTAJ PAKET,EV,12,
DOVE SAMPUAN 700 ML BESLEYICI BAKIM,KOZMETİK,12,
NIVEA SOFT 300+50ML KVNZ,KOZMETİK,12,
ALGIDA MAGNUM MINI 6LI CLASIC-BADEM-BEYAZ,SÜT KAHVALTILIK,12,
S.BRITE PAMUKLU PASPAS YENI,DETERJAN TEMİZLİK,11,
DOGUS KUP SEKER 5 KG TEKLİ SARGILI,İÇECEK,11,
TAT TURLU CAM 680GR,GIDA,11,
HOBBY CRAZY HEAD JOLE 150 ML ISLAK SERT,KOZMETİK,11,
ALTIN CEZVE TOZ ICECEK NAR 300 GR,İÇECEK,11,
AKDEM HARNUP PEKMEZI 820 GR,SÜT KAHVALTILIK,11,
F NEFFIS KOFTELIK BULGUR 1 KG.,GIDA,11,
SEK GUNLUK SUT 200 ML,SÜT KAHVALTILIK,11,
YORSAN DIL PEYNIR 250GR TAM YAGLI,SÜT KAHVALTILIK,11,
TARIS Z.YAGI SIZMA 2LT TNK,GIDA,11,
ELSEVE 650 ML NORMAL SACLAR ICIN,KOZMETİK,11,
PENGUEN SIVRIBAMYA 720G,GIDA,11,
DURU GURME 5 LI SABUN 375GR CARAMELA,KOZMETİK,11,
KNORR FIRINDA TAVUK CESNISI 37GR,GIDA,11,
COLGATE D F NAVIGATOR PLUS 1+1,KOZMETİK,11,
VIVIDENT DAMLA SAKIZ 23GR,GIDA,11,sekerci
DR.OETKER SUPANGLE 2 Lİ % 50 IND,GIDA,11,
ULKER PIKNIK SADE 3*70 GR,GIDA,11,
ARTCRAFT YAGLIK SIRKELIK,EV,11,
TARIS Z.YAGI SIZMA 750 ML,GIDA,11,
PANTENE Y 400GR ONARICI BAKIM 2IN 1,KOZMETİK,11,
PHILIPS 23W=100 W 1400 LM TORNADO COOL DAYLIGHT,EV,11,
OLCA BIBER SALCASI 720 GR CAM ACI,GIDA,11,
DURU LIMON KOLONYA SPREY 150ML,KOZMETİK,11,
P.BAHCE 53523 KARAMAN 6'LI ÇEREZLIK,EV,11,
PRIL STANDART JEL BULAS.MAK. SODA ETKILI 1500 ML,DETERJAN TEMİZLİK,11,
MR.MUSCLE KLOZET BLOK ORMAN ESINTISI,DETERJAN TEMİZLİK,11,
SUTAS KLASIK PEYNIR 300 GR,SÜT KAHVALTILIK,11,
BINGOSOFT 1LT STAR EAU DE PARFUM ETKISI,DETERJAN TEMİZLİK,11,
IPEK SAMP.700 ML 2'Sİ 1 ARADA KOPARAK DÖKÜLEN SAÇ,KOZMETİK,11,
PINAR CESNI KETCAP 750GR,GIDA,11,
TORKU GOFRET KARAMELLI FINDIKLI 160 GR,GIDA,11,sekerci
PIERRE CARDIN ATHENA COTTON,EV,11,
GILLETTE WOMEN VENUS 4LU,KOZMETİK,11,
AVUKADO TANE,MEYVE SEBZE,11,manav
DURU SIVI SABUN 300 ML VISNE,KOZMETİK,11,
M.BIRLIK SIZMA Z.YAGI 5 LT.,GIDA,11,
CALGONIT TEMIZLIK VE BAKIM SETI,DETERJAN TEMİZLİK,11,
JOHNSON`S VAZELIN 100ML ALOE VERA,KOZMETİK,11,
SENER TAHIN 300 GR CAM,SÜT KAHVALTILIK,11,
F BAKTAT PATLICAN KIZARTMA 300 GR,GIDA,11,
BIZIM MUTFAK CORBA KOFTELI NOHUTLU LEBENIYE,GIDA,11,
JOLY KANALLI KANATLI NORMAL 10 AD,KAĞIT,11,
SENER UZUM PEKMEZI 400 GR,SÜT KAHVALTILIK,11,
HEAD SHOULDERS 400ML ERKEKLER ICIN,KOZMETİK,11,
SOLO ULTRA HAVLU 12 LI,KAĞIT,11,
SENER HELVA 500GR SADE,SÜT KAHVALTILIK,11,sekerci
KENT 375 GR DAMLA SAKIZLI SEKER ELEGAN,GIDA,11,sekerci
CIF SUNLIGHT BULASIK DETERJANI LIMON 1275 GR,DETERJAN TEMİZLİK,11,
GILLETTE MACH3 SENSITIVE 2LI,KOZMETİK,11,
BERRAK BIBERIYE 720ML,GIDA,11,
ERNET KLOZET DEOD. LAVANTA,DETERJAN TEMİZLİK,11,
CANBEBE MINI 2,BEBEK,11,
ICIM M.SUYU 330ML VİŞNE MEYVE SUYU,İÇECEK,11,
P.BAHCE 95290 CAY TAKIMI,EV,11,
VILEDA ELDIVEN KULLAN AT MULTI SM,DETERJAN TEMİZLİK,11,
ORAL-B D.F. PRO EXPERT 1+1 BEDAVA,KOZMETİK,11,
SELPAK MEGA PECETE BUYUK BOY 100LU,KAĞIT,11,
KOSLA HALI SAMPUANI ELDE 3IN1 500ML,DETERJAN TEMİZLİK,11,
BINGO MUTFAK SPREY 750ML,DETERJAN TEMİZLİK,11,
ETI TOPKEK MEYVELI 400GR. 10 LU,GIDA,11,
TAMEK MEYVE SUYU 1 LT KUTU KARISIK,İÇECEK,11,
DOGANAY LIMON SUYU 250 ML,İÇECEK,11,
SELIN KOLONYA 200ML PVC,KOZMETİK,11,
EYÜP SABRİ TUNCER LIMON KOLANYASI 250 ML,KOZMETİK,11,
PROTEX SABUN 4 LU PKT PRO HIJYEN,KOZMETİK,11,
CARTE D`OR CIKOLATALI SOS 300 GR,SÜT KAHVALTILIK,11,sekerci
MR.MUSCLE KLOZET BLOK OKYANUS SERIN,DETERJAN TEMİZLİK,11,
DR.OETKER CREM OLE DAMLA SAKIZLI,GIDA,11,sekerci
ULKER HOBBY POSET 250GR,GIDA,11,
KOSLA OX IBEYAZ 1000 GR,DETERJAN TEMİZLİK,11,
YORSAN BAL KAYMAK 190 GR,SÜT KAHVALTILIK,11,
DOVE 700ML BESLEYICI KREM,KOZMETİK,11,
ORKID MAXI GECE 32 LI,KAĞIT,11,
CIL TIRBISON VE MESRUBAT ACACAGI,EV,11,
DOGANAY SALGAM SUYU ACILI 330ML CAM SISE,İÇECEK,11,
VERNEL 750ML MAX YASEMIN VE ALOERA,DETERJAN TEMİZLİK,11,
KARMEZ TOST EKMEGI DILIMLI 500 GR,GIDA,11,
MOLFIX SENSİTİVE ISLAK HAVLU 40AD,KAĞIT,11,
M.BIRLIK AZ TUZLU 800 GR HUSUSI,SÜT KAHVALTILIK,11,
ULKER CAMLICA 250 ML PORTAKAL,İÇECEK,11,
FALIM 5`LI SAKIZ KARISIK MEYVE,GIDA,11,sekerci
BILLUR TUZ 500 ML DEMIR MINERALLI,GIDA,11,
BAGDAT KEKIK 97GR,GIDA,11,
PIKNIK 1955 CAM CIRA,EV,11,
MLP DCARE LIGHT 60*10 NORMAL,KAĞIT,11,
ALOMATIK 5 KG KAR CICEGI,DETERJAN TEMİZLİK,11,
COLGATE D.F. MAX WHITE 1+1 ORTA YENI,KOZMETİK,11,
FERSAN SALGAM SUYU 1000 ML ACISIZ,İÇECEK,11,
BANAT CONFORT TEMIZLIK SETI,DETERJAN TEMİZLİK,11,
MOLFİX İKİZ PAKET MAXİ PLUS 9-20KG,BEBEK,11,
LIPTON TB 40GR ELMALI IHLAMUR,İÇECEK,11,
ICIM YOGURT 2 KG EV TIPI DOGAL,SÜT KAHVALTILIK,11,
VEET DUSTA NORMAL 150 ML,KOZMETİK,11,
BERRAK TURSU KARISIK 720 ML,GIDA,11,
KOMILI BEBEK SABUNU 100GR ZEYTIN YAGLI,BEBEK,11,
HALK TAVUK BULYON 24 TABLET,GIDA,11,
H.SAKIR SAC KREMI KINA OZLU 600 ML.,KOZMETİK,11,
ROCCO SIKI ŞEKER KESKİN NANE 19.5GR,GIDA,11,
ARI 12 VIT.6 MIN.SUTLU ELMALI 250 GR,BEBEK,11,
ARTCRAFT AYAKLI MESRUBAT BARDAGI 3'LÜ,EV,11,
SUTAS BABYMIX ELMA 4LU,SÜT KAHVALTILIK,11,
DOMESTOS ULTRA 2LT LIMON FERAHLIGI,DETERJAN TEMİZLİK,11,
VILEDA MIKROFIBER KONFOR TEM. BEZI,DETERJAN TEMİZLİK,11,
SESU KARTUŞ AĞDA LIMON 100 ML,KOZMETİK,11,
APTAMIL ARMUTLU PORT. 250 GR,BEBEK,11,
ORKID DEO FRESH YAPRAK 20 LI LIGHT,KAĞIT,11,
ROCCO STRIP NANE,GIDA,11,
MARC BANYO JEL 1LT+MUTFAK JEL 1LT,DETERJAN TEMİZLİK,11,
BALPARMAK SUZME CAM BALI 850 G,SÜT KAHVALTILIK,11,
H.SAKIR GUZL SAB 5LI YAĞMUR SONRASI,KOZMETİK,11,
JOLY EMICI KULOT UNISEX LARCH 10 LU,KAĞIT,11,
LAND LITE ELH/S-20W,EV,11,
TARAK RENKLI,KOZMETİK,11,
GILLETTE BLUE III 3 LU Oasis,KOZMETİK,11,
ARGEM LUX TEKLI GIRGIR,EV,11,
ULKER YUPO JELLY JUNGLE 80 GR,GIDA,11,
"WELLA TUP SAC BOYASI 6,0 KOYU KUMRAL",KOZMETİK,11,
KOSKA PEKMEZ 800 GR.,SÜT KAHVALTILIK,11,
ARTCRAFT RECELLIK BALLIK TEKLI,EV,11,
BESLER PIKNIK MACAR SALAM 700 GR,ET TAVUK,11,kasap
AKDEM ADA CAYI 20LI,İÇECEK,11,
MARUL,MEYVE SEBZE,11,manav
ARKO TRAS KREMI 100 GR.CITRUS,KOZMETİK,11,
PEYMAN KLASIK MIX 200 GR,GIDA,11,
ALGIDA DONDURMA 1000 ML KAKAO-VANILYA,SÜT KAHVALTILIK,11,
PENGUEN RECEL KAYISI 1800GR,SÜT KAHVALTILIK,11,
TAT RECEL SEFTALI 380GR,SÜT KAHVALTILIK,11,
TAT YAPRAK SARMA 400 GR,GIDA,11,
SOLO ULTRA HAVLU3 LU,KAĞIT,11,
CLEAR 350 ML SAMP.YUMUSAK VE PARLAK,KOZMETİK,11,
CEBEL SUZME CAM BALI 850 GR.,SÜT KAHVALTILIK,11,
LAND LITE ELT/M-11W,EV,11,
CLEAR 350 ML SAMP. WOMEN KOMPLE BAKIM,KOZMETİK,11,
ELSEVE KOFRE 360 ML SAMP.ONARICI+200 ML SAC KREMI,KOZMETİK,11,
PENGUEN DOMATES SALCASI 700GR,GIDA,11,
GLADE MULTI SPRAY 460ML. NEUTRAFRESH,DETERJAN TEMİZLİK,11,
CLEAR 650 ML SAMP.HIZLI SITIV,KOZMETİK,11,
NIVEA LIP DUDAK KORUYUCU VITAMIN SHAKE,KOZMETİK,11,
DOGUS KARADENIZ CAY DEMLIK 100'LU BERGAMOTLU,İÇECEK,11,
NIVEA FORMEN TRAS KREMI 100 ML YENI,KOZMETİK,11,
PIKNIK 1403 KILITLI ORTA TORBA,EV,11,
CLEAR 650 ML SAMP.SAC DOKULMELERINE KARSI,KOZMETİK,11,
NIVEA KREM 150 ML. ITHAL,KOZMETİK,11,
ELSEVE 360ML.SAC KREMI YAGLANMA KARSITI,KOZMETİK,11,
GARNIER SAC BOYA 9 SARI,KOZMETİK,11,
ARTCRAFTSU BARDAGI 6 LI,EV,11,
SELIN KOLONYA 400ML PVC,KOZMETİK,11,
DR.OETKER VITALS MULTI MEYVELI,GIDA,11,
HALK M. SUYU 200ML YENI SEFTALI,İÇECEK,11,
HASTEL SU BÖREKLİK YUFKA 1 KG,GIDA,11,
BEBELAC 125GR.CAVDARLI MISIRLI SABAH,BEBEK,11,
DOGADAN GIZLI BAHCE 100 LU DEMLIK,İÇECEK,11,
DR.OETKER KOSTEBEK TATLI,GIDA,11,
IPEK SAMP.700 ML KEPEGE KARSI ETKILI,KOZMETİK,11,
BIOBLAS SAÇ DÖK.KEP. KARŞI SAMP.400 ML,KOZMETİK,11,
DR.OETKER JOLE 100 GR.LIMON,GIDA,11,
HUGGIES MIDI KIZ 54'LU,BEBEK,11,
KOSKA RECEL PORTAKAL 380 GR,SÜT KAHVALTILIK,11,
BIOBLAS SAÇ DÖK.KARŞI. YAGLI SAC 400 ML,KOZMETİK,11,
KOMILI OLIVE DENİZ MİNERAL 5*75 GR,KOZMETİK,11,
TAT ZEYTINYAGLI FASULYE 380 GR,GIDA,11,
ORAL-B D.F. EXPERT 2.SI%50 IND.,KOZMETİK,11,
AKAT GARDI SAC KOPUK ULTRA MOR,KOZMETİK,11,
MAGGI ACILI BAHARATLI CESNI 30GR.,GIDA,11,
ICIM M.SUYU 330ML SEFTALI NEKTARI,İÇECEK,11,
SIGNAL D.F. PROFESSIONASL,KOZMETİK,11,
GLADE MULTI SPRAY ROSE 460 ML,DETERJAN TEMİZLİK,11,
APTAMIL İRMİKLİ BALLI 250 GR,BEBEK,11,
"COCA COLA ZERO  2,5 LT. EKO BOY",İÇECEK,11,bufe
TILLO 1277 CAMASIR IPI,EV,11,
AKDEM SARIMSAK  CAYI 40 LI,İÇECEK,11,
GILLETTE BLUE II TRAS BICAGI 10 AD.,KOZMETİK,11,
KOTEX LIGHT DAYS GUNLUK PED ALOVERA,KAĞIT,11,
ELIDOR 700ML SAMP.+200 ML SAC KREMI GUCLU ETKI,KOZMETİK,11,
VIVIDENT ACTIVE MIKRO KRISTALLER,GIDA,11,
NIVEA BABY FRESH&PURE ISLAK MENDIL2+1,KAĞIT,11,
BİGİY TENİS SPORT CORAP,EV,11,
SOLEN BISCOLATA PIA LIMON  100 GR,GIDA,11,
ULKER KREMINI TOFFE AHUDUDU,GIDA,11,sekerci
ETI HOSBES FINDIKLI GOFRET 100 GR,GIDA,10,sekerci
P.BAHCE 62541 IZMIR 6'LI CAY BARDAGI,EV,10,
FABU AJAX MUTFAK YAG COZ+YEDEK,DETERJAN TEMİZLİK,10,
NIVEA ROLL-ON 50 ML DRY COMFORT,KOZMETİK,10,
PHILIPS AMPUL 40 WT,EV,10,
MARC DEO 2 LI FIRSAT PAKETI,DETERJAN TEMİZLİK,10,
HEAD SHOULDERS 400ML EKSTRA NEMLENDIRICI,KOZMETİK,10,
BAGDAT NAR EKSILI SOS 1KG,GIDA,10,
AIR WICK FRESH MATIC LAVENDER YEDEK,DETERJAN TEMİZLİK,10,
ARKO NEM YOGURT BOGURTLEN 75ML BAKIM KREMI TUP,KOZMETİK,10,
ARGEM LAVABO FIRCASI,EV,10,
ARGEM WC FIRCA TEK,EV,10,
CLIO PAS KIREC COZUCU 900 ML,DETERJAN TEMİZLİK,10,
A.CARTE D'ORSELECTION.900ML KARAMELLI,SÜT KAHVALTILIK,10,sekerci
FAIRY H 1 ARADA BUL.MAKINESI 28'LI LIMON,DETERJAN TEMİZLİK,10,
PATOS ROLLS 84 GR,GIDA,10,
DOGANAY SALGAM SUYU 330ML CAM SISE,İÇECEK,10,
TAMEK HASLANMIS BARBUNYA 850ML,GIDA,10,
"RENGA MOR BOYALI CIZGILI SURAHI 1,5 LT",EV,10,
ULKER BASAK KEPEKLI BISKUVI 150GR,GIDA,10,
CIF ULTRA HIZ BANYO SPREY 500 ML,DETERJAN TEMİZLİK,10,
BEBELAC SUTLU BALLI IRMIKLI 250GR,BEBEK,10,
MOLPED D.C.LIGHT 20AD GUNL.PED FLOWER DEO SW,KAĞIT,10,
KOSLA OXI MAX 500GR,DETERJAN TEMİZLİK,10,
BINGOSOFT 4 LT KIS SURPRIZI,DETERJAN TEMİZLİK,10,
L M KISA LACIVERT,SİGARA,10,
IKBAL ACIK KANGAL SUCUK KG,ET TAVUK,10,kasap
ORAL-B D.F. PULSAR ORTA,KOZMETİK,10,
BIZDEN KOCBASI NOHUT 1 KG,GIDA,10,
WOOLITE BLACK SAMP.1.5KG,DETERJAN TEMİZLİK,10,
TAMEK MEYVE SUYU 1 LT KUTU VISNE,İÇECEK,10,
BIZDEN KIRIK PIRINC 1000GR,GIDA,10,
GILLETTE BLUE II EXCEL 8 LI MAXIMUM,KOZMETİK,10,
HALK SANDVIC KAKAOLU 200 GR,GIDA,10,
ICIM PUDING VANILYALI 125GR,GIDA,10,
ETI TOPKEK KAKAOLU FINDIKLI 10 ADET,GIDA,10,
ICIM HOMOJEN YOGURT 1500GR,SÜT KAHVALTILIK,10,
"RINSO MATİK 1,5 KG DÜŞ BAHÇESİNDE GEZİNTİ",DETERJAN TEMİZLİK,10,
TORKU CLASSIC ANTEP FISTIGI CIKOLATA 80GR,GIDA,10,sekerci
VILEDA CIZMEZ SUNGER2'LI EKO.PAKET,DETERJAN TEMİZLİK,10,
CLIO SIVI BULASIK DETERJAN 1LT ELMA,DETERJAN TEMİZLİK,10,
ULKER COKOKREM GOLDEN 700 GR,SÜT KAHVALTILIK,10,
COLGATE D.M.MAXFRESH 125ML.+50ML HEDIYE,KOZMETİK,10,
VERNEL 1LT GULUN BUYUSU YUMUSATICI,DETERJAN TEMİZLİK,10,
DALIN BEBE SAMPUANI 125 ML,BEBEK,10,
DURU GOURMET DUS JELI 500+250 VISNELI TURTA,KOZMETİK,10,
PANTENE 400ML SAMPUAN NEM TERAPISI,KOZMETİK,10,
ELIDOR 1000ML SAMP.IŞILDAYAN PARLAKLIK,KOZMETİK,10,
VERNEL 4LT GULUN BUYUSU YUMUSATICI,DETERJAN TEMİZLİK,10,
BORCAM FIRIN KABI 59084,EV,10,
DOGADAN GIZLI BAHCE 500 GR,İÇECEK,10,
CALGONIT TABL15+TUZ+PARLATICI,DETERJAN TEMİZLİK,10,
MILUPA KAV.200GR YUL+UZUM+KAYISI+MUZ,BEBEK,10,
DR.OETKER PANDISPANYA UN 350GR,GIDA,10,
KENT MISSBON TEREYAG BONBON 100GR,GIDA,10,
WELLA TUP SAC BOYASI 11/1 AÇIK KÜLLÜ SARI,KOZMETİK,10,
PROTEX SIVI SABUN HIJYEN 750 ML 2.CI %25 İND.,KOZMETİK,10,
ICIM M.SUYU 330ML KAYISI,İÇECEK,10,
FRUKO 330 ML GAZOZ TNK,İÇECEK,10,bufe
KOSLA TUL 500 GR,DETERJAN TEMİZLİK,10,
REST TEMIZLIK BEZI 1+1,DETERJAN TEMİZLİK,10,
MOLPED D.C.ULT LİGHT GÜNLÜK BAKIM PEDİ FLORAL 40,KAĞIT,10,
UMIT KALBURABASMA TATLI 12AD.,GIDA,10,
PROTEX SABUN 4 LU PKT PRO BAKIM,KOZMETİK,10,
"RINSO MATİK 1,5 KG ÇİÇEK DİYARINA YOLCULUK",DETERJAN TEMİZLİK,10,
YAREN RENGA DESENLI SU SISESI 1 LT,EV,10,
DALIN CAMASIR YUMUSATICISI 2LT.,BEBEK,10,
WEE KIVIRCIK BIBERON 125ML,BEBEK,10,
BANAT DIS FIRCA POCKET ORTA,KOZMETİK,10,
CARTE D`OR MEYVE SOLENI SOS 300 GR,SÜT KAHVALTILIK,10,
HOBBY GLISERINLI SIVI SABUN 4 LT YESIL BAHAR TAZ,KOZMETİK,10,
BINGO SIVI DET.4 LT.NARIN,DETERJAN TEMİZLİK,10,
COLGATE D.F OPTIK BEYAZ 1+1 ORTA,KOZMETİK,10,
BERRAK TURSU SALATALIK 1700ML NO:1 PET,GIDA,10,
HEAD SHOULDERS 600ML. OKALIPTUS,KOZMETİK,10,
BLENDAX 700ML GUCLENDIRI ZAYIF VE YIP.,KOZMETİK,10,
ELIDOR 7/24 SEKILENDIRICI KREM ONARICI VE YAPILAND,KOZMETİK,10,
BEBELAC KAV.125GR ISPANAKLI PATATESLİ PÜRE,BEBEK,10,
NUMIL APTAMIL 5 DEVAM SUTU 300 GR,BEBEK,10,
ARKO NATUREL KREM 300ML. KAVANOZ,KOZMETİK,10,
IPANA D.M.GUCLU FERAHLIK 50 ML 7 KORUMA,KOZMETİK,10,
MR.MUSCLE STICK ON KLOZET BANDI LAVANTA,DETERJAN TEMİZLİK,10,
DURU LIMON KOLONYA 200ML PVC,KOZMETİK,10,
BINGOSOFT 750 ML KONSANTRE STAR,DETERJAN TEMİZLİK,10,
ULKER HOBBY 600GR-100'LU,GIDA,10,
DR.OETKER SUSLEME GLAZURU 76 GR,GIDA,10,
ARKO TRAS KOPUGU 200ML. AQUA,KOZMETİK,10,
IPANA 3 BOY. BEY. EXTRA FERAH 125ML,KOZMETİK,10,
VERNEL 6LTSENSUAL YUMUSATICI,DETERJAN TEMİZLİK,10,
PENGUEN ENGINAR KONSERVESI 670GR,GIDA,10,
GILLETTE BLUE III ICE 3'LÜ,KOZMETİK,10,
DURU GOURMET DUS JELI 500+250 MANGOLU,KOZMETİK,10,
CANBEBE KAZANCLI PAKET 4+MAXİPLUS 70 ADET,BEBEK,10,
LOFCALI SIVI ARAP SABUNU,DETERJAN TEMİZLİK,10,
CALVE MAYONEZ 250GR. CAM,GIDA,10,
SOLEN BISCOLATA STARZ 100 GR MOCHO KAHVELI,GIDA,10,
HERO BABY SUTLU 8TAHILLI 500 GR,BEBEK,10,
ARGEM CAMASIR IPI 2'LI,EV,10,
DOGUS ROYAL BREAKFAST 100 AD.BARDAK,İÇECEK,10,
ETI GOFRETLI CIKOLATA 65 GR MUZLU,GIDA,10,sekerci
FAMILIA SB DESENLI HAVLU 8 LI,KAĞIT,10,
SENER KAYISI RECELI 770 GR,SÜT KAHVALTILIK,10,
DR.OETKER KEKUN SOKO 500 GR.,GIDA,10,
NUMIL APTAMIL 4 300GR KUTU,BEBEK,10,
VIVIDENT B BOX AIR ACTION,GIDA,10,
PROTEX SIVI SABUN 750 ML*2İ%25 İND. PROF.BAKIM,KOZMETİK,10,
SENER UZUM PEKMEZI 1020 GR,SÜT KAHVALTILIK,10,
IPEK DUS JELI 650 ML FERAHLATICI DENIZ KOKUSU,KOZMETİK,10,
KOSKA RECEL VISNE 1850GR.,SÜT KAHVALTILIK,10,
KNORR FIRINDA TAVUK CESNISI 32 GR,GIDA,10,
CILLITBANG KİREÇ VE KİR SÖKÜCÜ 750ML,DETERJAN TEMİZLİK,10,
ARKO T2 PRO 5LIKULLAN AT TRAS BICAGI,KOZMETİK,10,
HURMA KG.,MEYVE SEBZE,10,manav
"YEDIGUN 2,5LT. KAN PORTAKAL PET SISE",İÇECEK,10,
KOSKA KAGIT HELVA 45 GR,SÜT KAHVALTILIK,10,sekerci
WINSTON XSENCE ONE SILIM,SİGARA,10,
S.BRITE 2 LI BULS.SUNG ELMA DUZ,DETERJAN TEMİZLİK,10,
DOGADAN YESIL CAY LIMONLU 20'LI,İÇECEK,10,
PRIL BULS.MAK.7 FONKS.TABLET 15 Lİ,DETERJAN TEMİZLİK,10,
PIKNIK 012 MUM YASGUNU,EV,10,
PEPSI 330 ML LIGHT TNK,İÇECEK,10,
ELSEVE 650 ML SAMPUAN KEPEK KARSITI,KOZMETİK,10,
HEAD SHOULDERS 400ML BUZ FER.,KOZMETİK,10,
APTAMIL SÜTLÜ TAHIL KARISIMI GECE 500GR,BEBEK,10,
LIPTON EARL GREY TEA 100GR BERGAMOT,İÇECEK,10,
YAREN RENGA INEK DESENLI SUT SISESI 1 LT,EV,10,
SUPER FRESH GARNITUR 450GR,GIDA,10,
ARGEM KAPI ALTI BANDI,EV,10,
CEMZADE PISMANIYE 100 GR,SÜT KAHVALTILIK,10,
"WELLA TUP SAC BOYASI 9,0 SARI",KOZMETİK,10,
HERO PIRINCLI SUTLU KASIK MAMASI 250GR,BEBEK,10,
NIVEA CREAM 250 ML.KLASIK,KOZMETİK,10,
ROZI 4 AL 3 ODE 40 ADET ULTRA NORMAL,KAĞIT,10,
TILLO 1113 PASLANMAZ TEM.TOP,EV,10,
ULKER ONEO SAKIZ CEP PAKET YESIL NANE,GIDA,10,sekerci
P.BAHCE 54411 TEMPO CAY TABAGI 6 ADET,EV,10,
AKAT SAC KOPUGU 225ML EXTRA HOLD,KOZMETİK,10,
IPANA KOMPLE 7 DOGAL FERAH 1+1,KOZMETİK,10,
DOVE SAMPUAN 700ML ONARICI THERAPY,KOZMETİK,10,
DR.OETKER POGACA HAMURU 252 GR.,GIDA,10,firin
NIVEA DEO 150ML BLACK-WHITE,KOZMETİK,10,
PROTEX SIVI SABUN 1800 ML NEMLENDIRICI,KOZMETİK,10,
AIR WICK AQUA MIST MANOLYA,DETERJAN TEMİZLİK,10,
CLEAR 650 ML SAMP.COOL SPORT MEN,KOZMETİK,10,
SESU KARTUŞ AĞDA COCONUT 100 ML,KOZMETİK,10,
BERRAK ACI BIBER TURSUSU 370 ML,GIDA,10,
SHE CLUBBER DEO 150 ML,KOZMETİK,10,
WELLA KOLESTON 7/3 MAXI,KOZMETİK,10,
P.BAHCE 52499 6LI BARDAK HABİTAT,EV,10,
UMIT GALETA LIGHT 200 GR,GIDA,10,
HEAD SHOULDERS 600ML ERKEKLERE OZEL,KOZMETİK,10,
ARKO TRAS KOPUGU 300 ML MOIST,KOZMETİK,10,
NIVEA ROLL-ON FRESH ACTIVE MEN,KOZMETİK,10,
BABY STAR IKIZ MAXI 48 LI,BEBEK,10,
COLGATE D.M.TOTAL12 BEYAZ.125ML+D.F HEDIYELI,KOZMETİK,10,
ULKER YUPO JELLY MEYVE BAHCESI 80 GR,GIDA,10,
YUMOS 1500 ML.DELUX ORKIDE,DETERJAN TEMİZLİK,10,
SUTAS KLASIK PEYNIR 600 GR,SÜT KAHVALTILIK,10,
P.BAHCE 52052 6 LI ALANYA SU BARDAGI,EV,10,
SUTAS KEÇİ BEYAZ PEYNIR 600 GR,SÜT KAHVALTILIK,10,
"WELLA TUP SAC BOYASI 5,4 AÇIK KESTANE",KOZMETİK,10,
AIR WICK FRESH MATIK YED. BAHAR 2 ALANA 1 BED.,DETERJAN TEMİZLİK,10,
FILIZ YILDIZ SEHRIYE 500 GR,GIDA,10,
BANAT OVMA TELI,DETERJAN TEMİZLİK,10,
ELIDOR 350 ML SAC KREMI NEMLENDIRICI BAKIM,KOZMETİK,10,
ORAL-B CLASSIC DIS FIRCASI MEDIUM,KOZMETİK,10,
P.BAHCE 54036 BISTRO 2'LI KULLUK,EV,10,
BILLUR TUZ 500GR SODYUMU AZALTILMIS,GIDA,10,
TAMEK BAMYA SIVRI 825 GR TNK YENI,GIDA,10,
PRIL PERFECT TABLET 42 Lİ,DETERJAN TEMİZLİK,10,
NAZO TOZ ICECEK SEFTALI,İÇECEK,10,
BLENDAX 400 MLEXTRA HACİM,KOZMETİK,10,
BIZIM MUTFAK TENNURI CORBASI,GIDA,10,
LIPTON TB FORM PLUS LIMON 20 LI,İÇECEK,10,
PERSIL KAPSUL TUNINS COLOR 12 LI,DETERJAN TEMİZLİK,10,
CIL CEREZLIK SETI,EV,10,
AKDEM ZENCEFİL TOZ 100GR,İÇECEK,10,
FINISH H1 ARADA JEL 1300 ML,DETERJAN TEMİZLİK,10,
BIOBLAS SAMPTÜM SACLARA KREMLI 400ML,KOZMETİK,10,
MILUPA 8 TAHILLI BALLI 250 GR.KAHVALTI,BEBEK,10,
LIPTON PIRAMIT YESIL CAY LIMONLU MELISALI 20'LI,İÇECEK,10,
PIKNIK 1400 BUZ TORBASI,EV,10,
PENGUEN RECEL VISNE450 GR,SÜT KAHVALTILIK,10,
YEDIGUN 250 ML CAM AMASYA RUZGARI,İÇECEK,10,
OKEY HISSET,KOZMETİK,10,
ARTCRAFT 6LI DEM CAY BARDAGI,EV,10,
FINISH SUPER SET 60TAB+TUZ+PARL,DETERJAN TEMİZLİK,10,
SELPAK PECETE BUYUK BOY,KAĞIT,10,
KAVANOZ KONS.1LT KAPAKSIZ,EV,10,
PIERRE CARDIN ISIS 15 DEN. FIT DIZALTI TEN,EV,10,
KOSKA BADEM KROKAN 50 GR,SÜT KAHVALTILIK,10,kuruyemisci
CIF AKTIF FRESH 2500 ML LAVANTA,DETERJAN TEMİZLİK,10,
CIL FINDIK KIRACAGI,EV,10,
MONTE CARLO NINGHT BLUE SELENDER,SİGARA,10,
ELIDOR 350ML SAMP. RENK KORUYUCU,KOZMETİK,10,
SİHİRLİ ELLER CİG KÖFTE 400GR,GIDA,10,
ELIDOR 700ML TARAK HED.,KOZMETİK,10,
ARGEM DOGUM GUNU MUMU 24 LU,EV,10,
VILEDA ELDIVEN EXTRA SENSATION 7 KUCUK,DETERJAN TEMİZLİK,10,
M.BIRLIK AZ TUZLU 800 GR MEGA,SÜT KAHVALTILIK,9,
PEYMAN ANTEP FISTIGI 156GR,GIDA,9,
BIZIM OSMANCIK PİRİNÇ 1KG,GIDA,9,
CARTE DOR PUDING CIKOLATALI FINDIKLI 109 GR,GIDA,9,sekerci
BINGOSOFT 6 LT ADA FERAHLIĞI,DETERJAN TEMİZLİK,9,
MR.MUSCLE BANYO 750 ML PUSKURTMELI,DETERJAN TEMİZLİK,9,
TAT FASULYE CAM 680GR,GIDA,9,
ELIDOR 350ML ŞAMP. ALTIN MÜKEMMEL DÜZ,KOZMETİK,9,
ICIM SMART 200ML CILEKLI SUT,SÜT KAHVALTILIK,9,
KONYA KUP SEKER 405 ADET 1 KG,İÇECEK,9,
COLGATE MAXBEYAZLIK 125ML KRISTAL BEYAZLIK,KOZMETİK,9,
TAMEK HASLANMIS KURU FASULYE 850 GR.,GIDA,9,
BAGDAT ACI KIRMIZIBIBER 90GR,GIDA,9,
LADY STICK 45 ML 24/7 FRESH FUSION,KOZMETİK,9,
SONY ALKALİNE 9 V TEKLİ,EV,9,
PANTENE PRO-V 400ML SAMPUAN DOGAL SENTEZ,KOZMETİK,9,
PEYMAN ÇİTLİYO DAHA TUZLU AY CEKIRDEGI 300 GR,GIDA,9,
PERSIL MATIK 1.5 KG REGULAR,DETERJAN TEMİZLİK,9,
CARTE DOR VANİLİN 15'LI,GIDA,9,
F BAKTAT NOHUT PILAKI 400 GR,GIDA,9,
DAVIDOFF GOLD,SİGARA,9,
LADY STICK 45 GR ALOE MORNING B.YENI,KOZMETİK,9,
PROTEX SABUN 3+1BEDAVA ULTRA,KOZMETİK,9,
GOKCE TOZ ICECEK 170 GR KUSBURNU,İÇECEK,9,
GLADE MAKINE+ YEDEK CLEAN LINEN,DETERJAN TEMİZLİK,9,
TRESAN ISIRGANOTLU SAMPUAN 500ML YAGLI SACLAR,KOZMETİK,9,
AIR WICK AQUA MIST LAVANTA,DETERJAN TEMİZLİK,9,
P.BAHCE 53393 INCI 6LI KASE,EV,9,
S.BRITE ULTRA KONFOR SUNGER,DETERJAN TEMİZLİK,9,
PANTENE 400ML SACKREM NEM TERAPISI,KOZMETİK,9,
SERA COP TORBASIBUYUKBOY,EV,9,
FE DIS PASTASI 90 GR NATURAL,KOZMETİK,9,
CIF PASLANMAZ CELIK YUZEY TEMIZ.JEL 750ML.,DETERJAN TEMİZLİK,9,
LİPTON BERRAK YEŞİL ÇAY BERGOMAT 20LI,İÇECEK,9,
ICIM GUNLUK SUT 1 LT,SÜT KAHVALTILIK,9,
WELLA TUP SAC BOYASI 2.0 SIYAH,KOZMETİK,9,
UMIT BEZE 150GR,GIDA,9,
KOSKA RECEL CILEK 1850GR.,SÜT KAHVALTILIK,9,
VURALLAR OTLU PEYNIRI,SÜT KAHVALTILIK,9,
MOLFİX JUMBO PAKET MİDİ 4-9KG,BEBEK,9,
NIVEA DEO 150ML PUDRASIZ FRESH,KOZMETİK,9,
PROTEX SIVI SABUN YEDEK 750ML PRO BAKIM,KOZMETİK,9,
ARGEM PILAV&TATLI KALIBI,EV,9,
REDBULL BLUE ENERJI ICECEGI 250 ML.,İÇECEK,9,bufe
DOVE SAMPUAN 700ML RENK KORUYUCULU,KOZMETİK,9,
PAM SIVI SABUN 1 LT HINDISTAN CEVIZI,KOZMETİK,9,
P.BAHCE 42021 OPT.CAY BARDK 12,EV,9,
TARIS Z.YAGI SIZMA 1LT TNK,GIDA,9,
DEEP FRESH LIMON KOLONYASI PVC 325 ML,KOZMETİK,9,
HERO MUZLU PIRINCLI DEVAM 250GR,BEBEK,9,
ARI 12 VIT.6 MIN.SUTLU KARISIKSEBZELI 250 GR,BEBEK,9,
ELSEVE KOFRE 360 ML SAMP.ARGININE+200 ML SAC KREMI,KOZMETİK,9,
IPANA PRO-EXPERT 100 ML.,KOZMETİK,9,
ARGEM KUCUK METAL LAVABO SUZGECI,EV,9,
ARGEM VANTUZ POMPA KUCUK,EV,9,
GLADE AUTOMATIC SPREY 3 AL 2 ODE SIGARA K YOK EDER,DETERJAN TEMİZLİK,9,
SENSODYNE JEL BEYAZLATICI 100 ML,KOZMETİK,9,
NASCITA FAR APLIKATORU 5'LI,KOZMETİK,9,
H.SAKIR DUS JELI 250ML H.CEVİZI SUTU,KOZMETİK,9,
KOSKA HELVA PAPATYA 300 GR,SÜT KAHVALTILIK,9,sekerci
REST DESENLI BULASIK SUNGERI 2 LI,DETERJAN TEMİZLİK,9,
KOMILI BEBEK SAMPUANI 200ML,BEBEK,9,
MILUPA KAV.200GR ORGANIK MEYVE KOKTEYLI,BEBEK,9,
MILUPA SÜTLÜ PİRİNÇLİ 500 GR,BEBEK,9,
S.BRITE MİKROFİBER TEMIZLIK BEZI,DETERJAN TEMİZLİK,9,
VILEDA SUPER MOCIO PASPAS,DETERJAN TEMİZLİK,9,
PRIVACY DEO 150 ML LET'S PARTY WOMEN,KOZMETİK,9,
ARKO TRAS KOLONYASI 250 ML.SPORT,KOZMETİK,9,
ULKER KELLOGG`S COCO POPS 500 GR COKORING,SÜT KAHVALTILIK,9,
ARGEM AGAC MANDAL 18'LI,EV,9,
ULKER KELLOGG`S COCO POPS 450 GR COKOTOP,SÜT KAHVALTILIK,9,
CIF SPREY MUTFAK 750 ML NATUREL,DETERJAN TEMİZLİK,9,
CIF OKSI-JEL AKTIF OKSIJEN LAVANTA 1LT,DETERJAN TEMİZLİK,9,
WINSTON KISA CODE SLIDE,SİGARA,9,
NUMIL APTAMIL 3 350GR,BEBEK,9,
PAPIA WC KAGIDI 24'LU 4 KATLI 2012,KAĞIT,9,
KOMILI RIVIERA Z.YAG 5 LT.TENEKE,GIDA,9,
WEE SILIKON DESENLI EMZIK DAMAKLI,BEBEK,9,
YAHYAOGLU 30 LU YUMURTA MEDIUM,SÜT KAHVALTILIK,9,
PEYMAN ANTEP FISTIGI 35GR,GIDA,9,
DOGANAY ELMA SIRKESI 1 LT,GIDA,9,
DURACELL TURBO 4LU KALEM PIL AA CHECK,EV,9,
HOBBY JOLE PRO-VIT 300ML SERT,KOZMETİK,9,
BINGO MUTFAK SPREY 750 GR LIMONLU,DETERJAN TEMİZLİK,9,
KOSLA SIVI 2 LT PEMBE +1 LT BEYAZ,DETERJAN TEMİZLİK,9,
BIZIM MISIROZU YAG 5 LT.TENEKE,GIDA,9,
APTAMIL 5 MEYVELİ 250 GR,BEBEK,9,
KOTEX ULTRA DRY SOFT 32'LI NORMAL TEKLI PKT HED.,KAĞIT,9,
LIPTON TB NANE LIMON 20 LI,İÇECEK,9,
PANTENE 400GRKOP DOK SAC SAMP 2012,KOZMETİK,9,
CARTE DOR VANİLİN 5LI,GIDA,9,
EKİN ÇALI KURU FASULYE 1KG,GIDA,9,
ETI MAXIMUS XL SUTLU CIKOLATA 57 GR,GIDA,9,sekerci
CALGONIT BUL.MAK.PARLATICI 800 ML LIMONLU,DETERJAN TEMİZLİK,9,
NIVEA LIP DUDAK KORUYUCU SAF SU VE ALOE VERA,KOZMETİK,9,
NIVEA ROLL-ON INVISIBLE BLACK WHITE MEN,KOZMETİK,9,
CANPED EMICI KULOT X LARGE 10 AD.,KAĞIT,9,
DEPANA HASTA BEZİ 10LU KADINLAR,KAĞIT,9,
PEYMAN BADEM ICI 160GR,GIDA,9,kuruyemisci
OMO TOTAL 1400 ML FRESH ULT. KONSENTRE SIVI DET,DETERJAN TEMİZLİK,9,
ARGEM WC MATIK,EV,9,
PIKNIK 1428 SEBZE OYACAGI,EV,9,
CENK TOZ NAFTALİN 100GR,DETERJAN TEMİZLİK,9,
IPANA PRO EXPERT 50ML HEPSİ BİR ARADA BEYAZLIK,KOZMETİK,9,
SITIL SPECIAL 100 ML K.KAHVE LIKIT,DETERJAN TEMİZLİK,9,
GARNIER COLOR NATURALS 6.35 CARPICI ALTIN KAHVE,KOZMETİK,9,
ARKO NEM KREM 300 ML INCI DOKUNUS,KOZMETİK,9,
ARTCRAFT TEKLI SAKLAMA KABI,EV,9,
MILUPA KAV.200GR ELMA-MUZ-SEFT,BEBEK,9,
LIPTON ICE TEA 1.5 LT SEFTALI,İÇECEK,9,bufe
GILLETTE BLUE III PRIDEN 6 LI,KOZMETİK,9,
PEYMAN KAJU FISTIK165GR,GIDA,9,kuruyemisci
MOLFIX DEV EKO MINI,BEBEK,9,
REXONA WOMEN COTTON DEO 150 ML,KOZMETİK,9,
DR.OETKER SOKINO KEK KARIŞIMI 455GR,GIDA,9,
PINAR UCGEN PEYNIR KEKIKLI ZEYTINLI 8 LI,SÜT KAHVALTILIK,9,
AKDEM REZENE CAYI 20LI,İÇECEK,9,
KOSKA RECEL KAYISI 380 GR,SÜT KAHVALTILIK,9,
VILEDA STYLE DESENLI BEZI 3'LU,DETERJAN TEMİZLİK,9,
PEYMAN KABAK CEKIRDEGI 40 GR.,GIDA,9,
SILEN HAVLU ULTRA 2'LI,KAĞIT,9,
CALGONIT QUANTUM 30'LU,DETERJAN TEMİZLİK,9,
AKDEM FITNESS FORM CAY 20ADET,İÇECEK,9,
LIPTON FORM PLUS ACAILI 20'LI POSET,İÇECEK,9,
PIKNIK 321 EKONOMIK BEYAZ MUM 3 LU,EV,9,
PAPIA MENDIL MENTOLLU 10LU,KAĞIT,9,
CLIN ÇOK AMAÇLI CAM SIL 500 GR,DETERJAN TEMİZLİK,9,
YUDUM NATUREL SIZMA 5 LT,GIDA,9,
HALK ET SUYU 6 TABLET,GIDA,9,
BALPARMAK 600GR PET BAL CAM,SÜT KAHVALTILIK,9,
K.KUKRER SOYA SOSU 250GR,GIDA,9,
LISTERINE AGIZ BAKIM URUNU 250 ML WHITER,KOZMETİK,9,
ARKO NEM VANILYA FINDIK 75 ML BAKIM KREMI TUP,KOZMETİK,9,
DR.OETKER CHOCOLATERIA ÇIKOLATALI  FINDIK 98 GR.,GIDA,9,sekerci
KNORR CABUK CORBA PEYNIRLI PIZZA 5'LI PKT,GIDA,9,
PENGUEN AJVAR ACI PATL. BIBER EZMESI 185 GR,GIDA,9,
OLCA BIBER SALCASI 2 KG TATLI,GIDA,9,
ARGEM HAMARAT RENDE,EV,9,
BELLISSIMA DEO SPREY 150,KOZMETİK,9,
LISTERINE AGIZ BAKIM URUNU 250 ML FERAHNANE,KOZMETİK,9,
COLGATE D.F. KOMPLE AGIZ TEM.1+1 ORTA YENI,KOZMETİK,9,
NAR 4 KG TEK SARGILI SEKER,İÇECEK,9,
BINGOSIL HALI 1000 ML ELDE 4 IN 1,DETERJAN TEMİZLİK,9,
SOKE UN 10KG,GIDA,9,
PRINGLES 165 GR CHEESE & ONION,GIDA,9,
ULKER KELLOGG`S 420 GR SPECIAL KIRMIZI MEYVELI,SÜT KAHVALTILIK,9,
ARI 12 VIT.6 MIN.PIRINC UNU 125 GR SUTLU SEBZELI,BEBEK,9,
ERNET KLOZET DEOD. MIMOZA,DETERJAN TEMİZLİK,9,
PINAR SUT SISE 1LT,SÜT KAHVALTILIK,9,
VILEDA SUNGER BEZ 3`LU,DETERJAN TEMİZLİK,9,
ORKID DEO FRESH YAPRAK 60 LI EKO,KAĞIT,9,
REST YER BEZI BUYUK BOY SARI,DETERJAN TEMİZLİK,9,
MILUPA APTAMIL 3 1200 GR DEVAM SUTU,BEBEK,9,
FLORES DOGAL MINERALLI SU 200ML,İÇECEK,9,
PINAR AKCAABAT KÖFTE 465 GR,GIDA,9,
CIL KULLUK,EV,9,
"FRUKO GAZOZ 1,5 LT.",İÇECEK,9,bufe
BINGO DYNAMİC TAB 120'LI KLASIK,DETERJAN TEMİZLİK,9,
TAMEK MAYONEZ 400GR,GIDA,9,
W.CANPED BEL.BAN.EKO.ORTA 20 LI,KAĞIT,9,
KNORR FIRINDA ET CESNISI 25 GR DOMI GLAS,GIDA,9,
PAPIA DEKOR HAVLU KAGIT 12 Lİ BETTY BOOP,KAĞIT,9,
CALDION FORMEN DEO SPREY 150ML,KOZMETİK,9,
TURSIL JEL KIR CICEKLERI 1095L,DETERJAN TEMİZLİK,9,
NIVEA DEO 150ML MOR DUSLER,KOZMETİK,9,
K.KUKRER KARISIK TURSU 1400GR,GIDA,9,
FALIM ISIL NANE 20 LI POSET,GIDA,9,
KNORR CABUK CORBA MINESTRONE 5'LI PKT,GIDA,9,
VIVIDENT CUBE NANE 21GR,GIDA,9,
WELLA KOLESTON 11/7 MAXI,KOZMETİK,9,
BERRAK TURSU KARISIK 1700 ML,GIDA,9,
ARKO TRAS KOLONYASI 250 ML.,KOZMETİK,9,
PROTEX SIVI SABUN 750+300ML 2LI CREAM,KOZMETİK,9,
PROTEX SABUN 75 GR PRO HIJYEN,KOZMETİK,9,
ARI 12 VIT.6 MIN.SUTLU PIRINC UNU 500 GR,BEBEK,9,
SELIN KOLONYA 200ML CAM SISE,KOZMETİK,9,
NIVEA DEO STICK 40ML BLACK&WHITE POWER,KOZMETİK,9,
DR.OETKER KOSTEBEK PASTA 450 GR.,GIDA,9,
DR.OETKER LIMON AROMASI 8ML,GIDA,9,
BIZIM KETCAP 300 GR PWC TATLI,GIDA,9,
ARGEM SAP,EV,9,
PIKNIK 1481 OTOMAT BARDAK,EV,9,
PRIL MULTI PERFECT JEL HIJYEN 1LT,DETERJAN TEMİZLİK,9,
"SHAZILI CAPPUCCİNO ŞEKERSİZ 10,5GR",İÇECEK,9,
MURATTI MODE,SİGARA,9,
PHILIPS PARTYLIGHT 15 WT MAVİ,EV,9,
BAGDAT DOLMA BAHARI HARCI 40 GR,GIDA,9,
PANCAR,MEYVE SEBZE,9,manav
PASTAVILLA PESTO FESLEGENLI FISTIKLI MAK.SOSU300GR,GIDA,9,
IPANA PRO EXP CLİNİC 1+1 75 ML DIS ETI KORUCU,KOZMETİK,9,
AKDEM BOGURTLEN CAYI 20LI,İÇECEK,9,
LIPTON TB 30GR PAPATYA CAMOMİLE 20LI,İÇECEK,9,
YAREN METAL KAPAKLI CAM KAVANOZ NO:2,EV,9,
ALATURCA HASHASLI KITIR 150 GR,GIDA,9,
BLENDAX 400MLTEMELBAKIM 2İN1,KOZMETİK,9,
ELSEVE KOFRE 360 ML SAMP.COLOR VIVE+200 ML S.KREMI,KOZMETİK,9,
DR.OETKER PATISSERIE EKLER 230 GR,GIDA,9,
COOK KILIT BUZD.TORBA 15 ADET,EV,9,
LIPTON TB PLUS ERIK TARCIN 20 LI,İÇECEK,9,
F BAKTAT JUMBO KURU FASULYE 400 GR,GIDA,9,
JOLY ULTRA KANATLI NORMAL 10 AD.,KAĞIT,9,
IPEK SACKREMI 700 ML YOGUN BAKIM,KOZMETİK,9,
ROZI GENC YOGUN 8 ADET ULTRA,KAĞIT,9,
VILEDA MIKROFIBER KARMA PAKET,DETERJAN TEMİZLİK,9,
SOLEN BISCOLATA CHOCO CHIPSFINDIKLI CIKOLATA 115GR,GIDA,9,sekerci
KOSKA RECEL BOGURTLEN 380 GR,SÜT KAHVALTILIK,9,
ARKO NEM KREM 300 ML GECE BAKIM,KOZMETİK,9,
PENGUEN BIBER SALCA TATLI 560GR,GIDA,9,
MOLPED D.C.ULT LİGHT GÜNLÜK BAKIM PEDİ NORMAL 100A,KAĞIT,9,
YAREN METAL KAPAKLI CAM KAVANOZ NO.4,EV,9,
P.BAHCE 6 LI KAHVE YANI BARDAK,EV,9,
UNO GRİSSUNO SADE 5X30 GR,GIDA,9,
LIPTON ILK HASAT CAY 500 GR.,İÇECEK,9,
AKAT GARDI SAC SPREYI 450 ML YESIL YAG,KOZMETİK,9,
NESCAFE CLASSIC EKO+C.MATE 200 GR HED,İÇECEK,9,
SONY ALKALİNE PLUS 6'LI KALEM PIL,EV,9,
ICIM SMART 200ML CIKOLATALI SUT,SÜT KAHVALTILIK,9,sekerci
AIR WICK FRESH BUBBLE PEMBE ORKIDE,DETERJAN TEMİZLİK,9,
JOHNSON`S BABY OIL 200 ML +100ML,KOZMETİK,9,
CLEAR 350 ML SAMP.SAC DOKULMELERI,KOZMETİK,9,
LIPTON TB 52GR ELMA,İÇECEK,9,
LOFCALI LAMINAT AHSAP PARKE TEMIZLEYICI 750 ML,DETERJAN TEMİZLİK,9,
CAPPY M.SUYU 200ML %100 ELMA,İÇECEK,9,
YAREN METAL KAPAKLI CAM KAVANOZ,EV,9,
BARREL FUSYA  DIP BOYA 3 LU BARDAK,EV,9,
WEE KIVIRCIK BIBERON 250ML,BEBEK,9,
ULKER GRANINI NEKTARI MEYVE 1KG,İÇECEK,9,
HERO BABY ELMA 125 GR,BEBEK,9,
DR.OETKER JEL 100 GR KIVI-YESIL ELMA,GIDA,9,
ORAL-B D.F. CLINIC LINE,KOZMETİK,9,
LIPTON GOLDEN CEYLON 25LI POSET CAY,İÇECEK,9,
P.BAHCE DONDURMALIK PEMBE,EV,9,
HEAD SHOULDERS 600ML KOMPLE BAKIM,KOZMETİK,9,
GURALLAR CAY BARDAGI SEDA 6'LI,EV,9,
OLCA ACIKA CEVIZLI 200 GR,GIDA,9,
"MILUPA APTAMIL 2 DEVAM SUTU EKONOMIK 1,2 KG",BEBEK,9,
REXONA WOMEN SEXY DEO ROLL_ON,KOZMETİK,9,
ALG. MARAS CUP,SÜT KAHVALTILIK,9,
PRENSES IKILI SARMA KUP SEKER 750GR,İÇECEK,9,
VIVIDENT CUZDAN ACTIVE LMN -POR,GIDA,9,
ALG.TOYSTIC KARPUZ-VANILYA,SÜT KAHVALTILIK,9,
JOHNSON`S KULAK CUBUGU 200LU,KOZMETİK,9,
ICIM HELLIM PEYNIRI 250 GR,SÜT KAHVALTILIK,8,
ELIDOR 700ML SAMP. KEPEĞE KARŞI,KOZMETİK,8,
TAMEK HASLANMIS NOHUT 830 GR,GIDA,8,
SIGNAL D.F. PERFORMANS,KOZMETİK,8,
TAMEK BAMYA TOMBUL 825 GR TNK YENI,GIDA,8,
ICIM LABNE 750 GR,SÜT KAHVALTILIK,8,
MR.MUSCLE LAVABO AC 1LT SIVI,DETERJAN TEMİZLİK,8,
CLEAR 1000ML SAMP COOL SPART MENTOL.,KOZMETİK,8,
ARGEM PENCERE BANDI,EV,8,
HEAD SHOULDERS 400ML MENTOLFER.,KOZMETİK,8,
TADIM GUN KURUSU KAYISI 200 GR,GIDA,8,
BINGOSOFT KONSANTRE 750 ML SENSITIVE,DETERJAN TEMİZLİK,8,
PROTEX SIVI SABUN 750+300ML 2LI HIJYEN,KOZMETİK,8,
ULKER ONEO SELECT KUTUP SERINLIGI,GIDA,8,
MOLFIX DYNAMIC DEV PAK. 4_9 MIDI 108ADET 54+54,BEBEK,8,
DARDANEL LIGHT TON 3*80 GR.,GIDA,8,
ARGEM KUCUK KEK KALIBI 6'LI,EV,8,
SOLEN BUTIK DAMLA SAKIZLI 375 GR,GIDA,8,sekerci
DR.OETKER PIZZA UN 230GR,GIDA,8,
COLGATE TOTAL PROFESYONEL DIS IPI,KOZMETİK,8,
YAREN CIFTCILER MEYVE VE SALATA KASESI,EV,8,
BORCAM TEKLI,EV,8,
HALK PEYNIRLI PIZZA KRAKER 4*60 GR,GIDA,8,bufe
P.BAHCE 54126 2LI KULLUK BISTRO,EV,8,
AKDEM FUNDA CAYI 20 LI,İÇECEK,8,
ARTCRAFT CAY TABAGI ASENA 6'LI,EV,8,
BINGOSOFT KONSANTRE 750 ML LAVANTA RUZGARI,DETERJAN TEMİZLİK,8,
PROTEX SIVI SABUN YEDEK 750ML CREAM,KOZMETİK,8,
BLENDAX SAMPUAN 700ML SARI KANTRON,KOZMETİK,8,
CIF KREM 750GR SUPER GUC+ AMONYAKLI,DETERJAN TEMİZLİK,8,
ULKER ONEO SAKIZ CEP PAKET CILEK,GIDA,8,sekerci
JAGLER STORM DEO 150ML,KOZMETİK,8,
VIVIDENT FRUIT KARPUZ AROMALI 23GR,GIDA,8,
KISMET EKMEK KADAYIFI 300 GR,SÜT KAHVALTILIK,8,firin
IPANA 3 BOYUTLU BEYAZLIK 100 ML CAY-KAHVE,KOZMETİK,8,
F SAFF HAVLU KAGIDI 8 LI,KAĞIT,8,
S.BRITE 3AL2ODE LU BULAS SNG,DETERJAN TEMİZLİK,8,
MURATTI ONE KISA BAX,SİGARA,8,
COLGATE MISVAK BEYAZLIK 50ML D.M.,KOZMETİK,8,
MR.MUSCLE KREM 750 ML.FLORAL,DETERJAN TEMİZLİK,8,
"ASPIRIX COK AMACLI TEMIZLIK SIVISI 2,5 LT",DETERJAN TEMİZLİK,8,
YAREN BURAK MINI RENKLI SILIKON KEK KALIBI,EV,8,
KOSKA RECEL GUL 760 GR,SÜT KAHVALTILIK,8,
DOMESTOS YUZEY TEMIZLEYICI 1 LT AKTIF,DETERJAN TEMİZLİK,8,
DALIN BEBE SAMPUANI KREMSIZ 500ML,BEBEK,8,
KNORR SALATA SOSU S-S. 5 LI,GIDA,8,
HUNER MARGARIN 250 GR. PAKET,SÜT KAHVALTILIK,8,
ARTCRAFT TRUVA CAM KASE RENKLI 6 LI,EV,8,
ARTCRAF SU BARDAGI KELEBEK 6'LI,EV,8,
ARTCRAFT CAY BARDAGI DIVA 6'LI,EV,8,
SELPAK 32 LI TUV.KAGIDI,KAĞIT,8,
REXONA WOMEN SEXY DEO 150 ML,KOZMETİK,8,
VILEDA MIKROFIBER CAM BEZI,DETERJAN TEMİZLİK,8,
PIKNIK 1423 ALIMINYUM KAB 30MT.,EV,8,
KUZU KAPAMA,ET TAVUK,8,kasap
DR.OETKER JEL 100 GR CILEK AROMALI,GIDA,8,
FUSION PROGLIDE 4 LU,KOZMETİK,8,
TADIM CEVİZİÇİ 150 GR,GIDA,8,
GILLETTE MACH3 SENSITIVE 4'LU,KOZMETİK,8,
GILLETTE BLUE III PRIDEN 3 LU,KOZMETİK,8,
ARTCRAFT CAY TABAGI 6 LI OPTIKLI,EV,8,
ORKID YAPRAK LIGHT 60 BAHAR CICEKLERI,KAĞIT,8,
SILVER KREM BOYA 200ML KAHVE,DETERJAN TEMİZLİK,8,
F SAFF 6LT YUMUŞATICI BAHAR ESİNTİSİ,DETERJAN TEMİZLİK,8,
KOSKA YAZ HELVASI KURU MEYVELI 200 GR.,SÜT KAHVALTILIK,8,sekerci
HALK KRAKER BAHARATLI 4'LÜ,GIDA,8,bufe
HALK KREMALI BISKUVI VANILYALI 140 GR,GIDA,8,
SAYAN 3LU EKO BOY,EV,8,
DURU PERFUME 500+250 GULOZLU,KOZMETİK,8,
CIF AKTIF FRESH 2500 ML FLORAL,DETERJAN TEMİZLİK,8,
HUGGIES MAXI ERKEK 46'LI,BEBEK,8,
BAKTAT EXTRA GEMLIK SIYAH ZEYTIN 400 GR,SÜT KAHVALTILIK,8,
KNORR CORBA ALACA 95 GR YENI,GIDA,8,
JACOBS MONARCH FILTRE KAHVE 500GR,İÇECEK,8,
SENSODYNE ÇOK YÖNLÜ KORUMA 100 ML,KOZMETİK,8,
ELSEVE 700 ML COLOR VIVE 2'Sİ 1 ARADA,KOZMETİK,8,
HOBBY SAMPUAN PROTEIN 700 ML EXTRA PARLAK,KOZMETİK,8,
TAMEK KONSR GARNITUR 670 GR,GIDA,8,
BIZIM BALDO PİRİNÇ 2500 GR.,GIDA,8,
ALATURCA HASHASLI KITIR 60GR,GIDA,8,
YORSAN KREM PEYNIR 200GR,SÜT KAHVALTILIK,8,
SITIL PREMIUM DEPOLU PARLATMA SUNGERI,DETERJAN TEMİZLİK,8,
TILLO 1503 AHSAP CAMASIR MANDALI,EV,8,
REST TEMIZLIK BEZI 6 AL 3 ÖDE,DETERJAN TEMİZLİK,8,
NIVEA ROLL-ON 50 ML INVIFIBE,KOZMETİK,8,
VILEDA CIZMEZ SUNGER,DETERJAN TEMİZLİK,8,
PRINGLES 150 GR XTREME FLAMIN CHILLI SAUCE,GIDA,8,
SESU KARTUŞ AĞDA TİTANYUM 100 ML,KOZMETİK,8,
GLADE NATURE'S ODA SPREYI GARDEN 400ML,DETERJAN TEMİZLİK,8,
REST ÇELİK OVMA TOPU,DETERJAN TEMİZLİK,8,
ARGEM MULTI BOX SET,EV,8,
PARLIAMET RESERVE,SİGARA,8,
FINISH PAWERBALL 26 LI HEPSI 1ARADA,DETERJAN TEMİZLİK,8,
DANONE DANETTE 4 LÜ MUZLU 110GR,SÜT KAHVALTILIK,8,
CEVIZLI SUCUK,GIDA,8,
WELLA KOLESTON SAC BOYASI 7.0 KIT ORTA KUMRAL,KOZMETİK,8,
LARK SLIMS RED,SİGARA,8,
WELLA KOLESTON 3/4 MAXI KOYU KESTANE,KOZMETİK,8,
ARKO TRAS JELI 200ML MOIST,KOZMETİK,8,
FINISH H1 ARADA 102'LI TAB.OXI,DETERJAN TEMİZLİK,8,
FALIM SAKIZ 5LI MELISA VE LIMON OTU AROMALI,GIDA,8,sekerci
S.BRITE GENEL TEM ELDIVEN 6,DETERJAN TEMİZLİK,8,
SOLEN DIAMOND 440 GR FINDIKLI CIFT KAPLA.,GIDA,8,
MR.MUSCLE SİL PARLAT 500 ML SIRKELI,DETERJAN TEMİZLİK,8,
SHE COOL SPREY DEO 150ML,KOZMETİK,8,
YAREN SIGMA MESRUBAT BARD.3'LU DAMLA DES MAVI,EV,8,
KOSKA HARNUP PEKMEZİ 1400GR.,SÜT KAHVALTILIK,8,
P.BAHCE 42251 6LI CAY BARDAGI,EV,8,
ELIDOR S.KREMI 700 ML ONARICI,KOZMETİK,8,
RINSO MATIK 5KG AKDENIZ BAHCESI,DETERJAN TEMİZLİK,8,
GILLETTE MACH3 KARTUS 2 ADET,KOZMETİK,8,
"CAMSIL SET OZEL FIYAT 2 LI 1,5LT",DETERJAN TEMİZLİK,8,
EMEK SAF BEYAZ SABUN 4 LU 800 GR.,KOZMETİK,8,
HALK CORBA YORESEL MAHLUTA CORBASI,GIDA,8,
REST YEDEK PASPAS,DETERJAN TEMİZLİK,8,
PALMOLIVE DUS JELI MASSAGE 500 +250 ML %25 IND.,KOZMETİK,8,
AXE DEO 150 ML DARK,KOZMETİK,8,
AKDEM ZERDECAL TOZ,İÇECEK,8,
BIOBLAS SAÇ DÖK.KARSI SAMP. 400 ML SARMASIK ÖZLU,KOZMETİK,8,
SUTAS KEÇİ BEYAZ PEYNIR 300 GR,SÜT KAHVALTILIK,8,
IPANA PRO EXPERT 75ML CLINIC LINE,KOZMETİK,8,
DOGUS YASEMINLI YESIL CAY 20'LI,İÇECEK,8,
LIPTON PIRAMIT CILEK AHUDUDU CAY,İÇECEK,8,
DR.OETKER MILKSHAKE KAKAOLU 30GR,GIDA,8,
ARTCRAFT MESRUBAT BARDAGI 6'LI,EV,8,
TARAK KUAFOR SISLI,KOZMETİK,8,
WELLA KOLESTON 6/0 MAXI,KOZMETİK,8,
"LOREAL SAC BOYASI 6,41 FINDIK KAHVESİ ALTIN KAHVE",KOZMETİK,8,
BANVIT ACILI KEBAP 220 GR,ET TAVUK,8,kasap
HOBBY BRIYANTIN TUP 70 GR,KOZMETİK,8,
8*4 ROLLON UNITY 50ML,KOZMETİK,8,
LADY STICK 45ML 24/7 FRUITY SPLASH,KOZMETİK,8,
PEYMAN KOKTEYL MIX 80 GR,GIDA,8,
HERO BABY IRMIKLI BALLI MENDIL 250GR,BEBEK,8,
SIGNAL D.M KOMPLE BAYAZLIK 75 ML,KOZMETİK,8,
CARTE DOR PUDING ANTEP FISTIKLI 89 GR,GIDA,8,
ARGEM SAPLI OTO FIRCASI,EV,8,
MARC DEO SIVI 900ML SARIGULLER,DETERJAN TEMİZLİK,8,
ARKO NEM KREM YOGURT BOGURTLEN 150ML,KOZMETİK,8,
S.BRITE SUNGERLI OVMA TELİ,DETERJAN TEMİZLİK,8,
BIOBLAS SAÇ DÖK.KARSI SAC KR. 400 ML SARMASIK ÖZLU,KOZMETİK,8,
SUPER FRESH PIZZA FAVORI 4 LU,GIDA,8,
PIKNIK 253 DUZ SOYACAK,EV,8,
COLGATE D.M.TOTAL PROFESSIONAL CLEAN 100ML,KOZMETİK,8,
IPANA PRO-EXPERT 125ML.EXTRA FERAHLIK,KOZMETİK,8,
ACTİVEX SIVI SABUN 300 GR HASASKORUMA,KOZMETİK,8,
VURALLAR TULUM PEYNIRI,SÜT KAHVALTILIK,8,
DEPANA HASTA BEZİ 8Lİ KADINLAR,KAĞIT,8,
LIPTON TB ZENCEFIL LIMON 20 LI,İÇECEK,8,
S.BRITE YEDEK SOPA,DETERJAN TEMİZLİK,8,
S.BRITE EXTRA YEDEK PASPAS,DETERJAN TEMİZLİK,8,
SUPER FRESH PEYNIRLI PUF BOREGI,GIDA,8,
NIVEA SABUN 90 GR SEA MINERALS,KOZMETİK,8,
YEDIGUN 200 ML CAM PORTAKAL,İÇECEK,8,
GILLETTE TRAS KOPUGU 200 ML.HASSAS,KOZMETİK,8,
DAVIDOFF GOLD SLIMS,SİGARA,8,
ELSEVE 360ML.SAC KREMI CANLILIGINI YITIRMIS,KOZMETİK,8,
PRIL MAKINE KORUYUCU 250 ML.,DETERJAN TEMİZLİK,8,
KOSKA DONDURMA KÜLAHI 10 ADET,SÜT KAHVALTILIK,8,
8*4 ROLLON SOFT KISS 50 ML,KOZMETİK,8,
PEYMAN YER FISTIGI 175GR,GIDA,8,
MARC BANYO SPREY 1 LT KRISTAL PARLAKLIK,DETERJAN TEMİZLİK,8,
COLGATE MAXFRESH 50ML COOL MINT,KOZMETİK,8,
HUGGIES JUNIOR ERKEK 36'LI,BEBEK,8,
PASTAVILLA NAPOLITEN SOS 300GR,GIDA,8,
VILEDA SUPER MOCIO PAMUK+MIKROFIBER,DETERJAN TEMİZLİK,8,
K.KUKRER KORNISON TURSU 370 GR,GIDA,8,
BINGO SIVI DET.2 LT.NARIN,DETERJAN TEMİZLİK,8,
DURU SIVI SABUN 300 ML YABAN MERSINI,KOZMETİK,8,
ULKER GOLF SIZIN ICINVISNE-LIMON-VANILYA1 LT,SÜT KAHVALTILIK,8,
VIVIDENT EXTRA NANE AROMALI,GIDA,8,
NASCITANASCITA-YARIM SARI MASA UCLU CIMBIZ,KOZMETİK,8,
TAMEK M.SUYU 200ML KARISIK MEYVE,İÇECEK,8,
SENER DUT PEKMEZ 800 GR,SÜT KAHVALTILIK,8,
PAPIA KUTU MENDIL 80 AD.,KAĞIT,8,
TARAK ERKEK KAHVERENGI (AMBALAJLI),KOZMETİK,8,
DURU LIMON KOLONYA 400ML CAM S,KOZMETİK,8,
ALGIDA MAGNUM DOUBLE MINI,SÜT KAHVALTILIK,8,
EMOTION DEO SPREY 150MLTROPICAL,KOZMETİK,8,
CIL MESRUBAT ACACAGI,EV,8,
DOGUS BLACK LABEL 100AD. DEMLIK,İÇECEK,8,
TADELLE CIKOLATA 20 GR,GIDA,8,sekerci
BAGDAT KOFTE BAHARATI 90GR,GIDA,8,
IPANA PRO-EXPERT 100 ML.DOGAL FERAHLIK,KOZMETİK,8,
ORAL-B D.F.ÇİFT ETKİLİ 1 ALANA 1 BEDAVA,KOZMETİK,8,
VILEDA SÜPER PASPAS CLASSİC 3 AL 2 ÖDE,DETERJAN TEMİZLİK,8,
CHESTERFIELD NAVY LINE UZUN,SİGARA,8,
EGOS WAX PARLAK VE CANLI 100 ML.,KOZMETİK,8,
TAT SOYULMUS DOMATES 800GR TNK,GIDA,8,
BALPARMAK 350GR PET BAL CAM,SÜT KAHVALTILIK,8,
VIVIDENT UP2U 26 GR NANE DAMLA SAKIZLI,GIDA,8,sekerci
EKİN NOHUT KOÇBAŞI 1KG,GIDA,8,
MILUPA LAPTAMIL 200 GR,BEBEK,8,
COLGATE D.M.SENSITIVE PROLIEF +D.F HED.,KOZMETİK,8,
PENGUEN ACI BIBER SALCA 560GR,GIDA,8,
WELLA KOLESTON 8/1 MAXI,KOZMETİK,8,
VEET AGDA BANDI 12 ADET E VITAMIN VE BADEM YAĞI,KOZMETİK,8,
SERA STREC 33 METRE,EV,8,
AKDEM SINEMAKI CAYI 20LI,İÇECEK,8,
NIVEA FORMEN 100 ML HASSAS TIRAS KREMI,KOZMETİK,8,
DAVIDOFF CLASSIC,SİGARA,8,
LIPTON EARL GREY TEA 1000GR.,İÇECEK,8,
PRIL MULTI PERFECT JEL YAG SOKUCU 1LT,DETERJAN TEMİZLİK,8,
BIZIM PILAVLIK BULGUR 2.5 KG,GIDA,8,
NIVEA SOFT BESLEYICI BAKIM KREMI,KOZMETİK,8,
DOVE SAMPUAN 700ML KEPEGE KARSI,KOZMETİK,8,
P.BAHCE 42371 GALATA OPTIK BARDAK 6'LI,EV,8,
WEE BABY SİLİKON DAMAKLI SEFFAF DESENLI EMZIK NO.1,BEBEK,8,
ELIDOR 700ML SAC KREMI ISILDAYAN PARLAKLIK,KOZMETİK,8,
BINGOSIL HALI 1000 ML HALI MAKINE 4 IN 1,DETERJAN TEMİZLİK,8,
SEK KREM PEYNIR 250 GR,SÜT KAHVALTILIK,8,
KNORR MUHLATA CORBASI,GIDA,8,
HIGHGENIC PASLANMAZ CELIK YUZEY TEM.500ML,DETERJAN TEMİZLİK,8,
S.BRITE ULTRA KONFOR KLASIK SUNGER 2'LI,DETERJAN TEMİZLİK,8,
AKDEM IHLAMUR CAYI 20LI,İÇECEK,8,
BLENDAX 400GR.ERKEKLERE MENTOLU,KOZMETİK,8,
DOVE SAMPUAN 700ML GÜNLÜK THERAPY,KOZMETİK,8,
KNORR SALATA SOSU TKB-MAYD. 5 LI,GIDA,8,
NIVEA KREM 75ML. ITHAL,KOZMETİK,8,
MARC BANYO SPREY 1 LT,DETERJAN TEMİZLİK,8,
PINAR INEGOL KOFTE 442 GR,GIDA,8,
DOMESTOS REZER.BL. DENİZ FERAHLIĞI 100 GR,DETERJAN TEMİZLİK,8,
SOLEN BİSCOLATA STİX 45GR BITTER CIK.,GIDA,8,
BAGDAT IZGARA BAHARATI 95GR,GIDA,8,
PRIL 7 TABLET 60'LI,DETERJAN TEMİZLİK,8,
FAKIR HALI SAM.MATIK 1 KG,DETERJAN TEMİZLİK,8,
WEE AKIDE DAMAKLI SILIKON EMZIK NO:2,BEBEK,8,
PENGUEN RECEL CILEK 1800 GR,SÜT KAHVALTILIK,8,
ELIDOR 7/24 SEKILENDIRICI KREM BELIRGIN BUKLELER,KOZMETİK,8,
COOK BUZ TORBASI 12 ADET,EV,8,
TAT RECEL GUL 380GR,SÜT KAHVALTILIK,8,
DR.OETKER TRUFFE 240GR,GIDA,8,
HEAD SHOULDERS SAC KREMI 400MLELMAFER.,KOZMETİK,8,
T.OĞLU T.YAGLI CANAKKALE BEYAZ PEYNIR 1 KG,SÜT KAHVALTILIK,8,
PANTENE PRO-V 600 ML SAMP. DOKULMELERE KARSI,KOZMETİK,8,
YEDIGUN 250 ML CAM LIMONETTO,İÇECEK,8,
ARKO TRAŞ KOPUGU 300ML FOAM,KOZMETİK,8,
UNI BABY KULAK CUBUGU 56'LI,BEBEK,8,
YEDIGUN 250 ML CAM MANDALINA,İÇECEK,8,
S.BRITE COKAMACLI ELDIVEN 6,DETERJAN TEMİZLİK,8,
WEE GOGUS PEDI 30+10 ADET,BEBEK,8,
SERA YAGLI PISIRME KAGIDI 8 M,EV,8,
SILVER KREM BOYA STANDART 60 ML KAHVE,DETERJAN TEMİZLİK,8,
VILEDA CAM BEZI,DETERJAN TEMİZLİK,8,
DR.OETKER SEKERLI VANILYA AROMALI 4'LU,GIDA,8,
BİEN CROISSANT VISNE 50GR,GIDA,8,
MARLBORO UZUN LIGHTS 100S PAKET,SİGARA,8,
DIMES 1LT %100 MEYVE SUYU UZUM,İÇECEK,8,
NIVEA BABY SENSITIVE 63 AD,KAĞIT,8,
M.BIRLIK HIPER JUMBO ZEYTIN 500 GR,SÜT KAHVALTILIK,8,
ORKID YAPRAK NORMAL EKO PK,KAĞIT,8,
PROTEX SABUN 3+1BEDAVA FRESH,KOZMETİK,8,
SAFRANBOLU SAKIZLI LOKUM 450 GR,SÜT KAHVALTILIK,8,sekerci
DANONE ACTIVIA ORMAN MEYVELI 4LU 440GR,SÜT KAHVALTILIK,8,
SUTAS LABNE 8*20 GR,SÜT KAHVALTILIK,8,
ULKER ONEO SELECT BAHAR SUPRIZI,GIDA,8,
CIF SUNLIGHT BULASIK SIVISI 6KG SARI LIMON,DETERJAN TEMİZLİK,8,
AKDEM TARCIN TOZ  75 GR,İÇECEK,8,
"YEDIGUN 2,5 LT.PORTAKAL-MANDAL",İÇECEK,8,
KOTEX KALIN PED UZUN 10 LU,KAĞIT,8,
COCA COLA 200 ML KUTU,İÇECEK,8,bufe
MILKA M-JOY BUTUN ANTEP FISTIKLI 60GR,GIDA,8,kuruyemisci
NUMIL PRE APTAMIL 1 350 GR,BEBEK,8,
FIRST BUZ SERINLIGI 22 GR NANE,GIDA,8,
LIPTON ENGLISH KAHVALTI 25 LI POSET CAY,İÇECEK,8,
A.CORNETTO DISC VANILYA KARAMEL,SÜT KAHVALTILIK,8,sekerci
ALGIDA CLASSICS KAKAO 70  ML,SÜT KAHVALTILIK,8,
ALG. TWISTER ORMAN MEYVELI,SÜT KAHVALTILIK,8,
NESTLE NESQUIK 500 GR %20 BEDAVA,SÜT KAHVALTILIK,7,
DOVE MEN CREAM BAR EXTRA FRESH 90GR,KOZMETİK,7,
DURU 2000 5LI SABUN375GR GUL,KOZMETİK,7,
NIVEA ROLL-ON DRY IMPACT PLUS MEN,KOZMETİK,7,
HUGGIES MAXI KIZ 46'LI,BEBEK,7,
CANBEBE IKIZ M.PLUS 9-20KG ULTRA KORUMA,BEBEK,7,
PRENSES SEKILLI KUP SEKER 500GR,İÇECEK,7,
BINGO OV 500 GR. KLORLU,DETERJAN TEMİZLİK,7,
GURALLAR ART CRAFT CAM CEREZLIK 6'LI,EV,7,
BIZIM MUTFAK CORBA SEBZE,GIDA,7,
PRIL TABLET 120'LI SODA ETKILI,DETERJAN TEMİZLİK,7,
BAGDAT LIMON TUZU 275GR,GIDA,7,
COLGATE D.F.TOTAL 1+1,KOZMETİK,7,
"DAMLA DOĞAL SU 1,5 ML",İÇECEK,7,
S.BRITE PETEK DOKULU 10'LU TEMİZLIK BEZI,DETERJAN TEMİZLİK,7,
F BAKTAT KARISIK TURSU 3120 GR,GIDA,7,
F BAKTAT BARBUNYA HASLAMA 800 GR,GIDA,7,
AIR WICK FRESH MATIK YED. LAV. 2 ALANA 1 BED.,DETERJAN TEMİZLİK,7,
GLADE AUTOMATIC SPREY YEDEK 175GR HAWAIIAN BREEZE,DETERJAN TEMİZLİK,7,
PHILIPS 18 W=82 W 1100 LM ECO COOL DAYLIGHT,EV,7,
IPANA 3 BOY. BEY. EXTRA FERAH 125ML+ 50 ML BDV,KOZMETİK,7,
P.BAHCE 42421 CAY BARDAGI 6 LI,EV,7,
TAMEK KETCAP 500 GR ACILI,GIDA,7,
KENT TOPITOP BEN ELMA KOLA LIMON 6 AD,GIDA,7,bufe
TAMEK KORNISON TURSU 680GR,GIDA,7,
ARGEM PAPATYA LIMON SIKACAGI,EV,7,
CLEAR 650 ML SAMP. BITKISEL SENTEZ KEPEK.KARSI,KOZMETİK,7,
VASELINE TOTAL MOISTURE KREM 100 ML,KOZMETİK,7,
PRIMA KURU VE HESAPLI 4-9KG 48ADET,BEBEK,7,
ARGEM SUTLAC KASE 10'LU,EV,7,
"WELLA TUP SAC BOYASI 8,0 AÇIK KUMRAL",KOZMETİK,7,
ARKO TRAS KOLONYASI 250 ML KOMANDO,KOZMETİK,7,
WEE SILIKON SEFFAF DESENLI EMZIK DAMAKLI NO:3,BEBEK,7,
CALGONIT BULS.MAK.TEM. SIVI 250ML LIMONLU,DETERJAN TEMİZLİK,7,
JAGLER BAYAN SPREY DEO 150ML,KOZMETİK,7,
KOTEX ULTRA DRY SOFT 24'LU GECE TEKLI PKT HED.,KAĞIT,7,
HELEN H. ULTRA UZUN 28 LI,KAĞIT,7,
DOGUS MOR MEYVELER MEYVE CAYI 20 LI POSET,İÇECEK,7,
HERO BABY SUTLU PIRINÇLI 500 GR,BEBEK,7,
KOSKA RECEL KARADUT 380 GR,SÜT KAHVALTILIK,7,
"LOREAL SAC BOYASI4,03 YOGUN KESTANE",KOZMETİK,7,
GLADE EL. ODA PARF.+POT-PORI,DETERJAN TEMİZLİK,7,
TAMEK KETCAP 500 GR,GIDA,7,
WELLA TUP SAC BOYASI 8.1KULLU KUMRA,KOZMETİK,7,
ARGEM DOGAL CIRA,EV,7,
TAMEK KONSR YAPRAK SARMA 200GR,GIDA,7,
PINAR UCGEN PEYNIR CHEDDARLI 8 LI,SÜT KAHVALTILIK,7,
SENSODYNE JEL COKLU 100 ML,KOZMETİK,7,
EMOTION DEO SPREY 150ML ROMANCE,KOZMETİK,7,
KOSKA HELVA KECIBOYNUZLU 250 GR,SÜT KAHVALTILIK,7,sekerci
S.BRITE KONFOR SUNGER,DETERJAN TEMİZLİK,7,
OKEY KLASIK EKO PAKET 20 LI,KOZMETİK,7,
DR.OETKER JOLE 100 GR.MUZ,GIDA,7,
CALDION JEANS ROLL-ON BAYAN 50ML,KOZMETİK,7,
ARGEM LUX MASRAPA,EV,7,
CANBEBE IKIZ YENIDOGAN,BEBEK,7,
GARNIER SAC BOYA 5 ACIK KAHVE,KOZMETİK,7,
"LOREAL SAC BOYASI 6,30 BADEM KAHVESİ ALTIN KAHVE",KOZMETİK,7,
VERNEL 6LT SENSITIVE,DETERJAN TEMİZLİK,7,
SITIL AYAKKABI BOYA KREM 200GR NATUREL,DETERJAN TEMİZLİK,7,
GURALLAR ART CRAFT CAY BARDAGI 6'LI,EV,7,
ARGEM KREMA TORBASI,EV,7,
MAVILIM KUS YEMI,GIDA,7,
WEE BABY SİLİKON DAMAKLI SEFFAF DESENLI EMZIK NO.2,BEBEK,7,
SIGNAL D.F.SENSITIVE EXPERT,KOZMETİK,7,
FAKIR HALI SAM.ELDE 1 KG,DETERJAN TEMİZLİK,7,
PROTEX SIVI SABUN 300ML HIJYEN,KOZMETİK,7,
ELIDOR 350ML SAMP. ARINDIRICI FERAHLIK,KOZMETİK,7,
BIZIM MUTFAK EKSILI KOFTE CORBASI,GIDA,7,
TAMEK BAMYA TOMBUL 720ML CAM,GIDA,7,
AIR WICK FRESH MATIK 3 AL 2 ODE BAHAR KOKULARI,DETERJAN TEMİZLİK,7,
EMEK YEMEKLIK KANOLA YAGI 5 LT TNK,GIDA,7,
SITIL SPECIAL 60 GR A.KAHVE,DETERJAN TEMİZLİK,7,
PANTENE Y 700ML 2İN 1 SAMPUAN TEMEL BAKIM KEP KARŞ,KOZMETİK,7,
KOTEX ULTRA DRY SOFT 24'LU UZUN TEKLI PKT HED.,KAĞIT,7,
CLIO YAG COZUCU 900 ML,DETERJAN TEMİZLİK,7,
PINAR DOYUM SOSIS 240 GR,ET TAVUK,7,kasap
NIVEA ROLL-ON PEARL BEAUTY 50ML,KOZMETİK,7,
NESTLE PASTANEM DORTKOSE 102 GR,GIDA,7,
TORKU CLASSIC SUTLU CIKOLATA 70GR,GIDA,7,sekerci
KOSKA FINDIK KROKAN 50 GR,SÜT KAHVALTILIK,7,kuruyemisci
PINAR UZUN SOSIS 240 GR,ET TAVUK,7,kasap
JOLY YETISKIN HASTA BEZI 30 ADT MIDYUM,KAĞIT,7,
BINGO DINAMIK 1250GR. BULASIK SIVI LIMON,DETERJAN TEMİZLİK,7,
SIGNAL D.F. BEYAZ GUC OTRA,KOZMETİK,7,
COLGATE MAXFRESH 125 ML + 50 ML BEDAVA,KOZMETİK,7,
DOMESTOS YUZEY TEMIZLEYICI 1 LT TOTAL,DETERJAN TEMİZLİK,7,
CARDAK LIMON SUYU 1+5,İÇECEK,7,
F NEFFIS BARBUNYA 1 KG,GIDA,7,
PHILIPS PARTYLIGHT 15 WT YESIL,EV,7,
CARTE DOR PINTS BROWNIE CAZIBESI 450 ML,GIDA,7,
BINGO DYNAMİC TABLET EXPRESS 56LI,DETERJAN TEMİZLİK,7,
YUMOS EXTRA FIESTA 720ML.SIKLAMEN&MUGE CICEGI,DETERJAN TEMİZLİK,7,
M.BIRLIK HUSUSI ZEYTIN 1KG,SÜT KAHVALTILIK,7,
DOGUS BLACK LABEL 48+12DEMLIK,İÇECEK,7,
HERO 8 TAHILLI DEVAM SUTLU 250GR,BEBEK,7,
ARGEM KIRPI CAY SUZGECI,EV,7,
ULKER GRANINI NEKTARI VISNE 1KG,İÇECEK,7,
PEYMAN KOKTEYL MIX 200 GR 2012,GIDA,7,
LUNA KASE MARGARIN 250 GR.ZEYTINYAGLI,SÜT KAHVALTILIK,7,
BINGO MUTFAK SPREY 750ML +BANYO HED.,DETERJAN TEMİZLİK,7,
MANGAL KOMURU 1 KG MERCAN-CELIKSOY,EV,7,
ARGEM MEYVE BICAGI 6'LI,EV,7,
FINISH OUANTUM 25 ADET,DETERJAN TEMİZLİK,7,
UZUM,MEYVE SEBZE,7,manav
SHE SPREY DEO 150ML,KOZMETİK,7,
COLGATE D.F. 1+1 DEEP CLEAN MEDIUM,KOZMETİK,7,
ULKER KREMINI TOFFE CILEK,GIDA,7,sekerci
DOGADAN GIZLI BAHCE 48LI DEMLIK,İÇECEK,7,
BECEL TUZ 250ML IYOTLU,SÜT KAHVALTILIK,7,
PIKNIK 1393 BUZDOLABI POSETI BATTAL 20 LI,EV,7,
CIF SUNLIGHT BULASIK DETERJANI PORTAKAL 1275 GR,DETERJAN TEMİZLİK,7,
ORKID YAPRAK ÜCÜZ PK 60 LIGHT,KAĞIT,7,
PIKNIK 002 4'LU BEYAZ MUM,EV,7,
AKDEM KEKIK CAYI 70 GR,İÇECEK,7,
PIKNIK 117 HIJYENIK KURDAN,EV,7,
ACTİVEX BEN 10 SIVI SABUN CILEK 350ML,KOZMETİK,7,
UMIT MEYVELİ SELANİK GEVREĞİ 130 GR,GIDA,7,
CARTE DOR PUDING CIKOLATALI BADEMLI 89 GR,GIDA,7,sekerci
JOLY ULTRA KANATLI UZUN 8 AD.,KAĞIT,7,
HELEN H. ULTRA GECE 26ADET,KAĞIT,7,
SUPER FRESH TEPSI BOREGİ,GIDA,7,
DR.OETKER TIRAMISU 355GR,GIDA,7,
PHILIPS 20W=88 W COOL DAYLIGHT,EV,7,
VILEDA SUPER YEDEK PASPAS 2 Lİ,DETERJAN TEMİZLİK,7,
LİPTON BERRAK YEŞİL ÇAY LİMONLU 20LI,İÇECEK,7,
BIOMEEN ŞAMPUAN 700ML NORMAL SACLAR,KOZMETİK,7,
"OLCA DOMATES SALCASI 4,300 GR",GIDA,7,
ARGEM KARABIBER-TUZLUK DEGIRMENI,EV,7,
FIDANLAR PLASTIK BARDAK 10 U,EV,7,
S.BRITE 2LI PASPAS %35 IND,DETERJAN TEMİZLİK,7,
IPEK SACKREMI 700 ML KURU SACLAR ICIN,KOZMETİK,7,
BEBELAC SÜTLÜ PIRINCLI 500 GR,BEBEK,7,
BANVIT BANDIRMA KOFTE 230 GR,ET TAVUK,7,kasap
KOSLA SIVI EXTRA HİJYEN 940 ML,DETERJAN TEMİZLİK,7,
DURACELL TURBO 4LU KALEM PIL AAA POWERCHECK,EV,7,
DR.OETKER MILKSHAKE CIKOLATA-CILEK 30GR,GIDA,7,sekerci
CAPPY MEYVA NEKTARI 1LTRAMAZANŞERBETİ,İÇECEK,7,
LOREAL SAC BOYASI 7.43,KOZMETİK,7,
HALK KEK 4 ADET KAKAOLU 4*35,GIDA,7,
CALGONIT HEPSI BIR ARADA 56 LI,DETERJAN TEMİZLİK,7,
CHAMPION KUS YEMI KRAKER MUZLU BALLI,PET,7,
SOLEN OCTAVIA 30 GR,GIDA,7,
DR.OETKER KEKUN LIMONLU 465GR,GIDA,7,
KOSLA OXI KRİSTAL BEYAZ 500 GR,DETERJAN TEMİZLİK,7,
CARTE DOR KABAK TATLISI 240GR,GIDA,7,
ARKO NEM 75 ML. EL KREMİ GLİSERİNLİ,KOZMETİK,7,
SHEFFAF MELAMIN SERVIS TEPSISI,EV,7,
WELLA KOLESTON 6/34 MAXI,KOZMETİK,7,
BAKTAT SALATALIK TURSUSU 1700 GR,GIDA,7,
WELLA TUP SAC BOYASI 3/4 KOYU KESTANE,KOZMETİK,7,
NIVEA DEO 150 ML INVISIBLE FOR BLACK &WHITE,KOZMETİK,7,
BLADE COOLER DEO SPREY FOR MEN 150 ML,KOZMETİK,7,
CIF AKTIF FRESH 2500 ML AMONYAKLI,DETERJAN TEMİZLİK,7,
ULKER HOBBY KEK MOZAIK,GIDA,7,
HOBBY CRAZY HEAD JOLE 150 ML NORMAL,KOZMETİK,7,
HALK BAHARATLI PIZZA KRAKER 4*60 GR,GIDA,7,bufe
SATEN YUZ ICIN SIRLI BAND,KOZMETİK,7,
MILUPA KAV.200GR MAND-UZUM-ELMA,BEBEK,7,
HARIBO SIRINLER 90 GR,GIDA,7,
TAT KARISIK TURSU 1550 GR CAM,GIDA,7,
ARGEM WC TAKIM,EV,7,
SENER HELVA 500GR KAKAO,SÜT KAHVALTILIK,7,sekerci
BINGO DYNAMIC A.OXYGEN 1 KG TOZ,DETERJAN TEMİZLİK,7,
HOBBY CRAZY HEAD JOLE 150 ML ISLAK,KOZMETİK,7,
MR.MUSCLE KIREC VE KIR SOKUCU FIRSAT PAKETI,DETERJAN TEMİZLİK,7,
"WELLA TUP SAC BOYASI 5,37 KIŞ. KAHVE",KOZMETİK,7,
FUSION MANUEL BICAK 2 LI,KOZMETİK,7,
BALPARMAK 600GR PET BAL CICEK,SÜT KAHVALTILIK,7,
KNORR ACISSO 50 ML,GIDA,7,
CLEAR 650 ML SAMP. WOMEN KOMPLE BAKIM,KOZMETİK,7,
PRONTO CLASSIC LAVENDER 300 ML.,DETERJAN TEMİZLİK,7,
PANTENE  600 ML SAMP. DOGAL SENTEZ,KOZMETİK,7,
CLEAR 650 ML SAMP. TERAPI,KOZMETİK,7,
WELLA KOLESTON 8/0 ACIK KUMRAL,KOZMETİK,7,
BERRAK MISIR TURSUSU 370 ML,GIDA,7,
TAMEK BIBERIYE TURSUSU 370GR,GIDA,7,
BLENDAX 700ML TUM SAC TIPLERI,KOZMETİK,7,
TAT RECEL AYVA 380GR,SÜT KAHVALTILIK,7,
CIF BALLERINA OLUKLU SUNGER 2'LI,DETERJAN TEMİZLİK,7,
DR.OETKER SUTLAC DAMLA SAKIZLI 155GR,GIDA,7,sekerci
ANCHOR TIRNAK MAKASI DELUXE SET,KOZMETİK,7,
BEBELAC SUTLU PIRINC 250GR,BEBEK,7,
OMO TOTAL 1400 ML COLOR ULT. KONSENTRE SIVI DET,DETERJAN TEMİZLİK,7,
SITIL SPOR AYAK. TEMIZLEME SUNGERI 75 ML.,DETERJAN TEMİZLİK,7,
PALMOLIVE SIVI SABUN 750ML YEDEK M&H,KOZMETİK,7,
HALK DUFDUF 8'LI KAKAOLU 120 GR,GIDA,7,
KNORR TAVUK SUYU 4 LU,GIDA,7,
DOGADAN FORM MISIR PUSKULLU20'LI,İÇECEK,7,
PRIL BULS.MAK.PARLATICI 730 ML,DETERJAN TEMİZLİK,7,
TAT MANTAR 510 GR,GIDA,7,
K.KUKRER UZUM SIRKESI 1LT PET,GIDA,7,
TAMEK MEYVE SUYU 330 ML KARISIK,İÇECEK,7,
BLENDAX 700ML ERKEKLERE OZEL MENTOL,KOZMETİK,7,
CIF KREM 750+750 GR AMONYAKLI,DETERJAN TEMİZLİK,7,
NIVEA LIP DUDAK KORUYUCU JOJOBA SHEA YAGI,KOZMETİK,7,
"WELLA TUP SAC BOYASI 5,0 AÇIK KAHVE",KOZMETİK,7,
LIPTON TB 40GR KIS CAYI EKINEZYA 20LI,İÇECEK,7,
CLEAR 650 ML SAMP.YUMUSAK VE PARLAK,KOZMETİK,7,
DOGUS EARL GREY 100X2 SUZEN SIYAH POSET CAY,İÇECEK,7,
ARKO TRAS KOPUGU 200ML.SENSITIVE,KOZMETİK,7,
FAKIR HALI SAM.MATİK 1 KG LAVANTA,DETERJAN TEMİZLİK,7,
YEDIGUN 1 LT BODRUM MANDALİNA PET SISE,İÇECEK,7,
BINGO DYNAMIC LIMON KOKULU 1 KG,DETERJAN TEMİZLİK,7,
MAGNUM MINI OZEL SERI 6 LI CLASSIC BADEM  350 ML,SÜT KAHVALTILIK,7,
IPANA D.M.DOGAL FERAHLIK 50 ML 7 KORUMA,KOZMETİK,7,
COLGATE D.M.TOTAL PROFESSIONAL SENSITIVITY 100ML,KOZMETİK,7,
CLIO JEL LAVABO AÇICI 900 ML,DETERJAN TEMİZLİK,7,
PAM SIVI SABUN 2LT GUL BUKETI,KOZMETİK,7,
FINISH QUANTUM TABLET 30 LU OXI CAMASIR SUYU,DETERJAN TEMİZLİK,7,
LIPTON EARL GREY TEA 100 AD BARDAK,İÇECEK,7,
PIKNIK 150 MEYVE BICAGI 6 LI,EV,7,
CLEAR 350 ML SAMP.MEN DOKULMELERE KARSI,KOZMETİK,7,
COLGATE OPTIK BEYAZ DIS IPI,KOZMETİK,7,
IPEK SAMP.700 ML INCETELLI SACLAR ICIN,KOZMETİK,7,
DOGADAN YESIL CAY NANE LIMON,İÇECEK,7,
VILEDA MIKROFIBER PLUS TEMIZLIK BEZI,DETERJAN TEMİZLİK,7,
KNORR ZEYTINYAGLI DOLMA HARCI 100GR,GIDA,7,
PANTENE PRO-V 600 ML SAMP. KEPEGE KARSI,KOZMETİK,7,
NIVEA ROLL-ON FRESH NATURAL 50ML,KOZMETİK,7,
HALK KEK 4 ADET MEYVELI 4*35,GIDA,7,
WEE AKIDE DAMAKLI SILIKON EMZIK NO:1,BEBEK,7,
PAPIA DEKOR HAVLU KAGIT 6LI BETTY BOOP,KAĞIT,7,
IPEK SAMP.700 ML 2Sİ1 ARADA KEPEĞE KARŞI,KOZMETİK,7,
TAT FASULYE PILAKI 400 GR,GIDA,7,
GARNIER SAC BOYA 8 KOYU SARI,KOZMETİK,7,
BANAT D.F.OPTIMA MEDIUM,KOZMETİK,7,
SHE ROLL-ON IS PRETTY 40ML,KOZMETİK,7,
ARGEM CAM SEKERLIK,EV,7,
MILKA 75GR FINDIKLI CIKOLATA,GIDA,7,sekerci
DALIN KIDS SAC VUCUT SAMP.300ML ELMA,BEBEK,7,
TAT HASLANMIS BARBUNYA 420 GR,GIDA,7,
COLGATE D.M.SENSITIVE PRO-RELIEF 75 ML,KOZMETİK,7,
KOMILI OLIVE SUT ZEYTINYAGLI 5*75 GR,KOZMETİK,7,
CIL NEROX KESIM PANOSU,EV,7,
UNO GRİSSUNO KEPEKLİ 5X30 GR,GIDA,7,
WEE AKIDE DAMAKLI SILIKON EMZIK NO:3,BEBEK,7,
RENGA HELEZON KAP.YUV.SAKLAMA KABI,EV,7,
PALMOLIVE DUS JELI 250 ML.THERMAL HYDRATING,KOZMETİK,7,
YORSAN BEYAZ PEYNIR LIGHT 1KG,SÜT KAHVALTILIK,7,
JOLY YETISKIN HASTA BEZI 8 ADT,KAĞIT,7,
TARAK RENKLI (SAPLI),KOZMETİK,7,
DOMESTOS YUZEY TEMIZLEYICI 1 LT ENERJI,DETERJAN TEMİZLİK,7,
AKDEM EKİNAZYA CAYI 20LI,İÇECEK,7,
S.BRITE HASSAS ELDIVEN 6,DETERJAN TEMİZLİK,7,
DETAN BOCEK KIRAN SU BAZLI 300 ML,DETERJAN TEMİZLİK,7,
PINAR SUT %50 LIGHT 500ML,SÜT KAHVALTILIK,7,
P.BAHCE DONDURMA HASBELI PEMBE,EV,7,
RINSO MATIK 5 KG OKYANUS,DETERJAN TEMİZLİK,7,
ELSEVE 360ML.SAC KREMI YIPRANMIS,KOZMETİK,7,
KARMEZ MİNİ KEPEKLİ TOST EKMEĞİ,GIDA,7,
PANTENE PRO-V 600 ML SAMP. ONARICI BAKIM,KOZMETİK,7,
KARMEZ MINI LIGHT EKMEK 300GR,GIDA,7,firin
ELSEVE 700 ML PARLAKLIL SAMPUANI,KOZMETİK,7,
SITIL SPECIAL SİYAH DEPOLU PARLATICI,DETERJAN TEMİZLİK,7,
BIZIM BALDO PİRİNÇ 1KG,GIDA,7,
GAZIOGLU UCLER SEKERPARE,GIDA,7,
"BINGO TABLET DET.SET TAB 15+TUZ 1,5 KG+PAR.500 ML",DETERJAN TEMİZLİK,7,
CARTE DOR PUDING CIKOLATALI PORTAKALLI  116GR,GIDA,7,sekerci
ORKID ALLDAYS 28 LARGE,KAĞIT,7,
TARIS Z.YAGI RIVIERA 1LT,GIDA,7,
HEAD SHOULDERS SAC KREMI 400ML EXTRA NEMLENDIRICI,KOZMETİK,7,
SIGNAL WHITE NOW D.M 75 ML DIS FIRCASI HED,KOZMETİK,7,
SILVER 3 ML HAZNELI SUNGER SIYAH,DETERJAN TEMİZLİK,7,
SOKE VITAMINLI VE MINARELLI BUĞ.UNU 1KG,GIDA,7,
NIVEA POWER FRUIT DUS JELI 2.SI HEDIYE,KOZMETİK,7,
AKDEM LAVANTA ÇİÇEĞİ 60 GR,İÇECEK,7,
ULKER SMARTT S.DOLG.CIKOLATA 96GR,GIDA,7,sekerci
FAIRY H 1 ARADA BUL.MAKINESI 70'LI. LIMON,DETERJAN TEMİZLİK,7,
PROTEX SIVI SABUN HIJYEN 750ML,KOZMETİK,7,
MILKA BONIBON 3LU TUP,GIDA,7,
PASTAVILLA JUNIOR PAPATYA 500GR,GIDA,7,
P.BAHCE 98673 KITCHEN KAVANOZ ELASTOM,EV,7,
ORAL-B D.F. COMPLETE XS,KOZMETİK,7,
CAGLA BADEM,MEYVE SEBZE,7,manav
ALGIIDACLASSICS KARAMEL 70ML,SÜT KAHVALTILIK,7,sekerci
P.BAHCE 52010 PASTORAL BARDAK6'LI,EV,7,
ALGIDA CLASSICS VANILYA  70 ML,SÜT KAHVALTILIK,7,
PANTENE 400GR DOGAL SENTEZ ŞAMPUAN,KOZMETİK,6,
P.BAHCE 52883 SPACE 6LI SU BARDAGI,EV,6,
SHE ROLL-ON IS FUN 40ML,KOZMETİK,6,
PROTEX PRO BAKIM 300 ML,KOZMETİK,6,
LOREAL SAC BOYASI 8,KOZMETİK,6,
ULKER GOLF SIZIN ICIN CILEK 1 LT,SÜT KAHVALTILIK,6,
SARAY CITIR PEYNIRLI KRAKER 4!LU,GIDA,6,bufe
TAT YAPRAK SARMA 190GR,GIDA,6,
GARNIER SAC BOYA 6 KOYU KUMRAL,KOZMETİK,6,
SIRMA MISIROZU YAG 1LT.,GIDA,6,
CIF NATURAL YUZEL TEM. 1KG HANIMELI,DETERJAN TEMİZLİK,6,
PHILIPS SMALL ECONOMY 14W INCE DUY BEYAZ,EV,6,
MOLFİX İKİZ PAKET MİNİ 3-6KG,BEBEK,6,
ULKER KELLOGG`S CORN FLAKES 500 GR POSET,SÜT KAHVALTILIK,6,
DIXI SIVI 900ML.YABAN GULU,DETERJAN TEMİZLİK,6,
ULKER TOFFE 350GR DAMLA SAKIZLI,GIDA,6,sekerci
AKDEM NAR EKSISI 820GR.,GIDA,6,
FARELL ODA KOKUSU TRIGERLI OKYANUS,DETERJAN TEMİZLİK,6,
ELIDOR 350ML SAMP. KEPEGE KARSI 2 IN 1,KOZMETİK,6,
TARIS Z.YAGI SIZMA 5LT TNK,GIDA,6,
WEE SILIKON DESENLİ EMZİK DAMAKLI,BEBEK,6,
CIL PIPETLI BARDAK,EV,6,
ARTCRAFT CAM MEZELIK TEKLI,EV,6,
"TEST MATIK 1,5 KG NORMAL",DETERJAN TEMİZLİK,6,
PERSIL JEL 2409 GR DENİZ ESİNTİSİ,DETERJAN TEMİZLİK,6,
DOGADAN EKİNAZYA 20 POŞET,İÇECEK,6,
BANAT BULASIK SUNGERI,DETERJAN TEMİZLİK,6,
FERSAN SALGAM SUYU 330 ML ACILI,İÇECEK,6,
ARGEM TRENDY KAPAK ACACAGI,EV,6,
DIMES 1LT %100 MEYVE SUYU UZUM MANGO,İÇECEK,6,
PERWOLL CAMASIR DET.3 LT.,DETERJAN TEMİZLİK,6,
TAMEK M.SUYU 200ML KAYISI,İÇECEK,6,
ELIDOR SIVI SAC KREMI 200 ML ONARICI BAKIM,KOZMETİK,6,
MARC DEO SIVI 900ML LAVANTA,DETERJAN TEMİZLİK,6,
HARIBO HAPPY-COLA 100GR,GIDA,6,bufe
TADIM KURU KAYISI 200 GR,GIDA,6,kuruyemisci
HAMURANA KOY ERISTESI 400 GR,GIDA,6,
DOGUS BAHCE DOMATES SALCASI 830 GR,GIDA,6,
LIPTON ICE TEA 330 CL ICECEK GREEN,İÇECEK,6,bufe
"WELLA TUP SAC BOYASI 7,77 IŞILTILI KAHVE",KOZMETİK,6,
KOSKA HELVA KAKAOLU 1000 GR.,SÜT KAHVALTILIK,6,sekerci
LİPTON BERRAK YEŞİL ÇAY BALLI 20LI,İÇECEK,6,
HERO BABY MEYVELI 8 TAHILLI 500 GR,BEBEK,6,
EGOS SAC JOLESI400 MLCOK SERT,KOZMETİK,6,
PRINGLES 165 GR TEXAS,GIDA,6,
COLGATE MAXFRESH 125ML COOL MINT,KOZMETİK,6,
F NEFFIS TAHIN 550 GR,SÜT KAHVALTILIK,6,
VERNEL 2LT MAVI ESINTI YUMUSATICI,DETERJAN TEMİZLİK,6,
SIGNAL D.F.SENSITIVE ULTRA REACH,KOZMETİK,6,
CAYKUR YESIL SÜZEN CAY 25AD LIMONLU,İÇECEK,6,
ARKO TRAS KOPUGU 200ML.MOIST,KOZMETİK,6,
KENT 375 GR CIKOLIN SEKER,GIDA,6,
AKDEM ANASON CAYI 20LI,İÇECEK,6,
DOGADAN FORM ZAYIFLAMA CAYI,İÇECEK,6,
SATEN TUY DOK KREM HASAS,KOZMETİK,6,
FINISH TEMIZLIK VE BAKIM SETI,DETERJAN TEMİZLİK,6,
GILLETTE MACH3 ŞAMPİYON RED MAKİNA 1UP,KOZMETİK,6,
ROCCO POP SAKIZ PORTAKAL,GIDA,6,sekerci
PRIVACY GOLD DEO 150 ML WOMEN,KOZMETİK,6,
AXE DEO 150ML ANARCHY FOR HIM,KOZMETİK,6,
DETTOL ANTIBAKTERIYEL SABUN 100 GR,KOZMETİK,6,
GARNIER 562 GECE KIZILI,KOZMETİK,6,
ACTİVEX SIVI SABUN 300 GR DOGAL KORUMA,KOZMETİK,6,
KNORR MERCİMEK KÖFTE HARCI 98 GR,GIDA,6,
CARDAK PORTAKAL SUYU 1+5,İÇECEK,6,
SENS SIVI SABUN 750 ML LAVANTA,KOZMETİK,6,
RAID SINEK SAVAR KRİZANTEM 300 ML,DETERJAN TEMİZLİK,6,
COLGATE MISVAK BEYAZLIK 125ML.,KOZMETİK,6,
BAKTAT EXTRA GEMLIK SIYAH ZEYTIN 800 GR,SÜT KAHVALTILIK,6,
ORAL-B D.F.KOMPLE TEMIZLIK,KOZMETİK,6,
HALK TATBENI 100 GR,GIDA,6,
JOHNSON`S KOLONYA- HAPPY 200 ML,KOZMETİK,6,
EMEK MISIROZU YAG 18 LT TNK,GIDA,6,
NESTEA ICE TEA 330 ML LIMON,İÇECEK,6,bufe
SENER UZUM PEKMEZI 800GR,SÜT KAHVALTILIK,6,
BIOMEEN SAMPUAN 700ML KEPEGE KARSI,KOZMETİK,6,
ALOMATIK 5 KG HIJYENIK BEYAZLAR,DETERJAN TEMİZLİK,6,
TAMEK DIABET RECEL CILEK 200 GR.,SÜT KAHVALTILIK,6,
BLENDAX 700ML ERKEKLERE OZEL KOPARAK DOK.,KOZMETİK,6,
AIR WICK FRESMATIC MAK+YEDEK BAHAR CICEKLERİ,DETERJAN TEMİZLİK,6,
IPANA PRO EXP CLİNİC 1+1 75 ML,KOZMETİK,6,
EMEK ZEYTINYAGI SIZMA 5LT,GIDA,6,
F BAKTAT PIRI PIRI ACI BIBER TURSUSU,GIDA,6,
TARAK ERKEK (AMBALAJLI),KOZMETİK,6,
VEET DUSTA HASSAS 150 ML,KOZMETİK,6,
KOMILI BEBEK SAMPUANI 750ML,BEBEK,6,
PIKNIK 001 BEYAZ MUM KUTU,EV,6,
BEYPAZARI SODA ELMA AROMALI,İÇECEK,6,bufe
EXTREME CAM TERABENTIN,KOZMETİK,6,
PINAR FISH FINGER 240GR,GIDA,6,
EVCAY SINAMEKI CAYI 20 POSET,İÇECEK,6,
CALGONIT DEO 2IN1 CITRO FRESH,DETERJAN TEMİZLİK,6,
ARTCRAFT DEM OPTIKLI CAY BARDAGI 6'LI,EV,6,
SOLEN BISCOLATA STARZ 100 GR SUTLU CIK.,GIDA,6,
MR. MUSCLE KLOZET JEL MARINE,DETERJAN TEMİZLİK,6,
HOBBY ENERJI JOLE 750 ML ULTRA SERT,KOZMETİK,6,
SERA PERFORE 99 METRE,EV,6,
PANTENE PRO-V 400ML SAC KREMI DOGAL SENTEZ,KOZMETİK,6,
BINGOSOFT KONSANTRE 750 ML LOVELY,DETERJAN TEMİZLİK,6,
LIPTON ENGLISH BREAKFAST TEA 100'LU DEMLIK,İÇECEK,6,
GOKCE TOZ ICECEK 350 GR VISNE,İÇECEK,6,
DR.OETKER MILKSHAKE MUZLU 25GR,GIDA,6,
ALGIDA DONDURMA 1000 ML VISNE LIMON,SÜT KAHVALTILIK,6,
ULKER ALBENI MINI BOY 216 GR,GIDA,6,
MUJDE SUPER INCE 57 SOKET,EV,6,
ULKER GRANINI 330 ML KAYISI,İÇECEK,6,
TAMEK BIBER SALCASI 1/1 ACI,GIDA,6,
SIGNAL WHITE NOW D.M 75 ML MİNT NANE,KOZMETİK,6,
YAREN DESENLI PORSELEN KUPA,EV,6,
PRIMA IKIZ PAKETI 4-9KG,BEBEK,6,
ARGEM MILENYUM CEVIZ FIN. KIRACAGI,EV,6,
ARGEM KORUKLU VANTUZ POMPA,EV,6,
IPEK SACKREMI 700 ML KOPARAK DOKULEN SACLAR ICIN,KOZMETİK,6,
TILLO 1276 CAMASIR IPI PVC KAPLAMALI,EV,6,
HARIBO STARMIX 100GR,GIDA,6,
MARC DEO SIVI 900ML FLORAL,DETERJAN TEMİZLİK,6,
BINGOSOFT 4 LT STAR,DETERJAN TEMİZLİK,6,
CIF KREM 1500 ML,DETERJAN TEMİZLİK,6,
MR.MUSCLE COK AMACLI BANYO TEM,DETERJAN TEMİZLİK,6,
GLADE NATURE'S ODA SPREYI MORNING 400ML,DETERJAN TEMİZLİK,6,
TAT 720 CC LAMBARDI BIBER TURSUSU,GIDA,6,
BINGO SIVI DET.4 LT.PARFUMSUZ,DETERJAN TEMİZLİK,6,
BLENDAX 700ML 2IN 1 JOJOBA BOYALI SAC. DOLGUN,KOZMETİK,6,
UNIVIP SABUNLUK,EV,6,
BINGOSOFT 4 LT BAHAR YUMUSATICI,DETERJAN TEMİZLİK,6,
ERNET 1700 CAM CEK CEK KUCUK,EV,6,
BEBELAC SÜTLÜ BALLI İRMİKLİ 500 GR,BEBEK,6,
FINISH POWERBALL 40  LI TABLET HEPSI 1 ARADA,DETERJAN TEMİZLİK,6,
NEUTROGENA BESLEYICI BAKIM KREMI 300ML,KOZMETİK,6,
DR.OETKER MILKSHAKE MUZLU 3+1 HEDIYELI,GIDA,6,
DOVE SAMPUAN 400ML BESLEYICI BAKIM SAMP.,KOZMETİK,6,
BANAT KLOZET BLOGU FRESH 40GR.,DETERJAN TEMİZLİK,6,
PALMOLIVE DUS JELI 250 ML.THERMAL FIRMING,KOZMETİK,6,
A.CARTE D'ORSELECTION..900ML MEYVE SOLENI,SÜT KAHVALTILIK,6,
BEBAK ACI BADEM KREMİ 35 GR. KÜÇÜK KAVANOZ,KOZMETİK,6,
BABY STAR IKIZ MAXI PLUS 42 LI,BEBEK,6,
ELSEVE 650 ML KURU SACLAR,KOZMETİK,6,
MR.MUSCLE KLOZET JEL LAVENDER,DETERJAN TEMİZLİK,6,
MLP DCARE LIGHT40*10 NORMAL,KAĞIT,6,
LADY S.S. GEL 24/7 FRESH FUSION 65GR,KOZMETİK,6,
WEE SULU DIS HALKASI 859,BEBEK,6,
ULKER MULTIPACK HOBBY CONE CIK.KAYMAK 10'LU,SÜT KAHVALTILIK,6,
CALVE MAYONEZ 500ML,GIDA,6,
KONYA SEKER TANESI TORBA 5000 GR,İÇECEK,6,
MR.MUSCLE YUZEY TEMIZLIYICI 3LT.LAVENDER,DETERJAN TEMİZLİK,6,
P.BAHCE 97302 VELA 6 LI FINCAN TAKIMI,EV,6,
MR.MUSCLE MUTF.TEMZL.PUSK.500ML,DETERJAN TEMİZLİK,6,
BIZIM PIRINC UNU 500 GR,BEBEK,6,
ORAL-B D.F. EXPERT ANTİ-BACTERIAL MEDIUM,KOZMETİK,6,
PENGUEN PANCAR TURSUSU 680 GR,GIDA,6,
REXONA WOMEN POWDER 150 ML.,KOZMETİK,6,
F SAFF ULTRA ÇAMAŞIR SUYU ÇAM KOKULU 4 KG,DETERJAN TEMİZLİK,6,
SESU AGDA TEMIZLEME YAGI 150 ML,KOZMETİK,6,
PINAR KETCAP+ MAYONEZ+ HARDAL 1190 GR,GIDA,6,
TAMEK BIBER SALCASI ACI 355GR,GIDA,6,
IPANA DOGAL FERAHLIK 100 ML/171G 7 FAKTOR,KOZMETİK,6,
COLGATE D.M.TOTAL12 NANE TEM.125 ML%25 BEDAVA,KOZMETİK,6,
F MONART 2'LI SERAMIK TAVA,EV,6,
BEBAK ACI BADEM SÜTLÜ MAKYAJ TEMİZLEME MENDİLİ (20,KOZMETİK,6,
VILEDA YEDEK SOPA,DETERJAN TEMİZLİK,6,
PANTENE Y 400ML.IPEKSI YUM ŞAMPUAN,KOZMETİK,6,
KAHKECIZADE PARMAK SUSAMLI 400 GR,GIDA,6,
WELLA KOLESTON SAC BOYASI 5.4 KIT ACIK KESTANE,KOZMETİK,6,
KAR CIPSO 78GR YORESEL LEZZETLER EGE,GIDA,6,
HEAD SHOULDERS 400ML EKSTRA DOLGUNLUK,KOZMETİK,6,
CANPED BELBANTLI GECE HASTA BEZI 14 AD.,KAĞIT,6,
EVCAY TARCIN KABUGU 100 GR.,İÇECEK,6,
HUGGIES ISLAK HAVLU 40LI YENİ DOĞAN,KAĞIT,6,
LİPTON BERRAK YEŞİL ÇAY NANELİ 20LI,İÇECEK,6,
DOGADAN FORM KAYISILI CAY,İÇECEK,6,
DR.OETKER HAVUCLU KEK KARISIMI 535 GR,GIDA,6,
TADIM KURU ERIK 200 GR,GIDA,6,
CARTE D`OR KARAMELLI SOS 300 GR,SÜT KAHVALTILIK,6,sekerci
CANBEBE CONFORT DRY YENIDOGAN 2-5 KG,BEBEK,6,
SHE FUN SPREY DEO 150ML,KOZMETİK,6,
WELLA KOLESTON SAC BOYASI 9.0 KIT SARI,KOZMETİK,6,
"TURSIL JEL LEYLAKBAHCESI 3,358",DETERJAN TEMİZLİK,6,
DURACELL RECHARGEABLE 2LI SARZLI PIL AAA,EV,6,
TADIM SULTANİYE 200 GR,GIDA,6,
MILKA 100 GR TABLET KARAMEL,GIDA,6,sekerci
ULKER GOLF FIRSAT PAKETI 5'LI,SÜT KAHVALTILIK,6,
LOREAL SAC BOYASI 10,KOZMETİK,6,
ARGEM KAGIT HAVLU ASACAGI,EV,6,
FALIM 5`LI KUTU SAKIZ NANELI-D,GIDA,6,sekerci
BINGOSOFT 2 LT ADA FERAHLIĞI,DETERJAN TEMİZLİK,6,
"LOREAL SAC BOYASI 6,35",KOZMETİK,6,
WELLA TUP SAC BOYASI 4.0 KAHVE,KOZMETİK,6,
EMOTION DEO SPREY 150ML ASIAN GARDEN,KOZMETİK,6,
COLGATE D.F. 1+1 ORTA YENI,KOZMETİK,6,
TIRNAK MAKASI CFZ -KUTULU,KOZMETİK,6,
CARTE D`OR ANTEP-CIKOLATA-KARAMEL,SÜT KAHVALTILIK,6,sekerci
EKİN OSMANCIK PIRINC 2500 GR,GIDA,6,
YAREN ROSE KAHVE FINCANI 6 LI,EV,6,
ALTIN CEZVE TOZ ICECEK ADACAYI 300 GR,İÇECEK,6,
KARANFİL CAY KASIGI 6 LI,EV,6,
KOMİLİ 700 ML ŞAMPUAN ZEYT.VE ISIRGANOTU,KOZMETİK,6,
TAMEK MEYVE SUYU 330 ML VISNE,İÇECEK,6,
HALK PUDING VANILINLI 150GR,GIDA,6,
NIVEA SABUN 90 GR CILEKLI,KOZMETİK,6,
PRIVACY DEO 150 ML,KOZMETİK,6,
BINGO SIVI DET.2 LT. PARFUMSUZ,DETERJAN TEMİZLİK,6,
BREF WC DUO AKTIF 60 ML OKYANUS FERAHLIGI,DETERJAN TEMİZLİK,6,
KOSLA SIVI 1LT.BEYAZ LEKE CIKARICI,DETERJAN TEMİZLİK,6,
GARNIER SAC BOYA 4.6 KESTANE KIZIL,KOZMETİK,6,
BANAT MINNO DIS FIRCASI,KOZMETİK,6,
ARGEM SUNGERLI CEKSIL,EV,6,
GARNIER SAC BOYA 4.63 KESTANE DORE,KOZMETİK,6,
BINGOSOFT 4 LT LAVANTA YUMUSATICI,DETERJAN TEMİZLİK,6,
OKEY NON-STOP HISSET,KOZMETİK,6,
MEHTAP TEFLON 26 CM KREP TAVA,EV,6,
TAMEK BIBER SALCASI 355GR,GIDA,6,
ORAL-B GARGARA PRO EXPERT 500ML,KOZMETİK,6,
PHILIPS PARTYLIGHT 15 WT SARI,EV,6,
MR.MUSCLE KREM 750ML LIMON 2.SI%50 IND,DETERJAN TEMİZLİK,6,
YORSAN KREM PEYNIR 350GR,SÜT KAHVALTILIK,6,
BALPARMAK OZEL SUZME BALI 460,SÜT KAHVALTILIK,6,
KOMILI EGE SIZMASI Z.YAGI 5 LT TNK,GIDA,6,
PANTENE PRO-V 600 ML SAMP. AQUA LIGHT,KOZMETİK,6,
PENGUEN RECEL AHUDUDU 800GR,SÜT KAHVALTILIK,6,
ARI PIRINC UNU 500GR EKO,BEBEK,6,
PENGUEN RECEL CILEK 800 GR,SÜT KAHVALTILIK,6,
ULKER GOLF SPECİAL KARAORMANI %33 1197 ML,SÜT KAHVALTILIK,6,
PROTEX SIVI SABUN 1800 ML UTRA,KOZMETİK,6,
PAM SIVI SABUN 1 LT GUL BUKETI,KOZMETİK,6,
AKDEM ELMA CAYI 20LI,İÇECEK,6,
ULKER GOLF SIZIN ICIN ANTEP F.-VANILYA 1 LT,SÜT KAHVALTILIK,6,
ULKER CIZI KRAKER MINI,GIDA,6,bufe
DURACELL RECHARGEABLE 2LI KALEM PIL AA,EV,6,
ARGEM LUKS YUMURTA FIRCASI,EV,6,
DURU SIVI SABUN 300 ML MANGOLU,KOZMETİK,6,
PENGUEN RECEL KAYISI 380GR,SÜT KAHVALTILIK,6,
DOGADAN FORM KIRAZ SAPI 20LI,İÇECEK,6,
ARKO TRAS KOPUGU 300ML,KOZMETİK,6,
VILEDA 8 LI SUNGER,DETERJAN TEMİZLİK,6,
TAT RECEL PORTAKAL 380GR,SÜT KAHVALTILIK,6,
ALATAURCA KEK KURABIYE 124GR,GIDA,6,
TAT MANTAR 340 GR,GIDA,6,
PINAR DOYUM KANGAL ACIK,ET TAVUK,6,kasap
GARNIER COLOR NATURALS 5.0 PARLAK ACIK KAHVE,KOZMETİK,6,
ALGIDA MARAS CIKOLATA SADE 750 ML,SÜT KAHVALTILIK,6,sekerci
BORCAM YUVRL TEPSI,EV,6,
TAT MEKSIKA FASULYESI 410 GR,GIDA,6,
NUMIL APTAMIL JUNİOR DEVAM SÜTÜ 600 GR,BEBEK,6,
ONCU BIBER SALCASI ACI 4300 GR,GIDA,6,
LISTERINE ZERO AGIZ BAKIM URUNU 250 ML NANE,KOZMETİK,6,
DOMESTOS HIJYENIK COK AMACLI SPREY 750ML,DETERJAN TEMİZLİK,6,
REST CAM BEZI SARI,DETERJAN TEMİZLİK,6,
YAREN CIFTPORSELEN SIVI SABUNLUK,EV,6,
ARTCRAFT CAY TABAGI 6'LI,EV,6,
GOKCE TOZ ICECEK 350 GR LIMON,İÇECEK,6,
KOSKA LIGHT RECEL 240 GR AHUDUDU,SÜT KAHVALTILIK,6,
ZENNE GONDOL TERLIK MOR,EV,6,
DR.OETKER RUM AROMASI 8ML,GIDA,6,
DR.OETKER GLAZUR BITTER 100 GR,GIDA,6,
DOGADAN PAPATYA CAYI 20 POSET,İÇECEK,6,
LIPTON TB 40GR FORM PLUS 20LI,İÇECEK,6,
SIGNAL BEYAZLATICI SISTEM 50ML,KOZMETİK,6,
CAFE CROWN 3 IN 1 KUPA HEDIYELI,İÇECEK,6,
TAMEK DOMATES SALCASI CAM 720,GIDA,6,
TAMEK TAZE FASULYE 720ML CAM,GIDA,6,
COLGATE PLAX 250 ML MAVI TOTAL NANE D.M.,KOZMETİK,6,
DOGUS FİLİZ ÇAY 1000 GR,İÇECEK,6,
DR.OETKER UN KURABİYESİ,GIDA,6,
BINGOSIL CAM 500GR PUSK.PORTAKAL CICEK,DETERJAN TEMİZLİK,6,
ELSEVE 650 ML SAMPUAN NEMLENDIRICI KREMSIZ,KOZMETİK,6,
DİSNEY MUZ AROMALI SÜT 200ML,SÜT KAHVALTILIK,6,
GILLETTE WOMEN VENUS RIVIERA 2LI,KOZMETİK,6,
DOGUS CIPSO 69 GR. SADE  TIRTIKLI,GIDA,6,
BANAT BULASIK SUNGER 5LI PAKET,DETERJAN TEMİZLİK,6,
DOVE DEO STICK ORIGINAL,KOZMETİK,6,
SONY ULTRA BUYUK BOY 2LI,EV,6,
DR.OETKER VANILYALI SOS 75 GR,GIDA,6,
TEKEL 2000 KISA MAVİ,SİGARA,6,
HALK CAILLOU CILEK JOLELI 9 ADET 117 GR,GIDA,6,
UMIT YAPRAK GALETA 200 GR.KEPEKLI,GIDA,6,
DR.OETKER VITALS BAL BADEMLI,GIDA,6,kuruyemisci
DOVE INTENSIVE CREM 150ML,KOZMETİK,6,
ARTCRAFT DESENLI SU BARDAGI 6'LI,EV,6,
BINGO DYNAMİC TABLET EXPRESS 28LI,DETERJAN TEMİZLİK,6,
NESTLE NESFIT CIKOLATALI 430 GR,SÜT KAHVALTILIK,6,sekerci
CIL CAY KASIGI VE SUZGEC,EV,6,
MAGGI FIRINDA SOGANLI SARIMSAKLI CESNI,GIDA,6,
PENGUEN RECEL AHUDUDU 380GR,SÜT KAHVALTILIK,6,
MAGGI PAPRIKALI CESNI 34 GR,GIDA,6,
FAIRY PLATİUM BUL.MAKINESI 70'L,DETERJAN TEMİZLİK,6,
MEHTAP KEK PAPATYA KALIBI,EV,6,
YAREN ARTCRAFT MESRUBAT BARDAGI 3'LU DESENLI,EV,6,
SUPER FRESH SIGARA BOREGI,GIDA,6,
YAREN CIFT KOYUN KUMBARA,EV,6,
TAMEK MEYVE SUYU 330 ML KAYISI,İÇECEK,6,
CALGONIT QUANTUM 20TAB.,DETERJAN TEMİZLİK,6,
FE DIS PASTASI 90 GR SENSITIVE,KOZMETİK,6,
DOGUS MEYVE CAYI ELMA 20 LI POSET,İÇECEK,6,
MOLFIX BEBEK BAKIM ORTUSU 10 LU,BEBEK,6,
AKDEM SİNEMAKİ 50GR,İÇECEK,6,
P.BAHCE SALATA KASESI,EV,6,
BANAT BULASIK SUNGER 5LI PK OLUKLU,DETERJAN TEMİZLİK,6,
WEE SILIKON DESENLI EMZIK DAMAKLI NO:3,BEBEK,6,
PRIL SUPER EKONOMIK SET,DETERJAN TEMİZLİK,6,
YUMOS 6 LT LAVANTA FERAH. YUMUSATICI,DETERJAN TEMİZLİK,6,
VILEDA ELDIVEN EXTRA SENSATION 9 BUYUK,DETERJAN TEMİZLİK,6,
OKEY CIFT HAZ 10 LU,KOZMETİK,6,
DOVE DEO SPREY ORIGINAL,KOZMETİK,6,
ALATURCA CIKOLATA DOLGULU KURABIYESI 59 GR,GIDA,6,sekerci
ALOMATIK 5 KG CANLI RENKLER,DETERJAN TEMİZLİK,6,
"DURACELL ULTRA ORTA PIL 1,5V.",EV,6,
PRINGLES 40GR GR PAPRIKA,GIDA,6,
PENGUEN KOZLENMIS PATLICAN KON.520 GR,GIDA,6,
BIGBABOL 33 GR.CILEKLI 14 AD,GIDA,6,
A.CLASSIC CARTE D`OR 1000ML SUTLU-CIKOLATA,SÜT KAHVALTILIK,6,sekerci
BERGAMA SAC FIR.ERGONOMIK-KUTULU,KOZMETİK,6,
CIF SUNLIGHT BULASIK DET.KONSANTRE 500 ML,DETERJAN TEMİZLİK,6,
CANPED BELBANTLI YET.HAS. BEZI 7 AD.BUYUK BOY,KAĞIT,6,
ARTCRAFT DIVA CAY TABAGI 6 LI,EV,6,
HUNCA  BITTIM SAMPUAN 700 ML ARGAN VE ZEYTIN YAGI,KOZMETİK,6,
PANTENE PRO-V 600 ML SAMP. IPEKSI YUMUSAKLIK,KOZMETİK,6,
NIVEA ROLL-ON MEN 50 ML STRESS PROTECT,KOZMETİK,6,
BINGO ULTRA CAM.SUYU 2LT KLASIK,DETERJAN TEMİZLİK,6,
BINGO DYNAMIC KOKU GIDERICI,DETERJAN TEMİZLİK,6,
PANTENE DOGAL SENTEZ 250 ML.SAMPUAN,KOZMETİK,6,
MEHTAP SİYAH İNCİ SAHAN 22 CM,EV,6,
REIS KEPEKLI PIRINC 1KG,GIDA,6,
DURU KURU FASULYE 1KG,GIDA,6,
HEAD SHOULDERS 600ML HASAS SAC DERISI,KOZMETİK,6,
PRIL HIJYEN 750 ML,DETERJAN TEMİZLİK,6,
F BAKTAT KOZLENMIS PATLICAN 295 GR,GIDA,6,
OKEY ZIRVE 10 LU,KOZMETİK,6,
CIF BALLERINA OLUKLU SUNGER,DETERJAN TEMİZLİK,6,
ELSEVE 360ML.SAC KREMI BOYALI SACLAR,KOZMETİK,6,
PALMOLIVE SIVI SABUN 300ML ANTI-BACTERIAL,KOZMETİK,6,
LIPTON TB NAR 40GR 20LI,İÇECEK,6,
RENGA DEKORATIF RENKLI SISE,EV,6,
P.BAHCE 97711 FRIGO TEREYAGLIK,EV,6,
S.BRITE OVUCU YEDEK PASPAS,DETERJAN TEMİZLİK,6,
YAREN THN YUMURTALIK TUZLUK,EV,6,
RUFFLES 6 LI FIRSAT PAKETI,GIDA,6,
FABULOSO SIK VE SIL SPREY 500ML LIMON,DETERJAN TEMİZLİK,5,
PEPSI 1LT LIGHT PET SISE,İÇECEK,5,
CILLIT BANG 750 ML ULTRA ÇAMAŞIR SUYU,DETERJAN TEMİZLİK,5,
DURACELL AA KALEM PIL 2'LI,EV,5,
VITA BITKISEL SUSUZ YAG 5LT,GIDA,5,
ELSEVE 360ML.SAC KREMI ARI SÜTÜ,KOZMETİK,5,
TAMEK TAZE FASULYE 830 GRTNK,GIDA,5,
P.BAHCE 52046 GUNES 6 LI BARDAK,EV,5,
GURALLAR CAY BARDAGI PETEK 6'LI,EV,5,
ULKER ONEO SAKIZ 27 GR DAMLA SAKIZLI,GIDA,5,sekerci
REXONA FOR MEN V8 DEO ROLL_ON,KOZMETİK,5,
PALMOLIVE SIVI SABUN 750ML YED.ANTI-S,KOZMETİK,5,
AKDEM NANE&LİMON CAYI 20LI,İÇECEK,5,
BANAT D.F. TRIO-ORTA,KOZMETİK,5,
COLGATE D.F. 360 OPTIK BEYAZ,KOZMETİK,5,
ARGEM AHSAP KEPCE KUCUK,EV,5,
VIVIDENT FULL FRESH 25GR,GIDA,5,
PHILIPS ECO 14 W,EV,5,
P.BAHCE 54261 KARE CAY TABAGI 6LI,EV,5,
DR.OETKER PUDING KAKAOLU LIGHT 70GR,GIDA,5,
DURU DUS JELI 250ML YENILEYICI NAR,KOZMETİK,5,
KOMILI BEBEK YAGI 200ML,BEBEK,5,
SENER KUS LOKUMU 180 GR,SÜT KAHVALTILIK,5,sekerci
NESTLE KREM CIKOLATA 320 GR,GIDA,5,sekerci
REXONA MEN 150 ML INVISIBLE,KOZMETİK,5,
CEBEL PETEKLI CICEK BAL 650 GR,SÜT KAHVALTILIK,5,
WELLA KOLESTON 7/1 MAXI KULLU KUMRAL,KOZMETİK,5,
PERSIL KAPSUL RAGULAR 12 LI,DETERJAN TEMİZLİK,5,
GILLETTE BLUE III 6 LI I'CE,KOZMETİK,5,
AIR WICK FRESH MATIC MAGNOLIA YEDEK,DETERJAN TEMİZLİK,5,
CALGON KIREC ONLEYICI 40'LI TAB.,DETERJAN TEMİZLİK,5,
ULKER CAMLICA LIMONLU 250 ML,İÇECEK,5,
F NEFFIS TAHIN ILE PEKMEZ 740 GR,SÜT KAHVALTILIK,5,
BAGDAT KISNIS 40GR,GIDA,5,
WELLA PRO-SERIES SAMPUAN 500MLCOLOR,KOZMETİK,5,
EMEK MISIROZU YAG 10LT TNK,GIDA,5,
BINBIRCİCEK BAL 850 GR.,SÜT KAHVALTILIK,5,
ARKO TRAS JELI 1+1 EXTRA PERFORMANS,KOZMETİK,5,
NIVEA DEO 150 ML DRY COMFORT,KOZMETİK,5,
BINGOSOFT KONSANTRE 750 ML ADA FERAHLIGI,DETERJAN TEMİZLİK,5,
CHAMPION MUHABBET KUS YEMI SUPERMIX,PET,5,
DOGUS YESIL 20LI BERGAMOTLU POSET CAY,İÇECEK,5,
NIVEA LIP DUDAK KORUYUCU MED PROTECTION,KOZMETİK,5,
PIKNIK 1448 LIMON SIKACAGI,EV,5,
YAREN PERFECT SOSLUK SUTLUK 12 CM,EV,5,
YAREN ARTCRAFT DEKORLU SU BARDAGI 6LI,EV,5,
BANAT SAPLI PASPAS,DETERJAN TEMİZLİK,5,
WEE 761 PIPETLI BARDAK,BEBEK,5,
WEE PUDRA,BEBEK,5,
WEE CAM BIBERONU,BEBEK,5,
BESLER DILIMLI SUCUK 330GR,ET TAVUK,5,kasap
GOODY ETLI KEDI MAMASI,PET,5,
AIR WICK AQUA MIST COOL LINEN,DETERJAN TEMİZLİK,5,
WELLA KOLESTON 4/0 MAXI,KOZMETİK,5,
PIKNIK 111 LUKS KURDAN,EV,5,
LIPTON PIRAMIT ELMALI TARCINLI CAY,İÇECEK,5,
BAYGON BOCEKLERE KARSI AEROSOL,DETERJAN TEMİZLİK,5,
LIPTON GOLDEN CEYLAN TEA 96 AD DEMLIK,İÇECEK,5,
FUSION PROGLIDE MAKINE 1BICAK,KOZMETİK,5,
ARGEM FRESH KOKU GIDERICI,EV,5,
WEE GENIS AGIZLI BIBERON EMZIGI NO:2,BEBEK,5,
ARGEM PLASTIK SUZGEC NO:3,EV,5,
NASCITA 3'LU TIRNAK MAKASI SETI-KUTULU,KOZMETİK,5,
VILEDA EASYWRING YEDEK,DETERJAN TEMİZLİK,5,
GILLETTE MACH3 BICAK 4LU,KOZMETİK,5,
ARGEM GELIN MUMU 24 LU,EV,5,
PIKNIK 1387 RENDE CIFT TARAFLI,EV,5,
BINGO ULTRA CAM.SUYU 2LTBANYO,DETERJAN TEMİZLİK,5,
MR.MUSCLE KREM 750 ML.LIMON,DETERJAN TEMİZLİK,5,
S.BRITE HASSAS ELDIVEN 8,DETERJAN TEMİZLİK,5,
ULKER COCOSTAR 28 GR.-274-,GIDA,5,
STELLA SIMBA TEL 3 U,DETERJAN TEMİZLİK,5,
ORKID 4LÜ ULTRA EXTRA GECE GÜNLÜK PED HEDİYE,KAĞIT,5,
CARTE DOR INCIR TATLISI 240 GR,GIDA,5,
REXONA STICK POWDER 50 ML,KOZMETİK,5,
SIGNAL D.F.ANTI-PLAQUE ULTRA REACH,KOZMETİK,5,
COLGATE D.F.MIKRO HASSAS YUMUSAK,KOZMETİK,5,
P.BAHCE 52987 WORKSHOP LINEA 6'LI YESIL BARDAK,EV,5,
WEE EMZIK ASKISI,BEBEK,5,
ORAL-B D.F. PRO EXPERT 7 1+1,KOZMETİK,5,
DOGADAN FORM LIMONLU CAY,İÇECEK,5,
ULUDAG EFSANE GAZOZ PORTAKALLI 6*250 ML,İÇECEK,5,bufe
SARAY CHOCO LATO 50 GR,GIDA,5,
FINISH H1 ARADA POWERBALL 50'LI,DETERJAN TEMİZLİK,5,
BINGO ELDE YIKAMA 3 KG,DETERJAN TEMİZLİK,5,
CALDION CITY FOR WOMEN GIFT SET EDT+DEO,KOZMETİK,5,
HOBBY SAMPUAN PROTEIN 700 ML NAROZLU,KOZMETİK,5,
P.BAHCE 42331 CAY BARDAGI 12 LI,EV,5,
REXONA DEO OZEL SERI 150 ML,KOZMETİK,5,
GURALLAR ART CRAFT 6'LI RECELLIK,EV,5,
PAPIA DEKOR HAVLU KAGIT 8 Lİ,KAĞIT,5,
KOSKA YAZ HELVASI KARAMELLI& CEVIZLI 500 GR,SÜT KAHVALTILIK,5,sekerci
S.BRITE CAM BEZI 2LI EKO.,DETERJAN TEMİZLİK,5,
S.BRITE MİKROFİBER TOZ BEZI 2 LI,DETERJAN TEMİZLİK,5,
NIVEA BABY KREMLI SABUN 100GR.,KOZMETİK,5,
JOLY YETISKIN HASTA BEZI 30 ADT LARGE,KAĞIT,5,
PINAR TEKIRDAG KOFTE 445 GR,GIDA,5,
VEET HAZIR SOGUK AGDA BANDI 15+5 NORMAL CİLT,KOZMETİK,5,
ROZI 4 AL 3 ODE 28 ADET ULTRA GECE,KAĞIT,5,
AKDEM KARADUT PEKMEZI 420 GR,SÜT KAHVALTILIK,5,
PIKNIK 1497 PLS.DUZ KAMIS 40LI,EV,5,
TAMEK KOZLENMIS PATLICAN 510GR,GIDA,5,
PHILIPS 11 W=47W550LM ECO COOL DAY LİGHT,EV,5,
COOK BUZGULU COP TORBASI BUYUK BOY 15 AD LIMON,EV,5,
ARTCRAFT RENKLI 4'LU KASE,EV,5,
SIGNAL D.F. WHITE SYSTEM,KOZMETİK,5,
WELLA TUP SAC BOYASI 5.66 SARAP KIZ,KOZMETİK,5,
KNORR FIRINDA TAVUK CESNISI 35GR DAG KEKIKLI SUSA,GIDA,5,
PALMOLIVE DUS JELI 250 ML HINDISTAN CEVIZI,KOZMETİK,5,
LOREAL SAC BOYASI 9.1,KOZMETİK,5,
DR.OETKER BIG MUFFIN 260GR,GIDA,5,
F BAKTAT BIBERIYE TURSU 1400 GR,GIDA,5,
DIXI SIVI 900ML. ILKBAHAR,DETERJAN TEMİZLİK,5,
GARNIER SAC BOYA 7.3 FINDIK KABUGU,KOZMETİK,5,
"LOREAL SAC BOYASI 6,32",KOZMETİK,5,
PANTENE AQUA LIGHT SAC KREMI 400GR,KOZMETİK,5,
PANTENE Y 400ML İNCE TELLİ SAÇLAR İÇİN,KOZMETİK,5,
NIVEA DEO 150ML DRY IMPACT PLUS,KOZMETİK,5,
EKİN DERMASON FASULYE 1 KG,GIDA,5,
KUZU KUL BASTI,ET TAVUK,5,kasap
SITIL PREMIUM SUET 100 ML LIKIT K.KAHVE,DETERJAN TEMİZLİK,5,
DOMESTOS HIJYENIK LEKE CIKARICI 1 LT,DETERJAN TEMİZLİK,5,
P.BAHCE 43163 BABYLON,EV,5,
SESU ROLL-ON SIR AGDA 100 ML,KOZMETİK,5,
ARGEM IKILI RENDE,EV,5,
M.BIRLIK SUPER 800GR TNK,SÜT KAHVALTILIK,5,
KENT SAMBA CIKOLATA 312GR,GIDA,5,sekerci
POLO SILIMS PURPLE,SİGARA,5,
ELIDOR 350 ML SAC KREMI ISILDAYAN PARLAKLIK,KOZMETİK,5,
ARKO TRAS JELI 1+1 COOL,KOZMETİK,5,
"BINGO SOFT KONSANTRE 2,5 LT ADA FERAHLIGI",DETERJAN TEMİZLİK,5,
WELLA KOLESTON SAC BOYASI 7.1 KULLU KUMRAL,KOZMETİK,5,
EMOTION DEO SPREY 150ML FRESH BOUQET,KOZMETİK,5,
YAREN ARTCRAFT SU BARDAGI DEKORLU 6'LI,EV,5,
SENER RECEL 770 GR BOGURTLEN,SÜT KAHVALTILIK,5,
F BAKTAT HIYAR TURSUSU 3100 GR,GIDA,5,
TAMEK DIABET RECEL VISNE 200 GR.,SÜT KAHVALTILIK,5,
KOSKA AHUDUDU RECELI 1850 GR,SÜT KAHVALTILIK,5,
NIVEA 75 ML WOMEN DEO FRESH,KOZMETİK,5,
BINGO ULTRA CAM.SUYU 3770ML MUTFAK,DETERJAN TEMİZLİK,5,
FERRERO ROCHER 300GR,GIDA,5,
MLP DCARE LIGHT40*10FLOWER DEO,KAĞIT,5,
BINGO DYNAMIC DET+TUZ +PARLATICI,DETERJAN TEMİZLİK,5,
8*4 ROLLON MARKANT FORMEN 50ML,KOZMETİK,5,
ELIDOR 700ML SAC KREMI BESLEYİCİ BAKIM,KOZMETİK,5,
ELIDOR 350 ML SAC KREMI SAC DOKULMELERINE KARSI,KOZMETİK,5,
NIVEA TRAS KOPUGU 200 ML SENSITIV,KOZMETİK,5,
8*4 ROLLON SWEET SECRET 50ML,KOZMETİK,5,
BINGO DINAMIK 1250 GR. BULASIK SIVI NİLÜFER,DETERJAN TEMİZLİK,5,
NEUTROGENA BESLEYICI DUDAK NEMLENDIRICISI,KOZMETİK,5,
S.BRITE MİKROFİBER MUTFAK BEZI 1+1,DETERJAN TEMİZLİK,5,
PIKNIK 1485 PLS.KASIK 10 ADET,EV,5,
ORAL-B D.F.COMPLETE ORTA,KOZMETİK,5,
JOHNSON`S KOLONYA-SOFT 200 ML,KOZMETİK,5,
P.BAHCE 53223 SNOW BOX 4 LU SAK KAP,EV,5,
LIPTON TB YABAN MERSINI 20AD.,İÇECEK,5,
CALGONIT QUANTUM 60 LI TABLET,DETERJAN TEMİZLİK,5,
TAMEK M.SUYU 200ML VISNE,İÇECEK,5,
COLGATE D.F.TWISTER FRESH MEDIUM,KOZMETİK,5,
DOMESTOS 2 LT HIJYENIK LEKE CIKARICI,DETERJAN TEMİZLİK,5,
CARTE DOR KABARTMA TOZU 10'LU,GIDA,5,
MR.MUSCLE MUTF.TEMZ.YEDEK750LIMON,DETERJAN TEMİZLİK,5,
DOVE SAMPUAN 400ML YIPRANMIS SACLAR,KOZMETİK,5,
SHAZILI CAPPUCCİNO KUTU BARDAK HED ŞEKERLI 126GR,İÇECEK,5,
YAREN RENGA HELEZON KEMERLI BAHARATLIK,EV,5,
DR.OETKER MILFOY PASTA 230 GR.,GIDA,5,
NIVEA KREM 30 ML. ITHAL,KOZMETİK,5,
NIVEA SABUN 90 GR ALOE VERA&FLOWERS,KOZMETİK,5,
LIPTON PIRAMIT YESİL CAY 20LI NANE FERAHLIGI,İÇECEK,5,
GURALLAR ART CRAFT SUMA 6'LI BARDAK,EV,5,
ARTCRAFT VIRA KUCUK KASE 6'LI RENKLI,EV,5,
YORSAN VAN OTLU 300 GR,SÜT KAHVALTILIK,5,
DOGADAN EARL GREY 100 LU DEMLIK POSET CAY,İÇECEK,5,
LIPTON ILK HASAT CAY 1000 GR.,İÇECEK,5,
ERNET 1621 EL GIRGIR CIFTLI 2LI,EV,5,
BINGO ULTRA CAM.SUYU 3770ML KLASIK,DETERJAN TEMİZLİK,5,
YUMOS EXTRA 720ML GARDENYA MENEKSE,DETERJAN TEMİZLİK,5,
SUPER TON 2*160 GR,GIDA,5,
KUHNE BARBECUE SOS 250 ML,GIDA,5,
BALKOVAN SUZME CICEK BALI 400 GR,SÜT KAHVALTILIK,5,
EXTREME NATUREL SUSAM YAGI 50 ML,KOZMETİK,5,
FARELL ODA KOKUSU TRIGERLI CAM,DETERJAN TEMİZLİK,5,
PHILIPS TURBO AMPUL 8 WATT,EV,5,
TAT BAMYA KONS. 1\1 SULTANI,GIDA,5,
ELSEVE 650 ML RE_NUTRITION 2'Sİ 1 ARADA,KOZMETİK,5,
KOSLA VANISH OXI SIVI 1880GR,DETERJAN TEMİZLİK,5,
MARC KIREC VE PAS SOKUCU 1 LT,DETERJAN TEMİZLİK,5,
"WELLA KOLESTON SAC BOYASI 11,1 ACIK KULLU SARI",KOZMETİK,5,
EKİN BALDO PIRINC 1KG.,GIDA,5,
GURALLAR ART CRAFT DEFNE 2'LI KASE,EV,5,
MARET DİLLİ SALAM 300 GR,ET TAVUK,5,kasap
BIZIM YEŞİL MERCIMEK 1KG,GIDA,5,
GARNIER COLOR NATURALS 3.16 YOGUN KULLU KIZIL,KOZMETİK,5,
MR.MUSCLE KIREC SOKUCU 750ML,DETERJAN TEMİZLİK,5,
BEBAK ACI BADEM SÜTÜ 120 GR. KÜÇÜK ŞİŞE,KOZMETİK,5,
COOK BUZGULU COP TORBASI BUYUK BOY 15 AD CILEK,EV,5,
PROTEX SIVI SABUN 750ML YEDEK,KOZMETİK,5,
GLADE SENSE&SPRAY MAGNOLİA&VANİLLA YEDEK,DETERJAN TEMİZLİK,5,
DALIN BEBE SAMPUANI KREMLI 200 ML,BEBEK,5,
BANAT D.F. DUO CARE,KOZMETİK,5,
KOSKA DUT PEKMEZ 800GR.CAM,SÜT KAHVALTILIK,5,
REXONA STICK 50ML V8 MEN,KOZMETİK,5,
CIF NATURAL YUZEL TEM. 1KG PORTAKAL FER.,DETERJAN TEMİZLİK,5,
SATEN VUCUT ICIN SIRLI BAND HASA CILTLER,KOZMETİK,5,
OMO TOTAL 700 ML FRESH ULT. KONSENTRE SIVI DET.,DETERJAN TEMİZLİK,5,
WELLA KOLESTON SAC BOYASI 2.0 KIT SIYAH,KOZMETİK,5,
"BINGO SOFT KONSANTRE 2,5 LT LOVELY",DETERJAN TEMİZLİK,5,
ARGEM MINI KLINK COP KOVASI NO.0,EV,5,
TAMEK MAYONEZ 450GR KATKISIZ COCUK,GIDA,5,
BREF WC DUO AKTIF 60 ML LIMON,DETERJAN TEMİZLİK,5,
BIZDEN BUGDAY NISASTASI 200 GR,GIDA,5,
SESU TUY SARARTICI KREM 53GR,KOZMETİK,5,
BREF POWER SPREY BANYO 500 ML,DETERJAN TEMİZLİK,5,
IPANA GUCLU FERAHLIK 100 ML/171G 7 FAKTOR,KOZMETİK,5,
GARNIER COLOR NATURALS 110 EKSTRA ACIK ELMAS SARI,KOZMETİK,5,
SHE LOVE DEO 150 ML,KOZMETİK,5,
PALMOLIVE SIVI SABUN 750ML SIYAH ORKIDE,KOZMETİK,5,
DOGADAN YESIL CAY CHAL 20'LI,İÇECEK,5,
BINGOSOFT 1LT.LAVANTA YUMUSATICI,DETERJAN TEMİZLİK,5,
HEAD SHOULDERS 400ML KEPEĞE KARŞI ETKİLİ,KOZMETİK,5,
CEREZZA SINEMA PEYNIR SOGAN 187 GR,GIDA,5,
GLADE GLASS SCENTS SİSTEM FRUIT NECTAR,DETERJAN TEMİZLİK,5,
NASCITA CIMBIZ-STAINLESS STEEL SIYAH,KOZMETİK,5,
CILLIT BANG AKTIF KOPUK 600 ML,DETERJAN TEMİZLİK,5,
P.BAHCE HABITAT TEKLI MEYVELIK 28 CM,EV,5,
BAGDAT BIBERIYE 20GR,GIDA,5,
LISTERINE AGIZ GARGARASI 250 ML PORTAKAL,KOZMETİK,5,
AIR WICK FRESH MATIC PEMBE CICEK YEDEK,DETERJAN TEMİZLİK,5,
PINAR KIDO KAKAOLU SUT 200*6,SÜT KAHVALTILIK,5,
ARI PIRINC UNU 250GR EKO,BEBEK,5,
ARKO NEM KREM NAR KIRMIZI UZUM 150ML,KOZMETİK,5,
ALGIDA VIENETTA CIKOLATA VANILYA 435 GR,SÜT KAHVALTILIK,5,sekerci
BANYOLIN SILVER KLOZET TAKIMI,EV,5,
CANBEBE IKIZ 5-9KG ORTA BOY 54 YENI,BEBEK,5,
TAMEK KETCAP 750 GR ACILI,GIDA,5,
8*4 150 ML DEO HOLLY WOOD,KOZMETİK,5,
TEKEL 2000 KISA LACIVERT SERT PAKET,SİGARA,5,
ARGEM LUKS LAVABO KUVET TIKANICI,EV,5,
LISTERINE AGIZ GARGARASI 500 ML FERAH NANE,KOZMETİK,5,
ELIDOR 7/24 SEKILENDIRICI KREM MUKEMMEL DUZ,KOZMETİK,5,
BAHCE ELMASI,MEYVE SEBZE,5,manav
GOKCE TOZ ICECEK 170 GR LIMON,İÇECEK,5,
P.BAHCE 97768 MARMARA FİNCAN TAKIMI 6 LI,EV,5,
GEZER KISLIK TERLIK CESIT,EV,5,
TUZOT 200 GR ACILI,GIDA,5,
SUPER FRESH TEKIRDAG KOFTE 432 GR,GIDA,5,
YUMOS EXTRA FIESTA 720ML.NILUFER&YASEMIN,DETERJAN TEMİZLİK,5,
AKDEM PAPATYA CAYI 20LI,İÇECEK,5,
YAREN LVN TULIP KULPLU CAY BARDAGI 6'LI,EV,5,
TAMEK DOMATES SALCASI 4500GR,GIDA,5,
PRENSES KAHVERENGI TOZ SEKER 500 GR SILINDIR,İÇECEK,5,
YAREN SIGMA SU BARDAGI 6'LI DAMLA DES KIRMIZI,EV,5,
SAYAN DKN DESENLI ERKEK CORAP,EV,5,
HALK DUF DUF KAKAO JOLELI 9 ADET 117 GR,GIDA,5,
ULKER BISKREM 4'LÜ ÖZEL PAKET,GIDA,5,
GARNIER COLOR NATURALS 6.46 YOGUN BAKIR KAHVE,KOZMETİK,5,
EGOS JÖLE ISLAK SERT 750 ML,KOZMETİK,5,
AKDEM ZENCEFIL CAYI 20LI,İÇECEK,5,
VILEDA MIKROFIBERTOZ BEZİ,DETERJAN TEMİZLİK,5,
COLGATE D.F. NAVIGATOR 1+1,KOZMETİK,5,
CILLITBANG YAĞ VE KİR SÖKÜCÜ 750 ML,DETERJAN TEMİZLİK,5,
"BINGO SOFT KONSANTRE 2,5 LTSENSITIVE",DETERJAN TEMİZLİK,5,
TAMEK KARISIK TURSU 720ML,GIDA,5,
SEK KREM PEYNIR 390 GR,SÜT KAHVALTILIK,5,
SUPER FRESH FRAMBUAZ 450GR,GIDA,5,
DOGADAN GELENEKSEL KARADENIZ CAYI 500GR,İÇECEK,5,
REST TEMIZLIK BEZI 10 AL 5 ODE,DETERJAN TEMİZLİK,5,
KOMILI SAMPUAN 600 ML.ONARICI BAKIM,KOZMETİK,5,
CLEAR 650 ML SAMP. SAC DOKULMELERI,KOZMETİK,5,
SIGNAL D.M KOMPLE BAKIM 75 ML,KOZMETİK,5,
SITIL AYAKKABI BOYA KREM 200GR K.KAHVE,DETERJAN TEMİZLİK,5,
LISTERINE WHITER AGIZ BAKIM URUNU 500 ML NANE,KOZMETİK,5,
S.BRITE PRATIK PASPAS YEDEK,DETERJAN TEMİZLİK,5,
DOVE SAC KREMI 700 ML RENK KORUYUCU,KOZMETİK,5,
ORKID ULTRA KANATLI NORMAL 18 LI EKO KLASIK,KAĞIT,5,
ALGIDA MINI NUGGER SANDWICH 8'LI,SÜT KAHVALTILIK,5,
"GARNIER SAC BOYA 7,34 SICAK KUM BAKIRI",KOZMETİK,5,
VEET AGDA BANDI 12 ADET NANE OZLERI,KOZMETİK,5,
HERO BABY DEVAM SUTU 6-12 AY 500 ML,BEBEK,5,
GILLETTE TRAS JELI 200ML BLUE3,KOZMETİK,5,
S.BRITE BANYO YUZEY TEMIZLIYICI 500ML.SPREY,DETERJAN TEMİZLİK,5,
JOHNSON`S VAZELIN 100ML PARFUMLU,KOZMETİK,5,
SESU TUY DOK.KREM ALOE-VERALI,KOZMETİK,5,
KOSKA RECEL GUL 380 GR,SÜT KAHVALTILIK,5,
MR. MUSCLE STICK-ON 30 GR,DETERJAN TEMİZLİK,5,
MEHTAP SIYAH INCI SAHAN 18 CM,EV,5,
EGOS JÖLE ÇOK SERT 750 ML,KOZMETİK,5,
VEET YUZ MINI AGDA BANDI 20 ADET,KOZMETİK,5,
S.BRITE MIKRO YER TEM.SISTEMI,DETERJAN TEMİZLİK,5,
PAPIA 50 ADET MINI CIFT KATLI PECETE,KAĞIT,5,
ARIEL PROFESSIONAL BEYAZLATMA ETKILI 2 LT,DETERJAN TEMİZLİK,5,
OMO TOTAL 1400 ML ULT. KONSENTRE SIVI DET,DETERJAN TEMİZLİK,5,
SENER RECEL 770 GR GUL,SÜT KAHVALTILIK,5,
AIR WICK FRESH MATIC TEMİZLIGIN ESINTISI YEDEK,DETERJAN TEMİZLİK,5,
PENGUEN FASULYE 820GR TNK,GIDA,5,
ARKO TRAS KOPUGU 200ML.REGULAR,KOZMETİK,5,
JOHNSON`S BABY PUDRA 200GR,KOZMETİK,5,
EGOS WAX 100 ML MAT VE DOGAL,KOZMETİK,5,
DOVE SILK EL VE VUCUT KREM 300 ML,KOZMETİK,5,
PRONTO CLASS.AHS.MOB.CILASI 300ML,DETERJAN TEMİZLİK,5,
BANAT REZARUAR BLOK,DETERJAN TEMİZLİK,5,
DR.OETKER SICAK CIKOLATA 4LU POSET,GIDA,5,sekerci
NESTLE BLACK PORTAKALLI BİTTER 80GR,GIDA,5,
DR.OETKER SAKIZLI MUHALLEBI 2 Lİ % 50 IND,GIDA,5,sekerci
PANTENE 400ML SAC KREMI ONARICI BAKIM,KOZMETİK,5,
COLGATE D.F. 360 CLEAN ULTRA,KOZMETİK,5,
SIGMA SU BARDAGI 6'LI ISTANBUL,İÇECEK,5,
CILLIT BANG 1000+1000 YAGCOZ+KIREC COZUCU,DETERJAN TEMİZLİK,5,
COLGATE D.F. 360 SURROUND PILLI,KOZMETİK,5,
PENGUEN RECEL AHUDUDU 1800 GR,SÜT KAHVALTILIK,5,
HEAD SHOULDERS 400ML KLASIK BAKIM 2 IN 1,KOZMETİK,5,
PANTENE PRO-V 600 ML SAMP. D.SENTEZ 2 SI 1 ARAD,KOZMETİK,5,
BIOBLAS ANTISTREESS EFFECT SAMPUAN 400ML,KOZMETİK,5,
AIR WICK FRESMATIC MAK+YEDEK LAVANTA,DETERJAN TEMİZLİK,5,
NIVEA BABY SAC VE VUCUT SAMPUAN 500ML SENSİTİVE,KOZMETİK,5,
KONYA SEKER NAYLON TORBA 3 KG,İÇECEK,5,
TARIS Z.YAGI RIVIERA 2LT TNK,GIDA,5,
CALGONIT FIN MAKINE TEM TOZ 50GR,DETERJAN TEMİZLİK,5,
LUCKY STRIKE SIYAH,SİGARA,5,
YAREN CEM 3'LU TAVA SETI,EV,5,
ULUDAG PORTAKAL KUTU 330 ML.,İÇECEK,5,
WEE MAMA KAŞIGI 2LI,BEBEK,5,
BORCAM 59024 KARE TEPS,EV,5,
DR.OETKER DREAM OLE SEFTALI,GIDA,5,
GLADE AUTO SISTEM MAKINA F-T,DETERJAN TEMİZLİK,5,
GURALLAR ART CRAFT CAY TABAGI ZEN 6'LI,EV,5,
FINISH POWERBALL QUANTUM 70 TAB.,DETERJAN TEMİZLİK,5,
FINISH POWERBALL 100 LÜ TABLET CAMAŞI SUYU KATKILI,DETERJAN TEMİZLİK,5,
ELIDOR S.KREMI 700 ML RENK KORUYUCU,KOZMETİK,5,
REXONA WOMEN GUN BOYU DUS FERAHLIGI DEO ROLL_ON,KOZMETİK,5,
CANBEBE SENSETIVE 64 LU TEM.HAV,KAĞIT,5,
NIVEA ROLL-ON 50 ML PURE NATURAL,KOZMETİK,5,
AKDEM KEKIK CAYI,İÇECEK,5,
S.BRITE GUCLU ELDIVEN 8 ELMA,DETERJAN TEMİZLİK,5,
ERNET 1620 EL GIRGIRI,EV,5,
NIVEA ROLL-ON SENSITIVE PROTECT MEN,KOZMETİK,5,
KOSLA TUL PARLATICI 500 ML,DETERJAN TEMİZLİK,5,
TILLO 1501 PLASTIK MANDAL 24AD,EV,5,
WEE EMZIK KORUMA KABI,BEBEK,5,
CLEAR 350 ML SAC KREMI BITKISEL SENTEZ KURU SAC,KOZMETİK,5,
BANAT CAM BEZI,DETERJAN TEMİZLİK,5,
RAID SINEK SAVAR KOKUSUZ SU BAZLI,DETERJAN TEMİZLİK,5,
ARTCRAFT KUL TABLASI 2'LI,EV,5,
WELLA KOLESTON SAC BOYASI 4.0 ORTA KAHVE,KOZMETİK,5,
KENT JELIBON 200 GR.MINI MEYVE,GIDA,5,sekerci
MR.MUSCLE AKTIF SISTEM YEDEK OCEAN,DETERJAN TEMİZLİK,5,
FINISH CLASSIC 60 TABLET POWERBALL,DETERJAN TEMİZLİK,5,
PIKNIK 1396 KILITL.BUZD.POSETI,EV,5,
SARELLE 350 GR DIYABETIK,SÜT KAHVALTILIK,5,
S.BRITE PRATIK PASPAS KONFOR,DETERJAN TEMİZLİK,5,
JACOBS MONARCH GOLD 100 GR.CAM KAVANOZ,İÇECEK,5,
HUNCA  BITTIM SAMPUAN 700 ML DEFNE VE SARIMSAK,KOZMETİK,5,
JOHNSON`S BABY SABUN 125MLSÜTLÜ,KOZMETİK,5,
BARBUNYA,MEYVE SEBZE,5,manav
TILLO 951 WC FIRCA TAKIMI,EV,5,
CLEAR WOMEN 350+MEN180ML SAMPUAN,KOZMETİK,5,
ELIDOR 700ML SAMP+200ML SAC KREMI OZEL FIYAT,KOZMETİK,5,
DURU GRECKA KARA  BUGDAY 1 KG,GIDA,5,
SELPAK HAVLU 2LI,KAĞIT,5,
JOHNSON`S BABY LIGHT OIL 200 ML SPPAY,KOZMETİK,5,
PANTENE ONARICI 250 ML.BAKIM SAMP.,KOZMETİK,5,
KUZU PIRZOLA,ET TAVUK,5,kasap
YAREN ARTCRAFT 12'LI CAY SETI DOGA DOGASI,EV,5,
PANTENE K.KARSI 250 ML.2IN1 KLASIK,KOZMETİK,5,
ZENNE TERLIK SUTLU KAHVE,EV,5,
UNO KEPEKLI TAVA EKMEK,GIDA,5,firin
ELIDOR 700ML SAMP.+200 ML SAC KREMI NEMLENDIRICI,KOZMETİK,5,
YAHYAOGLU 30 LU L YUMURTA,SÜT KAHVALTILIK,5,
YUMOS EXTRA 720ML GUL,DETERJAN TEMİZLİK,5,
VILEDA SAPLI SUPER PASPAS,DETERJAN TEMİZLİK,5,
HUGGIES MINI 70'LI,BEBEK,5,
SIGNAL EXPERT  PROTECTION  D.M 75 ML D.F  HED,KOZMETİK,5,
FINISH POWERBALL 26 LI TABLET 502 GR.,DETERJAN TEMİZLİK,5,
NIVEA BABY SOFT&CREAM  ISLAK MENDIL2+1,KAĞIT,5,
HEAD SHOULDERS 600ML ELMA FERAHLIGI,KOZMETİK,5,
P.BAHCE TABAK 13 CM PASTORAL,EV,5,
HEAD SHOULDERS SAC KREMI 400ML KLASIK BAKIM,KOZMETİK,5,
K.KUKRER NAR EKSISI 250*2'LI,GIDA,5,
MOLFIX JUNIOR PLUS 28AD 13-27KG,BEBEK,5,
S.BRITE PRATIK SUNGER SETI,DETERJAN TEMİZLİK,5,
HIGHGENIC SILIKONLU TEMIZLIYICI 500ML,DETERJAN TEMİZLİK,5,
PAPİA KUTU MENDİL 80' Lİ 3 AL 2 ÖDE,KAĞIT,5,
ULKER HOBBY HEDIYELI YUMURTA 3LU,GIDA,5,
ULKER DANKEK 8 KEK MINI CIKOLATA MUZLU,GIDA,5,sekerci
HOBBY VUCUT SAMPUANI 300 ML SPA HAMAM,KOZMETİK,5,
PINAR TON BALIK 2*160GR %20 İNDİRİMLİ,GIDA,5,balikci
P.BAHCE AHSAP KAHVALTILIK,EV,5,
YAREN PERFECT MINI CELIK TENCERE 14CM,EV,5,
CAPPY MEYVE TANEM 1 LT,İÇECEK,5,
CALGON KIRECE KARSI TOZ 500*3,DETERJAN TEMİZLİK,5,
DR.OETKER CIKOLATALI SUFLE,GIDA,4,sekerci
VIVA CAPPIO DEO SPREY 150ML,KOZMETİK,4,
ACTİVEX BARBIE SIVI SABUN CILEK 300ML,KOZMETİK,4,
TAMEK KONSR FASULYE PILAKI 425 GR,GIDA,4,
COLGATE D.F.MIKRO HASSAS YUMUSAK SOFT,KOZMETİK,4,
BIZDEN OSMANCIK PIRINC 2500 GR,GIDA,4,
CAYKUR YESIL SÜZEN CAY 25AD MELİSALI,İÇECEK,4,
DURACELL RECHARGEABLE 2LI SARZLI INCE PIL AAA,EV,4,
SHAZILI HAZIR TURK KAHVESI SADE 10'LU,İÇECEK,4,
ALATURCA KEK KURABIYESI 124 GR,GIDA,4,
A.CARTE D'ORSELECTION..900ML CIKO.KARNAVALI,SÜT KAHVALTILIK,4,
ACTİVEX BEN 10 DUS JELI CILEK 250ML,KOZMETİK,4,
BLENDAX 700ML NORMAL SACLAR 2 Sİ 1 ARADA,KOZMETİK,4,
PRINGLES 165 GR HOT&SPICY,GIDA,4,
BINGOSOFT 4 LT ADA FERAHLIGI,DETERJAN TEMİZLİK,4,
MR.MUSCLE COK AMACLI MUTFAK TEM.LIMON,DETERJAN TEMİZLİK,4,
DURU 2000 5LI SABUN375GR LIMON,KOZMETİK,4,
SELIN KOLONYA 150ML SPREY,KOZMETİK,4,
IPEK DUS JELI 650 ML FERAHLATICI GELINCIK,KOZMETİK,4,
ULKER KREMALI SANDVIC BISKUVI 68 GR,GIDA,4,
CIF ULTRA HIZ CAM SPREY 500 ML,DETERJAN TEMİZLİK,4,
BEBELAC KAV.125GR BAHCE SEBZELERI,BEBEK,4,
GURALLAR ART CRAFT 2'LI KULLUK,EV,4,
KOSKA RECEL KAYISI 760GR,SÜT KAHVALTILIK,4,
SITIL AYAKKABI BOYASI 200 GR. A KAHVE,DETERJAN TEMİZLİK,4,
BANAT FASHION 143 SAC FIRCASI,KOZMETİK,4,
PRO 5 LAVABO ACICI JEL 1000 ML,DETERJAN TEMİZLİK,4,
CIF PAWERCREAM AKTIF KALKAN MUTFAK SPREY 750ML.,DETERJAN TEMİZLİK,4,
COTANAK FINDIK YAGI 3 LT TNK,GIDA,4,
HOBBY JOLE PRO-VIT 300ML ISLAK,KOZMETİK,4,
K.KUKRER ACI BIBER SOSU 250ML,GIDA,4,
NIVEA DUS JELI 500 ML ELMAS PARILTISI,KOZMETİK,4,
YAREN LVN PORSELEN DESENLI KUPA,EV,4,
WELLA KOLESTON 6/73 AYISIGI KAHVESI,KOZMETİK,4,
LIPTON TB 40GR BOGURTLEN 20LI,İÇECEK,4,
EKİN KIRIK PIRINC 1KG.,GIDA,4,
HOBBY SAMPUAN PROTEIN 700 ML KLASIK,KOZMETİK,4,
BAGDAT ISOT BIBER 250GR,GIDA,4,
CANBEBE AVANTAJ PK. MINI 88 AD 3-6KG,BEBEK,4,
VIVIDENT CENTER COOL 22GR,GIDA,4,
SHE ROLL-ON IS SWEET 40ML,KOZMETİK,4,
ETI BENİMO 3 LU BISKUVI 231 GR,GIDA,4,
AIR WICK FRESH MATIC SERİN SULAR YEDEK,DETERJAN TEMİZLİK,4,
REDBULL RED ENERJI ICECEGI 250 ML.,İÇECEK,4,bufe
WELLA PRO-SERIES SAMPUAN 500ML HACIM,KOZMETİK,4,
RAID SINEK SAVAR 2 IN 1 SU BAZLI 300 ML,DETERJAN TEMİZLİK,4,
RAMAZAN PIDESI 400 GR,GIDA,4,
ARI 12 VIT.6 MIN.PIRINC UNU 125 GR SUTLU ELMALI,BEBEK,4,
KOSKA YAZ HELVASI MEYVELI 500GR,SÜT KAHVALTILIK,4,sekerci
HOBBY CLASSIC LOSYON 300 ML,KOZMETİK,4,
DOVE SAMPUAN 400ML BOYALI SACLAR,KOZMETİK,4,
ORAL-B GARGARA 3D WHITE LUXE 250 ML,KOZMETİK,4,
"CALGONIT FIN. TUZ 2*1,5 KG",DETERJAN TEMİZLİK,4,
NIVEA KREM YASLANMA KARSITI KURU ELLER ICIN 100ML,KOZMETİK,4,
VILEDA MIKROFIBER MUTFAK BEZI,DETERJAN TEMİZLİK,4,
PIKNIK 252 YAN SOYACAK,EV,4,
VILEDA ELDIVEN COMFORT&CARE BUYUK,DETERJAN TEMİZLİK,4,
AXE DEO 150 ML APOLLO,KOZMETİK,4,
GARNIER SAC BOYA 7 KUMRAL,KOZMETİK,4,
CIF OXI JEL FERAH 3000 ML,DETERJAN TEMİZLİK,4,
ARGEM MANOLYA TUZLUK,EV,4,
KAHKECIZADE DAMLA CIKOLATALI 400 GR,GIDA,4,sekerci
P.BAHCE 43414 KAPAKLI SURAHI K,EV,4,
WOOLITE CANLI RENKLER 3 LİTRE,DETERJAN TEMİZLİK,4,
GARNIER 2IN1 SIVILCE KARSITI KAPATICI ROLL-ON,KOZMETİK,4,
LIPTON YESIL CAY 10 BITKILI 20'LI,İÇECEK,4,
ANCHOR 602 MANİKÜR SET,KOZMETİK,4,
SIGNAL D.F. 4AL 3ÖDE ANTI-PLAQUE,KOZMETİK,4,
GURALLAR ARTCRAFT TUGRA DES.6'LI,EV,4,
DURU DUS JELI 250ML PLACES,KOZMETİK,4,
P.BAHCE 43880 BASIC TUZLUK 2'LI,EV,4,
BORCAM 59003 KAPAKLI YUVARLAK TENCERE,EV,4,
ARTCRAFT RENKLI MESRUBAT BARDAGI 6'LI,EV,4,
NIVEA DEO STICK 40ML MEN FRESH,KOZMETİK,4,
ACTİVEX SIVI SABUN 750 GR DOGALKORUMA,KOZMETİK,4,
DURU SIVI SABUN 2 LT KIRAZ CİCEGİ,KOZMETİK,4,
SONY ULTRA ORTA BOY 2 LI,EV,4,
WEE 744 KIRAZ UCLU KULPLU BIBERON 150 ML,BEBEK,4,
CARDAK LIMON SUYU 1 LT,İÇECEK,4,
KOTEX GUNLUK PED UZUN 16 LI,KAĞIT,4,
NEW WAVE GUCLU 250 ML KOPUK,KOZMETİK,4,
BANAT KLOZET BLOGU 40GR LIMON,DETERJAN TEMİZLİK,4,
DR.OETKER BIG MUFFIN KAKAOLU 260GR,GIDA,4,
ZENNE SIYAH TERLIK,EV,4,
CALGONIT QUANTUM 25*2,DETERJAN TEMİZLİK,4,
ERNET 1614 HALI FIRCASI,EV,4,
CHAM.TAVUKLU KEDI,PET,4,
SILEN WC KAGIDI ULTRA 24 RULO,KAĞIT,4,
KNORR FIRINDA TAVUK CESNISI 32GR MANGALDA KANAT,GIDA,4,
DOGADAN GIZLI BAHCE 1000 GR,İÇECEK,4,
CALGONIT DEO 2 IN 1 ODORSTOP,DETERJAN TEMİZLİK,4,
KENT MADLEN 360 GR,GIDA,4,
GOKCE TOZ ICECEK 350 GR NAR,İÇECEK,4,
SUTAS CERKEZ PEYNIRI 400GR,SÜT KAHVALTILIK,4,
TOPUZLU TEL TOKA SIYAH,KOZMETİK,4,
M.BIRLIK MEGA SIYAH ZEYTIN 1 KG,SÜT KAHVALTILIK,4,
PALMOLIVE DUS JELİ ANTI STRESS 250 ML,KOZMETİK,4,
SELIN SIVI SABUN 650 ML YESIL LIMON&MANOLYA,KOZMETİK,4,
AXE SAMPUAN 600 ML KEPEGE KARSI ETKILI,KOZMETİK,4,
TRESAN ISIRGANOTLU SAMPUAN 500ML NORMAL SACLAR,KOZMETİK,4,
AKDEM NAR EKSISI PEKMEZİ 420 GR.,SÜT KAHVALTILIK,4,
GARNIER COLOR NATURALS 8.0 PARLAK KOYU SARI,KOZMETİK,4,
ARGEM KURABIYE KALIBI,EV,4,
SILVER HAZNELI SUNGER 6 ML NATUREL,DETERJAN TEMİZLİK,4,
EGOS ISLAK SERT 250 ML JÖLE,KOZMETİK,4,
PROTEX SABUN 75 GR HERBAL,KOZMETİK,4,
KAHKECIZADE TUZLU KURABIYE,GIDA,4,
CARTE DOR PINTS CILEK MUCIZESI 450 ML,GIDA,4,
"LOREAL SAC BOYASI 5,03 YOGUN ACIK KESTANE",KOZMETİK,4,
WELLA TUP SAC BOYASI 6/4 KIZIL BAKIR,KOZMETİK,4,
ARIEL AKTIF JEL KAPSULLERI 560 GR DAG ESINTISI,DETERJAN TEMİZLİK,4,
FAIRY H 1 ARADA BUL.MAKINESI 28'LI ELMA,DETERJAN TEMİZLİK,4,
MR.MUSCLE SİL PARLAT 500 ML AMONYAKLI,DETERJAN TEMİZLİK,4,
"WELLA TUP SAC BOYASI 77,44 KOR ATES KIZILI",KOZMETİK,4,
KOSLA OXI HIJYEN TOZ 470 GR,DETERJAN TEMİZLİK,4,
AIR WICK FRESMATIC MAK+YEDEK CITRUS,DETERJAN TEMİZLİK,4,
CIF PASLANMAZ. CELIK YUZEY TEMIZ. SPREY 500ML,DETERJAN TEMİZLİK,4,
ORAL-B COCUK DIS MACUNU 75ML,KOZMETİK,4,
KAR PATOS CRITOS 68GR.PEYNIR,GIDA,4,
ARGEM INCI PASTA SPATULASI,EV,4,
REXONA WOMEN COTTON DEO ROLL_ON,KOZMETİK,4,
DR.OETKER KREP UN 275GR,GIDA,4,
VEET AGDA BANDI 12 ADET PAPAYA YAĞI,KOZMETİK,4,
LOREAL SAC BOYASI 3,KOZMETİK,4,
P.BAHCE 52138 ALANYA BARDAK 6'LI,EV,4,
WELLA TUP SAC BOYA 9/3 ALTIN SARISI,KOZMETİK,4,
BIZDEN EKSTRA FASULYE 1KG,GIDA,4,
ARGEM METAL CIRPICI NO:3,EV,4,
MOLPED D.C.ULT LİGHT SW'Lİ NORMAL 40LI,KAĞIT,4,
HUGGIES YENIDOGAN 56'LI,BEBEK,4,
MEHTAP SİYAH İNCİ TEFLON TAVA 30 CM,EV,4,
ALOMATIK 5 KG LAVANTA,DETERJAN TEMİZLİK,4,
CIF SUNLIGHT BULASIK DETERJANI KONSANTRE JEL 500ML,DETERJAN TEMİZLİK,4,
NIVEA MEN 500ML ENERGY SAC YUZ VE VUCUT JELI,KOZMETİK,4,
DOVE SAC KREMI 400ML NORMAL,KOZMETİK,4,
COOK STREÇ FİLM 33M.,EV,4,
ARKO TRAS KOPUGU 200ML.ALOE VERALI,KOZMETİK,4,
TRESAN ANTI DANT RUF SAMPUAN 500ML KEPEGE KARSI,KOZMETİK,4,
BIOMEEN ŞAMPUAN 700ML YAGLI SACLAR,KOZMETİK,4,
NASCITA KAS MAKASI,KOZMETİK,4,
F BAKTAT LAHANA TURSU 1420 GR,GIDA,4,
NIVEA LIP DUDAK KORUYUCU PURE&NATUREL,KOZMETİK,4,
VERNEL 750 ML MAX AMBER YUMUSATICI,DETERJAN TEMİZLİK,4,
CAMEL DEEP BLUE,SİGARA,4,
PRIVACY DEO 150 ML WOMAN,KOZMETİK,4,
ERNET 901-T BULASIK FIRCASI,EV,4,
DR.OETKER ACIBADEM AROMASI 8ML,GIDA,4,
DETAN BOCEK YEMI 21 GR,DETERJAN TEMİZLİK,4,
KAHKECIZADE KANDIL SIMIDI 400 GR,GIDA,4,
PALMOLIVE DUS JELI,KOZMETİK,4,
P.BAHCE TUGRALI BARDAK,EV,4,
REXONA MEN 150 ML DRY LONG MEN,KOZMETİK,4,
NEUTROGENA HIZLI EMILEN B. KREMI 200ML,KOZMETİK,4,
DR.OETKER MILKSHAKE CILEKLI 26GR,GIDA,4,
BLENDAX 700ML YAĞ DENGELEYİCİ,KOZMETİK,4,
COLGATE PLAX TUZ 750 ML,KOZMETİK,4,
SENER DUT PEKMEZ 400GR,SÜT KAHVALTILIK,4,
VILEDA FARAS FIRCA,DETERJAN TEMİZLİK,4,
CIF BALLERINA OLUKLU 8 AL 5 ODE,DETERJAN TEMİZLİK,4,
FAIRY H 1 ARADA BUL.MAK 70'LI,DETERJAN TEMİZLİK,4,
LIPTON PIRAMIT PORTAKAL ÇİÇEKLİ 20LI,İÇECEK,4,
KOSLA OXI ACT.HALI VE DOSEME.SPREY 500ML,DETERJAN TEMİZLİK,4,
AIR WICK FRESH MATIC UCUSAN TULLER YEDEK,DETERJAN TEMİZLİK,4,
P.BAHCE 80030 BLACK&WHITE 2 LI TUZLUK,EV,4,
LADY S.S. GEL 24/7 FRUITY SPLASH 65GR,KOZMETİK,4,
KENT TOPITOP GUM ICI SAKIZLI 5 ADET,GIDA,4,sekerci
DURU DUS JELI 500ML VISNELI TURTA,KOZMETİK,4,
FIRST CLASS DEO SPREY150,KOZMETİK,4,
PANTENE 700ML NEM TERAPISI,KOZMETİK,4,
COLGATE D.M.TOTAL HASSAS DISLER ICIN KORUMA 65GR,KOZMETİK,4,
PALL MALL KIRMIZI UZUN,SİGARA,4,
TILLO 1020 MASRAPA,EV,4,
ROZI 4 AL 3 ODE 32 ADET ULTRA YOGUN,KAĞIT,4,
LIPTON PIRAMIT NANELİ TARCINLI 20LI,İÇECEK,4,
WEE KULPLU BARDAK 250 CC,BEBEK,4,
ULKER GOLF SPECİAL TRIA-UC CIKOLATA %33 BED,SÜT KAHVALTILIK,4,sekerci
GILLETTE BLUE 3 6LI BICAK,KOZMETİK,4,
MOLFIX EXTRA KÜÇÜK YENİDOĞAN 50 Lİ,BEBEK,4,
AXE DEO 150 ML AFRICA,KOZMETİK,4,
SOLEN MILANGO ANTEP FISTIKLI 244 GR,GIDA,4,kuruyemisci
ULKER YUPO JELLY AKVARYUM 80 GR,GIDA,4,
"WELLA KOLESTON SAC BOYASI 6,7 CIKOLATA KAHVESI",KOZMETİK,4,
BLENDAX 700ML KEPEGE KARSI ETKILI,KOZMETİK,4,
VILEDA SUP MOCIO SAPLI PASPAS ELDIVEN HED.,DETERJAN TEMİZLİK,4,
ULKER GOLF MULTIPACK BRAVO JUNIOR BADEM 360ML,SÜT KAHVALTILIK,4,
NIVEA DEO 150ML JASMINE SCENT SPREY,KOZMETİK,4,
"GARNIER COLOR NATURALS 3,3 KARAMEL SIYAHI",KOZMETİK,4,
LUNA KASE MARGARIN 250 GR.,SÜT KAHVALTILIK,4,
K.KUKRER 1LT PORTAKALLI SURUP,İÇECEK,4,
GARNIER SAC BOYA 5.3 ACIK KESTANE DORE,KOZMETİK,4,
NIVEA DEO 150 ML PURE DEODORANT LOTUS CICEGI,KOZMETİK,4,
EQUAL BAYAN DEOD SPREY 150ML,KOZMETİK,4,
TAMEK KAHVALTIM KAHVALTILIK SOS 300 GR,GIDA,4,
LOREAL SAC BOYASI 01,KOZMETİK,4,
P.BAHCE 53743 SNOW BOX YESIL KPKLI SAK.,EV,4,
VILEDA CEKCEK,DETERJAN TEMİZLİK,4,
VERNEL 2LT SENSITIVE YUMUSATICI,DETERJAN TEMİZLİK,4,
COLGATE TOTAL 125 ML DIS ETIKORUMA 1 ALANA 1BEDAVA,KOZMETİK,4,
ULKER MINI COKONAT 156GR,GIDA,4,
SELPAK 1 YAPRAK,KAĞIT,4,
MR.MUSCLE MUTF.TEMZL.PUSK.500 LIMON,DETERJAN TEMİZLİK,4,
PALMOLIVE DUS JELI 250ML THERMAL,KOZMETİK,4,
REXONA STICK 50GR IZ BIRAKMAYAN men,KOZMETİK,4,
NIVEA DUS JELI 500 ML BEYAZ MANOLYA ÇİÇEĞİ,KOZMETİK,4,
OKEY 10 ADET RITIM,KOZMETİK,4,
NEUTROGENA AYAK KREMI 56 ML NASIRLASMIS AYAKLAR,KOZMETİK,4,
WELLA KOLESTON SAC BOYASI 8.0 ACIK KUMRAL,KOZMETİK,4,
OMO TOTAL 1400 ML GULYAS,DETERJAN TEMİZLİK,4,
OLIN AYCICEK 5 LT,GIDA,4,
BAGDAT SUSAM 250GR,GIDA,4,
KOSKA RECEL BOGURTLEN 760 GR,SÜT KAHVALTILIK,4,
IPEK DUS JELI 650 ML FERAHLATICI ALOE VERA,KOZMETİK,4,
ARGEM KUVET FIRCASI,EV,4,
ORKID KLASIK ULTRA NORMAL GECE 4LU,KAĞIT,4,
HELEN H. ULTRA NORMAL 36ADET,KAĞIT,4,
OKEY SICAK TEMAS 10 LU,KOZMETİK,4,
SATEN SIRLI SAGUK AGDA,KOZMETİK,4,
TILLO 1278 CAMASIR IPI,EV,4,
ARKO TRAS KOPUGU 200ML. CITRUS,KOZMETİK,4,
WELLA KOLESTON KOPUK BOYA 5/37 KISKIRTICI KAHVE,KOZMETİK,4,
DOVE BESLEYICI EL VE VUCUT KREMI 300 ML,KOZMETİK,4,
ORAL-B DIS IPI SATIN TAPE,KOZMETİK,4,
LISTERINE AGIZ GARGARASI 500 ML NANE HAFIF TAT,KOZMETİK,4,
DOVE SAC KREMI 400ML BOYALI SAC,KOZMETİK,4,
P.BAHCE PORSELEN CAYDANLIK,EV,4,
BANAT D.F. CAREDENT 1+1,KOZMETİK,4,
ARTCRAFT KUL TABLASI KUCUK 2'LI,EV,4,
BAGDAT KARABIBER 225GR EKO KILITLI POSET,GIDA,4,
BANAT KAPAKLI SABUNLUK,DETERJAN TEMİZLİK,4,
CIF ACTIFIZZ SPREY OKYANUS FERAHLIĞI 750 ML YEDEK,DETERJAN TEMİZLİK,4,
TAMEK BAMYA SIVRI 720ML CAM,GIDA,4,
AIR WICK KOKULU CUBUKLAR 50 ML IZMIR,DETERJAN TEMİZLİK,4,
"F SAFF SIVI SABUN 2,5 LT",KOZMETİK,4,
DUNLOP DEODORANT 150ML SPORT,KOZMETİK,4,
VIVA CAPPIO DEO 150ML,KOZMETİK,4,
ULKER MARAS USULU KAYMAKLI 1 LT,SÜT KAHVALTILIK,4,
ARGEM MEYVE SEBZE SOYACAGI,EV,4,
BINGOSOFT 2 LT LAV.RUZG.YUMUSATICI,DETERJAN TEMİZLİK,4,
LISTERINE AGIZ GARGARASI 250 ML NANE,KOZMETİK,4,
ELIDOR 700ML SAC KREMI GUCLU VE PARLAK,KOZMETİK,4,
VASELINE COCOAGLOW KREM 350 ML,KOZMETİK,4,
HOBBY ENERJI JOLE 750 ML EKSTRA SERT,KOZMETİK,4,
MOLPED D.C.ULT LİGHT SW'Lİ DEO FLORAL 100 AD,KAĞIT,4,
S.BRITE GENEL TEM ELDIVEN 8,DETERJAN TEMİZLİK,4,
PIKNIK 1394 KULLAN AT ELDIVEN 10 LU BUYUK,EV,4,
TAMEK EV TIPI ACI BIBER SOSU 1700 CC,GIDA,4,
DOGADAN FORM LIMONLU 250 ML,İÇECEK,4,
WELLA KOLESTON SAC BOYASI 3.0 KIT K.KAHVE,KOZMETİK,4,
VILEDA STYLE AKTIF YER TEMIZLIK SISTEMI,DETERJAN TEMİZLİK,4,
GARNIER COLOR NATURALS 4.52 SARAY KAHVESI,KOZMETİK,4,
PEYMAN KIZARTILMIŞ YER FISTIGI 175GR,GIDA,4,
"LOREAL SAC BOYASI 5,3 ACIK KESTANE",KOZMETİK,4,
GARNIER OLIA 6.0 ACIK KAHVE,KOZMETİK,4,
ROCCO POP SAKIZ CILEK MUZ,GIDA,4,sekerci
GARNIER SAC BOYA 6.34 ALTIN KUMRAL,KOZMETİK,4,
BARREL TURKUAZ DIP BOYA 3 LU BARDAK,EV,4,
BAGDAT TANE KARABIBER 40GR,GIDA,4,
SIGNAL D.M KOMPLE FERAHLIK 75 ML,KOZMETİK,4,
GEZER ERKEK DERI TERLIK,EV,4,
PENGUEN BEZELYE KONSERVE 4200 GR,GIDA,4,
TILLO 1650 ASKILIK 10 LU,EV,4,
DOVE DEO SPREY BEAUTY FINISH,KOZMETİK,4,
BABY STAR IKIZ JUNIOR 40 LI,BEBEK,4,
DURU 1+1 4LU GUZELLIK SABUN YESIL CAY 400GR,KOZMETİK,4,
K.PLAST STREC FILM 300M,EV,4,
NEUTROGENA YOGUN BAKIM KREMI 200ML,KOZMETİK,4,
EMOTION DEO SPREY 150ML FANTASIY,KOZMETİK,4,
GARNIER SAC BOYA 1 SIYAH,KOZMETİK,4,
A.CLASSIC CARTE D`OR1000ML+540 CILEK KAYM.,SÜT KAHVALTILIK,4,
"BIZDEN YESIL MERCIMEK 2,5 KG",GIDA,4,
MR.MUSCLE 4İN1 LİKİT KLOZET,DETERJAN TEMİZLİK,4,
GOKCE TOZ ICECEK 350 GR ELMA,İÇECEK,4,
SHE ROLL-ON IS LOVE 40ML,KOZMETİK,4,
VILEDA YESIL SUNGER 8 LI EKO PAKET,DETERJAN TEMİZLİK,4,
PASTAVILLA TAM BUGDAY 500 GR PAPARDELLE,GIDA,4,
KOSKA BADEM SEKERİ 110 GR,SÜT KAHVALTILIK,4,
SARAR ALÜMİNYUM FOLYO 10 MT,EV,4,
PINAR BURGER GURME 450GR,GIDA,4,
ROZI FRESH DAYS 40 ADET NORMAL,KAĞIT,4,
JOLY YETISKIN HASTA BEZI 20ADT,KAĞIT,4,
CLEAR 350 ML SAMPUAN BITKISEL SENTEZ KURU SAC,KOZMETİK,4,
H.SAKIR TOZ SABUN 500GR.LAVANTA,DETERJAN TEMİZLİK,4,
TAMEK KOZLENMIS BIBER 680GR,GIDA,4,
NIVEA BABY SAC VE VUCUT SAMPUAN 200 ML,KOZMETİK,4,
SITIL PREMIUM AYAKKABI BOYASI 100GR K.KAHVE,DETERJAN TEMİZLİK,4,
"GLADE SENSATIONS FRUIT NECTEAR YDK+ 2,SI %50 IND.)",DETERJAN TEMİZLİK,4,
BLENDAX 700ML ALOVERA,KOZMETİK,4,
GLADE MICRO SPRAY JASMINE 10ML 2.SI %50 IND.,DETERJAN TEMİZLİK,4,
CALGONIT HEPSI BIR ARADA 42 LI TAB. LIMONLU,DETERJAN TEMİZLİK,4,
BINGO DYNAMIC TOZ DET.750 GR+750 GR,DETERJAN TEMİZLİK,4,
KNORR FIRINDA ET CESNISI 37 GR RULO KOFTE,GIDA,4,
SOLEN MATMAZEL 150 GR,GIDA,4,
PRONTO AHSAP TEMIZLEYICI 3 LİTRE,DETERJAN TEMİZLİK,4,
NIVEA DEO 150ML PEARLY&BEAUTY,KOZMETİK,4,
TORKU GOFRET FINDIKLI 160 GR,GIDA,4,sekerci
GEZER ZILEY TERLIK,EV,4,
VILEDA ELDIVEN COMFORT&CARE ORTA,DETERJAN TEMİZLİK,4,
KOSKA YAZ HELVASI CEVIZLI 200 GR.,SÜT KAHVALTILIK,4,sekerci
SOKE UN ALTIN HARMAN 1KG,GIDA,4,
AKDEM ZERDECAL TANE,İÇECEK,4,
PHILIPS 18 W=80 W 1060 LM GENIE COOL DAYLIGHT,EV,4,
HEAD SHOULDERS 400ML KLASIK BAKIM,KOZMETİK,4,
ELSEVE KOMPLE ONARICI 200 MLSAC BAKIM KREMI,KOZMETİK,4,
SONY ALKALİNE BÜYÜK 2 Lİ,EV,4,
OLCA BIBER SALCASI 720 GR CAM TATLI,GIDA,4,
PASTAVILLA BOLONEZ KIYMALI MAKARNA SOSU300GR,GIDA,4,
TILLO 1800 T VANTUZ POMPA K.,EV,4,
NIVEA DEO STICK COOL LICK ERK 40 ML.,KOZMETİK,4,
VIVIDENT UP2U 26 GR CILEK NANE,GIDA,4,
ULKER GOLF BRAWO JUNIOR MULTIPAK 6'LI,SÜT KAHVALTILIK,4,
GARNIER AVANTAJLI PAKET KARMA CILTLER,KOZMETİK,4,
EMOTION DEO SPREY 150ML VIOLET,KOZMETİK,4,
PANTENE PRO-V 600 ML SAMP.RENK KORUYUCU,KOZMETİK,4,
SARAR ALÜMİNYUM FOLYO 15 MT,EV,4,
BEYBI ELDİVEN 100 ADET L,DETERJAN TEMİZLİK,4,
ORKID ULTRA KANATLI GECE 12 LI EKO KLASIK,KAĞIT,4,
WEE SILIKON DAMAKLI EMZIK NO:1,BEBEK,4,
YAREN SIGMA RENKLI KAHVE YANI BARDAGI 6'LI,EV,4,
WEE EMZIK ASKISI FIGURLU,BEBEK,4,
BANAT TARAFTAR FIRÇASI BJK,KOZMETİK,4,
SESU TUY DOK.KREM ALOE-VERALI VE PARF.,KOZMETİK,4,
SILVER SPOR LIKIT BOYA 75 ML.,DETERJAN TEMİZLİK,4,
T.OĞLU IZMIR TULUMU 350GR,SÜT KAHVALTILIK,4,
HEAD SHOULDERS 400ML ELMA FER.,KOZMETİK,4,
F GOLDEN POLAR ORTU DESENLI,EV,4,
CIF ACTIFIZZ SPREY YAZ FERAHLIĞI 750 ML,DETERJAN TEMİZLİK,4,
JOHNSON`S KOLONYA-OCEAN 200 LT,KOZMETİK,4,
H.SAKIR DUS JELI 500 ML ZEYTINYAGI,KOZMETİK,4,
ARKO TRAS KOPUGU 200ML. POWER,KOZMETİK,4,
YAREN 6'LI PORSELEN RECELLIK,EV,4,
AKDEM KARADUT PEKMEZI 820 GR,SÜT KAHVALTILIK,4,
CARTE DOR SUTLAC 143GR,GIDA,4,
AIR WICK DECOSPHERE 75ML MANGO,DETERJAN TEMİZLİK,4,
FARELL ODA KOKUSU TRIGERLI BAHAR,DETERJAN TEMİZLİK,4,
VILEDA STYLE 2 LI MIKROFIBER TEM.BEZI,DETERJAN TEMİZLİK,4,
THE BİGİY COTTON BOXSER,EV,4,
COLGATE D.F. 5+YAS SMILES SOFT,KOZMETİK,4,
ORKID ULTRA PLATINUM COMFORT 22 AD GECE,KAĞIT,4,
S.BRITE BEYAZ BANYO YENI,DETERJAN TEMİZLİK,4,
REDBULL SEKERSIZ ENERJI ICECEGI 250 ML.,İÇECEK,4,bufe
CALCOR KIREC COZUCU 1KG,DETERJAN TEMİZLİK,4,
GURALLAR ART CRAFT SEDEF 6'LI BARDAK,EV,4,
WEE TIRNAK MAKASI,BEBEK,4,
DOGADAN GELENEKSEL KARADENİZ 100 BARDAK ÇAY,İÇECEK,4,
DOGADAN TARCIN&KARANFIL CAYI 20 POSET,İÇECEK,4,
BINGO DINAMIK 1250 GR. BULASIK SIVI LIMON,DETERJAN TEMİZLİK,4,
M.BIRLIK MEGA ZEYTIN 800GR TNK,SÜT KAHVALTILIK,4,
GEZER ERKEK TERLIK,EV,4,
W.CANPED BEZ 8 AD.BUYUK BOY,KAĞIT,4,
EQUAL ROLL ON MEN 50 ML,KOZMETİK,4,
VILEDA SUNGER CELIK,DETERJAN TEMİZLİK,4,
CALGONIT BULS.MAK TEM 100GR,DETERJAN TEMİZLİK,4,
CALGONIT HEPSI BIR ARADA 84 TAB.MAK.TEM.DEO,DETERJAN TEMİZLİK,4,
SERA COP TORBASI ORTA BOY,EV,4,
M.BIRLIK GOLD ZEYTIN 800 GRTNK,SÜT KAHVALTILIK,4,
NIVEA ROLL-ON 50 ML INVISIBLE,KOZMETİK,4,
JOLY ULTRA KANATLI GECE 7 AD.,KAĞIT,4,
S.BRITE MUTFAK YUZEY TEMIZLIYICI 500MLSPREY,DETERJAN TEMİZLİK,4,
PRIVACY DEO 150 ML LET'S PARTY MAN,KOZMETİK,4,
VILEDA KOPAR-KULLAN TEMIZLIK BEZI,DETERJAN TEMİZLİK,4,
SHE ROLL-ON IS COOL 40ML,KOZMETİK,4,
PANTENE S.KREMI 400 ML B. SAC 2012,KOZMETİK,4,
NIVEA TRAS JELI EXTREME COMFORT 200 ML,KOZMETİK,4,
P. BAHCE SOSLUK,EV,4,
REXONA WOMEN ROLL_ON SHOWER CLEAN,KOZMETİK,4,
S.BRITE HASSAS ELDIVEN 7,DETERJAN TEMİZLİK,4,
DR.OETKER KURABIYE UNU 500 GR TUZLU,GIDA,4,
WEE KULAK CIBUGU EMNIYETLI 90 LI,BEBEK,4,
NASCITA-KROM YAN AGIZ CIMBIZ KUTULU,KOZMETİK,4,
KUHNE AMERIKAN SEZAR SALATA SOSU 250 ML,GIDA,4,
JOHNSON`S BABY EXTRA ISLAK HAVLU 56 LI,KAĞIT,4,
DR.OETKER SAMBALI TATLISI 620GR,GIDA,4,
BINGOSIL KREM 730ML CICEK YENI,DETERJAN TEMİZLİK,4,
P.BAHCE YAGLIK SIRKELIK FLORAL,EV,4,
BANAT NATUREL 372 FON FIRÇASI,KOZMETİK,4,
KORPE PILIC SALAM 850 GR,ET TAVUK,4,kasap
BINGO OV 950 GR. TOZ KLORLU,DETERJAN TEMİZLİK,4,
ELIDOR 350ML ŞAMP. HAREKETLİ BUKLELER,KOZMETİK,4,
BLENDAX 700 ML IPEKSI YUMUSAKLIK,KOZMETİK,4,
P.BAHCE 51348 KASE,EV,4,
FUSION MANUEL BICAK 4 LU,KOZMETİK,4,
YAREN SUFRA FINCAN TAKIMI 6'LI,EV,4,
CLEAR 350 ML SAMPUAN BITKISEL SENTEZ,KOZMETİK,4,
SENER RECEL 1800 GR KAYISI,SÜT KAHVALTILIK,4,
TAMEK KONSR FASULYE PILAKI 215 GR,GIDA,4,
8*4 150 ML DEO SWEET SECRET,KOZMETİK,4,
PEPSI 1 LT,İÇECEK,4,
DURACELL PLUS 4 LU INCE PIL,EV,4,
OSKAR ÇİKOLATA KAPLI SARAY HELVASI 350,SÜT KAHVALTILIK,4,sekerci
DOVE SAC KREMI 400ML KOPARAK DOKULEN SACLAR,KOZMETİK,4,
"PRIL BULS.MKN TUZ 1.5KG+1,5 KG TUZ",DETERJAN TEMİZLİK,4,
PHILIPS 14 W KALIN DUY ECONOMY,EV,4,
HOBBY JOLE PRO-VIT 300ML BRIYANTINLI,KOZMETİK,4,
COLGATE 2IN1 LEKETEM. DIS MACUNU 100 ML,KOZMETİK,4,
COLGATE D.M.HASAS 75ML + D.F HEDİYE,KOZMETİK,4,
MEHTAP SIYAH INCI TEFLON TAVA 20 CM,EV,4,
ARI 12 VIT.6 MIN.7 TAHILI GECE 500GR.,BEBEK,4,
CALDION ZEN ROLL-ON BAYAN 50ML,KOZMETİK,4,
KOMILI COCUK SAC VE VUCUT SAMPUANI CILEKLI 300 ML,BEBEK,4,
JOLY YETISKIN HASTA BEZI 15 ADT,KAĞIT,4,
DR.OETKER DEKOR SEKERİ TARCINLI 4 LÜ,GIDA,4,
MR.MUSCLE KREM 500 ML,DETERJAN TEMİZLİK,4,
DOGADAN 7 OTLU CAY 20'LI POSET,İÇECEK,4,
HEAD SHOULDERS 180 ML KLASIK BAKIM SAMP.,KOZMETİK,4,
SHEFFAF MELAMIN SERVIS TEPSISI 34*26,EV,4,
ARKO TRAS KOPUGU 200ML.COOL,KOZMETİK,4,
F BAKTAT SULTANI BAMYA KONSERVESI 660GR,GIDA,4,
REXONA STICK QUANTUM 50 ML,KOZMETİK,4,
ELSEVE KIRILMA KARSITI 200 MLSAC BAKIM KREMI,KOZMETİK,4,
W.FLEX SAC SPREYI 250 ML.EXTRA STRONG,KOZMETİK,4,
PANTENE PRO-V 600 ML SAMP. YOGUN VE GUCLU,KOZMETİK,4,
FIDANLAR ELDİVEN 10 ADET,DETERJAN TEMİZLİK,4,
KOMILI SAMPUAN 600 ML.BESLEYICI BAKIM,KOZMETİK,4,
FINISH TABLET HEPSI 1 ARADA 40 LI,DETERJAN TEMİZLİK,4,
DR.OETKER KAZANDIBI 2 Lİ % 50 IND,GIDA,4,
BANAT DESENLI PATTERNED MOP 2'LI,DETERJAN TEMİZLİK,4,
AKDEM KUSBURNU MEYVESI 100 GR,İÇECEK,4,
SIRMA MISIROZU YAG 5 LT,GIDA,4,
GARNIER BB KREM 50 ML CILT KUSURSUZLASTIRICI ORTA,KOZMETİK,4,
ELIDOR 200 ML SAMPUAN ISILDAYAN PARLAK SACLAR,KOZMETİK,4,
SELIN SIVI SABUN 300ML BERGOMAT,KOZMETİK,4,
ROCCO JELLY JUNİOR M. DONDURMALAR 80GR,GIDA,4,
VICEROY BLUE SILIMS,SİGARA,4,
TAT SALATALIK TURSUSU CAM 1650 G,GIDA,4,
FAIRY PLATINUM BUL.MAKINESI 50'LI,DETERJAN TEMİZLİK,4,
MARC BANYO SISE JEL 1 LT,DETERJAN TEMİZLİK,4,
M.BIRLIK SIYAH ZEYTIN EZME 340G,SÜT KAHVALTILIK,4,
OMO ELDE 2400 GR,DETERJAN TEMİZLİK,4,
HUNCA  BITTIM SABUNU  100 ML,KOZMETİK,4,
EQUAL ROLL ON FOR MEN 50 ML,KOZMETİK,4,
GURALLAR ART CRAFT 6'LI SU BARDAGI,EV,4,
NIVEA SABUN 90 GR GREEN TEA CUCUMBER,KOZMETİK,4,
"ULKER GOLF ROYAL CIKOLATA 1,33 LT",SÜT KAHVALTILIK,4,sekerci
F BAKTAT KARISIK TURSU 1700 GR,GIDA,4,
COCA COLA PET SISE 1LT.*4,İÇECEK,4,bufe
NESTLE NESGUIK TOZ 450 GR,GIDA,4,
LIPTON ICE TEA 1 LT LIMON,İÇECEK,4,bufe
ALGCORN. INLOVE FRAMBUAZ,SÜT KAHVALTILIK,4,
LIPTON SIYAH INCI 100 LU DEMLIK,İÇECEK,4,
LAY`S 6 LI FIRSAT PAKETI,GIDA,4,
AKDEM HIBISKUS 100 GR,İÇECEK,4,
ALGIDA CORNETTO IN LOVE TOFFEE KROKAN 125 ML,SÜT KAHVALTILIK,4,sekerci
VILEDA POWER 2 IN 1 SUNGER BEZ,DETERJAN TEMİZLİK,4,
FANTA PORTAKAL 500 ML,İÇECEK,4,
COOK STREC FILM 300 METRE,EV,4,
M.BIRLIK EKSTRA 800GR TNK,SÜT KAHVALTILIK,4,
CHAM.KARACIGERLI KEDI,PET,4,
DOVE SAC KREMI 400ML ISIYA KARSI,KOZMETİK,3,
SHE ROLL-ON IS HAPPY 40ML,KOZMETİK,3,
MR.MUSCLE MUTF.TEMZ.YEDEK 750ML,DETERJAN TEMİZLİK,3,
SARAY WABLO KAKAOLU GOFRET 45 GR,GIDA,3,sekerci
TADIM FAVORI RINGO 200 GR,GIDA,3,
PANTENE S.KREM 400GR DOGALSENTEZ 2012,KOZMETİK,3,
KOSKA RECEL KIZILCIK 380 GR,SÜT KAHVALTILIK,3,
GARNIER COLOR NATURALS 5.25 VALIDE SULTAN KAHVESI,KOZMETİK,3,
SUTAS SUT 10*200 ML KALEM KUTU HED.,SÜT KAHVALTILIK,3,
KOMİLİ 700 ML ŞAMPUAN YAGLI SACLAR,KOZMETİK,3,
ULKER ONEO SAKIZ 27 GR ÇİLEKLİ,GIDA,3,sekerci
KAHKECIZADE UZUMLU KURABIYE 400 GR,GIDA,3,
DURU SIVI SABUN 750ML DINLENDIRICI,KOZMETİK,3,
MARET PRATIK SERI DANA SUCUK 75 GR,ET TAVUK,3,kasap
KENT 375 GR CIKOLIN KAHVELI,GIDA,3,
MR.MUSCLE COK AMACLI MUTFAK TEM.FLORAL,DETERJAN TEMİZLİK,3,
GURALLAR ART CRAFT TRUVA 6'LI KASE,EV,3,
YAREN CIFT SERAMIK IKI KATLI TABAK,EV,3,
S.BRITE TEMIZLIK BEZI PRATIK 7.LI,DETERJAN TEMİZLİK,3,
REXONA WOMEN POWDER DEO ROLL_ON,KOZMETİK,3,
BANAT KLOZET BLOGU CAM 40 GR,DETERJAN TEMİZLİK,3,
AIR WICK DECOSPHERE ERZURUM,DETERJAN TEMİZLİK,3,
WELLA KOLESTON SAC BOYASI 6.74 TERRAKOTA,KOZMETİK,3,
FINISH QUANTUM 75'LI OXI,DETERJAN TEMİZLİK,3,
PRIL TABLET STANDART 60'LI,DETERJAN TEMİZLİK,3,
MENTOS SAKIZLI DRAJE 38GR,GIDA,3,sekerci
VERNEL 750 ML MAX AMETIST YUMUSATICI,DETERJAN TEMİZLİK,3,
ARGEM INCI SARIMSAK EZICI,EV,3,
EGOS KOPUK 125 ML SERT,KOZMETİK,3,
FE DIS PASTASI 90 GR NANE,KOZMETİK,3,
HACI SAKIR 2 LT SIVI SABUN,KOZMETİK,3,
NIVEA TRAS JELI 200 ML SENSİTİVE,KOZMETİK,3,
FINISH HEPSI BIR ARADA 105 LI TAB.OXI,DETERJAN TEMİZLİK,3,
"WELLA KOLESTON SAC BOYASI 7,77 ISILTILI KAHVE",KOZMETİK,3,
TAMEK KETCAP 750GR NORMAL,GIDA,3,
BANAT MIKROFIBER PASPAS MOP,DETERJAN TEMİZLİK,3,
"TURSIL JEL 2,409 LEYLAK",DETERJAN TEMİZLİK,3,
CAPPY M.SUYU 200ML KAYISI,İÇECEK,3,
KOSKA RECEL AYVA 380 GR,SÜT KAHVALTILIK,3,
ARGEM KREMA POMPASI,EV,3,
CALGONIT H1A 70LI TAB.MAK,DETERJAN TEMİZLİK,3,
PINAR CIPURA ICI ALINMIS 500 GR,GIDA,3,
MILUPA KAV.200GR THL KRS MEYVE,BEBEK,3,
F BAKTAT TAZE FASULYE 350 GR,GIDA,3,
DR.OETKER CIKOLATA PARCALI 3 LU,GIDA,3,sekerci
GARNIER SAF&TEMIZ ARIND. SIKILASTIRICI TONIK,KOZMETİK,3,
WELLA TUP SAC BOYASI 6/35 BUYULEYICI KAHVELER,KOZMETİK,3,
"GARNIER COLOR NATURALS 2,6 BOGURTLEN SIYAH",KOZMETİK,3,
"LOREAL SAC BOYASI 4,32 ALTIN KOYU KAHVE",KOZMETİK,3,
GARNIER COLOR NATURALS 4.30 HAREM KAHVESI,KOZMETİK,3,
ULKER GOLF ROYAL SPECIAL 450 ML KARISIK,SÜT KAHVALTILIK,3,
NIVEA DEO 150ML COOL KICK,KOZMETİK,3,
CAPPY PULPY LIMON 1 LT,İÇECEK,3,
PANTENE 700ML SAMPUAN DOGAL SENTEZ SAMP 2012,KOZMETİK,3,
MR.MUSCLE YUZEY TEMIZLIYICI 1LT. MORNING,DETERJAN TEMİZLİK,3,
ALOMATIK 5 KG BAHAR,DETERJAN TEMİZLİK,3,
AIR WICK DECOSPHERE 75ML LAVANTA,DETERJAN TEMİZLİK,3,
WEE SILIKON EMZIK NO:2,BEBEK,3,
OKEY OZEL 8 LI,KOZMETİK,3,
"KOSLA MAX 2,4 LT",DETERJAN TEMİZLİK,3,
DURU DUS JELI 500ML KARAMELA SEKERI,KOZMETİK,3,
BANAT D.F. PEPEE YUMUSAK KAPAKLI PEMPE,KOZMETİK,3,
H.SAKIR DUS JELI 250ML BAL&Z.YAGI,KOZMETİK,3,
ARTCRAFT AJDA CAY TABAGI 6 'LI,EV,3,
PIERRE CARDIN ISIS 15 DEN. FIT DIZALTI VIZON,EV,3,
YAREN 3'LU BUYUK KAYIK TABAK,EV,3,
PALMOLIVE SAB.100GSPAHAMAM DETOX,KOZMETİK,3,
ORAL-B D.F. 3-EFFECT 2+1 CLASSIC,KOZMETİK,3,
ALGIDA MAGNUM MINI 6LI PINK BLACK,SÜT KAHVALTILIK,3,
BORCAM 59013 KAPAKLI YUVARLAK TENCERE,EV,3,
TAMEK KAHVALTIM 380 GR AHUDUDU RECELI,SÜT KAHVALTILIK,3,
COLGATE TOTAL ARAYUZ FIRCASI,KOZMETİK,3,
JOLY KANALLI KANATLI NORMAL 20 AD EKO,KAĞIT,3,
AXE SAMPUAN 300 ML NORMAL SACLAR,KOZMETİK,3,
BINGOSIL KREM 730ML LIMONLU,DETERJAN TEMİZLİK,3,
PRENSES KRISTAL TOZ SEKER 500 GR STICK,İÇECEK,3,
KOMILI BEBE PISIK KREMI 100ML,BEBEK,3,
TILLO 1920 ASPIRATOR FILTRESI,EV,3,
TORKU ZUMRUT MADLEN CIKOLATA 260GR,GIDA,3,sekerci
SATEN TUY SARARTICI KREM,KOZMETİK,3,
KOSLA OXI ACTION LEKE.MAX 1000 GR,DETERJAN TEMİZLİK,3,
HARIBO SOLUCAN 100GR,GIDA,3,
HEAD SHOULDERS 400ML OKYANUS FER.,KOZMETİK,3,
PHILIPS 8 W=38 W 405 LM GENIE COOL DAYLİGHT,EV,3,
MR.MUSCLE YUZEY TEMIZ.1LT.2SI%50İND.,DETERJAN TEMİZLİK,3,
GLADE AUTO SISTEM FRAGRANCE FRESH,DETERJAN TEMİZLİK,3,
MEHTAP KEK GOTİK DILIMLI TEFLON,EV,3,
BANAT DISKET BULASIK FIRCASI,DETERJAN TEMİZLİK,3,
ACTİVEX SIVI SABUN 300 GR AKTİF KORUMA,KOZMETİK,3,
"WELLA KOLESTON SAC BOYASI 8,74 GIZEMLI KAHVE",KOZMETİK,3,
KOTEX SCREET ULTRA PED UZUN 8 LI,KAĞIT,3,
PALMOLIVE SIVI SABUN 300 ML,KOZMETİK,3,
SLAZENGER ACTIVE SPORT FORMEN DEO 150 ML YESIL,KOZMETİK,3,
JOHNSON`S BABY SABUN 125ML BEDTIME,KOZMETİK,3,
MOLPED DAILY CARE DEO GUNLUK 40 ADET EKO,KAĞIT,3,
WELLA KOLESTON 2/8 MAXI,KOZMETİK,3,
PIKNIK 1401 ALUMINYUM FOLYO 10,EV,3,
BAGDAT FESLEGEN 30GR,GIDA,3,
FERSAN SARIMSAKLI SIRKE 500ML,GIDA,3,
ARIEL MATIK 5 .5 KGPARLAK RENKLER,DETERJAN TEMİZLİK,3,
TOPUK RENDESI YUMURTA,KOZMETİK,3,
"MR.MUSCLE YUZEY TEMIZLIYICI 2,5 LT.FLORAL",DETERJAN TEMİZLİK,3,
NIVEA ROLL-ON COOL KICK MEN,KOZMETİK,3,
AKDEM MEYAN KÖKÜ 50 GR,İÇECEK,3,
DR.OETKER ICE TEA LIMON GR,GIDA,3,bufe
KOSLA HALI SAMPUAN MATIK 3IN1 500 ML,DETERJAN TEMİZLİK,3,
OKEY SIM SIKI 10 LU,KOZMETİK,3,
GARNIER 660 KOR KIZILI,KOZMETİK,3,
WEE SILIKON DAMAKLI EMZIK NO:3,BEBEK,3,
BAKTAT GEMLIK SIYAH ZEYTIN 400 GR,SÜT KAHVALTILIK,3,
BLENDAX SAC KREMI 400GR.KEPEGEKARSI,KOZMETİK,3,
F BAKTAT KIRMIZI BIBERLI PATLICAN SOSU 170 GR,GIDA,3,
DOMESTOS HIJYENIK LEKE CIKARICI 2 LT,DETERJAN TEMİZLİK,3,
8*4 150 ML DEO LEMON RUSH,KOZMETİK,3,
BEBAK GÜL SUYU 215 GR.,KOZMETİK,3,
HOBBY JOLE PRO-VIT 300ML EKSTRA SERT,KOZMETİK,3,
ARTCRAFT ARGOS PLS KAP CEREZLIK 6 LI,EV,3,
ULKER CAMLICA PORTAKAL 330 ML,İÇECEK,3,
KOMILI 600 ML.BAKIM KREMI,KOZMETİK,3,
KENT MADLEN CIKOLATA 450GR,GIDA,3,sekerci
CLIO KIR COZUCU 900 ML,DETERJAN TEMİZLİK,3,
TILLO 1335 ELEGANCE TUVALET KAGITLIK,EV,3,
SERA COP TORBASI BATTAL,EV,3,
PRINGLES 40GR GR SOUR CREAM,GIDA,3,
FABU SIK VE SIL SPREY 500GR LAVANTA,DETERJAN TEMİZLİK,3,
"GARNIER COLOR NATURALS 5,25 ATESLI KAHVE",KOZMETİK,3,
ACTİVEX BARBIE SIVI SABUN CILEK 750ML,KOZMETİK,3,
EVCAY ELMA CAYI 20 POSET YENI,İÇECEK,3,
GEZER ERKEK TERLIK CESIT,EV,3,
ELITE NATUREL 200 ML SIYAH UZUM,İÇECEK,3,
PALMOLIVE DUS JELI MEN 250 ML VOLCANO,KOZMETİK,3,
P. BAHCE 55959 LINEA 2'LI KULPLU BARDAK,EV,3,
LOREAL SAC BOYASI KOYU AKAJU KAHVE,KOZMETİK,3,
LOREAL SUBLIME KOPUK 2.0 SEHVETLI SIYAH,KOZMETİK,3,
SHE CRAZY SPREY DEO 150ML,KOZMETİK,3,
SOLEN BUTIK BONBON 375 GR.MEYVELI,GIDA,3,
M.BIRLIK HIPER 800GR TNK,SÜT KAHVALTILIK,3,
CIF KREM 1500 ML CAMASIR SUYU KATKILI,DETERJAN TEMİZLİK,3,
BINGO OV 950 GR.MEKANIK TOZ LIMONLU,DETERJAN TEMİZLİK,3,
CARTE DOR VANİLİN 10'LU,GIDA,3,
COLGATE D.F. 2-5 YAS SMILES SOFT,KOZMETİK,3,
8*4 150 ML DEO FOR MEN URBAN SPIRIT,KOZMETİK,3,
FINISH QUANTUM 40'LI TABLET,DETERJAN TEMİZLİK,3,
SOLEN WINERGY FISTIKLI 40 GR,GIDA,3,kuruyemisci
"SELPAK KAĞIT BEZ 7,5 METRE",KAĞIT,3,
ONA AYCICEK YAGI 1LT,GIDA,3,
LIPTON TB FORM PLUS SEFTALI 20 LI,İÇECEK,3,
K.KUKRER 1LT VISNE SURUBU,İÇECEK,3,
DOGUS BLACK LABEL 100+100 DEMLIK HED.,İÇECEK,3,
NIVEA SAC SPREYI 250 ML VOLUME SENSATION,KOZMETİK,3,
CLEAR 350 ML SAMP. SAC DERISI TERAPI,KOZMETİK,3,
TARIS Z.YAGI RIVIERA 1LTTNK,GIDA,3,
WELLA TUP SAC BOYASI 6/74 KREM BOYA,KOZMETİK,3,
SILVER VIDALI KREM BOYA SIYAH,DETERJAN TEMİZLİK,3,
DR.OETKER RECEL YAP 25 GR,GIDA,3,
YAREN STAND 1 TL,EV,3,
PRIL BULS.MAK.DEO-PERLS 21GR,DETERJAN TEMİZLİK,3,
S.BRITE YESIL FIBER 2LI,DETERJAN TEMİZLİK,3,
PINAR USKUMRU FILETO SADE 160GR,GIDA,3,balikci
A.CARTE D'ORPATISSERIE EKMEK KADAYIFI,SÜT KAHVALTILIK,3,firin
YUMOS EXTRA DELUXE 720 ML.ALTIN ORKIDE&SANDAL AGAC,DETERJAN TEMİZLİK,3,
WELLA KOLESTON 6/7 MAXI CIKOLATA KAHVE,KOZMETİK,3,
BABY STAR IKIZ MIDI 54 LU,BEBEK,3,
ALG.MARAS LOG 750 ML,SÜT KAHVALTILIK,3,
PROTEX SIVI SABUN 750+300ML 2LI FRESH,KOZMETİK,3,
"WELLA KOLESTON SAC BOYASI 4,77 KADIFE KAHVE",KOZMETİK,3,
AIR WICK FRESH MATIC B.2 YED AL. 1 CİH. BED.CITRUS,DETERJAN TEMİZLİK,3,
ELIDOR 700ML SAMP. ARINDIRICI FERAHLIK,KOZMETİK,3,
MR.MUSCLE LIKIT KLOZET BLOK POLAR SKY,DETERJAN TEMİZLİK,3,
GARNIER SAC BOYA 9.13 ACIK KULLU SARI,KOZMETİK,3,
"GARNIER COLOR NATURALS 6,25 KESTANE KAHVE",KOZMETİK,3,
WELLA SAC BOYASI 4/3 DORE KAHVE,KOZMETİK,3,
LOREAL SAC BOYASI DERİN KIZIL,KOZMETİK,3,
"LOREAL SAC BOYASI 5,60 BUYULU KIZIL",KOZMETİK,3,
ULKER GOLF ROYAL MEYVE SEPETI 900 ML,SÜT KAHVALTILIK,3,
F NEFFIS PILAVLIK BULGUR 2 KG.,GIDA,3,
SELIN SIVI SABUN 650 ML ADA LIMONU,KOZMETİK,3,
ARGEM ESNEK FIRCA,EV,3,
"WELLA TUP SAC BOYASI 3,66 PATLICAN MORU",KOZMETİK,3,
EMEK TURKUAZ BEYAZ SABUN 800GR.GUL,KOZMETİK,3,
PALMOLIVE DUS JELI 500 ML HINDISTAN CEVIZI,KOZMETİK,3,
VERNEL 2LT HİBUSKUS GÜL YUMUSATICI,DETERJAN TEMİZLİK,3,
BAGDAT TANE OGUTMELI TUZ 110GR,GIDA,3,
CALGONIT HEPSI BIR ARADA 42 LI,DETERJAN TEMİZLİK,3,
PALMOLIVE DUS JELI 500 ML.ENERGY,KOZMETİK,3,
VILEDA POWER 4 LU YESIL DUZ SUNGER,DETERJAN TEMİZLİK,3,
S.BRITE ROLLER RULO 30YP TUY TEMIZLEYICI,DETERJAN TEMİZLİK,3,
ULKER TOFFE 350GR CIKOLATA DOLGU,GIDA,3,sekerci
SELIN SIVI SABUN 300ML ADA LIMONU,KOZMETİK,3,
KOSKA BOGURTLEN RECELI 1850 GR,SÜT KAHVALTILIK,3,
VERNEL 750 ML MAX DENIZ ESINTISI YUMUSATICI,DETERJAN TEMİZLİK,3,
TAT TON BALIGI 80*3,GIDA,3,balikci
ELIDOR 350ML ŞAMP. ALTIN GÖSTERİŞLİ HACİM,KOZMETİK,3,
COLGATE MAX BEYAZLIK 100ML KRISTAL NANE,KOZMETİK,3,
F BAKTAT SALATALIK TURSUSU 720 GR,GIDA,3,
NIVEA ROLL-ON PURNTRL LOT KDN,KOZMETİK,3,
PENGUEN TURLU 820 GR,GIDA,3,
PENGUEN TURLU 650GR,GIDA,3,
FERSAN SALGAM SUYU 2000 ML ACISIZ,İÇECEK,3,
NIVEA BABY SAC VE VUCUT SAMPUAN SENSITIVE 500ML,KOZMETİK,3,
TAMEK MEYVE SUYU 1 LT ELMA % 100,İÇECEK,3,
"BIZIM KIRMIZI MERCIMEK 2,5KG",GIDA,3,
PRENSES TOZ SEKER 500 GR SILINDIR,İÇECEK,3,
LOREAL SAC BOYASI 8.1,KOZMETİK,3,
ULKER BONBON 350GR KARMA AKIDE,GIDA,3,
UNO PREMİUM SUSAMLI BÜYÜK HAMBURGER,GIDA,3,
PENG. AJVAR PATL. BIBER EZMESI 185 GR.,GIDA,3,
MR.MUSCLE LIKIT YEDEK,DETERJAN TEMİZLİK,3,
GILLETTE M3 SENSITIVE MAKINA,KOZMETİK,3,
TAMEK KORNISON TURSU 350G.,GIDA,3,
S.BRITE BULASIK ALTLIGI,DETERJAN TEMİZLİK,3,
S.BRITE MİKROFİBER BANYO BEZI 2Lİ,DETERJAN TEMİZLİK,3,
WELLA PRO-SERIES KOPUK 250ML MAXIMUM GUCLU,KOZMETİK,3,
MEHTAP SİYAH İNCİ TEFLON TAVA 22 CM,EV,3,
HOBBY AYAK BAKIM KREMI 60 ML,KOZMETİK,3,
"GLADE SENSATIONS MORNING FRESHNESS YDK2,SI %50 IND",DETERJAN TEMİZLİK,3,
CLEAR 650 ML SAMP. YESIL CAY LIMON OZU,KOZMETİK,3,
GLADE EKONOMIK SET MAKINE+2 YEDEK,DETERJAN TEMİZLİK,3,
SIGNAL D.M. KIDS SUNGERBOB 100GR,KOZMETİK,3,
BEBAK ACI BADEM SÜTÜ 175 ML. NEMLENDİRİCİ BAKIM,KOZMETİK,3,
GARNIER COLOR NATURALS 7.0 YOGUN KUMRAL,KOZMETİK,3,
HARIBO ALTIN AYICIK 100GR,GIDA,3,
BLACK FORMEN SPREY DEO 150ML,KOZMETİK,3,
ETI CICI BEBE 800 GR POSET,BEBEK,3,
BABY STAR JUMBO MAXIPLUS,BEBEK,3,
WELLA KOLESTON 6.1 BUYULEYICI KAHVE,KOZMETİK,3,
SENS SIVI SABUN 750 ML GUL,KOZMETİK,3,
MILUPA APTAMIL 5 900 GR.,BEBEK,3,
ARKO NEM SALATALIK OZLU 300ML,KOZMETİK,3,
TAT ACI BIBER SOSU 50 GR,GIDA,3,
SELPAK KUTU MENDIL BUTIK,KAĞIT,3,
KOSKA RECEL ORGANIK VISNE 300 GR,SÜT KAHVALTILIK,3,
POPIFIKS MAKSI HASTA BEZI 9 A,KAĞIT,3,
CALGONIT BULS.MAK.TEMIZLEYICI SIVI 100 ML,DETERJAN TEMİZLİK,3,
KENT XD BLUE 2013,SİGARA,3,
REST RULO TEMIZLIK BEZI 4 MT,DETERJAN TEMİZLİK,3,
CALGONIT DEO 2IN1 PORTAKAL&MANDALINA,DETERJAN TEMİZLİK,3,
TAMEK RECEL CILEK 800 GR,SÜT KAHVALTILIK,3,
MEHTAP SİYAH İNCİ TEFLON TAVA 24 CM,EV,3,
PANTENE 400 GR BOY.SAC SAMPUAN 2012,KOZMETİK,3,
KOSLA SIVI 2LT BEYAZ LEKE CIKARICI,DETERJAN TEMİZLİK,3,
LOREAL SAC BOYASI 7.3,KOZMETİK,3,
DR.OETKER SULTAN TATLISI 585 GR,GIDA,3,
PALL MALL MAVİ UZUN,SİGARA,3,
BREF WC DUO AKTIF 60 ML LAVENDER,DETERJAN TEMİZLİK,3,
MR.MUSCLE AKTIV SİSTEM,DETERJAN TEMİZLİK,3,
NIVEA ROLL-ON 50 ML STRESS PROTECT,KOZMETİK,3,
ULKER MINI HOBBY 360 GR ASETAT,GIDA,3,
SIGMA SU BARDAGI 6'LI DAMLA DESEN,İÇECEK,3,
WELLA KOLESTON 3/66 KIZIL KESTANE,KOZMETİK,3,
PINAR M.SUYU 6*200 ML SEFTALI,İÇECEK,3,
DOVE SAMPUAN 400ML KOPARAK DOKULEN SACLAR,KOZMETİK,3,
PIERRE CARDIN ISIS 15 DEN. FIT KULOTLU TEN M/2,EV,3,
VILEDA BULASIK ALTLIGI,DETERJAN TEMİZLİK,3,
DALIN BEBE TALKPUDRA SERPME 90,BEBEK,3,
P.BAHCE 53392 CEREZLIK 2LI VHK.DK. KONSEPT,EV,3,
CIF ULTRA HIJYEN SPREY 750 ML,DETERJAN TEMİZLİK,3,
P.BAHCE 42021 CAY BARDAK 12LI,EV,3,
PIKNIK 336 GELIN MUM,EV,3,
KUHNE TUZU AZALTILMIS SOYA SOSU 250 ML,GIDA,3,
WEE KULPLU BARDAK,BEBEK,3,
NIVEA DEO STICK 40ML PEARL&BEAUTY,KOZMETİK,3,
ARKO TRAS SONRASI 50ML KREM CITRUS,KOZMETİK,3,
WELLA KOLESTON 5/0 MAXI,KOZMETİK,3,
ROCCO POPSAKIZ CILEK LIMON 28 GR,GIDA,3,sekerci
WELLA TUP SAC BOYA 55.46 KIZIL BUYU,KOZMETİK,3,
PALMOLIVE SIVI SABUN 750ML KIRAZ CICEGI,KOZMETİK,3,
AIR WICK KOKULU CUBUKLAR 50 ML BODRUM,DETERJAN TEMİZLİK,3,
AIR WICK FRESMATIC MINI SPREY YEDEK,DETERJAN TEMİZLİK,3,
F BAKTAT DOMATES SOSU 1800 GR,GIDA,3,
VEET KOMPLE VUCUT SETI,KOZMETİK,3,
LIPTON GOLDEN CEYLON TEA 48 AD DEMLIK,İÇECEK,3,
KOSKA TAS CIKOLATA 125GR,SÜT KAHVALTILIK,3,sekerci
AKDEM MEYAN KOKU CAYI 20LI,İÇECEK,3,
POPIFIKS STANDART HASTABEZI 11,KAĞIT,3,
BANAT BULASIK SUNGERI OLUKLU,DETERJAN TEMİZLİK,3,
S.BRITE 2 LI AVANTAJ PKT MAXI RULO BEZ,DETERJAN TEMİZLİK,3,
S.BRITE GUCLU ELDIVEN 6,DETERJAN TEMİZLİK,3,
VILEDA PRATIK PASPAS SISTEM YEDEK,DETERJAN TEMİZLİK,3,
"LOREAL SUBLIME KOPUK 8,30 ALTIN GUNES SARISI",KOZMETİK,3,
WELLA KOLESTON 2/0 MAXI,KOZMETİK,3,
WELLA KOLESTON KOPUK BOYA 7/0 KUMRAL,KOZMETİK,3,
KOMILI SAMPUAN 600 ML.ANTI KEPEK,KOZMETİK,3,
HERO BABY 8 TAHILLI SUTLU BISKUVILI MUZLU 250 GR,BEBEK,3,
PHILIPS PARTYLIGHT 15 WT,EV,3,
DOVE SAC KREMI 700ML NEMLENDIRICI BAKIM 2012,KOZMETİK,3,
DOGADAN GELENEKSEL KARADENİZ 48 DEMLİK ÇAY,İÇECEK,3,
DALIN BEBE TALKPUDRA 50GR.ZARF,BEBEK,3,
8*4 150 ML DEO MODERN CHARME,KOZMETİK,3,
"WELLA TUP SAC BOYASI 4,6 KIZIL VIYOLE",KOZMETİK,3,
AYTAC MEYVE SUYU PORTAKAL 1 LT,İÇECEK,3,
BORCAM 59124 TEPSI,EV,3,
YAREN ARTCRAFT CAM SURAHI PLASTIK KAOAKLI,EV,3,
ORAL-B D.F. 3 D WHITE LUXE,KOZMETİK,3,
ULKER ECE CINILI 340 GR,GIDA,3,
FINISH TABLET HEPSI 1 ARADA 100 LU,DETERJAN TEMİZLİK,3,
GILLETTE TRAS KOPUGU 200 ML.SERIES SENSETIV,KOZMETİK,3,
ULKER FLORES VISNELI SODA 200 ML 6'LI,İÇECEK,3,bufe
EVY LADY PED 8 LI SUPER KANATLI,KAĞIT,3,
VEET HAZIR AGDA BANDI KOLTUK ALTI,KOZMETİK,3,
REXONA ROLL-ON 50 ML FOR MEN,KOZMETİK,3,
LIPTON Y.LABEL 2 AD ALANA CAM DEMLIK HEDIYE,İÇECEK,3,
ARKO TRAS JELI 200ML REGULAR,KOZMETİK,3,
ALTIN CEZVE GOLD COFFEE 100 GR KAVANOZ,İÇECEK,3,
COLGATE GARGARA PRO.HASSAS DİŞ 400 ML,KOZMETİK,3,
DORITOS POPS AILE BOYU 81 GR,GIDA,3,
MEHTAP SIYAH INCI SAHAN 16 CM,EV,3,
MILUPA 7 TAHILI 200 GR. GECE,BEBEK,3,
CILLIT BANG YAG COZUCU750ML,DETERJAN TEMİZLİK,3,
NESTLE COK ÇİKOLATA FINDIK 45 GR,GIDA,3,sekerci
NIVEA BABY PUDRA 100 GR,KOZMETİK,3,
SELIN SIVI SABUN 300ML YESIL LIMON,KOZMETİK,3,
ARGEM YAYIK SURAHI,EV,3,
ARIEL PROFESSIONAL SIVI 500ML. BEYAZLATMA ETKILI,DETERJAN TEMİZLİK,3,
CANBEBE AVANTAJ PK. MIDI 62 AD 4-9KG,BEBEK,3,
PASTAVILLA BAHCE SEBZELI MAKARNA SOSU300GR,GIDA,3,
CIF BALLERINA CAM BEZI,DETERJAN TEMİZLİK,3,
WEE PP GENIS AGIZLI BIBERON 250CC,BEBEK,3,
LISTERINE AGIZ GARGARASI 500 ML NANE,KOZMETİK,3,
SIGNAL ANTI TARTAR DIS MACUNU 100 ML.PRATIK TUP,KOZMETİK,3,
ARKO MEN DUS JELI 250ML DYNAMIC,KOZMETİK,3,
SUPER FRESH ALTIN BALIK KILCIKSIZ BALIK,GIDA,3,balikci
NIVEA DEO STICK 40ML FRESH WOMEN,KOZMETİK,3,
NIVEA DEO STICK 40 ML DRY COMFORT,KOZMETİK,3,
P.BAHCE 52955 6'LI BARDAK HARE,EV,3,
CIF PAWERCREAM MUTFAK YEDEK 750ML.,DETERJAN TEMİZLİK,3,
AKDEM DUT PEKMEZI 820GR,SÜT KAHVALTILIK,3,
ELITE NATUREL 200 ML VISNE,İÇECEK,3,
EYÜP SABRİ TUNCER 150 ML LIMON,KOZMETİK,3,
HOBBY FOR MEN DUS JELI 300ML COOL,KOZMETİK,3,
FUSION TRS JELI 200 ML ULTRA KORUMA,KOZMETİK,3,
BAGDAT ZEYTIN SOSU 50GR,GIDA,3,
BARREL WORKSHOP BARREL 3 LU BARDAK,EV,3,
CILLITBANG KIR SOKUCU 750+250 ML,DETERJAN TEMİZLİK,3,
ICIM M.SUYU 330ML PORTAKAL,İÇECEK,3,
NEUTROGENA BESLEYICI BAKIM KREMI 200ML,KOZMETİK,3,
NIVEA TRAS KOPUGU 200 ML ANTIBAKTARIYEL,KOZMETİK,3,
FINISH POWERBALL  68 LI TABLET CAMAŞI SUYU KATKILI,DETERJAN TEMİZLİK,3,
ELITE NATUREL 200 ML NAR SUYU,İÇECEK,3,
PROTEX BANYO SABUNU 4 LU CREAM,KOZMETİK,3,
YAREN COOKER CAM SURAHI CKR246,EV,3,
WEE MINI ALISTIRMA BARDAGI SET,BEBEK,3,
DOGADAN LIMON ZENCEFIL 250 ML,İÇECEK,3,
WEE BEBEK ODA TERMOMETRESI,BEBEK,3,
BIZIM MUTFAK KÖRİ BİB,GIDA,3,
WELLA PRO-SERIES SAMPUAN 500ML PARLAK,KOZMETİK,3,
GILLETTE WOMEN VENUS MAKINE,KOZMETİK,3,
BIZIM MUTFAK ICLI KOFTE HARCI 137 GR,GIDA,3,
KOMILI OLIVE DENİZ SUT BİBERİYE 5*75 GR,KOZMETİK,3,
EYÜP SABRİ TUNCER 150 ML TUTUN,KOZMETİK,3,
KOMILI SIZMA ZEYTINYAG 5 LT.TENEKE,GIDA,3,
CIF MUTFAK JEL 1500ML YAG COZUCU,DETERJAN TEMİZLİK,3,
PALMOLIVE DUS JELİ SENSUAL 250 ML,KOZMETİK,3,
IPANA 3 BOYUTLU BEYAZLIK LUXE 75 ML BEYAZLATICI,KOZMETİK,3,
IPANA 7 KOMPLE BAKIM DOGAL FERAHLIK FIRCA HED,KOZMETİK,3,
SELIN KOLONYA 400ML CAM SISE,KOZMETİK,3,
P.BAHCE 59044 YUVARLAK 2'LI BORCAM TEPSİ,EV,3,
ARIEL MATIK 6 KG DAĞ ESİNTİSİ,DETERJAN TEMİZLİK,3,
ORAL-B 3D WHITE D.F 1+1 BEDAVA,KOZMETİK,3,
SARAY CHOCO LIPS 35 GR,GIDA,3,
GURALLAR ARTCRAFT SURAHI,EV,3,
BORCAM 59009 KAPAKLI FIRIN TEPSISI,EV,3,
PALMOLIVE SAB.100G THERMAL SPD EXFOLIN,KOZMETİK,3,
BANAT KLOZET BLOGU 40GR MAVI SU,DETERJAN TEMİZLİK,3,
COLGATE OPTIK BEYAZ 250ML,KOZMETİK,3,
SOLO MİNİ PEÇETE 75Lİ,KAĞIT,3,
JAGLER SPORT ROLL-ON 50ML,KOZMETİK,3,
GURALLAR LIZA 6'LI FINCAN TAKIMI,EV,3,
NASCITA KIRPIK KIVIRMA MAK.CIFT YEDEKLI KUTULU,KOZMETİK,3,
PALMOLIVE DUS JELI 250 ML CIKOLATA TUTKUSU,KOZMETİK,3,
KNORR BULYON TAVUK SUYU 175 GR TOZ,GIDA,3,
VILEDA ELDIVEN VANILYA 8 ORTA,DETERJAN TEMİZLİK,3,
LIPTON GOLDEN CEYLON TEA 500 GR,İÇECEK,3,
COLGATE PLAX 500ML MULTI-PROTECTION,KOZMETİK,3,
"LOREAL SAC BOYASI 1,01 DERIN SAF SIYAH",KOZMETİK,3,
VILEDA CAM BEZI 3AL 2 ODE PAKET,DETERJAN TEMİZLİK,3,
DR.OETKER MOZAIK PASTA 262 GR,GIDA,3,
P.BAHCE HUNI SET,EV,3,
HOBBY FOR MEN TRAS KOLONYASI 250 ML FRESH,KOZMETİK,3,
CARMINA SENSATION DEO 150ML WOMEN,KOZMETİK,3,
BLADE FASTER DEO SPREY FOR MEN 150 ML,KOZMETİK,3,
PRIMA KURU VE HESAPLI 3-6 KG.58ADET,BEBEK,3,
SHE SWEET DEO 150 ML,KOZMETİK,3,
COOK BUZDOLABI POSETI 4 AL 3 ÖDE BUYUK,EV,3,
SESU AGDA BANDI YUZ,KOZMETİK,3,
NIVEA TRAS JELI 200 ML FORMEN,KOZMETİK,3,
DR.OETKER KURABIYE UNU 500 GR,GIDA,3,
TIRNAK ETI SIYIRICI,KOZMETİK,3,
BLENDAX SACKREMI 700ML SARI KANTRON,KOZMETİK,3,
SOLEN WİNERGY ÇİKOLATA ANTEP FISTIKLI 40GR,GIDA,3,sekerci
JOHNSON`S KULAK CUBUGU 100 LU,KOZMETİK,3,
SUPER FRESH HAMBURGER KOFTE,GIDA,3,
P.BAHCE 43183 BABYLON 1 KAPAKLI KAVANOZ,EV,3,
EQUAL ERKEK DEO SPREY 150ML,KOZMETİK,3,
NIVEA DEO 150ML STRESS PROTECT MEN,KOZMETİK,3,
A.CARTE D'ORPATISSERIE TEL KADAYIF,SÜT KAHVALTILIK,3,
SERA BUZDOLABI POSETI 50 ADET,EV,3,
DALIN KIDS SAC VUCUT SAMP.300ML ÇİLEK,BEBEK,3,
MAGNUM BADEM 4*360GR,SÜT KAHVALTILIK,3,
"LOREAL SAC BOYASI 1,07 DERIN BRONZ SIYAH",KOZMETİK,3,
HOBBY SAC SPREYI 250 ML EKSTRA HACIM,KOZMETİK,3,
GLADE AUTO SISTEM YEDEK,DETERJAN TEMİZLİK,3,
CALDION JEANS DEO BAYAN 150ML,KOZMETİK,3,
PRİMA AKTİF BEBEK EXTRA 6 ACTIF BEBEK 16+KG,BEBEK,3,
VERNEL 4LT SENSITIVE YUMUSATICI,DETERJAN TEMİZLİK,3,
P.BAHCE FOLYOLUK  3 LU AHSAP,EV,3,
WELLA PRO-SERIES SAMPUAN 500ML ONARICI,KOZMETİK,3,
BIOMEEN ŞAMPUAN 700ML HASSAS SAC DERISI,KOZMETİK,3,
DURACELL BUYUK 2PIL LR 20,EV,3,
PIKNIK 1479 CIRPICI ORTA,EV,3,
KOSLA SIVI KRISTAL BEYAZ 2LT+2LT,DETERJAN TEMİZLİK,3,
WELLA KOLESTON 3/0 MAXI,KOZMETİK,3,
GILLETTE MACH3 4BICAK+H&S400 ML.,KOZMETİK,3,
ALGIDA MAGNUM MINI 6'LI,SÜT KAHVALTILIK,3,
AXE SAMPUAN 300 ML APOLLO,KOZMETİK,3,
ARKO NEM 300 ML ZEYTINYAGLI KREM,KOZMETİK,3,
P. BAHCE 42341 SADE BARDAK 6'LI,EV,3,
SOLO MENDIL PAKET,KAĞIT,3,
KOSKA FIRINDA HELVA LIGHT 250GR,SÜT KAHVALTILIK,3,sekerci
TAMEK IMAM BAYILDI 1/2,GIDA,3,
PANTENE PRO-V 600 ML SAMP. NEM TERAPISI,KOZMETİK,3,
DOVE BODY SILK ORIGINAL KREM 75 ML,KOZMETİK,3,
DOVE ROLL-ON 50 ML ORİGİNAL,KOZMETİK,3,
PINAR DANA BURGER BUFE 36 LI,GIDA,3,
HUNCA  BITTIM SAMPUAN 700 ML,KOZMETİK,3,
HOBBY ENERJI JOLE 750 ML ISLAK SERT,KOZMETİK,3,
SHAZILI CAPPUCCİNO KUTU BARDAK HED ŞEKERSİZ 126GR,İÇECEK,3,
OLCA BIBER SALCASI 2 KG ACI,GIDA,3,
HEAD&SHOULDERS 180 GR.MENTOL FERAHLIGI,KOZMETİK,3,
PALMOLIVE DUS JELI 500 ML VANILYA ASKI,KOZMETİK,3,
PALMOLIVE MEN DUS JELI 250 ML.SPORT,KOZMETİK,3,
CHESTERFIELD BLUE LINE  SILIM,SİGARA,3,
LD WHITE II,SİGARA,3,
TAT RECEL KAYISI 380GR,SÜT KAHVALTILIK,3,
8*4 ROLLON DISCOVERY FORMEN 50ML,KOZMETİK,3,
PRIL GOLD + PRIL 3'LU GUC 750 GR LIMON,DETERJAN TEMİZLİK,3,
RENGA MINI BAHARATLIK-TUZLUK,EV,3,
DR.OETKER VITALIS MUSLI MEYVE 375GR,GIDA,3,
DURU NOHUT 1KG,GIDA,3,
8*4 ROLLON 50 ML MODERN CHARME,KOZMETİK,3,
AIR WICK FRESH MATIC MAVI OKYANUS YEDEK,DETERJAN TEMİZLİK,3,
IPANA KOMPLE BAKIM 50 ML,KOZMETİK,3,
EVCAY NANE&LIMON POSET 20,İÇECEK,3,
NIVEA KREM REPAIR CARE 50 ML,KOZMETİK,3,
APTAMIL SUTLU 5 TAHILLI PIRINC TAH.250 ML,BEBEK,3,
PIKNIK 2082 COP TORBASI KUCUK 40*50,EV,3,
VILEDA STYLE KOPAR KULLAN 2 'LI RULO,DETERJAN TEMİZLİK,3,
CHAMPION MUHABBET KUS YEMI MEYVELI,PET,3,
UMIT YAPRAK GALETA 200 GR.SUTLU,GIDA,3,
ELIDOR 200ML KURU SAMP. BOYALI SAÇLAR İÇİN _x000D_,KOZMETİK,3,
ELSEVE 200 ML SIVI SAC KREMI SPREY,KOZMETİK,3,
PENGUEN ACI BIBER SOSU 180 GR,GIDA,3,
EMEK ZEYTINYAGI RIVIERA 3LT TNK,GIDA,3,
H.SAKIR DUS JELI 500 ML SUT&BAL,KOZMETİK,3,
PALMOLIVE DUS JELI 250 ML CILEK RUYASI,KOZMETİK,3,
MEHTAP KAVURMA SACI,ET TAVUK,3,kasap
ARGEM 2'LI MUSLUK UCU,EV,3,
CARMINA BAYAN DEOD SPREY 150ML,KOZMETİK,3,
ULKER GOLF SIZIN ICIN KAKAO- VANILYA 750 ML,SÜT KAHVALTILIK,3,
A.MAGNUM DOUBLE CIKOLATA,SÜT KAHVALTILIK,3,sekerci
ELIDOR 200ML SAMP. KEPEĞE KARŞI 2Sİ 1 ARADA,KOZMETİK,3,
NESTLE NESGUIK 600GR+BARDAK,EV,3,
AIR WICK FRESH MATIC ERZURUM PALAN DOKEN,DETERJAN TEMİZLİK,3,
ELIDOR 200ML KURU SAMP. YAĞLI SAÇLAR İÇİN_x000D_,KOZMETİK,3,
DOGADAN BOGURTLEN CAYI 20 POSET,İÇECEK,3,
UNX TORTILLA LAVAS 480GR 8 ADET,GIDA,3,firin
PANTENE PRO-V 600 ML SAMP. O.BAKIM 2SI 1 ARADA,KOZMETİK,3,
KOTEX LIGHT DAYS PARFUMSUZ 40LI,KAĞIT,3,
PIKNIK 155 LUX MESRUBAT ACACAGI,EV,3,
PANTENE PRO-V 600ML S. BAK KREM TEMEL BAKIM,KOZMETİK,3,
SATEN TUY DOK KREM,KOZMETİK,3,
ULKER FLORES LİMON SODA 200 ML 6'LI,İÇECEK,3,bufe
VIENNETTA VANILYA CIKOLATA 585 ML,SÜT KAHVALTILIK,3,sekerci
BİBERES ACILI EZME SOS 200 GR,GIDA,3,
FAIRY PLATINUM BUL.MAKINESI 40'LI,DETERJAN TEMİZLİK,3,
SESU KARTUS SIR AĞDA ISITICILI SET,KOZMETİK,3,
MOLPED D.C.ULT LİGHT SW'Lİ NORMAL 100 AD,KAĞIT,3,
DETAN KARINCA ILACI 250 ML,DETERJAN TEMİZLİK,3,
SUPER FRESH LAHMACUN 4'LU,GIDA,3,
ANADOLU UZUN BAX SIGARA,SİGARA,3,
BEBAK ACI BADEM NEMLENDİRİCİ EL VE VÜCUT KREMİ 200,KOZMETİK,3,
COTANAK FINDIK YAGI 2 LT PET,GIDA,3,
WELLA SAC BOYASI 77.44 KOR ATES KIZILI,KOZMETİK,3,
EQUAL INTENSE ROLL ON WOMEN,KOZMETİK,3,
STELLA MAGIC COLOR 5 LI,DETERJAN TEMİZLİK,3,
NARIN CAMASIR KOLASI TOZ,DETERJAN TEMİZLİK,3,
SELPAK KUTU MENDIL MAXI 150 YAPRAK,KAĞIT,3,
ULKER FLORES ELMA SODA 200 ML,İÇECEK,3,bufe
ORKID ULTRA TRIO PLATINUM 16 AD,KAĞIT,3,
HEAD SHOULDERS SAC KREMI 400ML LIMON FERAHLIGI,KOZMETİK,3,
ULKER FLORES ÇİLEK SODA 200 ML,İÇECEK,3,bufe
PANTENE 600 ML SAMP. DOGAL SENTEZ 1+1,KOZMETİK,3,
AXE 250 ML AFRICA DUS JELI,KOZMETİK,3,
PANTENE PRO-V 600ML S. BAK KREM GUC VE PARLAK,KOZMETİK,3,
KOSLA TUL TOZ 1KG,DETERJAN TEMİZLİK,3,
S.BRITE MIKROFIBER TEMIZLIK BEZI 3 AL 2 ODE,DETERJAN TEMİZLİK,3,
AKDEM REZENE 100 GR,İÇECEK,3,
DALIN KIDS SAC VUCUT SAMP.300ML TROPIKAL,BEBEK,3,
WELLA KOLESTON SAC BOYASI 8.45 VAHSI KIZIL,KOZMETİK,3,
ALGIDA FESTIVAL KARAMEL VANILYA 1000 ML,SÜT KAHVALTILIK,3,sekerci
BERRAK MANTAR 180 GR,GIDA,3,
NIVEA DEO STICK 40ML DOUBLE EFFECT WOMEN,KOZMETİK,3,
LUX DUS JELİ 250ML SHİMMERİNG SEA,KOZMETİK,3,
YAREN LVN CAM KAPAKLI SAKLAMA KABI,EV,3,
WEE BIBERON EMZIGI 2 NUMARA,BEBEK,3,
ARTCRAFT CAN CEREZLIK 6'LI,EV,3,
P.BAHCE OVAL KASE,EV,3,
BARREL MOR DIP BOYA 3 LU BARDAK,EV,3,
P.BAHCE 95173 HABITAT SURAHI TAKIMI,EV,3,
BASIC BEYAZ KULPLU SURAHI,EV,3,
BABY STAR JUMBO 64 LU MAXIPLUS,BEBEK,3,
IPEK DUS JELI 650 ML FERAHLATICI PORTAKAL CICEGI,KOZMETİK,3,
ARTCRAFT CAY BARDAGI 6'LI DIP BOYALI,EV,3,
"WELLA KOLESTON BOYA 6,34 BAKIR KUMRAL",KOZMETİK,3,
BERRAK TURSU KARISIK 3 LT CAM,GIDA,3,
ARGEM BULASIK FIRCASI,EV,3,
AKDEM GİNKGO BİLOBA CAYI 20LI,İÇECEK,3,
KALBIM LIGHT TON BALIGI 160 GR*2,GIDA,3,balikci
WOOLITE KOYU RENKLER 3 LİTRE,DETERJAN TEMİZLİK,3,
CARTE DOR PINTS WAFFLE 450 ML,GIDA,3,
VEET TUY DOKUCU KREM TUP FRESH,KOZMETİK,3,
F BAKTAT KURU FASULYE PILAKI 400 GR,GIDA,3,
KOSKA NANE DRAJE 90 GR.,SÜT KAHVALTILIK,3,sekerci
A.CLASSIC CARTE D'OR CIKOLATA PARCALI BİTTER,SÜT KAHVALTILIK,3,sekerci
LIPTON GUNEY DOGU EFSANESI 20 LI,İÇECEK,3,
LIPTON  AKDENIZ YOLCULUGU  20 LI,İÇECEK,3,
ARTCRAFT CICEK DESENLI 6 LI SU BARDAGI,EV,3,
GOKCE TOZ ICECEK 350 GR KUSBURNU,İÇECEK,3,
BANAT OTO YIKAMA FIRCASI SAPLI,DETERJAN TEMİZLİK,3,
ALGIDA CORNETTO CLASSICO CILEK KAYMAK 120ML,SÜT KAHVALTILIK,3,
CIF BALLERINA DUZ SUNGER 2'LI,DETERJAN TEMİZLİK,3,
LIPTON SIYAH INCI 48 LI DEMLIK,İÇECEK,3,
BALKUPU HARMAN CAYI 500 GR,İÇECEK,3,
P.BAHCE YUVARLAK CANDY TEPSI,EV,3,
PIKNIK 1524 PIKNIK 3 GOZLU KOPUK TABAK,EV,3,
P.BAHCE TABAK AURORA,EV,3,
KALEMTRAS KAPAKLI LUKS,KOZMETİK,3,
TAMEK MEYVE SUYU 1 LT KUTU PORT.,İÇECEK,3,
ULKER ORANJ 330 ML PORTAKAL PARCACIKLI,İÇECEK,3,
COLGATE D.F. 1+1 DEEP CLEAN,KOZMETİK,3,
PINAR USKUMRU FILETO PILAKI 160GR,GIDA,3,balikci
ALGIDA CORNETTO IN LOVE VANILYA FRAMBUAZ  125 ML,SÜT KAHVALTILIK,3,
A.MAGNUM CLASSIC,SÜT KAHVALTILIK,3,
VERNEL 750 ML MAX RELAX YUMUSATICI,DETERJAN TEMİZLİK,3,
WELLA KOLESTON 5/37 MAXI ORTA KESTANE,KOZMETİK,3,
A.CORNETTO DISC ANTEP FISTIK-CIKOLATA,SÜT KAHVALTILIK,3,sekerci
ALGIDA BUZ PARMAK 63 ML,SÜT KAHVALTILIK,3,
ELIDOR 700ML SAMP. GUCLU VE PARLAK 2 IN 1,KOZMETİK,2,
BIODEEP ASETON 110 ML YESIL,KOZMETİK,2,
F SAFF CIRA 10'LU,EV,2,
PANTENE 700ML 2İN 1 SAMP TEMEL BAKIM 2012,KOZMETİK,2,
BAKTAT KOKTEYL YESIL ZEYTIN 200 GR,SÜT KAHVALTILIK,2,
PHILIPS12W=57 WTORNADO COOL DAYLIGHT,EV,2,
ELSEVE 700 ML INCE HACIMSIZ SONUK KALICI DOLGUNLUK,KOZMETİK,2,
TAT BEZELYE 500 GR. NO:3,GIDA,2,
PHILIPS AMPUL 25 WT,EV,2,
CIF OKSI JEL AKTİF LAVANTA3LT,DETERJAN TEMİZLİK,2,
SARAY CRASANTE SEBZELI KRAKER 60 GR,GIDA,2,bufe
TORKU CLASSIC BITTER CIKOLATA 70GR,GIDA,2,sekerci
KAR CIPSO KETCAP CIPSI 68GR TIRTIK,GIDA,2,
PENGUEN DOMATES SALCASI 4500 GR,GIDA,2,
ELSEVE 200 ML SIVI SAC BAKIM KREMI KOLAY TARAMA,KOZMETİK,2,
COLGATE D.M.COK YONLU KORUMA 110 GR,KOZMETİK,2,
LIFEBUOY SIVI SABUN 200 MLTOTAL LOKAL,KOZMETİK,2,
"ULKER GOLF ROYAL CIK.PAR.KAY.A. FISTIGI 1,33 LT",SÜT KAHVALTILIK,2,
ELITE NATUREL 200 ML KARADUT,İÇECEK,2,
EVY LADY 4 AL 3 ODE GECE 28 KANATLI,KAĞIT,2,
AIR WICK FRESH BUBBLE MAVI OKYANUS,DETERJAN TEMİZLİK,2,
P.BAHCE  KASE SERT KILIFLI,EV,2,
ARTCRAF SU BARDAGI DEKORLU 6'LI,EV,2,
"BANAT FASH, 246 SAÇ FIRÇASI",KOZMETİK,2,
SIGNAL D.F. BEYAZ GUC,KOZMETİK,2,
DERMASON KUCUK,GIDA,2,
AKBEL SOFRALIK ZEYTIN 200 GR,SÜT KAHVALTILIK,2,
DOVE INTENSE CREAM KREM 30 ML,KOZMETİK,2,
LOREAL SAC BOYASI 7,KOZMETİK,2,
BABY STAR IKIZ MINI,BEBEK,2,
ARIEL PROFESSIONAL BEYAZLATMA ETKILI 500ML TOZ,DETERJAN TEMİZLİK,2,
PHILIPS 15W=68 W TORNADO KALIN DUY BEYAZ,EV,2,
EVY LADY PED 10 NORMAL KANATLI,KAĞIT,2,
AXE DEO 150ML ANARCHY FOR HER,KOZMETİK,2,
8*4 150 ML DEO SOFT KISS,KOZMETİK,2,
BERGAMA SAC FIR.KLAS.TEL.OVAL BY-KUTULU,KOZMETİK,2,
LAVACHE QUIRIT300GR+100GR BEDAVA,SÜT KAHVALTILIK,2,
TAT ACI BIBER SOSU 270GR,GIDA,2,
GLADE AUTOMATIC SPREY YEDEK 175GR APPLE,DETERJAN TEMİZLİK,2,
HERO BABY 8 TAHILLI SUTLU PEYNIRLI PEKMEZLI 250 GR,BEBEK,2,
S.BRITE CIRTCIRTLI MIKROFİBER YER TEM SIS.,DETERJAN TEMİZLİK,2,
S.BRITE COKAMACLI ELDIVEN 7,DETERJAN TEMİZLİK,2,
AIR WICK RENK VEREN MUM 155ML KARAMEL,DETERJAN TEMİZLİK,2,
ARGEM METAL MASA,EV,2,
KENT 375 GR MISS BONBON KAHVELI SUTLU BONBON,GIDA,2,
HEAD SHOULDERS 400ML LIMON TAZELIGI,KOZMETİK,2,
ELSEVE ANINDA ONAR.BAKIM COLOR-VIVE 300ML,KOZMETİK,2,
H.SAKIR DUS JELI SUT HANIMELI 250ML,KOZMETİK,2,
"VERNEL 1,5 LT MAX JABON GULLU&ITIR CICEGI",DETERJAN TEMİZLİK,2,
VILEDA YESIL YER BEZI,DETERJAN TEMİZLİK,2,
LIPTON DEMLIK KUSBURNU POSET CAY,İÇECEK,2,
CALGONIT FIN. TUZ 4 KG,DETERJAN TEMİZLİK,2,
BLADE BOXER DEO SPREY FOR MEN 150 ML,KOZMETİK,2,
BLADE POWER DEO SPREY FOR MEN 150 ML,KOZMETİK,2,
DUNLOP DEODORANT 150ML YESIL,KOZMETİK,2,
ARIEL AKTIF JEL KAPSULLERI 1120 GR PARLAK RENKLER,DETERJAN TEMİZLİK,2,
AKDEM KANTARON 50 GR,İÇECEK,2,
F CVS OLIVIN CELIK GUVEC SETI 3'LU,EV,2,
WEE SILIKON AKIDE EMZIK NO:3,BEBEK,2,
DURU DUS JELI 250ML ENERGY UYAN ARTIK,KOZMETİK,2,
BANAT D.F. NİCO TEA,KOZMETİK,2,
"RENGA ARTI GRAVURLU SURAHI 1,5 LT",EV,2,
MONSETTE DESENLI DIZ ALTI INCE CORAP,EV,2,
PALMOLIVE DUS JELI 500 ML. HAPPYFUL,KOZMETİK,2,
ARGEM KATLI SUZGEC,EV,2,
PRENSES KRISTAL TOZ SEKER KAHVERENGI 500 GR STICK,İÇECEK,2,
GLADE MICRO SPRAY YEDEK MARINE,DETERJAN TEMİZLİK,2,
ORAL-B D.F.CROSS SOFT (35),KOZMETİK,2,
F SAFF 12'LI KAGIT HAVLU,KAĞIT,2,
AXE WAX JOLE 75ML SEKILLENDIRICI,KOZMETİK,2,
W.FLEX EKSTRA GUCLU KOPUK 200 ML,KOZMETİK,2,
PALMOLIVE DUS JELI 250 ML VANILYA ASKI,KOZMETİK,2,
NIVEA DUS JELI 250 ML POWERFRUIT REFRESH,KOZMETİK,2,
GEZER TERLIK 2567 SIYAH WAVE,EV,2,
TORKU SERASER SUTLU BITTER CIK. 200 GR,GIDA,2,
NIVEA VISAGE Q-10 KIRIŞIK KARŞITI 50 ML.,KOZMETİK,2,
GOODY YAVRU KEDI MAMASI,PET,2,
DOGADAN GELENEKSEL KARADENIZ CAYI 1 KG,İÇECEK,2,
VILEDA MIKROFIBER BANYO BEZI,DETERJAN TEMİZLİK,2,
PALMOLIVE DUS JELI 250 MLSHEA BUTTER NATR.,KOZMETİK,2,
PHILIPS 11 W=50 W 590 LM GENIE COOL DAYLIGHT,EV,2,
BIOBLAS SAÇ DÖK.KARŞI ŞAMP NORMAL 400 ML,KOZMETİK,2,
NIVEA ROLL-ON GUCLU KORUMA MEN,KOZMETİK,2,
FAIRY PLATINUM 20 LI,DETERJAN TEMİZLİK,2,
KARTAL MAKARNA FIRIN 500GR,GIDA,2,
NIVEA DEO 100ML SPREY ANGEL STAR HOT CRUSH,KOZMETİK,2,
SOLO WC SIKISTIILMIS 40 RULO,KAĞIT,2,
LIPTON ENGLISH BR.TEA 100AD.BARDAK,İÇECEK,2,
MEHTAP KEK KALIBI BUYUK DILIMLI,EV,2,
GLADE SENSATIONS REFIL YEDEK,DETERJAN TEMİZLİK,2,
WELLA SAC BOYASI 5/1 ACIK KULLU KAHVE,KOZMETİK,2,
8*4 150 ML DEO FORMEN PLAY THE GAMR,KOZMETİK,2,
MOLPED D.C.ULT LİGHT GÜNLÜK BAKIM PEDİ NORMAL 40,KAĞIT,2,
NESTLE NESFIT SADE 750 GR,SÜT KAHVALTILIK,2,
PRIMA KURU VE HESAPLI 3-6 KG.60ADET,BEBEK,2,
"MARC AHSAP TEMIZLIYICI 2,5 LT",DETERJAN TEMİZLİK,2,
BAGDAT ANTEP FISTIGI 30 GR,GIDA,2,
OKEY EXTRA 10 LU,KOZMETİK,2,
TAMEK BIBER SALCASI 720ML ACI CAM,GIDA,2,
S.BRITE KULLAN AT ELDIVEN 8,DETERJAN TEMİZLİK,2,
S.BRITE COK AMACLI ELDIVEN 8,DETERJAN TEMİZLİK,2,
PIKNIK 106-P FANTAZI MUM,EV,2,
NIVEA MILK 250 ML BES.VUCUT SUTU COK KURU CILT,KOZMETİK,2,
VEET TUY DOKUCU KREM TUP SENSIVE PLUS,KOZMETİK,2,
ETI FORM  LIMON LIFLI 200 GR 8.LI PAKET,GIDA,2,
SLAZENGER DEO 150ML ACTIVESPORT,KOZMETİK,2,
BERRAK TURSU SALATALIK 2650 ML,GIDA,2,
PENGUEN TURSU KARISIK 1650GR,GIDA,2,
WELLA KOLESTON KOPUK BOYA 3/0 KOYU KAHVE,KOZMETİK,2,
TAMEK MAYONEZ CAM 500GR,GIDA,2,
PALMOLIVE SIVI SABUN YAG GIDERICI 750ML+350 ML,KOZMETİK,2,
REXONA STICK COTTON 50 GR,KOZMETİK,2,
CIF KREM DOGAL SERI 1500 ML,DETERJAN TEMİZLİK,2,
"ALO TOZ DETERJAN 2,5 KG. POSETKAR CICEGI",DETERJAN TEMİZLİK,2,
TAMEK KONSR LAHANA SARMA 425 GR,GIDA,2,
BANAT AYAKKABI FIRCASI,DETERJAN TEMİZLİK,2,
YAREN SIGMA KAHVE YANI 6 LI,EV,2,
F GOLDEN KAPI ONU PASPAS,EV,2,
PASABAHCE BORCAM OVAL,EV,2,
PALMOLIVE SIVI SABUN 300 ML.MILK&HONEY,KOZMETİK,2,
CARTEDOR VIENNETTA ANTEP FISTIK - VANİLYA,SÜT KAHVALTILIK,2,
NESTLE MADLEN CIK.282 GR,GIDA,2,
DOVE SAC KREMI 400ML RENK KORUYUCU,KOZMETİK,2,
ELSEVE 360ML.SAC KREMI DOKULME KARSITI,KOZMETİK,2,
NIVEA SAC YUZ VE VUCUT JELI,KOZMETİK,2,
SYOSS SAC KREMI 750 ML YOGUN HACIM,KOZMETİK,2,
ELSEVE 360ML.SAC KREMI YIPRANMIS KIRILAN SACLAR,KOZMETİK,2,
SARIMSAK FILE,MEYVE SEBZE,2,manav
PANTENE 400ML SAC KREMI IPEKSI YUMUSAKLIK,KOZMETİK,2,
CANBEBE POPO KREM PISIK OMLEYICI 75ML,BEBEK,2,
PIKNIK 1951 TUTUSTURUCU 16 TABLET,EV,2,
AKDEM BEBE CAYI 20LI,İÇECEK,2,
STUDIO LINE FX ERIYEN JOLE TUP ULTRA GUCLU,KOZMETİK,2,
HEAD SHOULDERS 400ML IPEKSI&PRUZSUZ,KOZMETİK,2,
KOSKA RECEL AHUDUDU 760 GR,SÜT KAHVALTILIK,2,
ORAL-B D.F. INDIC 123 SOFT 35,KOZMETİK,2,
TAMEK MEYVE SUYU 330 ML SEFTALI,İÇECEK,2,
ARGEM KORUKLU PIPET,EV,2,
BERRAK KOZLENMIS PATLICAN 520 GR,GIDA,2,
KOSKA RECEL ORGANIK CILEK 300 GR,SÜT KAHVALTILIK,2,
"TEST MATIK 1,5 KG CICEK",DETERJAN TEMİZLİK,2,
WELLA KOLESTON SAC BOYASI 6.0 KUYU KUMRAL,KOZMETİK,2,
SELPAK PECETE KUCUK BOY,KAĞIT,2,
AXE SAMPUAN 600 ML GUNLUK BAKIM,KOZMETİK,2,
TILLO 1705 YER CEK CEK BUYUK,EV,2,
ORKID DISCREET DEO OKYANUS ESINTISI 20 AD,KAĞIT,2,
ARTCRAFT SELENA SEKERLIK,EV,2,
BANAT NATUREL 297 SAÇ FIRÇASI,KOZMETİK,2,
NIVEA DUS SAMP. FOR MEN 250 ML SPORT,KOZMETİK,2,
FIRCA ROFLE (AMBALAJLI),KOZMETİK,2,
GILLETTE GEL 3X SYSTEM 70 ML,KOZMETİK,2,
SHE IS PRETTY DEO 150 ML,KOZMETİK,2,
GARNIER OLIA 3.0 SIYAH,KOZMETİK,2,
GARNIER COLOR NATURALS 4.60 YOGUN KOYU KIZIL,KOZMETİK,2,
M.BIRLIK LUKS ZEYTIN 1KG,SÜT KAHVALTILIK,2,
TILLO 1612 HALI FIRCASI PLASTIK,EV,2,
CANBEBE BEBEK YAGI 200ML,BEBEK,2,
ARTCRAFT VIRA CAM KASE 6 LI,EV,2,
TATTOO ANGEL DEO SPREY 125 ML,KOZMETİK,2,
EXTREME NATUREL KAYISI YAGI 50 ML,KOZMETİK,2,
RINSO SIVI DET.3069 GR PORTAKAL,DETERJAN TEMİZLİK,2,
8*4 150 ML DEO PRO ACTIVE MEXIMUM,KOZMETİK,2,
ULKER GOLF MAXIMA DILIMLI PASTA KARAORMAN 515 GR,SÜT KAHVALTILIK,2,
HOBBY SAC SPREYI 250 ML ULTRA GUCLU,KOZMETİK,2,
CANBEBE IKIZ 3-6KG KUCUK BOY 66YENİ,BEBEK,2,
PIKNIK 206 KULLAN AT ALUMINYUM KAP,EV,2,
F BAKTAT BEZELYE KONSERVESI 650 GR,GIDA,2,
P. BAHCE 42231 CIRAGAN 6'LI BARDAK,EV,2,
GARNIER SAC BOYA 3 KOYU KAHVE,KOZMETİK,2,
SLAZENGER ACTIVE SPORT FORMEN DEO 150 ML KIRMIZI,KOZMETİK,2,
M.BIRLIK HUSUSI 800GR TNK,SÜT KAHVALTILIK,2,
DAMLA SODA 6*200ML SADE,İÇECEK,2,bufe
VILEDA ELDIVEN COMFORT&CARE KUCUK,DETERJAN TEMİZLİK,2,
NESTEA ICE TEA 330 ML SEFTALI,İÇECEK,2,bufe
PEYMAN NATURA MIX 175 GR,GIDA,2,
LOREAL SAC BOYASI 7.1,KOZMETİK,2,
ARGEM YONCA SEBZE SOYACAGI,EV,2,
BLACK MAGIC FORMEN SPREY DEO 150ML,KOZMETİK,2,
WELLA KOLESTON SAC BOYASI 6/1 BUYULEYICI KAHVE,KOZMETİK,2,
KOSLA SIVI 2LT LEKE CIKARICI,DETERJAN TEMİZLİK,2,
RENGA AHSAP KPKLI CIZGILI KAVANOZ,EV,2,
ELSEVE 400ML BESLEYICI SAMP,KOZMETİK,2,
MR.MUSCLE DUCK AKTIF SIVI 750 ML ORMAN,DETERJAN TEMİZLİK,2,
SCH.PALETTE DELUXE 1-1 GECE MAVISI,KOZMETİK,2,
EVY BABY 4 MAXI PLUS JUMBO 70 ADET 9-20 KG,BEBEK,2,
SELIN HIJYEN MAX 650 ML BEYAZ SABUN,KOZMETİK,2,
PROTEX SIVI SABUN YEDEK 750ML HERBAL,KOZMETİK,2,
BANAT CAM SILECEGI 34 CM,DETERJAN TEMİZLİK,2,
ORAL-B D.F. PULSAR SOFT,KOZMETİK,2,
ARKO TRAS SONRASI 75ML KREM COOL,KOZMETİK,2,
BAGDAT TANE KARISIK BIBER 45GR,GIDA,2,
BAGDAT TANE KARABIBER 50GR,GIDA,2,
YAREN SIGMA KAHVE YANI 6'LI SARMASIK DES.KIRMIZI,EV,2,
YAREN CELIK TERMOS PENGUEN TIPI 2 LT,EV,2,
IPEK VUCUT SAMP 400ML VANİLYA ÖZLÜ LİF HEDİYELİ,KOZMETİK,2,
WEE BEBE CINGIRAGI,BEBEK,2,
APTAMIL SUTLU TAM TAHILLI KUS UZUMLU 250 GR,BEBEK,2,
KOTEX ULTRA DRY SOFT 28'LI UZUN TEKLI PKT HED.,KAĞIT,2,
ICIM SMART CIKOLATA 22 GR,GIDA,2,sekerci
TORKU KAKAOLU TAHIN HELVA 500 GR,SÜT KAHVALTILIK,2,sekerci
LOREAL SUBLIME KOPUK 6.23 ENFES ACIK KAHVE,KOZMETİK,2,
WELLA KOLESTON SAC BOYASI 4.6 KIT KOYU KIZIL,KOZMETİK,2,
A.CARTE D'ORSELECTION..900ML FINDIK RUYASI,SÜT KAHVALTILIK,2,
EVY LADY PED 7LI GECE KANATLI,KAĞIT,2,
ERNET 1509 WC MATIK,EV,2,
CLEAR 650 ML SAMP. YAGLI SACLAR,KOZMETİK,2,
GARNIER SAC BOYA 4 KAHVE,KOZMETİK,2,
GARNIER SAC BOYA 110 ACIK SARI,KOZMETİK,2,
A.CLASSIC CARTE D`OR 1000ML KAYMAKLI,SÜT KAHVALTILIK,2,
RINSO SIVI DET.3069 GR MUGE,DETERJAN TEMİZLİK,2,
PRONTO AHSAP YER CILASI 750ML,DETERJAN TEMİZLİK,2,
EGOS SERT400 ML JÖLE,KOZMETİK,2,
WOOLITE COLOR 1.5KG,DETERJAN TEMİZLİK,2,
MEHTAP SERDENA 28 CM SERAMIK,EV,2,
LOREAL SAC BOYASI 9,KOZMETİK,2,
MEHTAP SIYAH INCI SAHAN 20 CM,EV,2,
YAREN LVN CAM SEKERLIK,EV,2,
ULKER GOLF MARAS CIKOLATA SADE 0.5 LT,SÜT KAHVALTILIK,2,sekerci
P.BAHCE 54321 CAY TABAGI 6 LI,EV,2,
UMIT YAPRAK GALETA 200 GR. SADE,GIDA,2,
GLADE AUTOMATIC SPREY YEDEK 175GR LAVENDER,DETERJAN TEMİZLİK,2,
SENSODYNE HIZLI RAHATLAMA 75 ML.,KOZMETİK,2,
COLGATE PLAX BUZ SERINLIGI 250 ML,KOZMETİK,2,
PINAR KIDO CILEKLI SUT 200*6,SÜT KAHVALTILIK,2,
IPANA 7 KOMPLE BAKIM EXPERT 75 ML DİŞ MİNESİ,KOZMETİK,2,
HERO BABY SUTLU IRMIKLI BALLI 500 GR,BEBEK,2,
HERO BABY NUTRADEFENSE BEBEK SUTU 3 900 GR,BEBEK,2,
VASELINE COCOA BUTTER KREM 400 ML,KOZMETİK,2,
COLGATE TOTAL ARAYUZ FIRCASI 4MM,KOZMETİK,2,
DALIN KIDS SIVI EL SABUNU 300ML. MUZ,KOZMETİK,2,
"LOREAL SAC BOYASI 5,15",KOZMETİK,2,
DURU FRUİT'N MİLK 375 GR ŞEFTALİ,KOZMETİK,2,
KALBIM TON BALIGI 2*160 GR,GIDA,2,balikci
BABY STAR JUMBO 80 LI 4-9 KG,BEBEK,2,
ACTİVEX BEN 10 SIVI SABUN CILEK 750ML,KOZMETİK,2,
A.CLASSIC CARTE D`OR 1000ML LIGHT VAN. CIK,SÜT KAHVALTILIK,2,
F CEVİSSO KABUKLU CEVIZ 500GR,GIDA,2,kuruyemisci
FERSAN SALGAM SUYU 330 ML ACISIZ,İÇECEK,2,
K.KUKRER KORNISON TURSU 1400GR,GIDA,2,
ULKER GOLF ROYAL SPECIAL 450 ML ANTEP F.,SÜT KAHVALTILIK,2,
FERSAN LIMON SUYU 1000 ML.,GIDA,2,
TAMEK TON BALIGI 2*160GR.,GIDA,2,balikci
TAMEK RECEL AHUDUDU 800 GR,SÜT KAHVALTILIK,2,
NIVEA DEO STICK 40ML FORMEN SİLVER,KOZMETİK,2,
MEHTAP SİYAH İNCİ TEFLON TAVA 32CM,EV,2,
PHILIPS 8 W=42 W 475 LM TORNADO COOL DAYLIGHT,EV,2,
VASELINE ALOE FRESH KREM 100 ML,KOZMETİK,2,
"REST RULO TEMIZLIK BEZI 1,5 MT",DETERJAN TEMİZLİK,2,
MILUPA KAV.125GR ORGANIK ELMALI MUHALLEBI,BEBEK,2,
WELLA SAC BOYASI 12.0 ACIK DOĞAL SARI,KOZMETİK,2,
NEUTROGENA EL BAKIM KREMI 75ML,KOZMETİK,2,
DOGADAN EARL GREY 48LI DEMLIK POSET CAY,İÇECEK,2,
KUHNE SOYA SOSU 250 ML,GIDA,2,
REXONA WOMEN 160 ML DEO MUSK,KOZMETİK,2,
P.BAHCE 97948 6LI BASIC CAY SETI,EV,2,
H.SAKIR DUS JELI 500 ML HINDISTAN CEVIZI SUTU,KOZMETİK,2,
SITIL SPECIAL 100 ML A.KAHVE,DETERJAN TEMİZLİK,2,
KOMILI ISLAK TEMIZLIK HAVLUSU 3'LU,KAĞIT,2,
WELLA KOLESTON 5/45 MAXI,KOZMETİK,2,
EGOS SERT400 ML ISLAK SERT,KOZMETİK,2,
GURALLAR ART CRAFT 6'LI MINI RECELLIK,EV,2,
ARTCRAFT SAKLAMA KABI 4 LU,EV,2,
YAREN SIVI SABUNLUK,EV,2,
BANAT COLOR 457 FÖN FIRÇASI,KOZMETİK,2,
NIVEA FORMEN TRAJ JELİ 200 ML,KOZMETİK,2,
F BAKTAT KABAK YEMEGI 350 GR,GIDA,2,
ALGIDA 750 ML.KAKAO-VANILYA 6 LI,SÜT KAHVALTILIK,2,
TAMEK KETCAP 415GR KATKISIZ,GIDA,2,
ULKER GOLF SIZIN ICIN KAK.VAN. ANTEP 2LT,SÜT KAHVALTILIK,2,
BANAT NATUREL 389 FÖN FIRÇASI,KOZMETİK,2,
MEHTAP BALIK TEPSI 30CM,EV,2,
OKEY ROTAR 20 LI,KOZMETİK,2,
ARGEM DEKORATIF 6 LI  ASKI,EV,2,
LOREAL SAC BOYASI 02,KOZMETİK,2,
GARNIER COLOR NATURALS 1.0 EKSTRA YOGUN SIYAH,KOZMETİK,2,
CARDAK SEFTALI SUYU 1 LT,İÇECEK,2,
CARDAK LIMON SUYU 2LT=12LT,İÇECEK,2,
VILEDA SUPER SAPLI PASPAS XXL,DETERJAN TEMİZLİK,2,
SOLEN BUTIK BONBON 375 GR. SUTLU,GIDA,2,
BINGO DYNAMIC BULS.MAK.PARLATICI 500LT ELMA,DETERJAN TEMİZLİK,2,
DOGADAN AYVALI IHLAMUR 20'LI POSET,İÇECEK,2,
LIPTON GOLDEN CEYLON TEA 100'LU BARDAK POSET,İÇECEK,2,
NEUTROGENA EL VE TIRNAK BAKIM KREMI 75ML,KOZMETİK,2,
EVCAY ADACAYI 20 POSET,İÇECEK,2,
DEPEND HASTA BEZİ BUYUK 8LI,KAĞIT,2,
ULKER KELLOGG`S HONEY POPS 250GR,SÜT KAHVALTILIK,2,
KOMILI SAMPUAN 600 ML.TEMELI BAKIM,KOZMETİK,2,
SILVER VIDALI KREM BOYA KAHVE,DETERJAN TEMİZLİK,2,
TAMEK KAHVALTIM 380 GR CILEK RECELI,SÜT KAHVALTILIK,2,
TAMEK KAHVALTIM 380 GR VISNE RECELI,SÜT KAHVALTILIK,2,
BEBAK ACI BADEM KREMİ 30 GR. KÜÇÜK TÜP,KOZMETİK,2,
HOBBY SAC KOPUGU 150 ML CANLI BUKLELER,KOZMETİK,2,
ARKO TRAS JELI 200ML ADVENTURE,KOZMETİK,2,
AKDEM NEZLE 70 GR,İÇECEK,2,
TAMEK KAHVALTIM 380 GR KAYISI RECELI,SÜT KAHVALTILIK,2,
DURU FRUİT'N MİLK 500ML CILEK,KOZMETİK,2,
FABU AJAX COK AMACLI SPREY+YEDEK 500ML.,DETERJAN TEMİZLİK,2,
TORKU BUSE FINDIK PARCACIKLI A.FISTIKLI 264 GR,GIDA,2,
ERNET 1507 GALOS 10 ADET,EV,2,
S.BRITE CAM BEZI 3 AL 2ODE,DETERJAN TEMİZLİK,2,
SATEN AGDA BANDI CILEK,KOZMETİK,2,
AXE WAX JOLE 75ML DAGINIK GORUNUM ICIN SEKILLEN.,KOZMETİK,2,
TAMEK RECEL AHUDUDU 380 GR,SÜT KAHVALTILIK,2,
KOSKA RECEL KAYISI 1850GR.,SÜT KAHVALTILIK,2,
DOVE SAMPUAN 400ML NORMAL SACLAR,KOZMETİK,2,
LISTERINE AGIZ GARGARASI 250 ML HAFIF NANE,KOZMETİK,2,
TAMEK KAHVALTIM 380 GR GUL RECELI,SÜT KAHVALTILIK,2,
KOSKA RECEL INCIR 1850GR.,SÜT KAHVALTILIK,2,
BANAT KLOZET FIRCASI TEK SAPLI,DETERJAN TEMİZLİK,2,
NIVEA MEN FRESH ACTIVE,KOZMETİK,2,
REXONA FOR MEN ACTIVE DEO ROLL_ON,KOZMETİK,2,
AKDEM HATMİ ÇİÇEĞİ 50 GR,İÇECEK,2,
ARTCRAFT CAM KULLUK 2 LI,EV,2,
EYÜP SABRİ TUNCER 150 ML LAVANTA,KOZMETİK,2,
NIVEA ROLL-ON ENERGY FRESH 50ML,KOZMETİK,2,
HUGGIES MIDI ERKEK 54'LU,BEBEK,2,
DOVE SIVI SABUN NEMLENDİRİCİ 250ML.SİLK GLOW,KOZMETİK,2,
YUMOS YEDEK COMFORT 500ML,DETERJAN TEMİZLİK,2,
EVY BABY KREMLI ISLAK HAVLU 72 LI,KAĞIT,2,
KOTEX GUNLUK PED UZUN 28 LI,KAĞIT,2,
SHE ROLL-CULUBBER 40ML,KOZMETİK,2,
KENT KISA WHIET,SİGARA,2,
COLGATE D.M. GELISMIS BEYAZLIK 125ML+25ML HED.,KOZMETİK,2,
JACOBS NIGHT&DAY KAFEINSIZ 250,İÇECEK,2,
PENGUEN RECEL KAYISI 800 GR,SÜT KAHVALTILIK,2,
FERSAN SALGAM SUYU 1000 ML ACILI,İÇECEK,2,
SYOSS SAMPUAN 750 ML RENK KORUYUCU,KOZMETİK,2,
K.KUKRER KORNISON TURSU 650GR.,GIDA,2,
"LOREAL SAC BOYASI 4,54 BAKIR AKAJU",KOZMETİK,2,
SELIN J.MAVI SİHİRLİ TOPLAR SIVI SABUN200 ML,KOZMETİK,2,
KOMILI YENIDOGAN ISLAK HAVLU 80'LI,KAĞIT,2,
YAREN BURAK FİLM ŞERİTLİ CERCEVE KUCUK,EV,2,
P.BAHCE 98585 GLORY SEKERLIK,EV,2,
P.BAHCE 54156 2'Lİ KULLUK,EV,2,
"RENGA CIZGILI SADE SURAHI 1,5LT",EV,2,
HALK ET BULYON 12 TABLET,GIDA,2,
MR.MUSCLE MUTF.750ML+KIREC SOKUCU TAB.750ML,DETERJAN TEMİZLİK,2,
APTAMIL COCUK SUTLU PEYNIRLI PEK.250 ML,BEBEK,2,
BINGO ULTRA CAM.SUYU 2LT MUTFAK,DETERJAN TEMİZLİK,2,
GLADE SENSE&SPRAY DECAR LAVENDER,DETERJAN TEMİZLİK,2,
AIR WICK DECOSPHERE MANGO 2 Lİ SET,DETERJAN TEMİZLİK,2,
STUDIO LINE SILK-GLOSSCURLPOWER SPRAY,KOZMETİK,2,
MEHTAP SİYAH İNCİ TEFLON TAVA 28 CM,EV,2,
COLGATE MAXFRESH 50ML CLEAN MINT,KOZMETİK,2,
SITIL SPECIAL 60 GR NATUREL OZEL BOYA,DETERJAN TEMİZLİK,2,
AIR WICK DECOSPHERE 75ML MANOLYA,DETERJAN TEMİZLİK,2,
HUGGIES MAXI 7-18KG 38 AD. 2012,BEBEK,2,
GURALLAR ART CRAFT CORAL 6'LI BARDAK,EV,2,
DOVE DEO STICK 50 GR.INVISIBLE,KOZMETİK,2,
P.BAHCE 53362 KASE 6 LI,EV,2,
REXONA STICK 50GR IZ BIRAKMAYAN WOMEN,KOZMETİK,2,
DIMES 1 LT LIMONATA SEKERSIZ,İÇECEK,2,
GILLETTE INVISIBLE SOID DEO COOL 50ML,KOZMETİK,2,
DURU SIVI SABUN 750ML RAHATLACI,KOZMETİK,2,
VILEDA AKTIF YER TEMIZLIK YEDEK,DETERJAN TEMİZLİK,2,
TATLI SIVRI BIBER,MEYVE SEBZE,2,manav
NIVEA TRAS JELI 200 ML COOL KICK,KOZMETİK,2,
BINGO ULTRA CAM.SUYU 3770ML BANYO,DETERJAN TEMİZLİK,2,
NIVEA DEO 150ML FRESH ACTIVE,KOZMETİK,2,
WELLA TUP SAC BOYA 4/77 KADIFE KAHVE,KOZMETİK,2,
TAMEK DIABET RECEL AHUDUDU 200 GR.,SÜT KAHVALTILIK,2,
TARAK KUAFOR (AMBALAJLI),KOZMETİK,2,
BANAT FASH.253 SAÇ FIRÇASI,KOZMETİK,2,
CIF SPREY BANYO 750 ML NATUREL,DETERJAN TEMİZLİK,2,
ORAL-B ADV.COM.DEP CLEAN ANTMIR 40 MED,KOZMETİK,2,
IPANA PRO EXPERT 75ML CLINIC LINE DIS ETI KORUYUCU,KOZMETİK,2,
K.PLAST DISNEY KILITLI POSET 15 ADET,EV,2,
PHILIPS 40 W 475 LM,EV,2,
COLGATE 2IN1 ICE BLAST MACUN+SU D.M.,KOZMETİK,2,
IPEK DUS JELI 650 ML BESLEYICI ZEYTIN,KOZMETİK,2,
DOGUS KARADENIZ 100+100 DEMLIK HED.,İÇECEK,2,
STELLA LAVABO AC BUYUK,DETERJAN TEMİZLİK,2,
DALIN BABY SAMPUAN 200 ML.PAPATYA,BEBEK,2,
JOHNSON`S KOLONYA-FLORAL 200GR.,KOZMETİK,2,
WEE PP GENIS AGIZLI BIBERON 150CC,BEBEK,2,
PALMOLIVE DUS JELI 250 ML AROMA THERAPY,KOZMETİK,2,
P.BAHCE 151083 RENKLI YAGDANLIK,EV,2,
P.BAHCE 43884 5 LI SET,EV,2,
ELIDOR SIVI SAC KREMI 200 ML ISILDAYAN PARLAKLIK,KOZMETİK,2,
VILEDA ELDIVEN VANILYA 7 KUCUK,DETERJAN TEMİZLİK,2,
MEHTAP KEK DILIMLI TEFLON KALIP,EV,2,
CIL KEK FANUSU,EV,2,
P.BAHCE 59794 BORCAM,EV,2,
SIGNAL D.F.INSIDE CLEAN MEDIUM,KOZMETİK,2,
P.BAHCE 1028251 DESENLI FINCAN TAKIMI 6'LI,EV,2,
P.BAHCE 10397 HARE OVAL TABAK SADE,EV,2,
NIVEA DEO STICK 40ML COOL KICK FORMEN,KOZMETİK,2,
RENGA KASIKLI BAL VE RECEL KAVANOZU,EV,2,
JOHNSON`S KOLONYA- 200GR.CALM,KOZMETİK,2,
UMIT KURU PASTA TATLI 500GR,GIDA,2,
LISTERINE ZERO AGIZ BAKIM URUNU 500 ML NANE,KOZMETİK,2,
TAT ACI BIBER SOSU 100 GR,GIDA,2,
HOBBY SAC KOPUGU 150 ML EKSTRA PARLAKLIK,KOZMETİK,2,
MEHTAP SERDENA 28 CM TAVA,EV,2,
KARPER PEYNIR SADE  6 LI 108 GR,SÜT KAHVALTILIK,2,
MEHTAP SİYAH İNCİTEFLON TAVA 26 CM,EV,2,
P.BAHCE YAPRAK 750 CC,EV,2,
EVCAY IHLAMUR CAYI 20 POSET,İÇECEK,2,
POPIFIKS RELAX YATAK KORUYUCU ORTU 60*90,KAĞIT,2,
CIL AMERIKAN SERVISI YENI,EV,2,
DURU DUS JELI 500ML LILYUM,KOZMETİK,2,
S.BRITE SAPLI PASPAS,DETERJAN TEMİZLİK,2,
TADELLE GOL SUTLU FINDIK DRAJE 125GR,GIDA,2,sekerci
KOTEX GUNLUK PED NORMAL 20 LI,KAĞIT,2,
ALGIDA CARTE D`OR KURABIYE GUZELI 450 ML,SÜT KAHVALTILIK,2,
ANCHOR 603 MANİKÜR SET,KOZMETİK,2,
DURU GOURMET DUS JELI 500+250 INCI,KOZMETİK,2,
P.BAHCE 42611 CAY BARDAGI 6 LI,EV,2,
GOKCE TOZ ICECEK 170 GR ELMA,İÇECEK,2,
P. BAHCE 54451 CAY TABAGI 6'LI GRVL,EV,2,
P.BAHCE TOROS SU BARDAGI 6'LI,EV,2,
P.BAHCE 52082 6 LI SU BARDAGI,EV,2,
COLGATE D.F. 1+1 YUMUSAK YENI,KOZMETİK,2,
ULKER ROYAL CILEK KAYMAK 900 GR,SÜT KAHVALTILIK,2,
YEDIGUN 1 LT. ANTALYA GUNESI KAN PORTAKALI,İÇECEK,2,
S.BRITE PRATIK PASPAS SİSTEM,DETERJAN TEMİZLİK,2,
PINAR USKUMRU FILETO DOMATES SOSLU 160GR,GIDA,2,balikci
ORKID ULTRA UZUN 28LI EKO KLASIK,KAĞIT,2,
CANBEBE BEBEK SAMPUANI 200ML,BEBEK,2,
PINAR KARİDES 400 GR,GIDA,2,balikci
PALMOLIVE DUS JELI 500 ML CIKOLATA RUYASI,KOZMETİK,2,
KOSKA ORGANIK TAHIN 230 GR.,SÜT KAHVALTILIK,2,
KAVANOZ KONSERVE 720 CC,EV,2,
SIGMA RENKLI CAM SURAHI 1700 CC,EV,2,
SELIN J.PEMBE SİHİRLİ TOPLAR SIVI SABUN200 ML,KOZMETİK,2,
LOREAL SUBLIME KOPUK 4.0 SAF KOYU KESTANE,KOZMETİK,2,
LOREAL SUBLIME KOPUK 361 GIZEMLI KARADUT,KOZMETİK,2,
VILEDA 20TL YE 2 LIRA,DETERJAN TEMİZLİK,2,
DOVE MEN ROLLON DEO EXTRA FRESH 50 ML,KOZMETİK,2,
PALMOLIVE DUS JELI 500 ML.HAMAM DETOX,KOZMETİK,2,
BABY STAR JUMBO 72 LI MAXI,BEBEK,2,
ARKO TRAS KOLONYASI 250 ML.PLATINUM,KOZMETİK,2,
DEMAK-UP DUO MAKYAJ TEM. PAMUK 70,KOZMETİK,2,
ARGEM KELEBEK ELBISE FIRCASI,EV,2,
ALGİDA 1000 ML ÇİLEK - VANİLYA,SÜT KAHVALTILIK,2,
AIR WICK FRESH BUBBLE MOR LAVANTA 345ML.,DETERJAN TEMİZLİK,2,
AIR WICK FRESH MATIC 2 YEDEK ALANA 1 CİHAZ BED.,DETERJAN TEMİZLİK,2,
GLADE GLASS JEL HARMONY 8GR,DETERJAN TEMİZLİK,2,
STUDIOLINE EKSTRA GÜÇLÜ 150 ML.JOLE,KOZMETİK,2,
PANTENE 200 ML SAC BAKIM MASKESI YOGUN,KOZMETİK,2,
ERNET CIFT ETKILI BLOK 2 LI,DETERJAN TEMİZLİK,2,
P.BAHCE DONDURMALIK MAVI,EV,2,
NIVEA DEO 100ML FORMEN MENERGY WILD,KOZMETİK,2,
EVY BABY 5 JUNIOR 36 ADET 12-25 KG IKIZ,BEBEK,2,
GILLETTE BLUE II PLUS 5+1,KOZMETİK,2,
ACTİVEX SIVI SABUN 750 GR AKTİF KORUMA,KOZMETİK,2,
PROTEX SIVI SABUN 300ML HERBAL,KOZMETİK,2,
CILLITBANG YAĞ SOKUCU 750+250 ML,DETERJAN TEMİZLİK,2,
ALATURCA KEK KURABIYESI 62 GR,GIDA,2,
WEE BURUN ASPIRATORU SILIKON 860,BEBEK,2,
NIVEA DEO STICK 43 STRESS PROTECT,KOZMETİK,2,
ORAL-B D.F. CLINIC LINE M,KOZMETİK,2,
UMIT KEK HINDISTAN CEVIZLI 300 GR,GIDA,2,
ALATURCA CIKOLATA DOLG. KAKAOLUKURABIYESI 59 GR,GIDA,2,sekerci
GLADE AUTOMATIC SPREY YEDEK 175GR CLEAN LINEN,DETERJAN TEMİZLİK,2,
PENGUEN MANTAR 285GR,GIDA,2,
AIR WICK FRESH MATIC YESIL LIMON YEDEK,DETERJAN TEMİZLİK,2,
KAR CIPSO SADE 165 GR,GIDA,2,
AIR WICK FRESH MATIC BODRUM YASEMIN CICEGI,DETERJAN TEMİZLİK,2,
ALGIDA FESTIVAL VANILYA KARADUT 1000 ML,SÜT KAHVALTILIK,2,
JAGLER SPORT FORMEN SPREY DEO 125ML,KOZMETİK,2,
WELLA KOLESTON SAC BOYASI 5.66 KIT ŞARAP KIZILI,KOZMETİK,2,
PERSIL KAPSUL REGULAR 32 LI,DETERJAN TEMİZLİK,2,
MOLFİX İKİZ PAKET MİDİ 4-9KG,BEBEK,2,
BANAT LAVABO FIRCASI,DETERJAN TEMİZLİK,2,
NIVEA ULTRA JOLE SERT VE KALICI SAC ICIN 150ML,KOZMETİK,2,
KNORR FIRINDA TAVUK CESNISI 5 LI BORCAM HEDIYELI,GIDA,2,
GEZER TERLIK KIRMIZI ZENNE,EV,2,
AXE SAMPUAN 300 ML GUNLUK BAKIM,KOZMETİK,2,
AIR WICK FRESMATIC MAK+YEDEK OTOR STOP,DETERJAN TEMİZLİK,2,
BERGAMA SAC FIR.CANTA TIPI MINI-KUTULU,KOZMETİK,2,
PIKNIK 185 6LI ÇAY TABAĞI,EV,2,
ARKO TRAS JELI 200ML POWER,KOZMETİK,2,
F SAFF 32 LI WC KAGIDI,KAĞIT,2,
BANAT PASPAS DESENLI,DETERJAN TEMİZLİK,2,
S.BRITE KIRMIZI FIBER 2LI,DETERJAN TEMİZLİK,2,
ARTCRAF MESRUBAT BARDAGI 6'LI,EV,2,
EQUAL DEO STICK FORWOMEN 50 ML,KOZMETİK,2,
TAMEK RECEL CILEK 1850GR,SÜT KAHVALTILIK,2,
TAMEK KONSR LAHANA SARMA 215 GR,GIDA,2,
KOMILI SAMPUAN 600 ML.ARINDIRICI BAKIM,KOZMETİK,2,
BIOBLAS VITTAL EFFECT SAMPUAN 400ML,KOZMETİK,2,
BAGDAT TATLI BIBER 250GR,GIDA,2,
FERSAN ELMA SIRKESI 2000 ML,GIDA,2,
P. BAHCE 10355 INVITATION 2LI,EV,2,
BIODEEP ASETON 220 ML YESIL,KOZMETİK,2,
MAXELL ALKALIN BUYUK BOY 2'LI,EV,2,
SUPER FRESH INEGOL KOFTE 432 GR,GIDA,2,
ACTİVEX BARBIE DUS JELI CILEK 250ML,KOZMETİK,2,
P.BAHCE EMIRGAN CAY TAKIMI,EV,2,
AIR WICK SPREY 240 ML MANOLYA,DETERJAN TEMİZLİK,2,
BREF WC DUO AKTIF 60 ML ÇAM FERAHLIĞI,DETERJAN TEMİZLİK,2,
ULKER COKONAT BUYUK BOY 44 GR,GIDA,2,
PRIL GOLD 40 TABLET+DEO+MAK.TEMIZL,DETERJAN TEMİZLİK,2,
GLADE MICRO SPRAY 10ML,DETERJAN TEMİZLİK,2,
EGOS SAC JOLESI 250 ML COK SERT,KOZMETİK,2,
SIGNAL AGIZ BAKIM SUYU WHITE NOW,KOZMETİK,2,
SONY ALKALİNE ORTA 2 Lİ,EV,2,
VEET TUY DOKUCU KREM SPREY 150 ML HASSAS,KOZMETİK,2,
STELLA NAFTALIN PRATIK 6 ADET,DETERJAN TEMİZLİK,2,
PRIL TABLET 7 MULTI 60'LI,DETERJAN TEMİZLİK,2,
NIVEA SOFT BESLEYICI BAKIM KREMI+DUDAK KREMİ HED,KOZMETİK,2,
PANTENE PRO-V 600 ML S. BAK KREMI YOGUN VE GUCLU,KOZMETİK,2,
MAGGI OTLU CESNI 34 GR,GIDA,2,
ORKID ULTRA NORMAL 36LI EKO KLASIK,KAĞIT,2,
KOSLA TUL 500 GR 2SI %40 IND.,DETERJAN TEMİZLİK,2,
LIFEBUOY ACTIVFRESH ANTİBAKTERIYEL SABUN 90 GR,KOZMETİK,2,
ORKID DISCREET DEO NILUFER ÇIÇEGI 20 AD,KAĞIT,2,
ULKER CARAMIO 200GR,GIDA,2,
S.BRITE CAM TEMIZLIYICI YEDEK 1 LT,DETERJAN TEMİZLİK,2,
L M BLUE LINE UZUN,SİGARA,2,
KOMILI COCUK SAC VE VUCUT SAMPUANI 300 ML,BEBEK,2,
DETAN KOKUSUZ SINEKKIRAN 275 ML,DETERJAN TEMİZLİK,2,
S.BRITE GUCLU ELDIVEN 7,DETERJAN TEMİZLİK,2,
PALMOLIVE DUS JELI 250 ML FORMEN CANLAN,KOZMETİK,2,
DURU DUS JELI 500ML OXI&MINERAL,KOZMETİK,2,
NIVEA DUS PEARL BEAUTY 250 ML,KOZMETİK,2,
PENGUEN CEVIZLI BIBER EZMESI 200 GR TATLI,GIDA,2,
SILVER ANTIBAKTERIYEL TABAN,DETERJAN TEMİZLİK,2,
HOBBY SAC SPREYI 250 ML EKSTRA PARLAKLIK,KOZMETİK,2,
UNO PREMİUM ÇOK TAHILLI SANDVİÇ 5LI 360GR,GIDA,2,
NASCITA FONDOTEN PONPONU,KOZMETİK,2,
"GARNIER COLOR NATURALS 2,0 KADIFE SIYAH",KOZMETİK,2,
ARGEM PIKNIK - SEYAHAT SETI,EV,2,
YUMOS EXTRA DELUXE 720 ML.SALTANAT GULLERI&FREZYA,DETERJAN TEMİZLİK,2,
VILEDA PRATIK PASPAS SISTEM,DETERJAN TEMİZLİK,2,
ALGIDA CARTE D`OR KESME SADE 450 ML,SÜT KAHVALTILIK,2,
ALGIDA DONDURMA 1000 ML A.FISTIGI-VANILYA,SÜT KAHVALTILIK,2,
8*4 ROLLON MAXIMUM 50ML,KOZMETİK,2,
BANAT MACUNLUK,DETERJAN TEMİZLİK,2,
ORAL-B D.F.COCUK STAGES 2,KOZMETİK,2,
WEE DIJITAL TERMOMETRE,BEBEK,2,
YAREN CAM DEMLIK 1000ML,EV,2,
WEE TIRLE,BEBEK,2,
S.BRITE KULLAN AT ELDIVEN 6,DETERJAN TEMİZLİK,2,
CALGONIT DEO ODOR STOP %40 BEDAVA,DETERJAN TEMİZLİK,2,
KOTEX KALIN PED NORMAL 12 Lİ _x000D_,KAĞIT,2,
KOSKA BI KITIRDAT KORNET 8'LI,SÜT KAHVALTILIK,2,
OLCA BIBER SALCASI TATLI 4200GR,GIDA,2,
NIVEA TRAS KOPUGU 200 ML SHAVING FOAM,KOZMETİK,2,
DALIN BEBE YAGI ALOE VERALI 300ML,BEBEK,2,
ORAL-B ADVANTAGE KOMPLE TEMIZLIK ORTA,KOZMETİK,2,
ORAL-B 3DW WHITE LUXE PRO FLEX,KOZMETİK,2,
BAKTAT LUX GEMLIK SIYAH ZEYTIN 800 GR,SÜT KAHVALTILIK,2,
S.BRITE ROLLER RULO 56YP TUY TEMIZLEYICI,DETERJAN TEMİZLİK,2,
KARANFİL TATLI CATALI 6'LI,EV,2,
GOODY BALIKLI KEDI MAMASI,PET,2,
P.BAHCE 97236 PERLA KPKLI ŞEKERLİK,EV,2,
COLGATE D.M.DIS MINESI ONARIM 110 GR,KOZMETİK,2,
8*4 ROLLON BREAKFREE 50ML,KOZMETİK,2,
SUPER FRESH BEYAZ SOGAN KÜP 450 GR,GIDA,2,
DR.OETKER CHEESECAKE 435 GR,GIDA,2,
GEZER TERLIK 4920 BEJ ZENNE NUR DORT NOKTA,EV,2,
PENGUEN TURSU SALATALIK 1650GR,GIDA,2,
NIVEA VISAGE Q-10 KIRISIK KARSITI GECE CREM 50ML,KOZMETİK,2,
SOLO CEK-AL PECETE DISPANSER,KAĞIT,2,
APTAMIL COCUK SUTLU ELMA PARC.250 ML,BEBEK,2,
CIF BALLERINA DUZ 5LI (5 AL 3 ÖDE),DETERJAN TEMİZLİK,2,
OMO TOTAL 700 ML COLOR ULT. KONSENTRE SIVI DET.,DETERJAN TEMİZLİK,2,
GARNIER BB KREM 50 ML CILT KUSURSUZLASTIRICI ACIK,KOZMETİK,2,
FINISH TAB QUANTUM 25*2 OXI,DETERJAN TEMİZLİK,2,
SESU AGDA BANDI VUCUT 12 LI NORMAL CİLT,KOZMETİK,2,
ELIDOR SIVI SAC KREMI 200 ML RENK KORUYUCU,KOZMETİK,2,
WELLA PRO-SERIES SAC KREMI 500ML NEM,KOZMETİK,2,
NIVEA VUCUT SUTU 400 ML BADEM KURU CILT,KOZMETİK,2,
PIKNIK 1952 LKT TUTUSTUTURUCU,EV,2,
DOGUS KEYF I DEM CAYI 500 GR,İÇECEK,2,
TILLO 902 LAVABO FIRCASI,EV,2,
PANTENE PRO-V 600 ML SAC BAKIM KREMI NEM TERAPISI,KOZMETİK,2,
VILEDA TEMIZLIK BEZI 6 AL 3 ODE,DETERJAN TEMİZLİK,2,
HIGHGENIC KIRISIK DUZELTICI 750 ML,DETERJAN TEMİZLİK,2,
NESTLE CHOKELLA 900 GR,SÜT KAHVALTILIK,2,
DOGADAN YESIL CAY BALLI 20 SUZEN CAY,İÇECEK,2,
DALIN KIDS SAC VUCUT SAMP.300ML KAYISI,BEBEK,2,
BLENDAX 700 ML BOYALI VE YIPRANMIS SACLARA OZEL,KOZMETİK,2,
ELSEVE 300 ML ONARICI MASKE,KOZMETİK,2,
CENK PUL NAFTALİN 100GR,DETERJAN TEMİZLİK,2,
AXE DEO 150 ML GOLD TEMPTATION,KOZMETİK,2,
SIRMA MISIROZU YAG 2LT.,GIDA,2,
DR.OETKER SARAY LOKMASI 357GR,GIDA,2,
S.BRITE SAPLI PASPAS EXTRA GUCLU,DETERJAN TEMİZLİK,2,
STELLA OLUKLU BULASIK SUNGERI,DETERJAN TEMİZLİK,2,
DR.OETKER SU MUHALLEBİSI 140GR,GIDA,2,
EVCAY CİVAN PERÇEMİ POSET 25 GR,İÇECEK,2,
HEAD&SHOULDERS 180 GR.SAC DOK.KARSI,KOZMETİK,2,
EGOS SPREY 250 ML SERT,KOZMETİK,2,
GOKCE TOZ ICECEK 170 GR VISNE,İÇECEK,2,
CILLIT BANG 1 LT ÇAM.SULU YÜZEY TEM,DETERJAN TEMİZLİK,2,
GILLETTE SERIES TRAS JELI 200ML SENSIT.,KOZMETİK,2,
ORKID ULTRA TRIO PLATINUM 26AD NORMAL,KAĞIT,2,
AKDEM ISIRGAN CICEGI CAYI20ADE,İÇECEK,2,
KOSKA KUŞ LOKUMU 150 GR,SÜT KAHVALTILIK,2,sekerci
ICIM DEVAM SUTU 500ML,BEBEK,2,
ARTCRAFT 12 LI CAY SETI  LAVANTA,EV,2,
WEE GENİŞ AĞIZLI BİBERON EMZİĞİ,BEBEK,2,
COLGATE D.F. 0-2 YAS SMILES SOFT,KOZMETİK,2,
WEE 739 SAPLI EMZIK KUTUSU,BEBEK,2,
EQUAL FOR MEN DEO SPREY 150ML,KOZMETİK,2,
HALK MARGARIN 500GR KASE+500 GR+HED.,SÜT KAHVALTILIK,2,
WELLA KOLESTON SAC BOYASI 5.0 ACIK KAHVE,KOZMETİK,2,
KENT MEYBON 700 GR SEKER,GIDA,2,
ARGEM INCI KAPAKLI SABUNLUK,EV,2,
DOGADAN GELENEKSEL KARADENİZ 100 DEMLİK ÇAY,İÇECEK,2,
CANBEBE BEBEK SAMPUANI 750 ML,BEBEK,2,
CIF BANYO JEL 1500ML KIREC SOKUCU,DETERJAN TEMİZLİK,2,
WEE SILIKON EMZIK NO:1,BEBEK,2,
SILVER HAZNELI SUNGER 6 ML SIYAH,DETERJAN TEMİZLİK,2,
CLEAR MEN 650 ML SAMP.DOKULMELERE KARSI  +180 ML,KOZMETİK,2,
ULKER ROYAL MARASIM KECI SUTLU 500 ML.,SÜT KAHVALTILIK,2,
ULKER ROYAL BATON VANILYA-CIKOLATA,SÜT KAHVALTILIK,2,sekerci
P.BAHCE KEK FANUSU SPATULA,EV,2,
YAREN ARTCRAFT MAYA CAM KASE 6'LI,EV,2,
P.BAHCE SAKLAMA KABI,EV,2,
P.BAHCE DONDURMALIK TURKUAZ,EV,2,
BANAT COLOR 204 FÖN FIRÇASI,KOZMETİK,2,
AXE 250 ML APOLLO DUS JELI,KOZMETİK,2,
P.BAHCE DIAMOND BARDAK,EV,2,
DOVE MEN STICK DEO EXTRA FRESH 50ML,KOZMETİK,2,
RENGA YAGLIK Z.YAGI DESENLI 750 CC,EV,2,
PAM SABUN 5*75 GR ALOE VERA,KOZMETİK,2,
RINSO SIVI DET.1381 GR TROPIK,DETERJAN TEMİZLİK,2,
ARIEL PROFESSIONAL SIVI 2 LT,DETERJAN TEMİZLİK,2,
GURALLAR ART CRAFT RENKLI KAPAKLI KASE 4'LU,EV,2,
LADY STICK 45 MLALOE GENTLE F.YENI,KOZMETİK,2,
NIVEA DEO 150ML STRESS PROTECT,KOZMETİK,2,
P.BAHCE 52291 ORGANIK BOYALI BARDAK 6'LI,EV,2,
P.BAHCE  ORDEK  TUZLUK,EV,2,
CAMSIL AVIZE TEMİZ 500 ML,DETERJAN TEMİZLİK,2,
ARTCRAFT ELEGAN MESRUBAT BARDAGI 6'LI,EV,2,
COLGATE D.F. TOTAL MASSAGER SOFT,KOZMETİK,2,
P.BAHCE SURAHI TURKUAZ MAVI KAPAKLI,EV,2,
AKDEM KIRKKİLİT 25 GR,İÇECEK,2,
ARGEM DUZ FARAS,EV,2,
TADIM MISIR 200 GR,GIDA,2,
TAT MAYONEZ 8000 GR,GIDA,2,
ALGIDA BAKLAVALI DONDURMA,SÜT KAHVALTILIK,2,
A.MAGNUM DOUBLE KARADUT/BÖĞÜRTLEN,SÜT KAHVALTILIK,2,
GOLF ROYAL KECI SUTU SADE 750 ML,SÜT KAHVALTILIK,2,
HERO BABY NUTRADEFENSE BEBEK SUTU 2 400 GR,BEBEK,2,
MILKA TOBLERONE BEYAZ 100 GR,GIDA,2,
FUSION TRS JELI 200 ML ULTRA KORUMA SERT SAKAL,KOZMETİK,2,
PRIL GOLD 20 TAB.,DETERJAN TEMİZLİK,2,
ORKID ULTRA TRIO PLATINUM 18 AD,KAĞIT,2,
NIVEA TRAS JELİ Q10 200ML,KOZMETİK,2,
DOGADAN MATE NANELI BITKI CAYI,İÇECEK,2,
ELSEVE 360ML.SAC KREMI NEMLENDIRICI,KOZMETİK,2,
AKDEM KUSBURNU CAYI 100 GR,İÇECEK,2,
TORKU CLASSY MADLEN CIKOLATA 200 GR,GIDA,2,sekerci
AKDEM PAPATYA 50 GR SEFFAF,İÇECEK,2,
EGOS JOLE 150 ML ISLAK SERT,KOZMETİK,2,
PANTENE S.KREMI 400 ML TEMEL BAKIM 2012,KOZMETİK,2,
SESU TUY SARARTICI KREM 105GR,KOZMETİK,2,
CANPED BEZ 7 AD.BUYUK BOY GECE,KAĞIT,2,
NIVEA DEO 150ML SILVER PROTECCT,KOZMETİK,2,
"ULKER BONBON RULO SEKER  MEYVELI 32,5 GR",GIDA,2,
SOLEN BISCOLATA CHOCO CHIPS NANELI  CIKOLATA 115GR,GIDA,2,sekerci;bufe
EVY BABY DOGAL ISLAK HAVLU 72 LI,KAĞIT,2,
RAID MAX BOCEK SAVAR,DETERJAN TEMİZLİK,2,
ELSEVE 400ML.SAC KREMI ONARICI,KOZMETİK,2,
RAID KARINCA SAVAR SPREY,DETERJAN TEMİZLİK,2,
ORKID ULTRA TRIO PLATINUM 20 AD,KAĞIT,2,
COOK BUZ.POSETI 3 AL 2 ODE,EV,2,
P.BAHCE KASE TAKIMI 95468,EV,2,
EVCAY IHLAMUR CICEGI 50 GR,İÇECEK,2,
AKDEM PAPATYA 50 GR,İÇECEK,2,
SIGNAL D.F.DOUBLE ACTION1+1 MEDIUM,KOZMETİK,2,
P.BAHCE SAKLAMA KABI SET,EV,2,
P.BAHCE 43244 KPKLI SURAHI,EV,2,
EVCAY BESI BIRA ARADA 25'LI,İÇECEK,2,
EQUAL ROLL ON WOMEN 50 ML,KOZMETİK,2,
P.BAHCE 53733 SNOWBOX 2 LI,EV,2,
P. BAHCE 52944 FLOWERS 6 LI SADE BARDAK,EV,2,
YAREN SIGMA SU BARDAGI 6'LI DAMLA DESEN,EV,2,
P.BAHCE  WORKSHOP BARDAK,EV,2,
COLGATE D.F.360 ACTIFLEX SOFT,KOZMETİK,2,
MILKA 80 GR SUTLU CIKOLATA,GIDA,2,sekerci
ULKER 35GR LUKS CIKOLATA  BITTER,GIDA,2,sekerci
EVCAY ZENCEFIL CAYI 25 POSET,İÇECEK,2,
P.BAHCE SILIKON NIHALE,EV,2,
DETTOL ANTIBAKTERIYEL SABUN 100 GR FRESH,KOZMETİK,2,
WEE GENIS AGIZLI BIBERON EMZIGI NO:3,BEBEK,2,
P.BAHCE MESRUBAT BARDAGI 3-LU DESENLI,EV,2,
CARTE DOR SELECTION BROWNIE 900 ML,SÜT KAHVALTILIK,2,
ARIEL PROFESSIONAL BEYAZLATMA ETKILI 1 LT,DETERJAN TEMİZLİK,2,
"GARNIER COLOR NATURALS 4,15 BUZLU KAHVE",KOZMETİK,2,
LUX SIVI SABUN 750ML ALOE VERALI,KOZMETİK,2,
MAGNUM CLASSICS ANTEP FISTIK  68 ML,SÜT KAHVALTILIK,2,
ALGIDA CORNETTO IN LOVE COOKIE 125 ML,SÜT KAHVALTILIK,2,
RENGA CICEKLI RENKLI SURAHI 1LT,EV,2,
ULKER GOLF IKRAM 2 LT VAN-KAKAO-CILEK (YENI),SÜT KAHVALTILIK,2,
ALGIDA CORNETTO CLASSICO CIKOLATA 120ML,SÜT KAHVALTILIK,2,sekerci
ALGIDA FRUTTARE MILKSHAKE MUZ  PARCASI 75ML,SÜT KAHVALTILIK,2,
K.KUKRER KORNISON TURSU 720 ML,GIDA,2,
HOBBY FOR MEN TRAS KOLONYASI 250 ML COOL,KOZMETİK,2,
P.BAHCE 68149 VAZO,EV,2,
P.BAHCE CERCEVE,EV,2,
ALGIDA MAX DUO CILEK VANILYA 58 ML,SÜT KAHVALTILIK,2,
NIVEA DUS JELI 250 ML SUPREME TOUCH,KOZMETİK,2,
BINGO MATIK 5 KG,DETERJAN TEMİZLİK,2,
"A. MAX TWİSTER ÇİLEK,KAVUN 71 GR",SÜT KAHVALTILIK,2,
P.BAHCE 98402 BASIC,EV,2,
GILLETTE TRAS KOPUGU 200 ML.NORMAL,KOZMETİK,1,
WELLA KOLESTON KOPUK BOYA 5/0 ACIK KAHVE,KOZMETİK,1,
SOLEN CHOCODAN 125 GR,GIDA,1,
NEUTROGENA EL KREMI PARFUMSUZ 56 ML,KOZMETİK,1,
SARAY CHOCOLIPS 3'LU KAP.DOL.KEK,GIDA,1,
TAMEK EV TIPI ACI BIBER SOSU 580 ML,GIDA,1,
MEHTAP KEK İSPANYOL KALIBI,EV,1,
NEW WAVE SAC JOLESI 250M,KOZMETİK,1,
TAT KONSERVE GARNITUR 500 GR,GIDA,1,
P.BAHCE WORKSHOP 42103 DONDURMALIK 3LU,EV,1,
P.BAHCE BARDAK CICEK 420055,EV,1,
ICIM KASAR PEYNIRI 200GR,SÜT KAHVALTILIK,1,
WEE BIBERON TEMIZLEME SETI,BEBEK,1,
CIF KREM 1500 ML ULTRA BEYAZ CAMASIR SUYU KATKILI,DETERJAN TEMİZLİK,1,
BANAT YUVARLAK BULASIK FIRCASI,DETERJAN TEMİZLİK,1,
F BAKTA TACI AVJAR,GIDA,1,
GARNIER COLOR NATURALS 3.0 CARPICI KOYU KAHVE,KOZMETİK,1,
PAPIA CEP MENDIL 3 AL 2 ODE,KAĞIT,1,
SELIN SIVI SABUN 750+300ML ALOE VERALI,KOZMETİK,1,
BERRAK GARNİTUR 560 GR CAM,GIDA,1,
TURSIL JEL LEYLAKBAHCESI 1095L,DETERJAN TEMİZLİK,1,
PERSIL JEL 2409 GR GÜL BUYUSU,DETERJAN TEMİZLİK,1,
SYOSS SAMPUAN 750 ML YOGUN PARLAKLIK,KOZMETİK,1,
EKEN KURU KAYISI 400 GR,GIDA,1,kuruyemisci
NESTLE SICAK CIKOLATA 25 GR,GIDA,1,sekerci
RENGA OSMANLI BASKILI YAGLIK 1 LT,EV,1,
FAIRY H 1 ARADA BUL.MAKINESI 42'LI LIMON,DETERJAN TEMİZLİK,1,
PANTENE 700ML SAMPUAN AQUA LIGHT,KOZMETİK,1,
BANAT VIDALI CAMSIL+FIRCA SAPI HED.,DETERJAN TEMİZLİK,1,
BORCAM 59010 KAPAKLI DIKDORTGEN TENCERE,EV,1,
KENT 375 GR SEKER,GIDA,1,
BANAT YER SILECEGI 55 CM,DETERJAN TEMİZLİK,1,
ARI PATATES NISASTASI 200GR,BEBEK,1,
WELLA KOLESTON 7/64 MAXI,KOZMETİK,1,
PORTAKAL WASHİNGTON,MEYVE SEBZE,1,manav
DOVE DEO SPREY ORİGİNAL 100 ML,KOZMETİK,1,
BAYAN LIKRALI CORAP,EV,1,
EXTREM SAC BAKIM YAGI,KOZMETİK,1,
MR.MUSCLE KLOZET JEL CITRUS,DETERJAN TEMİZLİK,1,
WELLA KOLESTON KOPUK BOYA 8/0 ACIK KUMRAL,KOZMETİK,1,
NEUTROGENA EL KREMI 75 ML.,KOZMETİK,1,
BANAT CAM SILECEGI 21 CM,DETERJAN TEMİZLİK,1,
WELLA SAC BOYASI 66.46 ASK ALEVI,KOZMETİK,1,
LOREAL SUBLIME KOPUK 800 DOGAL SARI,KOZMETİK,1,
GILLETTE BLUE 3 3LU BICAK,KOZMETİK,1,
BANAT ELBISE TEM FIRCASI FIRCASI,DETERJAN TEMİZLİK,1,
TADIM SARI LEBLEBI 200 GR,GIDA,1,kuruyemisci
ARTCRAFT SU BARDAGI DEKORLU 6'LI,EV,1,
YAREN THN EKMEK SEPETI,EV,1,
DR.OETKER BITTER PUDING 3 LU,GIDA,1,
ARGEM PLASTIK SUZGEC NO:1,EV,1,
DR.OETKER TAVUKGOGSU 2.SI %50 IND.,GIDA,1,
NEW WAVE YARATICI 200ML KOPUK,KOZMETİK,1,
PANTENE 700ML SAMPUAN ONARICI BAKIM 2012,KOZMETİK,1,
WEE SAPLI SULU DIS HALKASI,BEBEK,1,
TORKU SADE TAHIN HELVA 500 GR,SÜT KAHVALTILIK,1,sekerci
YAREN RENGA KRISTAL KASIK ALTLIGI,EV,1,
NIVEA DUSTA VUCUT KREMI 250 ML NORMAL,KOZMETİK,1,
ULKER GOLF MAXIMA 800 ML,SÜT KAHVALTILIK,1,
AKDEM MATEOTU CAYI 20'LI,İÇECEK,1,
DOGUS YESIL CAY NANELI 20'LI,İÇECEK,1,
AKDEM BASUR 70 GR,İÇECEK,1,
EVCAY ZERDECAL KOKU TOZU 100 GR,İÇECEK,1,
FINISH POWERBALL MEGA PAKET 100 TAB.,DETERJAN TEMİZLİK,1,
PRIL BULS.DET.7 FONKSIYON %50 DAHA FAZ.945 GR,DETERJAN TEMİZLİK,1,
F BAKTAT LAHANA DOLMA KONSERVE 425 GR,GIDA,1,
GURALLAR ART CRAFT ORGANIK BOYALI 6'LI BARDAK,EV,1,
MEHTAP KARNIYARIK SAMANYOLU 30CM,EV,1,
NIVEA TRAS KOPUGU 200 ML FRESH,KOZMETİK,1,
P.BAHCE 42191 CAY BARDAGI 6 LI,EV,1,
ALTIN CEZVE COFFEE CREAMER 200 GR KAVANOZ,İÇECEK,1,
WELLA KOLESTON KOPUK BOYA 6/7 CIKOLATA KAHVE,KOZMETİK,1,
GARNIER SAC BOYA 4.5 KESTANE AKAJU,KOZMETİK,1,
WELLA KOLESTON SAC BOYASI 3.4 KOYU KESTANE,KOZMETİK,1,
GARNIER COLOR NATURALS 5.52 KASMIR KAHVE,KOZMETİK,1,
ULKER ONEO SAKIZ CEP PAKET DAMLA SAKIZ,GIDA,1,sekerci
CIF OXI JEL FERAH 1000 ML,DETERJAN TEMİZLİK,1,
TILLO 1802 KORUKLU POMPA BUYUK,EV,1,
FAIRY H 1 ARADA BUL.MAKINESI 56'LIELMA,DETERJAN TEMİZLİK,1,
SOLO WC KAGIDI 24 LU HAVLU HEDIYELI,KAĞIT,1,
RINSO MATİK SIVI 700 ML LAVANTA-YASEMİN,DETERJAN TEMİZLİK,1,
RINSO SIVI DET.3069 GR TROPIK,DETERJAN TEMİZLİK,1,
TATTOO CHARM DEO SPREY 125 ML,KOZMETİK,1,
NIVEA DUS SAMP. FOR MEN ENERGY 250ML,KOZMETİK,1,
NIVEA HAND PURE NATUREL KREM 100ML,KOZMETİK,1,
TAMEK MEYVE SUYU 1 LT KUTU KAYISI,İÇECEK,1,
DR.OETKER PATISSERIE MERENGLI TART,GIDA,1,
EMIRDAG YAGLI BEYAZ PEYNIR,SÜT KAHVALTILIK,1,
TAMEK RECEL KAYISI 380 GR,SÜT KAHVALTILIK,1,
TILLO 1315 MAKARALI WC KAGITLIGI,EV,1,
CIF SUNLIGHT BULASIK DETERJANI 737 ML,DETERJAN TEMİZLİK,1,
AKDEM OĞUL OTU 40 GR,İÇECEK,1,
JOHNSON`S PISIK KREMI 100 ML,KOZMETİK,1,
NIVEA BODY HAPPY TIME 400ML LOTION,KOZMETİK,1,
DALIN KIDS SIVI EL SABUNU 300ML. CILEK,KOZMETİK,1,
ARKO TRAS SONRASI 75ML KREM SPORT,KOZMETİK,1,
LOREAL SUBLIME KOPUK 5.0 SAF KESTANE,KOZMETİK,1,
FERSAN TURSU YAP 5 LT PET,GIDA,1,
YAREN HASIRLI KASIK SEPETI,EV,1,
DOVE BAKIM MASKESI SAC DOKULMELERINE KARSI 200ML,KOZMETİK,1,
NIVEA VISAGE T BOLG.TEMZ BANT 6LI,KOZMETİK,1,
MEHTAP SERDENA 24 CM SERAMIK,EV,1,
ARTCRAFT CAY SETI 3'LU,EV,1,
SCH.PALETTE DELUXE 10-5 DORE SARI 50ML,KOZMETİK,1,
HEAD SHOULDERS 400ML SPOR FER.,KOZMETİK,1,
PANTENE 400ML SAC KREMI MUKEMMEL DOLG.,KOZMETİK,1,
F SAFF BULASIK MAKINASI TABLETI 50 AD,DETERJAN TEMİZLİK,1,
GILLETTE SERIES TRAS JELI 200ML NEMLEN,KOZMETİK,1,
YAREN RENGA KIRMIZI SURAHI,EV,1,
TORKU GOFRET KAKAOLU-VANILYALI 160 GR,GIDA,1,sekerci
ULKER GOLF CLASIC 1330ML %33 BED. ÇİKOLATA-KAYMAK,SÜT KAHVALTILIK,1,sekerci
PIKNIK 1395 BUZD.POSETI 38 CM,EV,1,
SLAZENGER ACTIVE SPORT FORMEN DEO 150 ML MAVI,KOZMETİK,1,
DR.OETKER TURSUKUR 100GR,GIDA,1,
FAIRY PLATINUM BUL.MAKINESI 20'LI,DETERJAN TEMİZLİK,1,
FINISH H1 ARADA 65 LI TAB.DOYPACK,DETERJAN TEMİZLİK,1,
P.BAHCE 42665 2 LI METAL KLUPLU BARDAK,EV,1,
NIVEA DUSTA VÜCUT KREMİ 250ML,KOZMETİK,1,
NIVEA DUS SAMP. FOR MEN SILVR PROTECT 250ML,KOZMETİK,1,
ARTCRAF MESR.BARD.TUGRA DES.6'LI,EV,1,
IPANA KOMPLE BAKIM 100 ML,KOZMETİK,1,
ARGEM OTO FIRCASI,EV,1,
F SAFF YUMUSATICI 6 LT,DETERJAN TEMİZLİK,1,
TAMEK BIBER SALCASI 720ML TATLI CAM,GIDA,1,
TAMEK SEFIM MEKSIKA FASULYESI 430 GR,GIDA,1,
YAREN PORSELEN YUMURTALIK,EV,1,
ARGEM MASRAPA,EV,1,
DURACELL INCE PIL 6+2,EV,1,
NIVEA BABY NEML.BAKIM KREMI 200ML,KOZMETİK,1,
PIKNIK 1380-P SUZGEC ORTA,EV,1,
SOLEN OCTAVİA 260GR SUTLU,GIDA,1,
ANADOLU MAVI KISA,SİGARA,1,
PENGUEN KORNISON ACI TURSU 330 GR,GIDA,1,
HUGGIES DRY NITES SMALL FOR 4_7 GECE KULODU,BEBEK,1,
PALMOLIVE DUS JELI 500 ML.THERMAL SPA,KOZMETİK,1,
S.BRITE SILSUPUR PASPAS,DETERJAN TEMİZLİK,1,
EGE CICEK BALI 850 GR,SÜT KAHVALTILIK,1,
KUHNE CURRY SOS 250 ML,GIDA,1,
DETTOL ANTIBAKTERIYEL SIVI SABUN 650ML+650 ORIGINA,KOZMETİK,1,
BEBAK ACI BADEM KREMİ 70 ML. BÜYÜK TÜP,KOZMETİK,1,
P.BAHCE DESENLI KUPA PORSELEN,EV,1,
NIVEA BB CREAM ORTA TON 50ML,KOZMETİK,1,
NIVEA DEO 150ML FOR MEN GUMUS MOLEKULLERI,KOZMETİK,1,
PALMOLIVE KOPUK SABUN 250 ML RASPBERRY,KOZMETİK,1,
EMEK ZEYTINYAGI RIVIERA 5LT,GIDA,1,
PROTEX SIVI SABUN 300ML FRESH,KOZMETİK,1,
SCH.PALETTE DELUXE 9-0 SARI,KOZMETİK,1,
LOREAL SAC BOYASI 6.1,KOZMETİK,1,
"GARNIER OLIA 4,15 BUZLU CIKOLATA",KOZMETİK,1,
SELIN SIVI SABUN KOKU GIDERICI 300 ML,KOZMETİK,1,
PALMOLIVE SIVI SABUN 750ML YED.ANTI-B,KOZMETİK,1,
P.BAHCE 54251 AİDA 6 LI BÜYÜK SADE CAY,EV,1,
P.BAHCE 10339 TABAK TRANSP.ORG.BY.KAVUN,EV,1,
CLINOMYN DIS MACUNU 75 ML TEMIZLE PARLAT,KOZMETİK,1,
PROTEX SIVI SABUN 300ML CREAM,KOZMETİK,1,
ELITE NATUREL 700 ML SIYAHUZUM,İÇECEK,1,
BIGUDI ELASTIK 6 LI 3 CM,KOZMETİK,1,
KENT 375 GR SESAME SUSAMLI BALLI SEKER,GIDA,1,
B.FASULYE,MEYVE SEBZE,1,manav
TAT KETCAP 9000 GR,GIDA,1,
ORAL-B D.F. EXPERT ANTİ-BACTERİYEL,KOZMETİK,1,
COLGATE D.M.SENSITIVE PRO.RELIEF 75 ML,KOZMETİK,1,
SELIN SIVI SAB. ANTIBAKTERİYEL 2LT,KOZMETİK,1,
KALBIM LIGHT TON BALIGI 3*80GR,GIDA,1,balikci
NIVEA SAC SPREYI 250 ML EKSTRA GÜÇLÜ,KOZMETİK,1,
KAHKECIZADE HALKA COREKOTLU 400 GR,GIDA,1,
F BAKTAT KAPERN 180 GR,GIDA,1,
M.BIRLIK EX-EX ZEYTIN 1KG,SÜT KAHVALTILIK,1,
BASMA FISTIKLI LOKUM,GIDA,1,kuruyemisci;sekerci
MEHTAP BALIK TEPSI 34CM,EV,1,
MEHTAP TEFLON 3'LU TAVA 2012,EV,1,
MEHTAP KARNIYARIK SAMANYOLU 28CM,EV,1,
GARNIER COLOR NATURALS 6.0 YOGUN KOYU KUMRAL,KOZMETİK,1,
ARTCRAFT CAY BARDAGI NAZARLIKLI 6'LI,EV,1,
PENGUEN PINCUR KOZL BIBER EZMESI 180GR,GIDA,1,
COLGATE PLAX 2 LI  AGIZ CALKALAMA SUYU,KOZMETİK,1,
DURACELL TURBO AA MAX 6+2 BEDAVA,EV,1,
NEW WAVE SAC JOLESI 250ML.S.GUCLU,KOZMETİK,1,
AXE SAMPUAN 300 MLKEPEGE KARSI,KOZMETİK,1,
"WELLA KOLESTON SAC BOYASI 5,37 KIŞKIRTICI KAHVE",KOZMETİK,1,
SENS SIVI SABUN 2 LT LAVANTA,KOZMETİK,1,
PRIMA JUMBO EKSTRA LARGE,BEBEK,1,
GARNIER 480 KÖMÜR KIZILI,KOZMETİK,1,
PALMOLIVE KOPUK SABUN 250 ML TANGERINE,KOZMETİK,1,
ARGEM TIRNAK VE YAKA FIRCASI,EV,1,
8*4 150 ML HEAVENLY,KOZMETİK,1,
REXONA MEN 160 ML DEO FRESH COBALT,KOZMETİK,1,
WELLA KOLESTON SAC BOYASI 3.66 KIT PATLICAN MORU,KOZMETİK,1,
SENS SIVI SABUN 4 LT GUL,KOZMETİK,1,
AIR WICK RENK VEREN MUM 155ML ORKİDE,DETERJAN TEMİZLİK,1,
HARIBO DIS 100GR,GIDA,1,
P.BAHCE 80067 GEROR PEMPE KPK LI KAVANOZ,EV,1,
TAMEK RECEL KAYISI 800 GR,SÜT KAHVALTILIK,1,
YEDIGUN 250 ML CAM KAN PORTAKALI,İÇECEK,1,
ONA AYCICEK YAGI 2 LT,GIDA,1,
SESU TUY DOKUCU KREM 100 ML AKIX AVIEN,KOZMETİK,1,
S.BRITE MF 1+1 POWER BEZ,DETERJAN TEMİZLİK,1,
GEZER TERLIK 6266 KAHVE GONCA TEK TOKA ZENNE,EV,1,
ZENNE SAX MAVI KOLLEKSIYON,EV,1,
F BAKTAT KABAK DOLMASI 350 GR.,GIDA,1,
BANAT TEMIZLIK BEZI DESENLI,DETERJAN TEMİZLİK,1,
RAID GUVESAVAR,DETERJAN TEMİZLİK,1,
COOK BUZDOLABI POSETI 4 AL 3 ÖDE ORTA,EV,1,
IPEK VUCUT SAMP.400ML GELINCIK,KOZMETİK,1,
F BAKTAT ASMA YAPRAGI CAM 630 GR,GIDA,1,
GILLETTE BLUE 2 PLUS 10LU,KOZMETİK,1,
GARNIER SIVILCE KARSITI KAPATICI ROLL-ON,KOZMETİK,1,
HOBBY ENERJI JOLE 750 ML SERT,KOZMETİK,1,
LOREAL SAC BOYASI 4.16,KOZMETİK,1,
NIVEA DEO 100ML SPREY ANGEL STAR ICY KISS,KOZMETİK,1,
SHE HEPY DEODORANT SPREY 150 ML,KOZMETİK,1,
EVY BABY 2 MINI 80 ADET 3-6 KG,BEBEK,1,
GOLF ROYAL KECI SUTU SADE-A.FISTIKLI 750 ML,SÜT KAHVALTILIK,1,
KOMILI SIVI SABUN 300 ML SHEA YAGI,KOZMETİK,1,
EYÜP SABRİ TUNCER 150 ML TUTUN KOLONYASI,KOZMETİK,1,
P.BAHCE 80221 KARE TABANLI IKILI TUZLUK,EV,1,
YAREN PORS.ORTA BOY DEMLIK,EV,1,
P.BAHCE 95008 SUTAKIMI,EV,1,
WEE BABY UCLU SET MAMA KASIGI,BEBEK,1,
PHILIPS 14 W=65 W 820 LM GENİE WARM WHİTE,EV,1,
P.BAHCE 53883 PERA 6 LI KASE,EV,1,
YAREN CIFT SIVI SABUNLUK SUNGERLI,EV,1,
ORAL-B D.F. 3 EFFECT MEDIUM,KOZMETİK,1,
TAMEK TAZE FASULYE 4250 ML,GIDA,1,
K.KUKRER 1LT.LİMON SURUBU,İÇECEK,1,
PROTEX SABUN 75 GR CREAM,KOZMETİK,1,
HALK PUDING 3 AL 2 ODE,GIDA,1,
COLGATE D.F. TOTAL PROFESSIONAL PRO TIP MEDIUM,KOZMETİK,1,
DOVE DEO STICK 50 GR.DRY,KOZMETİK,1,
K.KUKRER SARMISAK SOSU 250ML,GIDA,1,
SCH.PALETTE DELUXE 3-68 KIZIL GECE,KOZMETİK,1,
CARDAK PORTAKAL SUYU 2LT=12LT,İÇECEK,1,
PINAR TON BALIK LIGHT 2*160 GR,GIDA,1,balikci
BANAT KLOZET FIRCASI PRIZMATIK KARE,DETERJAN TEMİZLİK,1,
S.BRITE KULLAN AT ELDIVEN 7,DETERJAN TEMİZLİK,1,
MOLPED ULTRA FIRSAT PAKETI 28 LU UZUN,KAĞIT,1,
8*4 ROLLON MILD SOFT,KOZMETİK,1,
HOBBY FOR MEN TRAS KOPUGU 200ML FRESH,KOZMETİK,1,
KOSKA YAZ HELVASI KARAMELLI& CEVIZLI 200 GR,SÜT KAHVALTILIK,1,sekerci
OKEY ULTRA HISSET 10 LU,KOZMETİK,1,
NIVEA BABY NEMLENDI LOSYON 200,KOZMETİK,1,
SOLEN NUTBAL 350 GR,GIDA,1,
VEET SOĞUK AĞDA BANDI 12 Lİ 2.Sİ %50 İNDİRİMLİ,KOZMETİK,1,
RELAX HASTA BEZI MINI 12 AD,KAĞIT,1,
JOHNSON`S BABY ISLAK HAVLU 56 LI,KAĞIT,1,
REXONA STICK SKIN CARE 50 ML,KOZMETİK,1,
CALDION JEANS KOFRE WOMEN EDT+DEO,KOZMETİK,1,
BIODEEP ASETON 110 ML MAVI,KOZMETİK,1,
DOVE BESLEYICI EL VE VUCUT 150 ML KVNZ,KOZMETİK,1,
ARI BUĞDAY NİŞASTASI 200GR,BEBEK,1,
NAR TATLI,MEYVE SEBZE,1,manav
BLENDAX 700ML SAÇ KREMİ TEMEL BAKIM,KOZMETİK,1,
KOSKA HELVA ANTEPFISTIKLI 1000 GR.,SÜT KAHVALTILIK,1,sekerci
AKDEM KARABAŞ 50 GR,İÇECEK,1,
CARDAK NAR SUYU 2LT=12LT,İÇECEK,1,
F SAFF KUCUK KAYIK TABAK,EV,1,
YAREN CFT SIVI SABUNLUK FIRCALI,EV,1,
NAZO TOZ ICECEK LIMON,İÇECEK,1,
GILLETTE TRAS JELI 200ML REGULAR NOR.CİLT,KOZMETİK,1,
BIODEEP ASETON 220 ML MAVI,KOZMETİK,1,
SIGNAL BITKI ÖZLU DIS MACUNU 100 ML.PRATIK TUP,KOZMETİK,1,
MEHTAP STONE TAVA 20 CM,EV,1,
DOVE SAMPUAN 400ML YAGLI SACLAR,KOZMETİK,1,
SYOSS SAMPUAN 750 ML YOGUN HACIM,KOZMETİK,1,
ICIM SMART 200ML MUZLU SUT,SÜT KAHVALTILIK,1,
AKDEM HARNUP OZU KECIBOYNUZU,İÇECEK,1,
SENER HELVA 500GR A.FISTIKLI,SÜT KAHVALTILIK,1,sekerci
ZENNE MAVI PARMAK ARASI 12'LI,EV,1,
F BAKTAT ACI BIBER GAZIANTEP 1800 GR,GIDA,1,
DURU DUS JELI 500ML RAHATLATICI,KOZMETİK,1,
ULKER GOLF ROYAL SPECIAL TRIA 450 ML,SÜT KAHVALTILIK,1,
EVY BABY 5 JUNIOR JUMBO 54 ADET 12-25 KG,BEBEK,1,
KUHNE MEXICO SOS BAHARATLI 250 ML,GIDA,1,
GLADE SENSE&SPRAY PAPATYA YEDEK,DETERJAN TEMİZLİK,1,
EGOS JÖLE SERT 250 ML,KOZMETİK,1,
SUPER FRESH KALAMAR HALKA 350 GR,GIDA,1,
SOLEN MILANGO FRANBUAZLI 244 GR,GIDA,1,
FAIRY PLATINUM BUL.MAK 30LU 750ML HED,DETERJAN TEMİZLİK,1,
SARAY SAZENDE CIKOLATA,GIDA,1,sekerci
FE DIS PARLATICI TOZ SMOKERS 50 GR NANE,KOZMETİK,1,
DERYA KOY PEYNIRI 650 GR,SÜT KAHVALTILIK,1,
MARLBORA RED ONE,SİGARA,1,
APTAMIL COCUK SUTLU CIK.PARC.250 ML,BEBEK,1,
NEUTROGENA DEEP MAK.TEMIZLEM SUTU 200 ML,KOZMETİK,1,
P.BAHCE 43984 HABITAT SURAHI,EV,1,
SELIN KOKU GIDERICI KOLONYA 150 ML,KOZMETİK,1,
CIF PAWERCREAM BANYO YEDEK750ML.,DETERJAN TEMİZLİK,1,
ELITE NATUREL 200 ML KIZILCIK,İÇECEK,1,
BIGUDI ELASTIK 6 LI 2 CM,KOZMETİK,1,
JOHNSON`S BABY SAC&VUCUD SAMP 500ML,KOZMETİK,1,
ELSEVE 200 ML ARGININE DIRENC SAC SPREY,KOZMETİK,1,
SILVER CLASSIC LIKIT BOYA 75 ML.SIYAH,DETERJAN TEMİZLİK,1,
NIVEA SAC KOPUGU 150ML.EXTRA GUCLU,KOZMETİK,1,
PIERRE CARDIN ISIS 15 DEN. FIT KULOTLU SIYAH L/3,EV,1,
BINGO BANYO SPREY 750 ML,DETERJAN TEMİZLİK,1,
YAREN FINCAN TAKIMI 6'LI,EV,1,
CIF ACTIFIZZ SPREY OKYANUS FERAHLIĞI 750 ML,DETERJAN TEMİZLİK,1,
P.BAHCE98964 SOHBET SET 6 LI FINCAN TK,EV,1,
HUGGIES MIDI 4-9KG 40 AD. 2012,BEBEK,1,
GARNIER OLIA 7.0 KOYU SARI,KOZMETİK,1,
K.KUKRER PANCAR TURŞUSU 650 GR.,GIDA,1,
VILEDA AKTIF YER TEMIZLIK SISTEMI,DETERJAN TEMİZLİK,1,
SESU FORMEN TUY DOKUCU KREM 100ML,KOZMETİK,1,
EVY BABY 4 MAXI JUMBO 80 ADET 8-18 KG,BEBEK,1,
DETTOL NO TOUCH YED.SISE ALOERAVERA 250ML,KOZMETİK,1,
PROTEX DUS JELI 250 ML SPORT,KOZMETİK,1,
P.BAHCE 80050 FRIGO BUZDOLABI SURAHISI,EV,1,
YAREN ARTCRAFT ORTA BOY KAVANOZ 3 LU KAPAKLI,EV,1,
YAREN CELIK HAVLULUK,EV,1,
BORCAM DILIMLI KEK KALIBI 59114,EV,1,
ARTCRAFT MASTER CAM KASE 6'LI,EV,1,
ALTIN CEZVE KARADUT 300GR,İÇECEK,1,
KOSKA RECEL YABAN MERSINI 380 GR,SÜT KAHVALTILIK,1,
AIR WICK FRESH MATIC IZMIR ORKIDE,DETERJAN TEMİZLİK,1,
PANTENE Y 400ML.MUK.DOLG.2IN1,KOZMETİK,1,
DIMES 1 LT BUZZ LIMONATA TETRA PAK,İÇECEK,1,
BINGO BULS.MAKINE TUZU 1000 GR+1000 GR,DETERJAN TEMİZLİK,1,
P.BAHCE 95236KITCHEN KAPAKLI KAVANOZ 500 CC,EV,1,
P.BAHCE 52013 ROYAL 6 LI BARDAK,EV,1,
NASCITA-SOLINGEN SIYAH CIMBIZ KUTULU,KOZMETİK,1,
DOVE MEN DUS JELI 250ML AQUA IMPACT,KOZMETİK,1,
TAMEK MEYVE SUYU 330 ML PORTAKAL,İÇECEK,1,
P.BAHCE 97415 SU TAKIMI,EV,1,
ART CRAFT CAY TAKIMI GULDENS,EV,1,
ARKO TRAS KOPUGU 1+1 EXTRA SENSITIVE,KOZMETİK,1,
JAGLER EDT+DEO GIFT SET SPORT,KOZMETİK,1,
HOBBY FOR MEN DUS JELI 300ML ENERGY,KOZMETİK,1,
GÜRAL PORSELEN PEPE KUPA BARDAK,EV,1,
SIGNAL D.F. KOMPLE BAKIM,KOZMETİK,1,
YAREN ARTCRAFT LIMONATA SETI 1 SURAHI+6BARDAK,EV,1,
BORCAM YUVARLAK TENCERE,EV,1,
CANBEBE GOGUS PEDI 30ADET,BEBEK,1,
AKDEM SUMAK EKSISI 340 GR,GIDA,1,
GLADE NATURE'S FLORAL PERF. 400 ML 2.SI %50,DETERJAN TEMİZLİK,1,
HOBBY SAC KOPUGU 150 ML ULTRA GUCLU,KOZMETİK,1,
FAVILDA 100 LU ELDIVEN SMALL,DETERJAN TEMİZLİK,1,
EVCAY YESIL CAY 20 POSET,İÇECEK,1,
TILLO 1334 KAGIT HAVLU ASACAGI,EV,1,
IKBAL DILIM KAVURMA 150 GR,ET TAVUK,1,kasap
BANAT D.F. SENSI PLUS,KOZMETİK,1,
YAREN TEKBIR MINI GONDOL SEKERLIKI,EV,1,
VASELINE ESSENT.MOISTURE LOSYON 200 ML,KOZMETİK,1,
NIVEA DUS JELI 250 ML POWERFRUIT RELAX,KOZMETİK,1,
YAREN TEKBIR KAHVECI.CAY TABAGI 12'LI,EV,1,
PALMOLIVE DUS JELI 250 ML.ENERGY,KOZMETİK,1,
BANAT FASH.146 PERMA TARAK,KOZMETİK,1,
YAREN TEKBIR.PORS.CAYTABAGI 12'LI,EV,1,
ARTCRAFT DEMET CAY BARDAGI 6 LI,EV,1,
P.BAHCE 59774 BUYUK OVAL TEPSI ROTAFLEX,EV,1,
HOBBY FOR MEN TRAS JELI 200 ML SENSITIVE,KOZMETİK,1,
GOODY KOPEK MAMASI ADULT MAINTENANCE,PET,1,
P.BAHCE KASE GRV GRACE,EV,1,
WINSTON RED LINE SLIMS,SİGARA,1,
STELLA SAF NAFTALIN 100 GR,DETERJAN TEMİZLİK,1,
CEM KARNIYARIK TENCERE 24 CM BEYAZ,EV,1,
SYOSS SAC KREMI 750 ML YOGUN PARLAKLIK,KOZMETİK,1,
P.BAHCE CATAL KASIK SERVISI,EV,1,
P.BAHCE SUPLA 2 KATLI CEREZLIK ALTIN,EV,1,
LARK SLIMS BLUE,SİGARA,1,
REYHAN,MEYVE SEBZE,1,manav
S.BRITE MİKROFİBER KURULAMA BEZİ,DETERJAN TEMİZLİK,1,
GLADE AUTOMATIC SPREY 3 AL 2 ODE CLEAN LINEN,DETERJAN TEMİZLİK,1,
RINSO MATİK SIVI 700 ML MÜGE LAVANTA,DETERJAN TEMİZLİK,1,
EVY BABY 3 MIDI 60 ADET 5-9 KG IKIZ,BEBEK,1,
GARNIER SAF&TEMIZ ARINDIRICI PEELING,KOZMETİK,1,
YAREN ARTCRAFT CAM KASE 3 LU KAPAKLI,EV,1,
DOVE MEN CREAM BAR DEEP CLEAN 90GR,KOZMETİK,1,
DR.OETKER KREM KARAMEL 105 GR,GIDA,1,sekerci
P.BAHCE KAHVE FINCANI,EV,1,
ARTCRAFT SAKLAMA KABI 2 LI,EV,1,
PALMOLIVE DUS JELI 250 ML SAĞLIKLI IŞILTI,KOZMETİK,1,
NASCITA MAKYAJ KALEMI 6 AL 3 ODE,KOZMETİK,1,
P.BAHCE KASE TAKIMI,EV,1,
P.BAHCE DONDURMALIK HASBELI TURKUAZ,EV,1,
ACTIVEX SIVI SABUN 700ML.2.SI%50 IND AKTIF,KOZMETİK,1,
BINGO OV 950 GR.MEKANIK TOZ ÇİÇEKLERİN IŞILTISI,DETERJAN TEMİZLİK,1,
BIZDEN KIRMIZI MERCIMEK 2500 GR,GIDA,1,
ULKER MINI CIKOLATALI GOFRET 600GR.,GIDA,1,sekerci
DETAN SİNEKKIRAN 275 ML,DETERJAN TEMİZLİK,1,
NIVEA COCOA BUTTER KREM 200 ML,KOZMETİK,1,
DOGADAN NANE-LIMON CAYI 20 POSET,İÇECEK,1,
ARKO TRAS JELI 200ML COOL,KOZMETİK,1,
DURU DUS JELI 250ML SHINE YAKUT,KOZMETİK,1,
COLGATE D.F. MAX WHITE SOFT,KOZMETİK,1,
NASCITA CIMBIZ GRI,KOZMETİK,1,
P.BAHCE DYNAMIC KAHVE FINCAN TAKIMI,EV,1,
NIVEA REPAIR&CARE 200 ML.,KOZMETİK,1,
S.BRITE MIKRO YER TEM.SISTEMI YEDEK,DETERJAN TEMİZLİK,1,
GILLETTE TRAS KOPUGU 200 ML.SERIES PROTECTI,KOZMETİK,1,
NIVEA BABY BEBEK YAĞI 200ML,KOZMETİK,1,
GURALLAR ARTCRAFT TUGRA 6'LI CAY BARDAGI,EV,1,
ARTCRAFT SU BARDAGI LARA 6'LI,EV,1,
ALATURCA KAKAOLU KEK KURABIYESI 62GR,GIDA,1,
LUNA KASE MARGARIN 500 GR.ZEYTINYAGLI,SÜT KAHVALTILIK,1,
REXONA WOMEN 160 ML DEO FRESH,KOZMETİK,1,
FINISH TAB QUANTUM 60'LI OXI,DETERJAN TEMİZLİK,1,
ERNET 1608 SAPLI OTO FIRCASI,EV,1,
REST TEMIZLIK SETI,DETERJAN TEMİZLİK,1,
DAMLA MİNERA SODA 200ML,İÇECEK,1,bufe
HOBBY FOR MEN TRAS KOPUGU 200ML COOL,KOZMETİK,1,
NIVEA VISAGE GOZ MAKYAJ TEMZ.125ML,KOZMETİK,1,
PANTENE ISIYA KARSI KORUYUCU SERUM 150ML,KOZMETİK,1,
WELLA SAC BOYASI KIT 20 ROFLE SETI,KOZMETİK,1,
TAT ACI SOS 50 ML,GIDA,1,
AIR WICK SPREY 240 ML BAHAR CICEKLERI,DETERJAN TEMİZLİK,1,
SENSODYNE PRONAMEL EXTRA FERAHLIK 75 ML.,KOZMETİK,1,
BANAT M.FIBER BUKUMLU PASPAS,DETERJAN TEMİZLİK,1,
HOBBY SAC SPREYI 250 ML GUCLU TUTUS,KOZMETİK,1,
ELSEVE GUZELLESTIRICI COLOR-VIVE 300ML,KOZMETİK,1,
PANTENE PRO-V 150MLSPREY INCE TELLI SACLAR,KOZMETİK,1,
BLENDAX 400 ML. ALOE VERALI,KOZMETİK,1,
ULKER ONEO SELECT KARPUZ,GIDA,1,
REXONA DEO SHOWER CLEAN 150 ML,KOZMETİK,1,
GILLETTE BALSAM 75 ML,KOZMETİK,1,
NIVEA COCONUT DUS JELI 250 ML+SILVE PROTECT JEL,KOZMETİK,1,
GURALLAR ART CRAFT CAY TABAGI  6'LI,EV,1,
ZENNE TRASLI KAHVE RENGI TERLIK,EV,1,
LOREAL STUDIOLINE EKTRA GUÇ.SABITLEME 200ML,KOZMETİK,1,
PHILIPS 14 W=61 W 760 LM GENİE COOL DAYLIGHT,EV,1,
PRONTO AHSAP TEMIZLEYICI 5 IN 1 2Sİ %50 IND.,DETERJAN TEMİZLİK,1,
TRESAN PAPATYA SAMPUANI 500ML,KOZMETİK,1,
K.PLAST COP TORBASI DOĞADA ÇÖZÜLÜR ORTA 20 AD,EV,1,
MEHTAP SAMANYOLU DERIN TENCERE 22,EV,1,
PRONTO AHSAP TEMIZLEYICI 5 IN 1 2Sİ %60 IND.,DETERJAN TEMİZLİK,1,
SILVER CLASSIC SUET&NUBUK LIKIT BOYASI SIYAH 80 ML,DETERJAN TEMİZLİK,1,
COLGATE GARGARA PLAX BUZ SERINLIGI 500 ML,KOZMETİK,1,
PENGUEN TURLU 4000 GR,GIDA,1,
KNORR FIRINDA TAVUK CESNISI 34 GR ACILI BAHARATLI,GIDA,1,
WELLA KOLESTON SAC BOYASI 6/73 AYISIGI KAHVESI TK,KOZMETİK,1,
WELLA KOLESTON KOPUK BOYA 6/0 KOYU KUMRAL,KOZMETİK,1,
GARNIER OLIA 9.0 ACIK SARI,KOZMETİK,1,
ULKER KREMINI JELLY TURUNÇGİLLER,GIDA,1,
ULKER GOLF BRAWO JUNIOR MULTIPAK 6'LI GOLD,SÜT KAHVALTILIK,1,
GARNIER AVANTAJLI PAKET MAT VE CANSIZ CILTLER,KOZMETİK,1,
MR.MUSCLE YUZEY TEMIZLIYICI 1LT.COOL,DETERJAN TEMİZLİK,1,
ARGEM DETERJAN HAZNELI TEMIZLIK FIRCASI,EV,1,
DARDANEL TON 80GR,GIDA,1,
COLGATE MAXFRESH 100ML+50ML.,KOZMETİK,1,
EVY LADY EKO PED 14 ADET GECE,KAĞIT,1,
MILUPA KARISIK BITKI CAYI 200GR,İÇECEK,1,
CEM DEFNE SOMON SERAMIK 26 CM,EV,1,
AIR WICK FLIP&FRESH YESIL LIMON,DETERJAN TEMİZLİK,1,
FAIRY H 1 ARADA KAPSUL 42LI,DETERJAN TEMİZLİK,1,
SHE ROLL-ON IS SEXY 40ML,KOZMETİK,1,
BERGAMA SAC FIR.KLAS.TELLI OVAL-KUTULU,KOZMETİK,1,
LOREAL STUDIO SEKILLENDIRICI KREM JOLE 150 ML,KOZMETİK,1,
MEHTAP KEK KALIBI FIRILDAK,EV,1,
SILVER PREMİUM 75ML LIKIT BOYA KAHVERENGI,DETERJAN TEMİZLİK,1,
CEREZZA FISTIK 65 GR,GIDA,1,kuruyemisci
SONY ULTRA İNCE 4 LÜ,EV,1,
DOGADAN OZEL GUNLER 20'LI,İÇECEK,1,
PIKNIK 1422 KREMA POMPASI,EV,1,
PRIL TABLET 60'LI SODA ETKİLİ,DETERJAN TEMİZLİK,1,
SUPER FRESH SULTAN AHMET KOFTE 432 GR,GIDA,1,
ORKID DISCREET DEO NILUFER CICEGI 60 LI,KAĞIT,1,
ULKER FLORES ANANAS SODA 200 ML 6'LI,İÇECEK,1,bufe
COLGATE D.F. TOTAL PROFESSIONAL PRO TIP SOFT,KOZMETİK,1,
ORAL-B 3 BOYUTLU BEYAZLIK SOFT 35,KOZMETİK,1,
YAREN FRENCH PRESS KUPA 350 ML,EV,1,
ULKER FLORES ÇİLEKLİ SODA 200 ML 6'LI,İÇECEK,1,bufe
NIVEA TRAS JELI 200 ML RASIER,KOZMETİK,1,
S.BRITE DETERJAN HAZNELI TEM.SISTEMI,DETERJAN TEMİZLİK,1,
AXE SAMPUAN 300 ML YOGUN ARINDIRICI,KOZMETİK,1,
SEKERPARE 200GR,GIDA,1,
EKEN KURU KAYISI GUN KURUSU 400,GIDA,1,kuruyemisci
HOBBY SAC KOPUGU 150 ML EXTRA HACIM,KOZMETİK,1,
HERO BABY NUTRADEFENSE BEBEK SUTU 1 400 GR,BEBEK,1,
MR.MUSCLE 4İN1 LIKIT KLOZET BLOK,DETERJAN TEMİZLİK,1,
HOBBY SAC JOLESI 300 ML. ISLAK SERT,KOZMETİK,1,
YAREN TILA TASLI ANAHTAR ASKILIGI,EV,1,
P.BAHCE 95296 BASIC TUZLUK-BIBERLIK,EV,1,
PIKNIK 157 SALATA SERVIS MASASI,EV,1,
BANAT PAMUKLU PASPAS YEDEK,DETERJAN TEMİZLİK,1,
ROZI GENC 2*8 16LU UZUN EKONOMIK,KAĞIT,1,
S.BRITE CAM BEZI,DETERJAN TEMİZLİK,1,
SYOSS SAC KREMI 750 ML ONARICI TERAPI,KOZMETİK,1,
CENK ERNET TABLET PET 24 LU,DETERJAN TEMİZLİK,1,
BANAT EGIK SP YER SUP.İÇ MEK.SAPLI,DETERJAN TEMİZLİK,1,
AIR WICK FRES MATIC SPREY+MINI SPREY FRESMATIC,DETERJAN TEMİZLİK,1,
TAMEK RECEL VISNE 800 GR,SÜT KAHVALTILIK,1,
TILLO 1018 LUKS HUNI,EV,1,
BEBELAC SUTLU BISKUVILI YULAFLI 250 GR,BEBEK,1,
S.BRITE SİLGİ SÜNGER 2 Lİ,DETERJAN TEMİZLİK,1,
WEE SILIKON YUVARLAK UÇ 3,BEBEK,1,
ULKER UZUN BATON CIK. 35 GR FINDIKLI,GIDA,1,
RAID BOCEKSAVAR KOPUK,DETERJAN TEMİZLİK,1,
RENGA TUZLUK SETI 2'LI,EV,1,
EQUAL DEO STICK FORMEN 50 ML,KOZMETİK,1,
DOVE MEN DUS JELI 250ML JELY SENSITIVE,KOZMETİK,1,
PIKNIK 1372 AGAC KEPCE,EV,1,
SHE GIFT SET IS FUN SAAT HED.,KOZMETİK,1,
DOVE BODY SILK KREM 300 ML KVNZ,KOZMETİK,1,
BEBAK ACI BADEM KREMİ 70 ML. NEMLENDİRİCİ,KOZMETİK,1,
PHILIPS 11 W=50 W 600 LM GENİE WARM WHİTE,EV,1,
MEHTAP KARNIYARIK SAMANYOLU 22 CM,EV,1,
AIR WICK FRESH MATIC SATEN YUMUSAKLIGI YEDEK,DETERJAN TEMİZLİK,1,
BANAT KARE BULASIK FIRCASI,DETERJAN TEMİZLİK,1,
SILVER 3 ML HAZNELI SUNGER,DETERJAN TEMİZLİK,1,
TAMEK DIABET RECEL SEFTALI 200 GR.,SÜT KAHVALTILIK,1,
K.KUKRER SALGAM SUYU 1LT ACILI,İÇECEK,1,
YAREN SIGMA 3 LU MESR. BARDAGI,EV,1,
BERGAMA FIRCA ASKILI,KOZMETİK,1,
SIGNAL D.F. INTERDENTAL,KOZMETİK,1,
PAM SABUN 5*75 GR HINDISTAN CEVIZLI,KOZMETİK,1,
P.BAHCE 53353 SPACE SADE 6LI KASE,EV,1,
WELLA KOLESTON SAC BOYASI 6/55 GOZALICI MAUN,KOZMETİK,1,
ARGEM FARASLI FIRCA,EV,1,
THORNE POWER 150 ML FORMEN,KOZMETİK,1,
KUHNE BINADA SALATA SOSU 250 ML,GIDA,1,
VIVA CAPPIO DIVA DEO 150ML,KOZMETİK,1,
DETTOL NO TOUCH KIT SALATALIK ÖZÜ 250ML,KOZMETİK,1,
ARGEM KLOZET FIRCA SETI,EV,1,
FUSION MANUEL MAKINE YEDEKLI,KOZMETİK,1,
VIENNETTA KIRMIZI MEYVE VANILYA 585 ML,SÜT KAHVALTILIK,1,
PIKNIK 1376 AGAC SPATULA,EV,1,
NEW WAVE SAC SPREYI 250ML.ULTRA GUCLU,KOZMETİK,1,
SIGNAL STRAWBERRY KIZ 75ML DIS MACUN,KOZMETİK,1,
TEKFEN GECE LAMBASI 10WATT,EV,1,
GILLETTE WOMEN VENUS BICAK 4 L,KOZMETİK,1,
DURU DUS JELI 500ML UYAN ARTIK,KOZMETİK,1,
FERIDE TALK PUDRA 75 GR,BEBEK,1,
RENGA CIFT DIPLI HELEZON KPKLI KAVANOZ,EV,1,
HOBBY JOLE PRO-VIT 300ML NORMAL,KOZMETİK,1,
MR.MUSCLE KREM 500 ML.LIMON,DETERJAN TEMİZLİK,1,
STELLA LAVANTA,DETERJAN TEMİZLİK,1,
P.BAHCE 42021 WORKSHOP 6 LI CAY BARDAGI,EV,1,
PINAR HALKA KALAMAR 400GR,GIDA,1,
NIVEA VISAGE MAKYAJ TEM MENDİLLERİ,KOZMETİK,1,
S.BRITE EGIK SAPLI FIRCA,DETERJAN TEMİZLİK,1,
DOGADAN UZUM CEKIRDEGI MURDUM ERIKLI,İÇECEK,1,
F BAKTAT PATLICAN DOLMA 350 GR,GIDA,1,
NIVEA DUŞ JELİ 250 ML YILDIZ MEYVE,KOZMETİK,1,
CLEAR MEN 350+WOMEN180ML SAMPUAN,KOZMETİK,1,
AKDEM KORUK EKŞİSİ 330GR,GIDA,1,
CARTE DOR KABARTMA TOZU 15'LI,GIDA,1,
YAREN METAL KAPAKLI CAM KAVANOZ NO:3,EV,1,
BANAT TARAFTAR FIRÇASI GS,KOZMETİK,1,
VASELINE CACAO BUTTER KREM 100 ML,KOZMETİK,1,
BAGDAT TUZ MIX 125GR,GIDA,1,
ARKO NEM SEFTALI OZLU 300ML,KOZMETİK,1,
TORKU KANGAL SUCUK KG,SÜT KAHVALTILIK,1,
BANAT FASH.139 DUZ TARAK,KOZMETİK,1,
PIERRE CARDIN ISIS 15 DEN. FIT DIZALTI SIYAH,EV,1,
VILEDA JOKER BEZ,DETERJAN TEMİZLİK,1,
WELLA PRO-SERIES SAMPUAN 500ML,KOZMETİK,1,
HOBBY ULTRA GUCLU KIRMIZI 100 ML,KOZMETİK,1,
SITIL SPECIAL 20ML K.KAHVE SUNGER,DETERJAN TEMİZLİK,1,
KOSKA FISTIK SEKERI 110 GR,SÜT KAHVALTILIK,1,
ORKID TRIO ULTRA EXTRA UZUN 24 LU,KAĞIT,1,
JAGLER BLACK ROLL-ON 50ML,KOZMETİK,1,
AKDEM DEFNE40 GR,İÇECEK,1,
CIF BALLERINA TEMIZLIK BEZI 3'LU,DETERJAN TEMİZLİK,1,
REXONA WOMEN CRYSTAL DEO ROLL_ON,KOZMETİK,1,
VEET TUY DOKUCU KREM SPREY 150 ML NORMAL,KOZMETİK,1,
ERNET 1631 EL FARAŞI,EV,1,
CANBEBE ISLAK HAVLU 72 Lİ EKTRA SOFT,KAĞIT,1,
KARANFİL TATLI KASIGI 6'LI,EV,1,
MR.MUSCLE SIL PARLAT 500 ML YEDEK BED.,DETERJAN TEMİZLİK,1,
KOSLA OXI EXTRA HIJYEN 940 GR,DETERJAN TEMİZLİK,1,
PINAR TON BALIK 3*80GR EKO PAKET LİGHT,GIDA,1,balikci
TAMEK MAYONEZ 660 GR,GIDA,1,
DR.OETKER ÇIKOLATALI TURTA 360 GR,GIDA,1,sekerci
MOLPED ULTRA FIRSAT PAKETI 36 LI NORMAL,KAĞIT,1,
DR.OETKER YILBASI KURABIYESI,GIDA,1,
SILEN ULTRA HAVLU KAGIT 12 LI,KAĞIT,1,
FINISH TABLET HEPSI 1 ARADA 68LI,DETERJAN TEMİZLİK,1,
PANTENE PRO-V 600ML S. BAK KREM AQUA LIGHT,KOZMETİK,1,
NESTLE PASTANEM  PARMAK 103 GR,GIDA,1,
DOVE SAC KREMI 400ML YIPRANMIS SACLAR,KOZMETİK,1,
PANTENE PRO-V 600ML S. BAK KREM YAG TERAPI,KOZMETİK,1,
MOLPED KANATLI UZUN 7 AD SW,KAĞIT,1,
ORAL-B CROSS ACTION MED 40 TAM KOR.,KOZMETİK,1,
BEBAK ACI BADEM KREMİ 70 GR. BÜYÜK KAVANOZ,KOZMETİK,1,
HAMURANA TAM BUGDAY KOY ERISTESI,GIDA,1,
EVCAY KANTARON CAYI 20 POSET,İÇECEK,1,
NIVEA TRAS KOPUGU 200 ML MOISTURISING,KOZMETİK,1,
DOGADAN MELISA CAYI 20 LI,İÇECEK,1,
ETI GOFRETLI CIKOLATA 65 GR KAKAOLU,GIDA,1,sekerci
NEUTROGENA GOZ MAKYAJ TEMIZLEYICI 162 ML,KOZMETİK,1,
NIVEA ROLL-ON 50 ML DOUBLE EFFECT,KOZMETİK,1,
SITIL PREMIUM SUET 100 ML LIKIT A.KAHVE,DETERJAN TEMİZLİK,1,
PHILIPS PARTYLIGHT 15 WT KIRMIZI,EV,1,
PENGUEN RECEL INCIR 380 GR,SÜT KAHVALTILIK,1,
KOMILI ANADOLU KAPLICA HAYMAMA 300ML. SIVI SABUN,KOZMETİK,1,
STUDIO PURE WET JÖLE 150 ML ISLAK,KOZMETİK,1,
H.SAKIR SIVI SAB. 400ML GUL ES.,KOZMETİK,1,
TATTOO PASSION DEO SPREY 125 ML,KOZMETİK,1,
BLADE RACER DEO SPREY FOR MEN 150 ML,KOZMETİK,1,
DEMAK-UP SOFT PEELING 2IN 1,KOZMETİK,1,
TAMEK TON BALIGI 3*80GR,GIDA,1,balikci
EVY BABY 4 MAXI PLUS 46 ADET 9-20 KG IKIZ,BEBEK,1,
ARGEM TUTUSTURUCU TABLET CIRA,EV,1,
"LOREAL SAC BOYASI 5,25 İRİZE KAHVE",KOZMETİK,1,
ULUDAG FRUTTI EXTRA MANDALINALI 250*6'LI,İÇECEK,1,
ULKER ONEO SLIMS KARPUZ AROMALI,GIDA,1,
BIZIM MUTFAK CORBA TUTMAC,GIDA,1,
MILUPA KUSBURNU CAYI 200 GR,İÇECEK,1,
NIVEA VISAGE AQUA SENSATION BAKIM KREMI 50 ML,KOZMETİK,1,
YERLI DOMATES,MEYVE SEBZE,1,manav
GARNIER COLOR NATURALS 9.13 YOGUN KRISTAL SARI,KOZMETİK,1,
ULKER KELLOGG`S K FLAKES 500 GR TAM TAHILLI,SÜT KAHVALTILIK,1,
EVCAY ISIRGAN TOHUMU 100GR,İÇECEK,1,
PRIL PERFECT TABLET 14 LU,DETERJAN TEMİZLİK,1,
MEHTAP SERDENA 20 CM SAHAN,EV,1,
K.KUKRER SALGAM SUYU 1LT ACISIZ,İÇECEK,1,
COOK BUZ TORBASI 3 AL 2 ODE,EV,1,
SYOSS SAC KREMI 750 ML RENK KORUYUCU,KOZMETİK,1,
UMIT KEK KAKAOLU 300 GR,GIDA,1,
ULKER GRANINI NEKTARI PORTAKAL 1KG,İÇECEK,1,
AKDEM ASLAN PENÇESİ 30 GR,İÇECEK,1,
F TUZLUK CICEK SEKLINDE,EV,1,
NIVEA TRAS EXTREME BALSAMI 100 ML,KOZMETİK,1,
EVCAY MAYIS PAPATYA CAYI 25 GR,İÇECEK,1,
F NEFFIS UN 25 KG,GIDA,1,
EQUAL SENSE ROLL ON WOMEN,KOZMETİK,1,
EVY LADY 4 AL 3 ODE NORMAL 40 KANATLI,KAĞIT,1,
CIF BALLERINA OLUKLU 5LI (5 AL 3 ÖDE),DETERJAN TEMİZLİK,1,
P.BAHCE 42402 ISTANBUL 6'LI SU BARDAGI,EV,1,
SARAY SEYR-I SEFA SUTLU CIK.,GIDA,1,
ECO-LUX BANYO PASPASI 38*63CM,EV,1,
WEE GOGUS KORUYUCU SILIKON,BEBEK,1,
BORCAM 59019 KAPAKLI DIKDORTGEN TENCERE,EV,1,
PIERRE CARDIN ISIS 15 DEN. FIT KULOTLU TEN S/1,EV,1,
NESTLE CREMA LATTE 4 LU KAHVE,GIDA,1,
GARNIER COLOR NATURALS 4.15 BUZLU KESTANE,KOZMETİK,1,
WELLA KOLESTON 5/66 MAXI,KOZMETİK,1,
WELLA KOLESTON 4/6 MAXI,KOZMETİK,1,
ULKER GOLF MAXIMA DILIMLI PASTA CIKOLATA 455 GR,SÜT KAHVALTILIK,1,sekerci
KENT SIPSEVDİ SAKIZ CILEK MUZ POR ANANAS 40 GR,GIDA,1,sekerci
"WELLA KOLESTON 6,3 ALTIN KUMRAL",KOZMETİK,1,
CALGON KIRECE K.1000GR MARC BANYO 1 KG HEDİYELİ,DETERJAN TEMİZLİK,1,
GARNIER SAF&TEMIZ ARINDIRICI JEL KIRMIZI MEYVE,KOZMETİK,1,
FUSION POWER MAKINE,KOZMETİK,1,
YAREN SIGMA DEKORLU 12 PARCA CAY SETI,EV,1,
WEE SILIKON BIBERON EMZIGI NO:1,BEBEK,1,
P.BAHCE 52645 PUAN BASKILI BARDAK 6 LI,EV,1,
TURSIL ELDE YIKAMA OXI ENERJI 2 KG,DETERJAN TEMİZLİK,1,
DOMESTOS 4 LT RENGARENK ULTRA LEKE ÇIKARICI,DETERJAN TEMİZLİK,1,
CIL EKOL BALIK YEMI 45 GR,EV,1,
P. BAHCE ELMAS 6 LI KULPLU BARDAK,EV,1,
DOVE MEN SET CUZDAN HED.,KOZMETİK,1,
DURACELL 2LI KALEM INCE PIL AAA,EV,1,
YAREN TEKBIR DES.PORS.CAY BARDAGI 12'LI,EV,1,
NIVEA DEO STICK 40ML DRY DRY WOMEN,KOZMETİK,1,
P.BAHCE 97177 WORKSHOP CAY TAKIMI,EV,1,
P. BAHCE 95456 HELEZON 4LU BARDAK,EV,1,
GURALLAR ICE SURAHI 6'LI SU BARDAGI,EV,1,
WEE MINI ALISTIRMA BARDAGI,BEBEK,1,
COLGATE D.F.SPIDER-MAN,KOZMETİK,1,
WELLA FLEX SPREY 75 ML EXTRA GUCLU TUTUS,KOZMETİK,1,
AKDEM ANDIZ PEKMEZI 820 GR,SÜT KAHVALTILIK,1,
YAREN DESENLI SALON TEPSI BUYUK,EV,1,
WEE SILIKON DAMAKLI EMZIK NO:2,BEBEK,1,
P.BAHCE 52291 ALANYA DESENLİ BARDAK 6'LI,EV,1,
ORAL-B D.F. OB PRO EXP MASSAGER,KOZMETİK,1,
PIERRE CARDIN RISUS MIKRO 40 KULOTLU SIYAH M/2,EV,1,
P.BAHCE 54076 KOSEM KULLUK 2LI SADE,EV,1,
P.BAHCE 68119 VAZO,EV,1,
AIR WICK KOKULU CUBUKLAR 50 ML ISTANBUL,DETERJAN TEMİZLİK,1,
PENGUEN RECEL AYVA 380 GR,SÜT KAHVALTILIK,1,
STUDIO LINE SILK-GLOSS ULTRA FIXING SPRAY,KOZMETİK,1,
BEBAK ACI BADEM SÜTÜ 215 GR. BÜYÜK ŞİŞE,KOZMETİK,1,
ELSEVE ARGININE DIRENC 200 ML ANINDA BAKIM KREMI,KOZMETİK,1,
AKDEM ERIK EKSISI 340 GR,GIDA,1,
C&C SIYAH NOKTA TEM.KALIBI 75GR.,KOZMETİK,1,
DOVE SAMPUAN 700ML ARINDIRICI,KOZMETİK,1,
PRINGLES 150 GR XTREME EXPLODING CHEESE CHILLI,GIDA,1,
EGOS JOLE 150 ML SERT,KOZMETİK,1,
ARIEL PROFESSIONAL TOZ 500 GR,DETERJAN TEMİZLİK,1,
"WELLA KOLESTON SAC BOYASI 6,35 ELEGAN KAHVE",KOZMETİK,1,
P. BAHCE HABITAT KASE 1ADET,EV,1,
YAREN RENGA HELEZON RENKLI TUZLUK,EV,1,
"BORCAM 59343 1,5 LT SPACE",EV,1,
DOVE MEN DUS JELI 250ML JELY FRESH AWAKE,KOZMETİK,1,
ARKO MEN DUS JELI 250ML ICE POWER,KOZMETİK,1,
BANAT FASH.122 SAPLI KUCUK TARAK,KOZMETİK,1,
HOBBY FOR MEN DUS JELI 300ML MAX EFFECT,KOZMETİK,1,
PAM SABUN 5*75 GR LAVANTA/LEYLAK,KOZMETİK,1,
YAREN KAVSAN MELODI 6 LI KAHVALTI DESENLI,EV,1,
TANER PVC INCI MASA ORTUSU 135 ROUND,EV,1,
MEIWA MASA ORTU 152 CM YVRLK INCI ELYAFLI,EV,1,
KOMILI ANADOLU KAPLICA BERGAMA300ML. SIVI SABUN,KOZMETİK,1,
UMIT REVANI 440 GR,GIDA,1,
GURALLAR ART CRAFT LUNE MESRUBAT BARDAGI,EV,1,
ACE MATİK 8 KG BAHAR,DETERJAN TEMİZLİK,1,
COLGATE MOTION YED,KOZMETİK,1,
BILLUR TUZ 250 GR SODYUMU AZALTILMIS,GIDA,1,
YAREN TEKBIR SULU BANYO SETI,EV,1,
ULKER ONEO SELECT YAZ ESINTISI,GIDA,1,
BLADE AGENT DEO SPREY FOR MEN 150 ML,KOZMETİK,1,
ARGEM MELODI TUZLUK,EV,1,
BIZIM NOHUT 1 KG,GIDA,1,
8*4 150 ML DEO DİSCOVERY,KOZMETİK,1,
ARIEL PROFESSIONAL 2+2 BEYAZ,DETERJAN TEMİZLİK,1,
ULKER HALLEY KOLI 36 ADET,GIDA,1,
NIX BANYO 550ML.SPREY,DETERJAN TEMİZLİK,1,
P.BAHCE 95510 PASTORAL SU TAKIMI,EV,1,
PALMOLIVE DUS JELI 250 ML FORMEN RAHATLATICI,KOZMETİK,1,
GURALLAR ARTCRAFT GUL DES. CAY BARDAGI,EV,1,
KOMILI DUS JELI 250ML LADIK,KOZMETİK,1,
F NEFFIS CIN MISIR 1KG,GIDA,1,
FUSION POWER PROGLIDE 4 LI,KOZMETİK,1,
PIKNIK 176-P SARIMSAK EZİCİ,EV,1,
DEOTAK DEODORANT ROLL-ON,KOZMETİK,1,
NIVEA FORMEN TRAS SONRASI BAKIM 100ML,KOZMETİK,1,
P.BAHCE KULLUK GLAMOUR,EV,1,
WELLA SAC BOYASI KIT YOĞUN RENK ACICI,KOZMETİK,1,
ARGEM PLASTIK SUZGEC,EV,1,
ARGEM AHSAP KEPCE BUYUK,EV,1,
VERNEL 1LT MAX DENIZ ELEGAN,DETERJAN TEMİZLİK,1,
ULKER TRESOR TAHIL GEVR.FINDIKLI,SÜT KAHVALTILIK,1,kuruyemisci
THORNE ENERGY 150 ML FORMEN,KOZMETİK,1,
THORNE FORCE150 ML FORMEN,KOZMETİK,1,
P.BAHCE GUMUS FOTO ALBUMU BEYAZ,EV,1,
P.BAHCE 68029 VAZO,EV,1,
YAREN TEKBIR SADE SUZGEC KUCUK BOY,EV,1,
P.BAHCE 59074 OVAL BORCAM TEPSI,EV,1,
DR.OETKER TART UN 263GR,GIDA,1,
EXTREME NATUREL SAC BAKIM YAGI 50 ML,KOZMETİK,1,
ARGEM BACA TEMIZLER,EV,1,
PERWOLL SIYAH SIHIR 4 LT,DETERJAN TEMİZLİK,1,
"PRIMA KURU VE HESAPLI 11,25KG.32ADET",BEBEK,1,
ARIEL AKTIF JEL KAPSULLERI 560 GR PARLAK RENKLER,DETERJAN TEMİZLİK,1,
ARGEM AHSAP KUCUK KESME PANOSU,EV,1,
ULKER GOLF ROYAL TÜRK TATLILARI TEL KADAYIF 750 ML,SÜT KAHVALTILIK,1,
ELSEVE 400ML.SAC KREMI MULTIVİTAMİN,KOZMETİK,1,
DOGUS BLACK LABEL 100*2 AD. DEMLIK TNK HEDIYELI,İÇECEK,1,
LISTERINE AGIZ GARGARASI 500 ML PORTAKAL,KOZMETİK,1,
PENGUEN FASULYE 4150 GR,GIDA,1,
DEOTAK KREM 50ML SOFT,KOZMETİK,1,
BLADE SURVIVOR DEO SPREY FOR MEN 150 ML,KOZMETİK,1,
BIZDEN NOHUT 2500 GR,GIDA,1,
HUGGIES YENIBEBEK 3-6KG 50AD.,BEBEK,1,
SCH.PALETTE DELUXE 9-5 ALTIN PIRILTILI BAL,KOZMETİK,1,
SHAZILI SICAK CIKOLATA 12'LI PAKET,İÇECEK,1,sekerci
STIRA AMMIRA UTU SPREYI 500ML,DETERJAN TEMİZLİK,1,
SUTAS BEYAZ PEYNIR KOYUN 650GR,SÜT KAHVALTILIK,1,
DETAN MAXI 250ML BÖCEK İLACI,DETERJAN TEMİZLİK,1,
YAREN KIOS KATLI TABAKLIK,EV,1,
SERA BUZDOLABI POSETI 4 AL 3 ODE,EV,1,
GILLETTE TRAS KOPUGU 200 ML.FOAM,KOZMETİK,1,
NOSTALJI KILIMLERI 60 X 115 RULO PENYE KILIM,EV,1,
EVY BABY KREMLI ISLAK HAVLU 90 'LI,KAĞIT,1,
NIVEA BESLEYICI EL KREMI 100 ML,KOZMETİK,1,
TAMEK KONSR YAPRAK SARMA 425 GR,GIDA,1,
BANAT KLOZET FIRCASI PRIZMATIK YUV.,DETERJAN TEMİZLİK,1,
AL GUNDUZ EXTRA LUX BEYAZ PEYNIR KG,SÜT KAHVALTILIK,1,
COLGATE PLAX 500 ML.,KOZMETİK,1,
SIGNAL D.M.BEYAZLATICI SISTEM 125+50ML,KOZMETİK,1,
TAMEK GURME TAZE FASULYE KONSERVESI 420 GR,GIDA,1,
MEHTAP STONE TAVA 28 CM,EV,1,
JACOBS CRONAT GOLD 100 GR,İÇECEK,1,
HERO BABY NUTRADEFENSE BEBEK SUTU 3 400 GR,BEBEK,1,
HERO BABY NUTRADEFENSE BEBEK SUTU 2 900 GR,BEBEK,1,
GLADE GLASS SCENTS YEDEK LAVANTA,DETERJAN TEMİZLİK,1,
IPANA KOMPLE BAKIM 7 BEYAZLIK 100 ML,KOZMETİK,1,
HOBBY WAX PARLAK VE KOLAY SEK.YAG BAZLI  100 ML,KOZMETİK,1,
BAYGON SINEKLERE KARSI YUKSEK ETKI,DETERJAN TEMİZLİK,1,
EVCAY ISIRGAN CAYI 20 LI,İÇECEK,1,
EVCAY TROPIK MEYVE CAYI 100 GR.,İÇECEK,1,
SOLEN MILANGO MADLEN MADLEN 420GR,GIDA,1,
NIVEA VISAGE GUNLUK BAKIM KREMI KURU VE HASSAS,KOZMETİK,1,
M.BIRLIK SUPER ZEYTIN 1 KG,SÜT KAHVALTILIK,1,
STELLA ALUMINYUM OVMA TELI 6ADET,DETERJAN TEMİZLİK,1,
ARGEM TIRTIL KURABIYE KALIBI,EV,1,
CALDION ZEN DEO ERKEK 150ML,KOZMETİK,1,
VERNEL 750 ML MAX THERAPY SENSUAL YUMUSATICI,DETERJAN TEMİZLİK,1,
DETTOL ANTIBAKTERIYEL SABUN 3 ALANA 1BEDAVA,KOZMETİK,1,
TAMEK KAHVALTIM 380 GR AYVA RECELI,SÜT KAHVALTILIK,1,
MEHTAP SERDENA 26 CM KARNIYARIK,EV,1,
AIR WICK FLIP&FRESH LAVANTA,DETERJAN TEMİZLİK,1,
PENGUEN RECEL INCIR 800 GR,SÜT KAHVALTILIK,1,
STUDIO LINE SILK GLOSS VOLUME 200 ML,KOZMETİK,1,
LAND LITE ELH/S-25W,EV,1,
ORAL-B GARGARA PRO EXPERT ALKOLSUZ AGIZ 500ML,KOZMETİK,1,
MR.MUSCLE KREM 500 ML.FLORAL,DETERJAN TEMİZLİK,1,
S.BRITE MAXI RULO BEZ,DETERJAN TEMİZLİK,1,
JOHNSON`S BABY LOSYON 300 ML 2012,KOZMETİK,1,
NIVEA 100 ML HIZLI EMILEN EL KREMI,KOZMETİK,1,
DETTOL NO TOUCH KIT ORIGINAL 250ML,KOZMETİK,1,
A. MAX ANTEP FISTIK,SÜT KAHVALTILIK,1,kuruyemisci
PEYMAN KURU ÜZÜM 200 GR,GIDA,1,kuruyemisci
CIF OKSI JEL AKTIF AMONYAKLI 3 LT,DETERJAN TEMİZLİK,1,
EVCAY IKUSBURNU MEYVE CAYI 100 GR,İÇECEK,1,
EVCAY NAR CAYI 100 GR.,İÇECEK,1,
REXONA WOMEN NATURE DEO ROLL_ON,KOZMETİK,1,
ELIDOR 200 ML SAC KREMI KURU VE SERT SACLAR ICIN,KOZMETİK,1,
KOMILI BEBEK SAMPUANI 200ML ZEYTINYAGLI,BEBEK,1,
ARTCRAFT DOGA DESENLI RECELLIK BALLIK,EV,1,
ORAL-B PRO-EXPERT DIS IPI 25ML,KOZMETİK,1,
DURU DUS JELI 250ML GOURMET MANGOLU DONDURMA,KOZMETİK,1,
ELSEVE 650ML NORMAL SACLAR MULTIVITAMIN,KOZMETİK,1,
IPANA KOMPLE BAKIM 7 BITKI OZLU 100 ML,KOZMETİK,1,
ELSEVE 300 ML SAC MASKESI ARGININE DIRENC,KOZMETİK,1,
GLADE GLASS SCENTS SİSTEM JASMINE,DETERJAN TEMİZLİK,1,
DORITOS 6 LI FIRSAT PAKETI,GIDA,1,
AIR WICK RENK VEREN MUM 155ML BODRUM,DETERJAN TEMİZLİK,1,
PANTENE Y 400 ML.2. %50 IND,KOZMETİK,1,
HOBBY FOR MEN TRAS KOPUGU 200ML MAX EFFECT,KOZMETİK,1,
SOLO CEK-AL HAVLU 50 KUTULU,KAĞIT,1,
SAYAN BOXER SHORT,EV,1,
AKDEM GINSENG KOKU 20'LI,İÇECEK,1,
DR.OETKER JEL 100 GR MUZ AROMALI,GIDA,1,
PRIL HIJYEN 1500GR,DETERJAN TEMİZLİK,1,
OKEY RENKRENK,KOZMETİK,1,
REXONA STICK EXTREME MEN 50 GR.,KOZMETİK,1,
ETI CAY KEYFI FINDIKLI BISKUVI 141 GR,GIDA,1,
UNO TOMBUL SANDVIC 6LI 432GR,GIDA,1,
P.BAHCE RESIM CERCEVESI 15*20 CM,EV,1,
WEE RENKLI SULU DIS HALKASI,BEBEK,1,
P.BAHCE SUT TASIRMAZ PORSELEN,EV,1,
UMIT CIKOLATALI KEK 300GR,GIDA,1,sekerci
NARIN CAMASIR CIVIDI,DETERJAN TEMİZLİK,1,
PIERRE CARDIN ISIS 15 DEN. FIT KULOTLU TEN L/3,EV,1,
DOVE SAC KREMI 400ML KURU VE SERT,KOZMETİK,1,
DURU DUS JELI 250ML SHINE İNCİ,KOZMETİK,1,
NIVEA MEN TRAŞ KOPUGU ORIGNALS 2.KOPUK HEDIYE,KOZMETİK,1,
SIGNAL D.F.PERFORMANCE,KOZMETİK,1,
KOMILI DUS JELI 300 ML,KOZMETİK,1,
PIERRE CARDIN ISIS 15 DEN. FIT KULOTLU SIYAH M/2,EV,1,
MALTA ERIK,MEYVE SEBZE,1,manav
AKDEM NAR CAYI 100 GR,İÇECEK,1,
DOGADAN ZENCEFİL LİMON KABUKLU 20'LI POSET,İÇECEK,1,
EVCAY YESIL CAY YAPRAGI 50 GR,İÇECEK,1,
EVCAY ISIRGAN YAPRAGI 50GR.,İÇECEK,1,
EVCAY MELİSA YAPRAĞI POSET 25 GR,İÇECEK,1,
"OMO MATIK 1,5 KG BABY KONSANTRE MATİK",DETERJAN TEMİZLİK,1,
P. BAHCE SERVIS TABAGI,EV,1,
P.BAHCE KULPLU KANA 1 LT,EV,1,
P.BAHCE GUMUS RENKILI  RESIM CERCEVESI 13*18CM,EV,1,
DURU DUS JELI 250ML SHINE SAFİR,KOZMETİK,1,
DALIN BEBE YAĞI NORMAL YAĞI 200 GR+HEDİYELİ,BEBEK,1,
CALDION BAY DEO STICK 50ML,KOZMETİK,1,
P.BAHCE DONDURMALIK SARI,EV,1,
SELIN DUS JELI 250 ML ADA LIMONU,KOZMETİK,1,
ORAL-B D.F. EXPERT PRO,KOZMETİK,1,
YAREN RENKLI SILIKON FIRCA,EV,1,
DALIN BEBEK SAMPUANI 750ML.KR.S,BEBEK,1,
ORKID TRIO ULTRA EXTRA NORMAL30 LI,KAĞIT,1,
DOGADAN ADACAYI 20 POŞET,İÇECEK,1,
S.BRITE M FİBER TOZ TUTUCU SİSTEM,DETERJAN TEMİZLİK,1,
TOPUK TORPUSU AHSAP,KOZMETİK,1,
P.BAHCE HABITAT 6LI,EV,1,
ULKER GRANINI NEKTARI KIRMIZI MEYVELER 1KG,İÇECEK,1,
CALGONIT TUZ 2KG BULS.MAKINE,DETERJAN TEMİZLİK,1,
DETAN SUPER ELEKTROLIKIT CIHAZI,DETERJAN TEMİZLİK,1,
KOMILI DUS JELI 250ML ORKIDE VANILYA,KOZMETİK,1,
NIVEA 75 ML FOR MEN DEO FRESH SPREY,KOZMETİK,1,
ORAL-B HASSAS BEYAZLIK MED 40,KOZMETİK,1,
S.BRITE RULO TEMIZLIK BEZI,DETERJAN TEMİZLİK,1,
VILEDA KURULAMA BEZİ MICRO,DETERJAN TEMİZLİK,1,
VILEDA ELDIVEN VANILYA 9 BUYUK,DETERJAN TEMİZLİK,1,
NIVEA BALSAM 100ML SENSITIVE,KOZMETİK,1,
S.BRITE ERGONOMIK FIRCA VE FARAS SETI,DETERJAN TEMİZLİK,1,
NIVEA BALSAM 100ML MILDER,KOZMETİK,1,
AKDEM KETEN TOHUMU 100 GR.,İÇECEK,1,
ZENNE K.DESENLI TERLIK,EV,1,
JOHNSON S BABY OIL YAG 300 ML,KOZMETİK,1,
DEFANS SINEK KOVAN PUSKURTMELI VUCUT LOSYONU 100 M,DETERJAN TEMİZLİK,1,
PINAR CIZBIZ KÖFTE 458 GR,GIDA,1,
PANTENE PRO-V 600ML S. BAK KREM MUKEMMEL DOLGUNLUK,KOZMETİK,1,
CALDION JEANS ROLL-ON ERKEK 50ML,KOZMETİK,1,
NEUTROGENA EL KREMI 100 ML.,KOZMETİK,1,
NIVEA MEN TRAŞ KOPUGU HASSAS 2.KOPUK HEDIYE,KOZMETİK,1,
P.BAHCE 98775 TOSCANA ORG. SEKERLIK,EV,1,
P.BAHCE FINCAN TK AYAKLI,EV,1,
P. BAHCE 43173 AHSAP KAPAKLI KAVANOZ,EV,1,
GILLETTE TRAS KOPUGU 300 ML,KOZMETİK,1,
PIKNIK 1532 KARTON BARDAK 6'LI,EV,1,
SELPAK PECETE COLLECTION ORKIDE 20 LI,KAĞIT,1,
SINANGIL GLUTENSIZ UN 500 GR,GIDA,1,
DOGADAN ELMA CAYI 20 POSET,İÇECEK,1,
FINISH TABLET 2*25 LIMON OUANTUM,DETERJAN TEMİZLİK,1,
SOLEN MADLEN 500GR,GIDA,1,
ETI LIFALIF KURU MEYVELI MUSLI 400 GR,GIDA,1,
P.BAHCE KASE PASTORAL 27 CM,EV,1,
MILUPA K. ORGANİK 125 GR YESIL FASUL+DOMAT,BEBEK,1,
WELLA KOLESTON KOPUK BOYA 55/46 KIZIL BUYU,KOZMETİK,1,
ULKER ROYAL MARAS USULU KAYMAKLI A.FISTIKL,SÜT KAHVALTILIK,1,
SELİN 2 LT ANTİBAKTERİYEL SIVI SABUN,KOZMETİK,1,
DOVE DUS JELI 250ML ENERGIZE,KOZMETİK,1,
ARTCRAFT SAKLAMA KABI 2 LI KIRMIZI KAPAKLI,EV,1,
P.BAHCE KASE  95460,EV,1,
REXONA STICK ACTIVE 50 GR,KOZMETİK,1,
PATATES TAZE,MEYVE SEBZE,1,manav
KUHNE HOTCHILI SAUCE 250ML,GIDA,1,
REXONA WOMEN GRYSTAL 150 ML.,KOZMETİK,1,
GARNIER BB KREM 50 ML GÖZ ROLL-ON ACIK TON,KOZMETİK,1,
GARNIER OLIA 4.6 YOGUN KIZIL,KOZMETİK,1,
DOVE SIVI SABUN KREMLI RAHATLATICI 250ML,KOZMETİK,1,
A. NOGGER SANDIWICH KARAMEL_KAKAO,SÜT KAHVALTILIK,1,sekerci
CARDAK KAYISI 1+5,İÇECEK,1,
ALGIDA CARTE D`OR SELECTION CIKOLATA KARNAVA450 ML,SÜT KAHVALTILIK,1,sekerci
8*4 150 ML FOR MEN DEO BEAST,KOZMETİK,1,
KENT JELIBON 180 GR. TOPIK,GIDA,1,sekerci
ULKER BRAVO JUNIOR 6 LI,SÜT KAHVALTILIK,1,
WELLA KOLESTON 5/7 MAXI,KOZMETİK,1,
BORCAM 59064 OVAL TEPSI,EV,1,
NIVEA DEO STICK 40ML SENSITIVE WOMEN,KOZMETİK,1,
IPEK DUS JELI 650 ML LEYLAK,KOZMETİK,1,
A.MAGNUM BEYAZ BUYU,SÜT KAHVALTILIK,1,
VILEDA STYLE SUPER PASPAS XXL,DETERJAN TEMİZLİK,1,
PROTEX SABUN 4 LU PKT HERBAL,KOZMETİK,1,
P.BAHCE 10336 INVITATION OVAL TABAK,EV,1,
P.BAHCE BARDAK 55621,EV,1,
PALMOLIVE DUS JELI 250 ML.MILK HONEY,KOZMETİK,1,
PRIVACY GOLD DEO 150 ML MEN,KOZMETİK,1,
ULKER ROYAL CIKOLATA CILEK VANILYA,SÜT KAHVALTILIK,1,sekerci
ALGIDA GOKKUSAGI CATAPAT KARISIK MEYVE 65 ML,SÜT KAHVALTILIK,1,
LOREAL SUBLIME KOPUK 5.3 SICAK KESTANE DORE,KOZMETİK,1,
A. MAX KAKAOLU,SÜT KAHVALTILIK,1,
ALGIDA FRUTTARE MILKSHAKE CILEK PARCASI 75ML,SÜT KAHVALTILIK,1,
ALGIDA MAX DUO  KAKAO  VANILYA 58 ML,SÜT KAHVALTILIK,1,
P.BAHCE ORG RECEL + BALLIK SET,EV,1,
YAREN TUTKU PORSELEN 5'LI BANYO SETI,EV,1,
ULKER COKOSANDVIC 5 LI 5*28GR,GIDA,1,
P.BAHCE HARE OVAL TABAK SADE,EV,1,
DOVE MEN STICK DEO ENERGY DRY 50ML,KOZMETİK,1,
P.BAHCE  BARDAK 3 LU,EV,1,
P.BAHCE YAGLIK SIRKELIK MAVI,EV,1,
P.BAHCE CAMASIR SEPETI RATTAN,EV,1,
SENER HELVA 200 GR KAKAOLU,SÜT KAHVALTILIK,1,sekerci
ULKER KELLOGG`S SPECIAL 430 GR,SÜT KAHVALTILIK,1,
BANYOLIN STAR 3 LU KLOZET TAKIMI,EV,1,
ULKER ROYAL BATON ANTEP-VANILYA,SÜT KAHVALTILIK,1,
RINSO MATİK SIVI 1400 ML LAV.YASEMİN,DETERJAN TEMİZLİK,1,
WELLA KOLESTON KOPUK BOYA 7/1 KULLU KUMRAL,KOZMETİK,1,
"WELLA TUP SAC BOYASI 66,46 AŞK ALEVİ",KOZMETİK,1,
"WELLA KOLESTON SAC BOYASI 6,4 KIZIL BAKIR",KOZMETİK,1,
BIGBABOL 33 GR. MUZLU 14 AD,GIDA,1,
ARGEM MINI KLINK COP KOVASI,EV,1,
PALMOLIVE SIVI SABUN 750ML KOKU GİDERİCİ,KOZMETİK,1,
WOOLITE NARİN ÇAMAŞIRLAR 3 LİTRE,DETERJAN TEMİZLİK,1,
ULKER ONEO SAKIZ NANELI TAT DRA.FLIPTOP 21 GR,GIDA,1,sekerci
TATTOO STAR DEO SPREY 125 ML,KOZMETİK,1,
GARNIER OLIA 5.25 BUZLU KESTANE,KOZMETİK,1,
GARNIER OLIA 4.0 KOYU KAHVE,KOZMETİK,1,
ULKER GOLF MAXIMA CIKOLATA VANILYA 800 ML,SÜT KAHVALTILIK,1,sekerci
JOHNSON`S BABY BEDTIME SAMPUAN 500 ML,KOZMETİK,1,
ORAL-B D.F.COCUK STAGES 3,KOZMETİK,1,
WEE BABY FIRCA SETI,BEBEK,1,
YAREN ARTCRAFT ZEN CAY TAKIMI RENKLI,EV,1,
