title,harcama_kategorisi
HAKKE Siyah Yüksek Bel Ince Pensli Pantolon 21mhakkh2318pnt0,giyim
BİKELİFE Kadın Bej Yüksek Bel Geniş Paça Wide Leg Kargo Pantolon BKL000100,giyim
İpekyol Kemer Aksesuarlı Klasik Trençkot IS123001101,giyim
HAKKE Kadın Beyaz Oversize Uzun Basic Gömlek 21mcalk39001gom,giyim
PALAZZO Lima Pantolon Çımalı Oversize Orjinal Kesim Pl,giyim
MODALİN Kadın Siyah Yüksek Bel Pileli Palazzo Pantolon MDLN1,giyim
atmospherebasic Kadın Siyah Yüksek Bel Toparlayıcı Ispanyol Paça Palazzo Pantolon 1710palazz,giyim
Trendyol Curve Siyah Yüksek Bel Pileli Dokuma Pantolon TBBSS22PL044,giyim
DENİKK Paraşüt Kumaş Yumuşak Dokulu Bol Kesim Siyah Pantolon W25859z,giyim
TRENDYOLMİLLA Siyah Dokuma Astarlı Kruvaze Kapama Blazer Ceket TWOAW21CE014,giyim
GİPSBUTİK Y2k Haki Yeşil Kargo Pantolon Chspantolo,giyim
sinembutik Sinemstyle Büyük Beden Likralı Siyah Toparlayıcı Kot Pantolon snm-1200,giyim
NET OF NOT Siyah Tactical Ayarlanabilir Bel Paraşüt Kumaş Pantolon NON-ParaşütKuma,giyim
TRENDYOLMİLLA Ekru Yüksek Bel Wide Leg Kot Pantolon TWOAW22JE025,giyim
FV Palazzo Pantolon Oversize Orjinal Kesim Pl,giyim
Luna Butik Ultra Yüksek Bel Krep Kumaş Likralı Palazzo Çizgili Pantolon Lacivert LB-A6362-N,giyim
DeChival Paraşüt Pantolon / Parachute Trousers EGNPARAŞÜTPANTOLO,giyim
DeChival Paraşüt Pantolon / Parachute Trousers EGNPARAŞÜTPANTOLO,giyim
TRENDYOLMİLLA Siyah Wide Leg Dokuma Pantolon TWOAW21PL007,giyim
DENİKK Paraşüt Kumaş Yumuşak Dokulu Bol Kesim Khaike Pantolon W25859z,giyim
TRENDYOLMİLLA Siyah Yanları Yırtmaçlı Flare/İspanyol Paça Yüksek Bel Örme Pantolon TWOSS23PL0013,giyim
TRENDYOLMİLLA Siyah Dokuma Astarlı Kruvaze Kapama Blazer Ceket TWOAW21CE026,giyim
TRENDYOLMİLLA Siyah Kontrast Belli Çizgili Smart Rahat Kesim Örme Pantolon TWOSS23PL0021,giyim
Bigdart 3900 Oversize Uzun Basic Gömlek - Kahverengi 3900BGD1,giyim
TRENDYOLMİLLA Siyah Straight Dokuma Yüksek Bel Nervür Dikişli Pantolon TWOSS21PL009,giyim
"S & E Kargo Pantolon, Paraşüt Kumaş Pantolon SE2023KR",giyim
Luna Butik Ultra Yüksek Bel Kumaş Likralı Palazzo Pantolon Siyah LB-A6362-N,giyim
MODALİN Kadın Bej Yüksek Bel Palazzo Pantolon MDLN1,giyim
atmospherebasic Kadın Siyah Yüksek Bel Toparlayıcı Ispanyol Paça Palazzo Pantolon 1710palazz,giyim
Laleli Butik Kadın Haki Paraşüt Kumaş Pantolon 12478,giyim
Twist Kumaş Mıx Gömlek Ceket TW622000508,giyim
TRENDYOLMİLLA Siyah Kargo Dokuma Çift Cepli Pantolon TWOAW22PL034,giyim
TRENDYOLMİLLA X Sagaza Studio Ekru Aksesuar Detaylı Gömlek TPRAW22GO108,giyim
TRENDYOLMİLLA Bej Dokuma Yüksek Bel Pensli Pantolon TWOSS20PL051,giyim
TRENDYOLMİLLA Petrol Geniş Paça Dokuma Pantolon TWOAW22PL006,giyim
trendgar Trend Clothıng Baskılı Unisex Kanguru Cepli Kapüşonlu Sweatshirt Hoodie Sweat 1,giyim
Twist Grafiti Desen Klasik Kesim Blazer TS123010604008,giyim
armonika Kadın Siyah Desenli Oversize Uzun Basic Gömlek Arm-22Y001148 ARM-22Y00114,giyim
TRENDYOLMİLLA Gri Wide Leg Dokuma Tall Pantolon TWOAW22PL032,giyim
HOLLY LOLLY Beli Lastikli Esnek Comfy Pantolon Yeşil HLCOMFYPANTOLO,giyim
TRENDYOLMİLLA Taş Düz Kesim Dokuma Pileli Pantolon TWOSS21PL015,giyim
Mirell Pembe Oversize Eye Sweatshirt 373492555,giyim
BİKELİFE Kadın Haki Stoperli Paraşüt Pantolon BKL000001001,giyim
Deocept Unisex Destiny Baskılı Oversize Kapüşonlu Sweatshirt 3647856-2,giyim
TRENDYOLMİLLA Ekru Crop Dokuma Basic Sırt Dekolteli Pamuklu Gömlek TWOSS21GO016,giyim
TRENDYOLMİLLA Design Ekru Kemerli Mini Dokuma Düğme Detaylı Tulum TWOSS21TU023,giyim
MISS IPEKYOL Kumaş Mix Gömlek Yaka Ceket IS123000504200,giyim
TRENDYOLMİLLA Ekru Nakışlı Dokuma Gömlek TWOSS23GO0015,giyim
TRENDYOLMİLLA Siyah Stoperli Paraşüt Pantolon TWOAW23JE0073,giyim
Happiness İstanbul Kadın Beyaz Oversize Uzun Basic Gömlek DD0084,giyim
NET OF NOT Haki Tactical Ayarlanabilir Bel Paraşüt Kumaş Pantolon NON-ParaşütKuma,giyim
TRENDYOLMİLLA Bej Düğmeli Oversize Blazer Ceket TWOAW20CE013,giyim
İpekyol Simli Blazer IW622010604103,giyim
TRENDYOLMİLLA Kiremit Hakim Yaka Dokuma Kareli Gömlek TWOAW21GO011,giyim
Trendyol Curve Siyah Yüksek Bel Nervür Dikişli İspanyol Paça Dokuma Pantolon TBBSS22PL030,giyim
corfixman Baggy Açık Mavi Pantolon BGGYGR,giyim
Happiness İstanbul Kadın Zümrüt Yeşili Oversize Uzun Basic Gömlek 3900 DD0084,giyim
TRENDYOLMİLLA X Sagaza Studio Beyaz Büzgü Detaylı Gömlek TPRAW22GO119,giyim
Luna Butik Ultra Yüksek Bel Krep Kumaş Likralı Palazzo Pantolon Kahverengi LB-A6362-N,giyim
Luna Butik Ultra Yüksek Bel Krep Kumaş Likralı Palazzo Pantolon Lacivert LB-A6362-N,giyim
No202 Yeni Sezon Bol Kalıp Dökümlü Kadın Yırtmaçlı Siyah Pantolon NO202-YırtmaçlıPantolo,giyim
TRENDYOLMİLLA Siyah Nervürlü Beli Lastikli Flare/İspanyol Paça Yüksek Bel Örme Pantolon TWOSS20PL034,giyim
Happiness İstanbul Kadın Koyu Pembe Oversize Uzun Basic Gömlek DD0084,giyim
armonika Kadın Beyaz Cepli Salaş Keten Gömlek ARM-21Y00103,giyim
Big Love Kadın Siyah Toparlayıcı Dalgıç Kumaş Önü Çima Dikişli Ispanyol Paça Pantolon PTBDLBLV204T,giyim
miyase life Kadın Siyah Krep Kumaş Likralı Ön Çimalı Ispanyol Paça Palazzo Pantolon 74,giyim
TRENDYOLMİLLA Siyah Dokuma Astarlı Düğmeli Yelek TWOSS21YE000,giyim
Luna Butik Ultra Yüksek Bel Krep Kumaş Likralı Palazzo Pantolon Taş LB-A6362-N,giyim
MISS IPEKYOL Gömlek Yaka Cep Kapaklı Ceket IS123000504503,giyim
Happiness İstanbul Kadın Siyah Cepli Bahçıvan Tulum DD0091,giyim
İpekyol Mono Yaka Cep Kapaklı Blazer IW622000525,giyim
TRENDYOLMİLLA Bej Stoperli Paraşüt Pantolon TWOAW23JE0073,giyim
TRENDYOLMİLLA Siyah Kruvaze Dokuma Astarlı Düğme Detaylı Blazer Ceket TWOSS21CE013,giyim
BİKELİFE Gri Kargo Cepli Likralı Yüksek Bel Wide Leg Pantolon BKL000001002,giyim
Xint Kadın Ekru Regular Fit Desenli Pantolon 20114,giyim
FoxSkin Sportswear&Company Siyah Oxford Basklı Alt-üst Takım siyahoxford192,giyim
Touz Yeşil Tactical Paraşüt Kumaş Pantolon 7574653423235,giyim
MAKRAS EXCLUSIVE Jeans Mavi Yüksek Bel Likralı Ispanyol Paça Ön Yırtmaçlı Kadın Kot Pantolon 400,giyim
MEECY Kadın Haki Keten Viskon Şortlu Tulum DD203,giyim
Luna Butik Ultra Yüksek Bel Krep Kumaş Likralı Palazzo Pantolon Gri LB-A6362-N,giyim
LAMİRA Dora Kadın Siyah Solmaz Liralı Arka Cepsiz Model Kargo Palazzo Pantolon WhisBlue3,giyim
TRENDYOLMİLLA Koyu Mavi Dokuma Zebra Astarlı Blazer Ceket TWOAW20CE031,giyim
BİKELİFE Kadın Açık Mavi Yüksek Bel Geniş Paça Wide Leg Kargo Pantolon BKL000100,giyim
CurcunaShop Kapüşonlu Şişme Yelek p00308,giyim
Bigdart 3900 Oversize Uzun Basic Gömlek - Mavi 3900BGD1,giyim
Maldia Shop Kadın Dore Düğmeli Blazer Tüvit Ceket 23KC00201,giyim
TRENDYOLMİLLA Vizon Dokuma Astarlı Kruvaze Kapama Blazer Ceket TWOSS22CE007,giyim
atmospherebasic Kadın Lacivert Yüksek Bel Toparlayıcı Ispanyol Paça Palazzo Pantolon 1710palazz,giyim
Trendyol Curve Siyah Cigarette Dokuma Pantolon TBBAW23AR0001,giyim
Sun Victoria Kadın Siyah Paçası Lastikli Yüksek Bel Balon Pantolon SVBalonPntl,giyim
Trendyol Curve Siyah Dokuma Beli Lastikli Pantolon TBBSS22AR002,giyim
KUPAKIZI Kadın Beyaz Saten Gömlek BYZSATE,giyim
KO-I Hop Sırt Dekolteli Kısa Tulum TYC0066466834,giyim
KO-I Hop Sırt Dekolteli Kısa Tulum TYC0066466834,giyim
LAMİRA Siyah Solmaz Kargo Cep Palazzo Yüksek Bel Kot Pantolon Queen GtsBlue3,giyim
TRENDYOLMİLLA Mavi Tek Cepli Boyfriend Dokuma Pamuklu Gömlek TWOAW20GO011,giyim
Relax&Basic Siyah Kapüşonlu Fermuarlı Live Sweatshirt RB3460-0,giyim
luvishoes Dual Siyah Cilt Kadın Oxford Ayakkabı 222-2203,giyim
7ADIMDAAŞK Kadın Casual Hakiki Deri Ayakkabı 052Y22K1002,giyim
POLKA STORE Kadın Papyon Fiyonklu Kısa Topuk Rahat Günlük Ayakkabı TYC0020384142,giyim
StWenn Tam Ortopedik Ayakkabı Anne Ayakkabı Günlük Ayakkabı Klasik Ayakkabı AYZN KO,giyim
eformoda by emre yılmaz Ten Kadın Klasik Ayakkabı 423,giyim
7ADIMDAAŞK Kadın Günlük Hakiki Deri Ayakkabı 002y22k1545 002Y22K154,giyim
7ADIMDAAŞK Kadın Günlük Hakiki Deri Ayakkabı 002y22k1548 002Y22K154,giyim
Moda Değirmeni Kadın Papyon Fiyonklu Ayakkabı Md1042-119-0008 MD1042-119-000,giyim
CZ London Hakiki Deri Kadın Oxford Bağcıklı Günlük Ayakkabı 46.06,giyim
7ADIMDAAŞK Kadın Günlük Hakiki Deri Ayakkabı 002y22k1540 002Y22K154,giyim
Wexta Wx-pp10 Şeker Pembe Büyük Boy Pp Polipropilen Kırılmaz Valiz WX-300 Büyük boy Pemb,giyim
wiesmann Metalik Dolap Içi Akıllı Krom Askı Pantolon Askısı 5 Katlı 7464123459864,giyim
HSR Elegant Abs Kabin Boy Ve Makyaj Boy 2 Li Valiz Seti 603-model-KABİN+MAKYAJ-2-Lİ-VALİZ-SET,giyim
Fossil Fsy1223-l Siyah Unısex Büyük Boy Valiz MPFSY1223-,giyim
National Geographic N-2001 Büyük Boy Valiz N-2001 75 CM-ST,giyim
MÇS Polipropilen 2'li Valiz Seti Orta & Makyaj V305 S21YY1000074-SE,giyim
GBAG Hisar Abs Küçük Orta Büyük Boy 3'lü Gold Valiz Seti G BAG GOLD 3-LÜ VALİZ SET,giyim
ELATAE 4'lü Valiz Seti Valiz Büyük - Orta - Kabin Boy Ve Makyaj 1020 4'lü-Valiz-Büyük-Orta-Kabin-Makya,giyim
Wexta Wx-210 Siyah Büyük Boy Valiz 210S,giyim
Bobo Küçük Boy (KABİN BOY) Plastik Valiz 4 Tekerli Uzun Çekme Kollu E-VALİZ-,giyim
GNC TAHTAKALE Pantolon Askılık 5 Li Hareketli Askı CMT013,giyim
Polo Sky Elmas Model Pembe Renk Orta Boy Valiz Bavul ELMSPMBORT,giyim
Wexta Wx-400 Bordo 3'lü Set Valiz wx-400,giyim
KAFF Albatros Cap Polo’s Unisex Turuncu 4 Teker Pp Kırılmaz Dayanıklı Orta Boy Valiz & Bavul KAFF0508,giyim
National Geographic Ng-tr 01 Büyük Boy Haki Çekçekli Sert Valiz N-2001 75 CM-ST,giyim
KAFF Ekonomik Bbs Unisex Siyah Krılımaz Suya Dayanıklı Tekerlekli 2'li Valiz&bavul Seti KF0538,giyim
Wexta Wx-300 Mint Yeşili Orta Boy Valiz WX-300 Mint Yeşili Ort,giyim
Bambus 3'lü Tekerlekli Bölmeli Valiz & Bavul Seti 4 Teker BMBS246,giyim
Polo Sky Elmas Model Siyah Renk Büyük Boy Valiz Bavul ELMASSYHBUYU,giyim
Polo Sky Elmas Model Siyah Renk Kabin Boy Valiz Bavul ELMASSYHKB,giyim
Paşham AVM Dekoratif Metal Dolap Içi Krom Askı Pantolon Askısı Çoklu Askılık MDL-09,giyim
BENE Abs Sert Kabuk Orta Boy Valiz Bavul-113vo PRA-8099288-58060,giyim
National Geographic Ng-tr 01 Unisex Siyah Çekçekli Kabin Boy Sert Valiz 50577953,giyim
Wexta Wx-210 Siyah Kabin ( Küçük ) Boy Valiz 210O,giyim
ÇÇS 5208 3'lü Abs Valiz Seti 5208-ST,giyim
Sheker Unisex Düz Siyah Günlük Okul Seyahat Kurs Sırt Çantası TN19,giyim
Hayalperest boncuk Siyah Uzun Şık Gelin Eldiveni Tül Eldiven Nikah/düğün Eldiveni syh123,giyim
Wexta Wx-300 Mint Yeşili Kabin Boy Valiz WX-300 Mint Kabi,giyim
Tonny Black Orijinal Erkek 5'li Hediye Kutulu Luxury Serisi Deri Kemer Cüzdan Kartlık Kol Düğmesi Parfüm Seti 2109000011110350,giyim
Satış Diyarı Sırt Çantası Spor Çantası Okul Çantası Günlük Kullanım Çanta SDESPE,giyim
Wexta Wx-210 Siyah Kabin ( Küçük ) Boy Valiz 210O,giyim
HSR Elegant Abs Kabin Orta Büyük Ve Makyaj Boy 4'lü Valiz Seti 603-model-4-lü-set,giyim
Wexta Wx-1001 Mor Renk Kabin ( Küçük ) Boy Valiz Wexta WX-1001 Mor Kabi,giyim
BENE Unisex Abs Sert Kabuk Tekerlek Orta Boy Valiz Bavul Vo111 PRA-8255301-64387,giyim
Wexta Wx-1001 Mor Renk Kabin ( Küçük ) Boy Valiz Wexta WX-1001 Mor Kabi,giyim
MÇS Polipropilen 2'li Valiz Seti Kabin & Makyaj V305 S21YY1000073-SE,giyim
TREND Kabin Boy 4 Teker Kumaş Valiz Antrasit 1081 1081-K-V,giyim
National Geographic Unisex Ng-tr 01 Orta Boy Haki Çekçekli Sert Valiz N-2001 65 CM-ST,giyim
Merry See Kalp Baskılı Şık Tulum MS234,giyim
Guess Full Zip Erkek Sweatshirt Z2YQ12K6ZS1-H9C,giyim
DERİNSS Der166 Hakiki Deri Erkek Siyah Mont DER16,giyim
Sleepy Çiçek Serisi Sıvı Sabun 4'lü Avantaj Paketi 4×300 Ml U0000000000132,kisisel_bakim
rise and shine Doğal Kabak Lifli Prinç Özlü Sabun Sabun-00,kisisel_bakim
rise and shine Muhteşem 2 Li (alorevera Sabun Pirinç Sabun ) SabunSet-00,kisisel_bakim
Sinoz SPF50+ Pink Touch Ton Eşitleyici Pembe Yüz Güneş Kremi PA++++ 50 ml ST921,kisisel_bakim
Luis Bien Diş Beyazlatma Seti (Diş macunu 75ml + Toz 50gr) 868196748036,kisisel_bakim
Lapulita Duş Jeli L-,kisisel_bakim
mardine dair herşey Blotch Eşek Sütlü Ballı Ve Kabak Lifli Sabun EBL568,kisisel_bakim
Colgate FoamSoft Diş Eti Masajı Yumuşak Diş Fırçası 871895137796,kisisel_bakim
Rexona Kadın Sprey Deodorant Sexy Bouquet 72 Saat Kesintisiz Üstün Koruma 150 Mlx3 SET.UNİ.407,kisisel_bakim
Gillette Venus Comfortglide Breeze Tıraş Bıçağı X4 770201888636,kisisel_bakim
Sinoz Spf 50+ Yüz Güneş Kremi - Normal Ve Kuru Ciltler Için Günlük Kullanım 50 Ml 696,kisisel_bakim
Colgate Plax Nane Ferahlığı Alkolsüz Ağız Bakım Suyu 500 Ml + Plax Taze Nane 250 Ml X 2 Adet 8718951435681,kisisel_bakim
Gillette Venus Comfort Glide Breeze Tıraş Makinesi + 2 Adet Yedek Başlık 770201833491,kisisel_bakim
Palmolive Moments Nemlendirici Banyo Ve Duş Jeli 500 ml X 4 Adet 87189514465644,kisisel_bakim
"OceanCare Saç Bakım Fırçası, Saç Derisine Masaj Yapan Şampuan Tarağı, Duş Fırçası OCN5231",kisisel_bakim
"OceanCare Saç Bakım Fırçası, Saç Derisine Masaj Yapan Şampuan Tarağı, Duş Fırçası OCN5231",kisisel_bakim
PROCSIN Güneş Kremi (50 ML * 2 ADET) Fırsat Paketi 868242700570,kisisel_bakim
Signal Nazik Diş Eti Bakımı Diş Fırçası 1+1 Yumuşak X2 SET.UNİ.163,kisisel_bakim
Rexona Clinical Protection Kadın Sprey Deodorant Confidence 96 Saat Koruma 150 ml 6878109,kisisel_bakim
"The Purest Solutions Lekeli Ciltler Için Antioksidan Destekli Renkli Güneş Kremi,50 Spf Uva/uvb TPS20",kisisel_bakim
Morfose Milk Therapy Saç Bakım Onarıcı Köpük 200 ml 868067880005,kisisel_bakim
Sinoz SPF50+ Pink Touch Ton Eşitleyici Pembe Yüz Güneş Kremi PA++++ 50 ml ST921,kisisel_bakim
Luis Bien Diş Beyazlatma Seti (Diş macunu 75ml + Toz 50gr) 868196748036,kisisel_bakim
La Roche Posay Anthelios Uvmune Fluid SPF+50 Tüm Ciltler İçin Yüksek Korumalı Renkli Yüz Güneş Kremi 333787579764,kisisel_bakim
Bic Metal Tıraş Bıçağı 5'li Poşet X 5 Adet 153 010 92858,kisisel_bakim
Le Petit Marseillais Le Petit Marseillais Akdeniz Çileği + Beyaz Şeftali Ve Nektarin Duş Jeli Avantajlı Paket + Lif PKTAKDNZCLG+BYZSFTLNKTR,kisisel_bakim
Luis Bien Ton Eşitleyici Spf 50+ Tüm Ciltler Için Yüksek Korumalı Pembe Güneş Kremi 50 Ml LUU16,kisisel_bakim
Licape Çok Yönlü Yüksek Korumalı Spf +50 Faktör Uva - Uvb Güneş Kremi 2254482,kisisel_bakim
Palmolive Aroma Sensations Feel Glow Banyo ve Duş Jeli 500 ml x 2 Adet + Duş Lifi Hediye 87189513044202,kisisel_bakim
La Roche Posay Anthelios Uvmune SPF+50 Hassas Ciltler İçin Yüksek Korumalı Yüz Güneş Kremi 333787558856,kisisel_bakim
Colgate 360 Hassasiyete Pro Çözüm Ekstra Yumuşak Diş Fırçası X 2 Adet 87189514101072,kisisel_bakim
Jeuvenile Spf 50 Pınk Tone-up Sunscreen Yüksek Korumalı Renk Tonu Eşitleyici Pembe Güneş Kremi 50 ml JV08,kisisel_bakim
Bic Bıc 3 Hybrid Extra Life Tıraş Bıçağı 12 Kartuşlu 308612335658,kisisel_bakim
TBRUSH Diş Beyazlatıcı Aktif Kömürlü Doğal Diş Macunu Tableti - Florürsüz - Glutensiz - Vegan - 90 Tablet 10.004.00,kisisel_bakim
Gillette Fusion Proglide Power 8'li Yedek Tıraş Bıçağı 770201839719,kisisel_bakim
Hacı Şakir Doğal Saf Geleneksel Beyaz Sabun 4x150 gr x 3 Adet 8693495054485,kisisel_bakim
La Roche Posay La Roche-posay Anthelios Uvmune Oil Control Spf 50+ Yağlı Ciltler Için Yüz Güneş Kremi 333787554643,kisisel_bakim
Dalba Dalba Waterful Essence Sun Cream 50 ml- Güneş Kremi 206103,kisisel_bakim
Bioxcin Sun Care Lekeye Eğilimli Ciltler Için Çok Yüksek Korumalı Renkli Güneş Kremi 50 Spf - Leke Tinted 868051263274,kisisel_bakim
Vasso Men Hipster Viking Sakal Ve Bıyık Kepeğini Önleyen Şampuan 260 ml 869921634754,kisisel_bakim
Gillette Venus Venüs Comfortglide Spa Breeze Kadın Tıraş Makinesi 4 Yedek Tıraş Bıçağı 770201846972,kisisel_bakim
"Folixir Ince Telli Saçlar Için Hacim, Dolgunluk Ve Parlaklık Veren Kalınlaştırıcı Saç Kremi 300ml ElixirKre",kisisel_bakim
Sinoz Spf 50+ Yüz Güneş Kremi - Normal Ve Kuru Ciltler Için Günlük Kullanım 50 Ml 696,kisisel_bakim
Sebamed Sun Care 50 Güneş Kremi 75 ml 410304089853,kisisel_bakim
L'Oreal Paris Revitalift Clinical Spf 50+ Günlük Yüksek Uv Korumalı Yüz Güneş Kremi 50ml 360052406972,kisisel_bakim
PROCSIN Güneş Kremi (50 ML * 3 ADET) Fırsat Paketi SU.96.90.021.00,kisisel_bakim
New Well Güneş Kremi Yüksek Koruma Spf 50+ Aloe Vera T97,kisisel_bakim
Colgate Plax Çay ve Limon Plağa Karşı Ağız Bakım Suyu 500 ml x 2 Adet 8718951006188,kisisel_bakim
"Poni Silikon Saç Derisine Masaj Yapan Şampuan Tarağı, Saç Bakım Fırçası Saç Fırças",kisisel_bakim
Listerine Stay White Ağız Bakım Suyu 250 ml X3 5010123726614,kisisel_bakim
İndirimKap Dil Temizleyici Gümüş Ağız Bakım Fırçası Dil Plak Temizleme Dil Sıyırıcı 5894788i,kisisel_bakim
Bioxcin Sun Care Çok Yüksek Korumalı Yağlı Ciltler Için Güneş Kremi Spf 50+ 500665,kisisel_bakim
Bioxcin Sun Care Çok Yüksek Korumalı Kuru Ciltler Için Güneş Kremi Spf 50+ 500665,kisisel_bakim
"Selin Parfümlü Kolonya Sprey Seti (kiraz Çiçeği, Ardıç, Hanımeli, Nemlendirici Limon) 600225",kisisel_bakim
Palmolive Aroma Sensations So Relaxed Aromatik Banyo ve Duş Jeli 500 ml x 2 Adet + Duş Lifi Hediye 80035200141082,kisisel_bakim
Curaprox Cs 5460 Ultra Yumuşak Diş Fırçası X 2 Adet CURCS54602LIF,kisisel_bakim
Gillette Mach3 Start Yedek Tıraş Bıçağı 10 Adet 770201860380,kisisel_bakim
Gillette Venus Venus Swirl Extra Smooth Kadın Tıraş Bıçağı 2'li 770201842763,kisisel_bakim
Axe Erkek Sprey Deodorant Apollo 48 Saat Etkileyici Koku Vücut Spreyi 150 ml X3 Adet SET.UNİ.21,kisisel_bakim
"Nivea Sun Spf 50 Koruma&nemlendirici Vücut Güneş Kremi Sprey 200 Ml,48 Saat Nemlendirme,çok Yüksek Koruma 400590025366",kisisel_bakim
Palmolive Men Sport 4ü1 Arada Canlandırıcı Erkek Duş Jeli 500 ml x 2 Adet +Duş Lifi Hediye 86934950412492,kisisel_bakim
The Purest Solutions Yağlı Ciltler Için Mat Bitişli Güneş Kremi 50+ Spf Dry-touch Protection TPS21,kisisel_bakim
Tala Doğal Kabak Lifli Ballı Sütlü Sabun El Yapımı liflisabu,kisisel_bakim
La Roche Posay La Roche-posay Anthelios Uvmune Oil Control Spf 50+ Yağlı Ciltler Için Renkli Yüz Güneş Kremi 1000211,kisisel_bakim
Yves Rocher El Kremi - Vanilya - 30 ml 2688,kisisel_bakim
L'oreal Professionnel Serie Expert Absolut Repair Yıpranmış Saçlar Için Onarıcı Altın Maske 250 Ml 347463697532,kisisel_bakim
Oral-B D150 Şarj Edilebilir Diş Fırçası + 1 Yedek Başlık 421020126689,kisisel_bakim
La Roche Posay Anthelios Uvmune Fluide Her Cilde Uygun Yüksek Korumalı Yüz Güneş Kremi Set 50 Mlx2 833787230037,kisisel_bakim
Bic Miss Soleil Sensitive Kadın Tıraş Bıçağı 3'lü Blister (3 Bıçak) 153 010 95759,kisisel_bakim
Oral-B D100 Şarj Edilebilir Diş Fırçası 3 Boyutlu Beyazlık Pembe 421020126685,kisisel_bakim
Barulab Greentea Hyrdo Calming Sun Cream - Yeşil Çaylı Kimyasal Filtreli Güneş Kremi 60ml BRB05,kisisel_bakim
Syoss Pure Fresh Kuru Şampuan 401510021713,kisisel_bakim
Sensodyne Gentle Diş Fırçası X 2 Adet PKTSNSDYNGNTDSFR,kisisel_bakim
Gillette Venus Venus Riviera Kullan At Kadın Tıraş Bıçağı 2'li 770201801680,kisisel_bakim
Sabuncu Mevlüt Efendi Saf Zeytinyağlı Defne Parçacıklı Sabun 1 Kg (8 ADET) SME-00,kisisel_bakim
Bioblas Botanic Oils Argan Yağlı Sıvı Saç Kremi 200 Ml Onarıcı Bakım Kremi 500337,kisisel_bakim
Dr.Bei Dr.beı Gy1 Sonik Şarjlı Diş Fırçası Beyaz GY1 Beya,kisisel_bakim
Slazenger Active Sport Gold 125 Ml + 150 Ml Deodorant Erkek Parfümü Yeni Ürün 869058720190,kisisel_bakim
Colgate 360 Pilli Optik Beyaz Platinum Beyazlatıcı Yumuşak Diş Fırçası + 4 Adet Yedek Başlık Hediye 8714789835112,kisisel_bakim
Bioxcin Sun Care Lekeye Eğilimli Ciltler Için Çok Yüksek Korumalı Renkli Güneş Kremi 50 Spf - Leke Tinted 868051263274,kisisel_bakim
La Roche Posay Anthelios Oil Control Fluid SPF+50 Yağlı Ciltler için Akışkan Renkli Yüz Güneş Kremi 1000218,kisisel_bakim
"ISANA Tıraş Köpüğü Hassas Cilt, Aloe Vera Içerikli 150 Ml RSS42",kisisel_bakim
"Vasso Men Hediyelik Hipster Sakal Seti ! Erkeklerin Vazgeçilmez Sakal Bakım Serisi (şampuan, Bakım Yağı,wax) 86992163475392",kisisel_bakim
Duru Mutluluk Serisi Değerli Çiçek Bahçesi Sıvı Sabun 3x1 Lt 513172-,kisisel_bakim
Oral-B Şarjlı/elektrikli Diş Fırçası Vitality Pro Lila Koruma Ve Temizlik 421020142744,kisisel_bakim
Luis Bien Diş Beyazlatma Seti + Bambu Diş Fırçası 868196748125,kisisel_bakim
Palmolive Naturals Hassas Ciltler İçin Badem ve Yoğun Nemlendirici Zeytin Özü Duş Jeli 500 ml x2Adet 8718951367708,kisisel_bakim
Garnier Nem Bombası Canlandırıcı Kağıt Maske 32 gr 3'lü 3600541943735,kisisel_bakim
Ravla Doğal Ağız Bakım Spreyi Koku Giderici Boğaz Temizleyici AGZ-0,kisisel_bakim
Bic Flex 5 Sistem Tıraş Bıçağı 1 Sap + 6 Yedek Kartuş Ve Tıraş Çantası 153 010 50806,kisisel_bakim
bircan yıldırım niyet bulutları Kabak Lifli Çay Ağacı Sabun (çakra Açmaya Yardımcı Niyet Kartı Ve Gül Yağı Hediyeli ) ADR-23,kisisel_bakim
Slazenger Unisex Deodorant Active Sport 150ml X 3 Adet SET.MBA.37,kisisel_bakim
Boymen Erkek Yağmurluk Su Ve Rüzgar Geçirmez SPAT0,giyim
Avva Erkek Beyaz Oxford Gömlek E00200,giyim
Avva Erkek Antrasit Yandan Cepli Beli Lastikli Keten Görünümlü Relaxed Fit Pantolon E00305,giyim
Avva Erkek Taş Esnek Slim Fit Pantolon A21y3037 A21Y303,giyim
BYBASICMAN Bej Kargo Cepli Gabardin Pantolon 595,giyim
corfixman Boyfriend Buz Mavisi Pantolon BYFRD,giyim
Koton Jogger Kargo Pantolon Cep Detaylı Beli Bağcıklı Pamuklu 3SAM40107H,giyim
Boymen Erkek Siyah Yağmurluk Su Ve Rüzgar Geçirmez TYC0036240674,giyim
bombe Erkek Slim Fit Dar Kesim Tırnaklı Kot Pantolon Buz Mavisi GMB-5455L-13,giyim
VOXX Bomber Kolej Ceket DolumCeke,giyim
Kocmen Erkek Likralı Slimfit Kot Pantolon K0279 - Siyah P3494S691,giyim
Cipo&Baxx Cd424 Kargo Cepli Slim Fit Haki Erkek Pantolon CBJ-CD424-05,giyim
bombe Slim Fit Erkek Kot Gömlek Yeşil 58513,giyim
byata.style Erkek Siyah Oversize Işlemeli Keten Yazlık Gömlek TYC0038570603,giyim
Gray Clothing Erkek Bol Kalıp Oversize Gömlek 208,giyim
GIESTO Oversize Dökümlü Erkek Gömlek GST20235138,giyim
ElitWear Erkek Siyah Slim Fit Kot Pantolon 012,giyim
AC&Co / Altınyıldız Classics Slim Fit Dar Kesim Yan Cepli Armürlü Yan Cepli Beli Bağlamalı Pantolon 4A012320007,giyim
AC&Co / Altınyıldız Classics Erkek Siyah Slim Fit Dar Kesim Yan Cepli Armürlü Yan Cepli Beli Bağlamalı Pantolon 4A012320007,giyim
Avva Siyah Eskitme Yıkamalı Likralı Regular Fit Jean Pantolon E00351,giyim
Avva Siyah Örme Relaxed Fit Jogger Pantolon A31Y302,giyim
Bürke Erkek Siyah Renk Italyan Kesim Kaliteli Esnek Likralı Bilek Boy Kumaş Pantolon BRKKMSPN,giyim
TRENDYOL MAN Haki Erkek Slim Fit Düğmeli Yaka İnce Çizgili Gömlek TMNSS20GO009,giyim
AC&Co / Altınyıldız Classics Erkek Taş Slim Fit Dar Kesim Yan Cep Chino Pantolon 4A012220000,giyim
Kiğılı Uzun Kol Slim Fit Klasik Gömlek 24178,giyim
TRENDYOL MAN Antrasit Erkek Essential Fit Jeans Kot Pantolon TMNAW23JE0010,giyim
denimswitch Erkek Taba Süet Baharlık Ceket Rynbaharlı,giyim
Avva Erkek Lacivert Arka Beli Lastikli Likralı Comfort Slim Fit Chino Pantolon E00302,giyim
DAMGA JEANS Kot Jogger Pantolon Siyah 892DMJ,giyim
Avva Erkek Beyaz Oxford Gömlek E00200,giyim
corfixman Baggy Buz Mavisi Pantolon BGGTFT2,giyim
COMBINE Taş Renk Erkek Yandan Cepli Beli Lastikli Kordonlu Pantolon 148,giyim
HAWKKİNG Erkek Beyaz Desenli Pamuklu Yazlık Kısa Kollu Gömlek HWK2022DÖ,giyim
Xint Erkek Kbeyaz %100 Keten Regular Fit Pantolon 10063,giyim
Etikmen Lacivert Kahve Düğmeli Slimfit Hediye Kutulu Gömlek 04,giyim
Tena Erkek Siyah Beli Lastikli Jogger Pantolon 2KEPNTN554,giyim
wamoss Dar Kalıp Jogger Pantolon ZM00,giyim
Boymen Siyah Erkek Deri Ceket 5030der,giyim
Altınyıldız Classics Slim Fit Dar Kesim Keten Karışımlı Yan Cepli Beli Bağlamalı Pantolon 4A012320005,giyim
Xint Pamuk Keten Karışımlı Regular Fit Pantolon 10063,giyim
Tudors Slim Fit Kravatlık Erkek Gömlek DR220054-0,giyim
F400 Slim Fit Beli Ve Paçası Lastikli Kargo Cep Pantolon DCS5,giyim
DAMGA JEANS Erkek Taş Kargo Cep Pantolon 20YEGPNT003,giyim
FREDDO. Siyah Erkek Şişme Yelek frd431218799,giyim
Avva Bej Armürlü Slim Fit Chino Kanvas Pantolon E00300,giyim
HAWKKİNG Erkek Bej Desenli Pamuklu Yazlık Kısa Kollu Gömlek HWK2022DÖ,giyim
Boymen Erkek Gri Şişme Yelek 5023mi,giyim
Avva Siyah Eskitme Yıkamalı Likralı Slim Fit Jean Pantolon E00351,giyim
Koton Chino Jogger Pantolon Beli Bağcıklı Cep Detaylı Pamuklu 3SAM40014H,giyim
Avva İndigo Dokulu Örme Gömlek A31Y206,giyim
BYBASICMAN Siyah Paçası Katlı Basic Pantolon Yp-5005 620,giyim
TRENDYOL MAN Erkek Lacivert Yeşil Tintli Relax Fit Jeans Kot Pantolon TMNAW23JE0004,giyim
AC&Co / Altınyıldız Classics Erkek Haki Standart Fit Normal Kesim Rahat Cepli Beli Bağlamalı Örme Pantolon 4A512320020,giyim
Altınyıldız Classics Slim Fit Dar Kesim Yan Cepli Armürlü Beli Lastikli Pantolon 4A012320003,giyim
outfiit man Dokulu Oversize Gömlek Siyah 70171002 MS7017,giyim
Tudors Slim Fit Kravatlık Erkek Gömlek DR220054-0,giyim
AC&Co / Altınyıldız Classics Slim Fit Dar Kesim Yan Cep Chino Pantolon 4A012220000,giyim
Touz Y2k Haki Kargo Pantolon Pant00,giyim
Pietra Paul Erkek Siyah Slim Fit Düz Gömlek 2010,giyim
Ser Joven Erkek Slim Fit Bej Keten Pantolon SJ-15,giyim
Avva Erkek Siyah Dokuma Jogger Pantolon A31y3021 A31Y302,giyim
AC&Co / Altınyıldız Classics Erkek Taş Slim Fit Dar Kesim 5 Cep Chino Pantolon 4A012220000,giyim
bombe Erkek Slim Fit Dar Kesim Tırnaklı Kot Pantolon Siyah GMB-5492L-06,giyim
Bürke Erkek Krem Renk Italyan Kesim Kaliteli Esnek Likralı Bilek Boy Kumaş Pantolon BRKKMSPN,giyim
"ModaRoll Erkek Regular Kalıp Su Geçirmez Mevsimlik Mont , Trend Mont MevsimlikM",giyim
outfiit man Dokulu Oversize Gömlek Bordo 70171021 MS7017,giyim
Columbia Ae3039-397 Fast Trek Iı Full Zip Fleece Erkek Polar AE3039-39,giyim
Tudors Slim Fit Dar Kesim Oxford Spor Erkek Gömlek DR200095-40,giyim
Avva Bej Gofreli Pamuklu Slim Fit Gömlek E00203,giyim
Ser Joven Erkek Slim Fit Siyah Keten Pantolon SJ-15,giyim
GIESTO Oversize Dökümlü Erkek Gömlek GST20235138,giyim
Bershka Kontrast Iplikli Denim Bomber Ceket 0335033,giyim
Koton Paraşüt Pantolon Beli Bağcıklı Cep Detaylı Pamuklu 3SAM40229H,giyim
River Club Erkek Siyah İçi Astarlı Suya Dayanıklı Kapüşonlu Cepli Yağmurluk - Rüzgarlık Ceket Y-1,giyim
MRD SPORT Curtis Kapüşon Cıkmalı Şişme Yelek Siyah CUR000,giyim
F400 Slim Fit Beli Ve Paçası Lastikli Kargo Cep Pantolon DCS5,giyim
Avva Gri Eskitme Yıkamalı Likralı Slim Fit Jean Pantolon E00351,giyim
K&H TWENTY-ONE Dont Hoodie Sweatshirt Indigo Mavi TW-DONTHOODI,giyim
Riders by Lee Dallas Straight Fit Düz Kesim Normal Bel Koyu Mavi Esnek Jean Kot Pantolon L00,giyim
Tudors Oversıze Denim Çift Cep Kapaklı Çıtçıtlı Erkek Kot Gömlek OS220021-65,giyim
SMYRNA GİYİM No Fears Ejderha Baskılı Kapüşonlu Sweatshirt smyrna03,giyim
AC&Co / Altınyıldız Classics Erkek A.mınt Tailored Slim Fit Oxford Düğmeli Yaka Keten Görünümlü %100 Pamuk Flamlı Gömlek 4A202120005,giyim
DAMGA JEANS 2 Li Kargo Cep Pantolon Camel Ve Taş Rengi Çok Renkli 1008DMJ,giyim
Boymen Su Geçirmez Erkek Çıkarılır Kapüsonlu Yelek 5040 Kapuşo,giyim
bombe Erkek Slim Fit Dar Kesim Tırnaklı Kot Pantolon Füme GMB-5492L-12,giyim
YXC Slim Fit Erkek Kot Gömlek Su Yeşili 0006,giyim
ZRV JEANS Erkek Petek Desen Keten Pantolon ZRV555,giyim
Slatra Erkek Kahve Kısa Kollu Oversize Keten Gömlek S107,giyim
Slatra Erkek Siyah Fitilli Kısa Kollu Oversize Pamuklu Gömlek S107,giyim
outfiit man Dokulu Oversize Gömlek Beyaz 70171013 MS7017,giyim
Avva Açık Mavi Eskitme Yıkama %100 Pamuk Jean Pantolon E00354,giyim
Fitmens Klasik Uzun Kol Baklava Desenli Jakarlı Hediye Kutulu Erkek Gömlek - Mor FS-00136,giyim
SİVAİST Erkek Siyah Su Ve Rüzgar Geçirmez Kapüşonlu Kalın Içi Kürklü Şişme Kaban&mont NW300,giyim
Bürke Erkek Gri Renk Italyan Kesim Kaliteli Esnek Likralı Bilek Boy Kumaş Pantolon BRKKMSPN,giyim
Xint Pamuklu Slim Fit Jogger Pantolon 10064,giyim
D'S Damat Erkek Gömlek Beyaz Renk Slim Fit 2HF02ORT518,giyim
Miron Erkek 08 Kolej Ceket Regular Fit Mironkolejceket0,giyim
Avva Vizon Dik Yaka Lightweight Rüzgar Geçirmez Regular Fit Şişme Spor Mont E00600,giyim
HAWKKİNG Erkek Siyah Desenli Pamuklu Yazlık Kısa Kollu Gömlek HWK2022DÖ,giyim
TREND YAŞAR Sksonic Erkek Siyah Şişme Yelek BYYSRYLK0,giyim
comstar Erkek Slim Fit Likralı Denim Kot Pantolon (SLİM FİT,giyim
EmirFasihon Örme Keten Erkek Oversize Gömlek KetnÖr,giyim
Tudors Slim Fit Kravatlık Erkek Gömlek DR220054-0,giyim
AC&Co / Altınyıldız Classics Erkek Gri Melanj Standart Fit Normal Kesim Kapüşonlu Fermuarlı Sweatshirt 4A522310020,giyim
TRENDYOL MAN Koyu Bej Erkek Metal Düğmeli Gömlek TMNSS20GO010,giyim
Pull & Bear Beyzbol Tarzı Bomber Ceket 0471052,giyim
Avva Beyaz Basic Vual Regular Fit Gömlek E00220,giyim
DAMGA JEANS Erkek Paçasi Lastikli Kargo Cep Pantolon Taş 21KEGPNT0022CM,giyim
Mavi Jake Gölgeli Pro Jean Pantolon 004228379,giyim
Tena Erkek Saks-beyaz Uzun Kol Hasır Keten Çizgili Kol Cepsiz Regular Fit Gömlek 3YEG12-473,giyim
U.S. Polo Assn. Beyaz Erkek Gömlek G081GL004.000.120858,giyim
GIESTO Oversize Dökümlü Erkek Gömlek GST20235138,giyim
MultiFlexPro Termal Korse Bel Göbek Basen Zayıflama Korsesi Terleme Termal Kemer Yağ Yakma Kemeri Incetici Korse Mfp,giyim
outfiit man Dokulu Oversize Gömlek Haki 70171009 Gömlek MS7017,giyim
AC&Co / Altınyıldız Classics Erkek Beyaz Slim Fit Dar Kesim 5 Cep Chino Pantolon 4A012220000,giyim
D'S Damat Slim Fit Mavi Oxford Gömlek 4HC02ORT0326,giyim
D'S Damat Polar Eşofman Takımı Siyah DS50150,giyim
U.S. Polo Assn. Erkek Gömlek G081gl004.000.977266 G081GL004.000.97726,giyim
TRENDYOL MAN Gri Melanj Erkek Regular Kapüşonlu İçi Yumuşak Tüylü Nakışlı Sweatshirt-Hırka TMNAW23SW0046,giyim
DAXİS Sportwear Company Kahverengi Unisex Kapüşonlu Oversize Sweatshirt DAXİS OVERSİZE KAPÜŞONLU SWETSHİR,giyim
Helen Goods Erkek Siyah Deri Ceket Helen10,giyim
D'S Damat Slim Fit Yeşil Armürlü Gömlek 5HC02ORT0726,giyim
Touz Kahverengi Kargo Cep Detay Pantolon Pant00,giyim
Riders by Lee Trucker Regular Fit %100 Pamuk Antrasit Jean Kot Ceket L22268,giyim
Ser Joven Erkek Slim Fit Lacivert Keten Pantolon SJ-15,giyim
TRENDYOL MAN Siyah Erkek Oversize Fit Keten Dokulu Gömlek TMNSS23GO0008,giyim
TRENDYOL MAN Erkek Koyu Mavi Esnek Kumaş Kahve Tintli Skinny Fit Jeans Kot Pantolon TMNAW23JE0004,giyim
Avva Mavi Eskitme Yıkama %100 Pamuk Jean Pantolon E00354,giyim
Tudors Slim Fit Kravatlık Erkek Gömlek DR220054-4,giyim
FİT1BEDEN Bel Göbek Basen Zayıflama Korsesi Termal Kemer Yağ Yakma Kemeri Inceltici Sıkılaştırıcı FİT-TRML-0,giyim
Mavi James Siyah Jean Pantolon 004242331,giyim
Ser Joven Erkek Slim Fit Açık Gri Keten Pantolon SJ-15,giyim
ablukaonline Baggy Fit Kargo Pantolon Siyah PNT.001,giyim
coinmanfashion Erkek Yüksek Kalite Rahat Kesim Paraşüt Kumaş Jogger Pantolon EC9936,giyim
Kiğılı Şişme Mont 25114,giyim
outfiit man Dokulu Oversize Gömlek Lacivert 70171012 MS7017,giyim
LEVEL HİGH Su Ve Rüzgara Dayanıklı Yağmurluk LH0,giyim
Avva Erkek Lacivert Arka Beli Lastikli Likralı Comfort Slim Fit Chino Pantolon E00302,giyim
Riders by Lee Loose Fit Rahat Kesim Kapüşonlu Şardonlu Siyah Sweatshirt L22267,giyim
Mavi Jake Siyah Black Jean Pantolon 004222132,giyim
GRIMELANGE Leroy Regular Relaxed Haki Pantolon LEROY1309202,giyim
D'S Damat Slim Fit Yeşil Armürlü Gömlek 5HC02ORT0726,giyim
Piola Club Hakim Yaka Keten Beyaz Erkek Gömlek 103,giyim
Avva Lacivert Basic Vual Regular Fit Gömlek E00220,giyim
Cipo&Baxx Erkek Açık Mavi İnce Desenli Kot Pantolon CBJ-CD543|01,giyim
TRENDYOL MAN Mavi Erkek Regular Fit Denim Kot Ceket TMNSS23CE0002,giyim
Avva Lacivert Kolay Ütülenebilir Oxford Regular Fit Gömlek E00200,giyim
TRENDYOL MAN Siyah Erkek Oversize Denim Kot Ceket TMNAW23CE0003,giyim
wanted Erkek Siyah Düz Klasik Rahat Kesim Regular Fit Likralı Kot Pantolon sma44mhmtxc14,giyim
GRIMELANGE Reese Relaxed Relaxed Siyah Pantolon REESE2501202,giyim
TRENDYOL MAN Gri Erkek Slim Fit Düğmeli Yaka Gömlek TMNAW20GO009,giyim
AC&Co / Altınyıldız Classics Erkek Taş Slim Fit Dar Kesim Yan Cep Chino Pantolon 4A012220000,giyim
BYBASICMAN Siyah Yarım Şalvar Pantolon C-6142 623,giyim
Pull & Bear Basic Bomber Ceket 0871552,giyim
Delpino Su Ve Rüzgar Geçirmez Kürklü Softshell Erkek Mont DLPN501,giyim
MODA BASKCA Erkek Siyah Nubuk Süet Şişme Yelek csbnub00,giyim
Rogyi Tekstil Erkek Turuncu Detay Şişme Yelek turuncuyelek,giyim
ablukaonline Oversize Basic Rahat Ceket Siyah 2887siya,giyim
h&ç giyim Erkek Siyah Likrali Kot Pantolon 44402,giyim
Avva Erkek Bej Arka Beli Lastikli Likralı Comfort Slim Fit Chino Pantolon E00302,giyim
Boris Becker Lacivert Renk Beli Kordonlu Chino Pantolon 82fc-56,giyim
F400 Erkek Italyan Kesim Denim Siyah Kot Pantolon Dizmar 2023 F40011,giyim
Xint Pamuk Keten Karışımlı Regular Fit Pantolon 10063,giyim
BOHEMGİYİM Unisex Mickey Gri Hoodie Sweatshirt Bohem Gri Micke,giyim
Avva Lacivert Armürlü Slim Fit Chino Kanvas Pantolon E00300,giyim
Altınyıldız Classics Erkek Bej Slim Fit Dar Kesim Düğmeli Yaka Keten Görünümlü %100 Pamuk Flamlı Gömlek 4A202320000,giyim
Kip Antrasit Dokuma Jogging Fit Smart Casual Pantolon KP1013614,giyim
Fitmens Slim Fit Uzun Kol Ömür Boyu Yakandayım Nakışlı Hediye Kutulu Erkek Gömlek - Lacivert FS-00137,giyim
Boymen Erkek Yağmurluk Su Ve Rüzgar Geçirmez SPAT0,giyim
Pull & Bear Basic Hafif Bomber Ceket 0471454,giyim
TURNAWR Yazlık Mavi Keten Kumaş Desenli Gömlek Yaka Uzun Kollu Gömlek KDF,giyim
BAROS Kapüşon Detaylı Erkek Oduncu Gömlek PENYEGOMLEK0,giyim
Bershka Denim Yarışçı Ceket 0335138,giyim
Cipo&Baxx Cd440 Rockstar Jeans Motorcu Erkek Kargo Pantolon CBJ-CD440-02,giyim
moda biz Erkek Gri Jean Italyan Kesim Denım Kot Pantolon cbr700,giyim
Defacto Regular Fit Polo Yaka Uzun Kollu Gömlek Z4514AZ22S,giyim
HLT JEANS Erkek Açık Mavi Taşlamalı Slim Fit Denim Jeans Kot Pantolon Hlthe001943a HLTHE001943,giyim
outfiit man Dokulu Oversize Gömlek Dokulu Oversize Gömlek Lacivert MS7017,giyim
Slatra Erkek Siyah Kısa Kollu Oversize Keten Gömlek S107,giyim
bombe Slim Fit Erkek Kot Gömlek Gri BMB-17612,giyim
Boymen Erkek Siyah Yağmurluk Su Ve Rüzgar Geçirmez TYC0036240674,giyim
Madmext Erkek Gri Ekoseli Oduncu Erkek Gömlek 466,giyim
Gray Clothing Erkek Bej Keten Aerobin Bol Kalıp Oversize Salaş Gömlek 208,giyim
Lufian Sarp Smart Erkek Chino Pantolon Slim Fit Taş 11219024,giyim
Avva Erkek Lacivert Çizgili Düğmeli Yaka Gömlek A21y2059 A21Y205,giyim
Altınyıldız Classics Beyaz Gömlek- AC Elite (100 Ml) EDP Parfüm Kutulu Set ET412320005,giyim
Madmext Siyah Kargo Cep Jogger Pantolon 543,giyim
Tudors Slim Fit Kravatlık Erkek Gömlek DR220054-BL,giyim
TRENDYOL MAN Beyaz Erkek Oversize Fit Gömlek TMNSS23GO0008,giyim
Altınyıldız Classics Erkek Bej Comfort Fit Rahat Kesim Yan Cepli Pamuklu Desenli Esnek Pantolon 4A012320000,giyim
bombe Slim Fit Erkek Kot Gömlek Siyah 176064GM,giyim
Etikmen Beyaz Hakim Yaka Üç Düğmeli Slimfit Keten Hediye Kutulu Gömlek 07,giyim
TRENDYOL MAN Yeşil Erkek Slim Fit Düğmeli Yaka Gömlek TMNAW20GO009,giyim
Avva Açık Gri Eskitme Yıkamalı Likralı Slim Fit Jean Pantolon E00351,giyim
U.S. Polo Assn. Erkek Gömlek G081GL004.000.97726,giyim
Ramsey Lacivert Düz Dokuma Casual Pantolon 15715,giyim
TRENDYOL MAN Camel Erkek Regular Fit Tek Cepli Gömlek TMNAW21GO041,giyim
Tudors Slim Fit Spor Açık Mavi Erkek Gömlek DR17132-13,giyim
Avva Siyah Düğmeli Yaka Comfort Fit %100 Pamuk Keten Dokulu Gömlek E00214,giyim
YXC Slim Fit Erkek Kot Gömlek Siyah 0006,giyim
comstar Erkek Slim Fit Likralı Denim Kot Pantolon (SLİM FİT,giyim
FREDDO. Freddo Erkek Siyah Su Ve Rüzgar Geçirmez Kapüşonlu Mikro Dolum Mont Kırmızı Ayrıntılı FRD20214310,giyim
AC&Co / Altınyıldız Classics Erkek Antrasit-beyaz Slim Fit Dar Kesim Düğmeli Yaka Pamuklu Çizgili Gömlek 4A202320020,giyim
HLT JEANS Erkek Bej Slim Fit Esnek Likralı Jean Kot Pantolon Hlthe001966 HLTHE00196,giyim
GİPSBUTİK Y2k Haki Yeşil Kargo Pantolon Chspantolo,giyim
ElitWear Erkek Slim Fit Gri Kumaş Pantolon 202,giyim
Mango Fermuarlı Kapüşonlu Sweatshirt 4708128,giyim
BUPPO Turuncu Uzun Kol Cepli Keten Oversize Gömlek Gömlek-550,giyim
Cipo&Baxx Cd790 Lastikli Kargo Cep Haki Kot Pantolon CBJ-CD790|05,giyim
River Club Erkek Siyah Kürklü Çıkarılabilir Kapüşonlu Su ve Rüzgar Geçirmez Kışlık Mont & Kaban & Parka P-16,giyim
LA 1 END Krem Mevsimlik Süet Erkek Ceket CKTS,giyim
Kiğılı Uzun Kol Klasik Gömlek 27332,giyim
TRENDYOL MAN Lacivert Erkek Slim Fit Düğmeli Yaka Çizgili Gömlek TMNSS22GO002,giyim
Jaxet Unisex Beyaz Tasarım Baskılı Fermuarlı Yağmurluk & Rüzgarlık BeySiyPar-2,giyim
Avva Erkek Siyah Eskitme Yıkama %100 Pamuk Jean Pantolon E00354,giyim
ALİN Tarkan Hakiki Deri Kaban Erkek M205,giyim
TRENDYOL MAN Mavi Erkek Regular Fit Jeans Kot Pantolon TMNAW22JE005,giyim
comstar Erkek Içi Astarlı Suya Dayanıklı Kapüşonlu Cepli Yağmurluk Erkek Yağmurlu,giyim
AC&Co / Altınyıldız Classics Standart Fit Normal Kesim Dik Yaka Cepli Rahat Sweatshirt 4A522320020,giyim
serline Baggy Kargo Pantolon KRGPNT,giyim
outfiit man Dokulu Oversize Gömlek Haki 70171003 MS7017,giyim
"ModaRoll Erkek Regular Kalıp Su Geçirmez Mevsimlik Mont , Trend Mont MevsimlikM",giyim
D'S Damat Slim Fit Beyaz Armürlü Gömlek 5HC02ORT0726,giyim
ALİN Harrison Safari Wax Kahve Deri Ceket Erkek M600,giyim
bombe Slim Fit Erkek Kot Gömlek Haki 195HAK,giyim
Altınyıldız Classics Erkek Siyah Slim Fit Klasik Pantolon 4A010000000,giyim
Boymen Erkek Siyah Şişme Yelek 5023mi,giyim
Boymen Deri Erkek Siyah Dolum Yelek 5012-DER,giyim
Avva Siyah Dik Yaka Su İtici Rüzgar Geçirmez Kapitone Şişme Mont E00601,giyim
Avva Erkek Siyah Ekoseli Gömlek A31y2066 A31Y206,giyim
NO61 MAN Boyfriend Rahat Kalıp Siyah Taşlamalı Erkek Kot Pantolon We5687,giyim
AC&Co / Altınyıldız Classics Erkek Camel Slim Fit Dar Kesim 5 Cep Chino Pantolon 4A012220000,giyim
No Way Skinny Fit Likralı Yeşil Tintli Mavi Tırnaklı Erkek Pantolon dyg100,giyim
Avva Siyah Eskitme Yıkamalı Likralı Regular Fit Jean Pantolon E00351,giyim
Massimo Dutti Slim Fit Fitilli Chino Pantolon 0001101,giyim
Gofeel Y2k Siyah Ters Dikiş Kargo Cepli Unisex Bol Paça Pantolon tersdiki,giyim
Avva Açık Gri Basic Gömlek E00200,giyim
denimswitch Erkek Taba Süet Kolej Ceket Rynkole,giyim
Avva Antrasit Gofreli Pamuklu Slim Fit Gömlek E00203,giyim
Avva Lacivert Örme Relaxed Fit Jogger Pantolon A31Y302,giyim
TRENDYOL MAN Mint Erkek Basic Oversize Kapüşonlu Uzun Kollu Etiket Aplikeli Pamuklu Sweatshirt TMNSS21SW022,giyim
BYBASICMAN Lacivert Basic Kolej Ceket Jj-316 611,giyim
JOGGERMEN Erkek Lacivert Keten Pantolon jogger0000,giyim
DAXİS Sportwear Company Sıfır Yaka Unisex Oversize Sweatshirt DAXİS UNİSEX OVERSİZE SWEATSHİR,giyim
GRIMELANGE Cargo Comfort Bej Pantolon CARGO2501202,giyim
GRIMELANGE Raves Relaxed Slim Siyah Pantolon RAVES0109202,giyim
Gofeel Y2k Recycled Black Cargo Pocket Siyah Kargo Cep Unisex Pantolon Siyahcargopocke,giyim
TRENDYOL MAN Lacivert Erkek Tapered Lastik Belli Keten Görünümlü Pantolon TMNSS20PL054,giyim
GRIMELANGE Raves Relaxed Slim Bej Pantolon RAVES0109202,giyim
WAMOSSALAPLI Kısa Kollu Hakim Yaka Üç Düğmeli Keten Gömlek WMS07,giyim
Columbia Mountain View Iı Fz Erkek Sweatshirt Lacivert 913006046,giyim
Oliggopol Erkek Paçası Lastikli Boyfriend Jogger Kot Pantolon Pantolon1,giyim
Tudors Klasik Fit Rahat Kalıp Ince Çizgili Pamuklu Kravatlık Yaka Erkek Gömlek KL230024-34,giyim
Boymen Erkek Siyah Şişme Yelek 5023mi,giyim
YXC Slim Fit Erkek Kot Gömlek Bej 0003,giyim
Gray Clothing Yeşil Oversize Yazlık Dokulu Salaş Bol Kalıp Gömlek 290,giyim
Mavi Haki Gömlek Regular Fit / Normal Kesim 0210668-8069,giyim
AC&Co / Altınyıldız Classics Erkek Beyaz Slim Fit Dar Kesim Gizli Düğmeli Yaka Keten Görünümlü %100 Pamuk Flamlı Gömlek 4A202220007,giyim
bombe Slim Fit Erkek Kot Gömlek Buz Mavisi 0014,giyim
Cipo&Baxx Cd319a Siyah Slim Fit Rahat Erkek Jean Kot Pantolon CBJ-CD319A-01,giyim
Avva Yeşil Alttan Britli Yaka Regular Fit Kısa Kol Basic Vual Gömlek E00221,giyim
"SELİN SOYLU Erkek Deri Ayakkabı, Günlük Ayakkabı, Yazlık Ayakkabı , Casual Ayakkabı AX14",giyim
"Ducavelli Fagola Hakiki Deri Erkek Günlük Ayakkabı, Casual Ayakkabı, %100 Deri Ayakkabı, 4 Mevsim 868324951469",giyim
BIG KING Siyah Hakiki Deri Desenli Erkek Klasik Ayakkabı BIGKING0083,giyim
"Ducavelli Royale Hakiki Deri Erkek Günlük Ayakkabı, Casual Ayakkabı, %100 Deri Ayakkabı, 4 Mevsim Ayakkabı 868324950345",giyim
"Ducavelli Stern Hakiki Deri Erkek Günlük Klasik Ayakkabı, Hakiki Deri Klasik Ayakkabı, Derby Klasik 868324952006",giyim
"Ziya , Erkek Hakiki Deri Ayakkabı 131745 560599 Laciver",giyim
"capolloni Siyah Erkek Günlük Deri Ayakkabı,hakiki Deri Ortopedik Erkek Günlük Ayakkabı, Baba Ayakkabısı, Ort ÖZK-",giyim
Sail Lakers Siyah Erkek Klasik Ayakkabı 101-3791-1116,giyim
"Ziya , Erkek Hakiki Deri Ayakkabı 131745 560199 Ku",giyim
"Ziya , Erkek Hakiki Deri Ayakkabı 123423 103 Siyah 103423 10",giyim
Night Shoes Erkek Siyah Hakiki Deri Klasik Ayakkabı ns255756,giyim
Polaris 356449.m3fx Siyah Erkek Klasik Ayakkabı 356449.M3F,giyim
Fast Step Hakiki Deri Kösele Siyah Erkek Klasik Ayakkabı 932ma67 932MA6,giyim
CZ London Hakiki Deri Erkek Klasik Ayakkabı Bağcıklı Derby 61.00,giyim
"Ziya , Erkek Hakiki Deri Ayakkabı 131423 66 Siya",giyim
Fast Step Hakiki Deri Siyah Erkek Klasik Ayakkabı 867ma94 867MA9,giyim
"capolloni Kahverengi Erkek Günlük Deri Ayakkabı, Hakiki Deri Ortopedik Erkek Günlük Ayakkabı, Baba Ayakkabıs ÖZK-",giyim
Lufian Tommy Erkek Deri Ayakkabı Siyah 11123017,giyim
"Ziya , Erkek Hakiki Deri Ayakkabı 13192 16953 Siya",giyim
"Ducavelli Comfy Hakiki Deri Erkek Günlük Ayakkabı, Casual Ayakkabı, %100 Deri Ayakkabı, 4 Mevsim 868324951465",giyim
BIG KING Bağcıklı Siyah Taba Klasik Ayakkabı BIGKING5,giyim
"Ducavelli Enkel Hakiki Deri Erkek Günlük Klasik Ayakkabı, Hakiki Deri Klasik Ayakkabı, Derby Klasik 868324952038",giyim
"SELİN SOYLU Erkek Hakiki Deri Ayakkabı, Günlük Ayakkabı, Yazlık Ayakkabı , Loafer Ayakkabı , Bej A0",giyim
Touz Grandükkan Siyah Oxford Harajuku Tarz Bilek Toka Lolita Ayakkabı 3456765434567765,giyim
Fast Step Hakiki Deri Siyah Erkek Oxford Ayakkabı 095ma4051-1 095MA4051-,giyim
"capolloni Kahverengi Erkek Comfort Deri Ayakkabı Hakiki Deri Ortopedik Erkek Günlük Ayakkabı, Baba Ayakkabısı ÖZK-",giyim
"Ziya , Erkek Hakiki Deri Ayakkabı 131485 3902 2 Laciver",giyim
"Ziya , Erkek Hakiki Deri Ayakkabı 123423 260 Siyah 103423 26",giyim
"Ducavelli Dynamic Hakiki Deri Erkek Günlük Ayakkabı, Casual Ayakkabı, %100 Deri Ayakkabı, 4 Mevsim Ayakkabı 868324950253",giyim
Kemal Tanca Erkek Derı Klasik Ayakkabı 183 9965 P Erk Ayk 183 9965 P ERK AY,giyim
"Ziya , Erkek Hakiki Deri Ayakkabı 123423 58 Laciver",giyim
"Ziya , Erkek Hakiki Deri Klasik Ayakkabı 123985 429 Siyah 111985 42",giyim
Fast Step Hakiki Deri Siyah Erkek Klasik Ayakkabı 867ma085duz 867MA085DU,giyim
"capolloni Kahverengi Bağcıksız Comfort Deri Ayakkabı, Hakiki Deri Ortopedik Erkek Günlük Ayakkabı, Baba Ayakka Rpf-0",giyim
Clear Men Kepeğe Karşı Şampuan Cool Sport Menthol Ferahlatıcı Mentol Etkisi 350 ml x3 + 180 ml SET.UNİ.279,kisisel_bakim
Viejo Cadı Fındığı Şampuanı - Saç Dökülmesine Karşı Ve Yeni Saç Oluşumu Sağlayan Onarıcı Akıllı Şampuan VIEJOCDIFINDG,kisisel_bakim
Bic Bıc 3 Hybrid Extra Life Tıraş Bıçağı 12 Kartuşlu 308612335658,kisisel_bakim
Bioxcin Forte Şampuan Tüm Saç Tipleri Için 3x300ml Yoğun Saç Dökülmesi Şampuanı 869743209609,kisisel_bakim
Vichy Dercos Energy Saç Dökülmesi Karşıtı Şampuan 400 ml 333787132224,kisisel_bakim
"Folixir Ince Telli Saçlar Için Hacim, Dolgunluk Ve Parlaklık Veren Kalınlaştırıcı Saç Kremi 300ml ElixirKre",kisisel_bakim
Bioxcin Siyah Sarımsak Şampuan 3x300 Ml - Saç Dökülmesi Şampuanı 868051262919,kisisel_bakim
Axe Erkek Sprey Deodorant Apollo 48 Saat Etkileyici Koku Vücut Spreyi 150 ml X3 Adet SET.UNİ.21,kisisel_bakim
L'oreal Professionnel Serie Expert Absolut Repair Yıpranmış Saçlar Için Onarıcı Altın Maske 250 Ml 347463697532,kisisel_bakim
Bic Flex 5 Sistem Tıraş Bıçağı 1 Sap + 6 Yedek Kartuş Ve Tıraş Çantası 153 010 50806,kisisel_bakim
L'oreal Professionnel Serie Expert Volumetry Ince Telli Saçlar Için Hacim Veren Şampuan 300 ml 347463697418,kisisel_bakim
Rexona Men Clinical Protection Erkek Stick Deodorant Active Fresh 45 ml 869063781147,kisisel_bakim
Farmasi DR. C. TUNA Vitalizing Tüm Saçlar için Canlandırıcı Sarımsaklı Şampuan-500 ml 869013165361,kisisel_bakim
Rexona Men Clinical Protection Erkek Sprey Deodorant Confidence 96 Saat Koruma 150 ml 6878108,kisisel_bakim
Biobotanica Silver Turunculaşma Karşıtı Mor Şampuan 500 Ml MRSPTMRSMP,kisisel_bakim
Kerastase Resistance Reconstruction Bain Force Architecte Yıpranmış Saçlar İçin Onarıcı Şampuan 347463639794,kisisel_bakim
"Nivea Men Deep Dimension Erkek Cilt Bakım Seti,duş Jeli 500 Ml,tıraş Köpüğü,tıraş Sonrası Losyon,roll-on TYC0042369308",kisisel_bakim
Head And Shoulders Ekstra Hacim Kepeğe Karşı Karşı Etkili Şampuan 350 Ml 800654060737,kisisel_bakim
Elseve Hydra hyaluronic 72 Saat Nem Ile Dolgunlaştıran Maske 300ml LORELS05914,kisisel_bakim
Kerastase Densifique Bain Densifique Homme Erkekler Için Yoğunluk Kazandıran Şampuan 250ml 347463640438,kisisel_bakim
"anocin Bitkisel, Parfümsüz, Tuzsuz Sülfatsız Şampuan Saç Dökülmesine Karşı Etkili (anti Hairloss) anosampte",kisisel_bakim
Gillette Mach3 Turbo Tıraş Makinesi +5 Yedek Milli Takım 770201855625,kisisel_bakim
Prozinc Plus Saç Dökülmesine Karşı Etkili Şampuan 3 Al 2 Öde 869758124100,kisisel_bakim
Quality Life Ql Kepek Şampuanı - 17 Aktifli Kepek Karşıtı Şampuan 400 Ml Climbazol Içerikli QLK,kisisel_bakim
Revox X-treme Dökülen ve Geç Uzayan Saçlar İçin E Vitamini Katkılı Özel Bakım Şampuan 2'li Set RXT4002Se,kisisel_bakim
Jovica Parabensiz Dökülme Önleyici Hızlı Uzamaya Yardımcı Anti Hairloss Şampuan 300 ml Made In Italy 868285821742,kisisel_bakim
Prozinc Salicade Egzama Ve Kepek Karşıtı Şampuan 300ml 869758124064,kisisel_bakim
Rexona Antiperspirant Deodorant Clinical Protection Women 150 Ml THTKDNNW102783,kisisel_bakim
Sebamed Alüminyum İçermeyen Roll On Hassas 50 ml 410304090569,kisisel_bakim
"Nivea Men Sandıklı Damat Çeyiz Seti,deodorant,roll On,tıraş Köpüğü,tıraş Sonrası Losyon,duş Jeli 500 ml SET.NVE.83",kisisel_bakim
Sebamed Hergün Şampuan 400 ml 410304016043,kisisel_bakim
Vichy Dercos Anti-Dandruff Kepek Karşıtı Şampuan Hassas ve Kaşıntılı Derisi 200 ml 333787132339,kisisel_bakim
Head And Shoulders Clinical Strength Şampuan 400 ml 370027401,kisisel_bakim
Bic Bıc Flex 4 Tıraş Bıçağı 153 010 888028,kisisel_bakim
"Nivea Men Erkek Sprey Deodorant Black&white Invisible 48 Saat Anti-perspirant Koruma, 150ml X5 Adet SET.NVE.77",kisisel_bakim
Motto Plus Professional Tuzsuz ve Yağ Dengeleyici Şampuan 400 ml 868270429210,kisisel_bakim
Head And Shoulders Ipeksi Yumuşaklık 2'si 1 Arada Kepeğe Karşı Etkili Şampuan 350 Ml 800654060740,kisisel_bakim
Head And Shoulders Limon Ferahlığı Kepeğe Karşı Etkili Şampuan 350 ml 800654060719,kisisel_bakim
Slazenger Deodorant Active Sport 150ml(yeşil) 869058700115,kisisel_bakim
Softto Plus Saç Siyahlaştırıcı Şampuan 350 ml 868054017085,kisisel_bakim
Softto Plus Saç Siyahlaştırıcı Şampuan 350 Ml 415,kisisel_bakim
Estaqua Naturel Soaps Dolgunlaştırıcı Hacim Veren Aloevera Katı Şampuan - Bitkisel Keratinli Tuzsuz Saç Bakım Şampuanı EstKS-YÇA,kisisel_bakim
"Nivea Men Deep Dimension Damat Çeyiz Seti Duş Jeli,tıraş Jeli&tıraş Sonrası Losyon,deodorant 150ml,roll On SET.NVE.82",kisisel_bakim
OGX Güçlü Nemlendirici Ve Canlandırıcı Argan Oil Of Morocco Sülfatsız Şampuan 385ml 3424520,kisisel_bakim
INCIA Doğal Beyazlatıcı Roll-on Deodorant Whitening 50ml 868151109079,kisisel_bakim
Slazenger Erkek Gold Deodorant 3'lü Set ADELTZ3,kisisel_bakim
Avon Individual Blue Deodorant Rollon 3lü Set 868129898090,kisisel_bakim
Restorex Sıvı Saç Kremi Sağlıklı Uzama Etkili 200 ml 868051260768,kisisel_bakim
dp Daily Perfection Daily Perfection Pamuk Sütü Buğday Proteini 500 Ml Tuzsuz Şampuan 06D083,kisisel_bakim
Clear Men Kepeğe Karşı Etkili Şampuan Legend By CR7 Cristiano Ronaldo 350 ml x3 Adet SET.UNİ.278,kisisel_bakim
Clear Men Kepeğe Karşı Etkili Şampuan Yoğun Arındırıcı Kömür Ile 350 Ml X3 Adet SET.UNİ.278,kisisel_bakim
Axe Erkek Deodorant Sprey Dark Temptation 150 ml 869063798149,kisisel_bakim
Morfose Milk Theraphy Şampuan 1000 ml 868067883771,kisisel_bakim
Gliss Ultimate Oil Elixir Besleyici Şampuan 360 ml 6'lı SET.HNKL.201,kisisel_bakim
Softto Plus Beyaz Saçlar Için Koyu Kestane Şampuan 0,kisisel_bakim
Kerastase Specifique Bain Divalent Yağlanma Karşıtı Şampuan 250ml ZO101002125,kisisel_bakim
Eyüp Sabri Tuncer Doğal Argan Yağlı Şampuan 600 ml Pet Şişe 8154,kisisel_bakim
Syoss Curl Me Bukle Belirginleştirici Şampuan 500 ML 2'li SET.HNKL.219,kisisel_bakim
HC Care Şampuan Normal Ve Kuru Saçlar Için - 340 Ml. 3405,kisisel_bakim
dp Daily Perfection Tuzsuz Şampuan Çam Terebentin 800 ml dp5,kisisel_bakim
Gillette Blue3 Kullan At Tıraş Bıçağı 12'lı 563742734,kisisel_bakim
"L'oreal Professionnel Serie Expert Soğuk Sarılar Için Mor Şampuan Seti,silver 750ml X2 3474636975730S",kisisel_bakim
OGX Güçlü Nemlendirici Ve Canlandırıcı Argan Oil Of Morocco Sülfatsız Şampuan 385ml 3424520,kisisel_bakim
L'oreal Professionnel Serie Expert Absolut Repair Yıpranmış Saçlar Için Onarıcı Altın Maske 250 Ml 347463697532,kisisel_bakim
Gliss Intense Therapy Şampuan 500 Ml + Saç Kremi 360 Ml + Sıvı Saç Kremi 200 Ml + Saç Açıcı Tarak SET.HNKL.913,kisisel_bakim
Bioblas Saç Dökülmesine Karşı Hacim Şampuan 360 ml - İnce ve Hacimsiz saçlar için 1417,kisisel_bakim
Axe Erkek Deodorant & Bodyspray Black 48 Saat Etkileyici Koku Vücut Spreyi 150 ml X3 Adet SET.UNİ.22,kisisel_bakim
dp Daily Perfection Pamuk Sütü Ve Buğday Özlü Şampuan 800 Ml. 2 Li Set SAMPUAN0001-,kisisel_bakim
dp Daily Perfection Bio Barrier Şampuan Kepek Önleyici 500ml 81069,kisisel_bakim
Pantene Pantene 3 Dakikada Mucize Onarıcı Ve Koruyucu Bakım Saç Kremi 200 Ml 3434612,kisisel_bakim
Farmasi Dr.C. Tuna Vıtalızıng Sarımsaklı Şampuan 500 ml x 2 Adet 1108062,kisisel_bakim
Naturix Kepeğe Karşı Sülfatsız Isırgan Otu Özlü Şampuan 2 X600ml + Kokusuz Siyah Sarımsak Şampuanı 2 X 600ml 86974472931519,kisisel_bakim
Elseve Hydra hyaluronic 72 Saat Nem Ile Dolgunlaştıran Maske 300ml LORELS05914,kisisel_bakim
Bic Banyo Body Tıraş Bıçağı 12'li Poşet 308612660647,kisisel_bakim
L'Oreal Paris Men Expert Invincible Anti Perspirant Yüksek Koruma Erkek Roll On 50 ml 3'lü Set PKTINACPYKESONUS,kisisel_bakim
Zigavus 300 ml Forte 3 Al 2 Öde Şampuan Kuru Ve Normal 869934913937,kisisel_bakim
Gillette Mach 3 Start Tıraş Makinesi + 3'Lü Yedek Tıraş Bıçağı 770201846400,kisisel_bakim
Revox At Kuyruğu Şampuan 400 ml X 2 Adet RAKS400,kisisel_bakim
Clear Men Kepeğe Karşı Etkili Şampuan Saç Dökülmesine Karşı Kahve Çekirdeği Özü 350 Ml X3 + 180 Ml SET.UNİ.279,kisisel_bakim
Krijen Rhassoul Kili & Adaçayı Katı Şampuan 100 Gr KŞ009RHA,kisisel_bakim
Bioblas Organic Oils Şampuan 360 Ml Sarımsak Özlü X 2 Adet 8680512600022,kisisel_bakim
Rexona Clinical Protection Shower Cream Stick Deodorant 45 Ml P3494S250,kisisel_bakim
Gillette Blue3 Comfort Tıraş Bıçağı 16 Adet jilet1,kisisel_bakim
Bioxcin Forte Şampuan 3'lü Set 2 Adet 965,kisisel_bakim
Gillette Blue 3 Comfort Tıraş Bıçağı 9 + 3 770201849062,kisisel_bakim
Tereson Terleme Önleyici Sprey 50 ml + Krem Deodorant Gümüş Iyonlu 40 ml TRSDEOSPRE,kisisel_bakim
Clear Men Kepeğe Karşı Etkili Şampuan Hızlı Stil 2'si 1 Arada Kolay Şekil Alan Saçlar 350 Ml X3 Adet SET.UNİ.278,kisisel_bakim
Elseve Hydra [hyaluronic] Nem Dolduran Şampuan 390 Ml 3'lü Set PKTHYDRAŞM,kisisel_bakim
EXTRAHAİR Saç Dökülmesine Karşı Bitkisel Şampuan EXTR100000,kisisel_bakim
Axe Erkek Deodorant & Bodyspray Dark Temptation 48 Saat Etkileyici Koku Vücut Spreyi 150 ml X3 Adet SET.UNİ.13,kisisel_bakim
Yves Rocher Saç Oluşumunu Destekleyen ve Dökülmeyi Engelleyen Şampuan 300 ml 6825,kisisel_bakim
Bioxcin Quantum Şampuan 3 Al 2 Öde Yağlı Saçlar Için 3x300 Ml - Ince Telli Saçlar Için Dökülme Şampuanı 868051262551,kisisel_bakim
Restorex Saç Dökülmesine Karşı Ekstra Direnç Şampuan 1000 ml 2 Adet 2_SAC_DOKULM,kisisel_bakim
Rexona Men Erkek Roll On Deodorant Invisible On Black White Clothes 50 ml X2 Adet SET.UNİ.45,kisisel_bakim
Clear Men Kepeğe Karşı Etkili Şampuan Cool Sport Menthol Ferahlatıcı Mentol Etkisi 350 Ml X3 Adet SET.UNİ.278,kisisel_bakim
"Nivea Kadın Sprey Deodorant Fresh Cherry, 48 Saat Anti-perspirant Koruma, 150 ml X3 Adet, SET.NVE.45",kisisel_bakim
Bic Bıc 3 Hybrid Extra Life Tıraş Bıçağı 12 Kartuşlu 308612335658,kisisel_bakim
Blendax Saç Dökülmelerine Karşı Isırgan Özlü Şampuan 500 Mlx 3 Adet SET.HNKL.221,kisisel_bakim
DERINEX Çay Ağacı Yağı Isırganlı Şampuan Kepek Ve Egzema Karşıtı UZUNSAMPO,kisisel_bakim
Bic Flex 5 Sistem Tıraş Bıçağı 1 Sap + 6 Yedek Kartuş Ve Tıraş Çantası 153 010 50806,kisisel_bakim
Bioxcin Quantum Şampuan 3 Al 2 Öde Kuru Normal Saçlar Için 3x300 Ml Ince Telli Saçlar Için Dökülme Şampuanı 868051262549,kisisel_bakim
Bic Flex 5 Hybrid Yedek Tıraş Bıçağı Kartuşu 4'lü Kutu (5 Bıçak) 153 010 92117,kisisel_bakim
Morfose Milk Theraphy Maske 500ml 491178,kisisel_bakim
sachpoınt Brezilya Fönü Keratini Botox Saç Düzleştirici Ve Tuzsuz Şampuan 2li Set 170ml SCPNTKRNTNST2MN,kisisel_bakim
L'oreal Professionnel Serie Expert Absolut Repair Yıpranmış Saçlar Için Onarıcı Maske 250 ml 347463697103,kisisel_bakim
Tereson Terleme Önleyici Sprey 50 ml +gümüş Iyon Korumalı Krem Deodorant + Koku Karşıtı Ayak Bakım TERESON,kisisel_bakim
Kerastase Elixir Ultime Le Bain Parlaklık Veren Şampuan 250ml 347463661410,kisisel_bakim
Driclor Terleme Karşıtı Roll On 20 ml MIK0016,kisisel_bakim
Gillette Blue3 Hibrid Tıraş Makinesi + 9 Yedek Bıçak HYBRI,kisisel_bakim
Farmasi Stay Fresh Deo Roll On Day Cantrol 200140,kisisel_bakim
Gliss Supreme Length 500 Ml + Saç Kremi 360 Ml + Sıvı Saç Kremi 200 Ml SET.HNKL.235,kisisel_bakim
Krijen Argan & Lavanta Katı Şampuan 100 G,kisisel_bakim
Head And Shoulders Derinlemesine Nemlendirici Kepeğe Karşı Karşı Etkili Şampuan 350 Ml 800654060728,kisisel_bakim
Garage Organics Leave-in Treatment No.2 Durulanmayan Sprey Saç Kremi 81448702192,kisisel_bakim
Gliss Splıt Haır Mıracle Sıvı Saç Kremi 200 ml 401510072640,kisisel_bakim
Estaqua Naturel Soaps Onarıcı Bitkisel Keratinli Şampuan- Argan & Shea Yağlı Tuzsuz Katı Şampuan EST-KSA,kisisel_bakim
Kerastase Symbiose Kepek Karşıtı Nemlendirici Hücresel Şampuan 250 ml 347463713569,kisisel_bakim
Elseve Mucizevi Yağ Bakım Şampuan 450ml & Saç Kremi 360 ml & Yıpranmış Saçlar Için Saç Bakım Yağı PKTE6MYS,kisisel_bakim
dp Daily Perfection Pamuk Sütü & Buğday Proteini Şampuan 800 ml dp5,kisisel_bakim
Otacı Naturway Sarımsaklı Şampuan 500 ml 869951201022,kisisel_bakim
Ashley Joy Turunculaşma Karşıtı Mor Şampuan 250 ml AJ.01.00001,kisisel_bakim
Bioxcin Aqua Thermal Ds Yoğun Kepek Karşıtı Şampuan 200 Ml 868051261431,kisisel_bakim
Gliss Schwarzkopf Gliss Ultimate Oil Elixir Yoğun Besleyici Şampuan 360Ml Tr 869057279452,kisisel_bakim
L'oreal Professionnel Serie Expert Vitamino Color Renk Koruyucu Şampuan 500 Ml 347463697595,kisisel_bakim
Dexe Black Hair Shampoo Saç Siyahlaştırıcı Şampuan Seti 200ml 200ml EBR24,kisisel_bakim
Bittox Bit Spreyi 100 Ml + Tto Şampuan Hediyeli MIK003,kisisel_bakim
Motto Plus Professional Güçlendirici Ve Onarıcı Protein Şampuan 400 Ml 868270429214,kisisel_bakim
Bioblas Pytokeratin Kuru Ve Yıpranmış Saçlar Için Şampuan 1000 Ml X 2 Adet yoncem50,kisisel_bakim
Gillette Fusion ProGlide Yedek Tıraş Bıçağı 8'li 770201808554,kisisel_bakim
"Nivea Men Fresh Active Erkek Sprey Deodorant 150 ml X2 Adet,48 Saat Anti-perspirant Koruma SET.NVE.09",kisisel_bakim
Head And Shoulders Dermaxpro Onarıcı Kepek Karşıtı Şampuan Kuru Saç Derisi Için 350 ml 100221410-4077,kisisel_bakim
Sebamed Hergün Kullanım Şampuan 1000 ml Büyük BO,kisisel_bakim
Gliss Color Perfector Renk Koruyucu Şampuan 500 Ml X 6 Adet SET.HNKL.230,kisisel_bakim
Gliss Intense Therapy Yeniden Yapılandırıcı Şampuan 500 ml 6'lı SET.HNKL.211,kisisel_bakim
Pantene 3'ü 1 Arada Temel Bakım Şampuan 400 Ml 6 Adet 270,kisisel_bakim
Elseve Hydra [hyaluronic] Nem Dolduran Şampuan 390ml 360052406313,kisisel_bakim
Old Spice Bearglove Erkek Deodorant Stick 50 ml NRNTGTSHPMKD701542,kisisel_bakim
OGX Yıpranma Karşıtı Coconut Miracle Oil Sülfatsız Şampuan 385 ml 2279697220,kisisel_bakim
Yves Rocher Saç Oluşumunu Destekleyen ve Dökülmeyi Engelleyen Saç Kremi - 200 ml 9233,kisisel_bakim
Nivea Men Erkek Roll On Deodorant Black&White Invisible Güçlü Etki 50 ml 48 Saat Anti-Perspirant Koruma 8809,kisisel_bakim
SUHOSHOP Orbis Şampuan Bıttım Yağlı 700 Ml orbissampuanbıttı,kisisel_bakim
INCIA Incıa Doğal Hassas Ciltler Için Roll-on Deodorant Sensitive 50ml 868151109080,kisisel_bakim
Clear Men Kepeğe Karşı Etkili Şampuan Maksimum Ferahlık Yağlı Saç Derisi Için Limon 350 Ml X3 Adet SET.UNİ.278,kisisel_bakim
dp Daily Perfection Karanfil Özlü 500 Ml Tuzsuz Şampuan dpkaranfi,kisisel_bakim
HC Care Şampuan Yağlı Saçlar Için - 340 Ml. 3406,kisisel_bakim
Naturix Tuzsuz Şampuan Saç Dökülme Önleyici Şampuan + Saç Maskesi Saç Çıkarıcı Siyah Sarımsak Özü Set 86974472981,kisisel_bakim
Farmasi Dr.c.Tuna Vıtalızıng Sarımsaklı Şampuan 500 ml 3 Adet 1108062,kisisel_bakim
Dr. EA Laboratories Saç Dökülmesine Karşı Bitkisel Şampuan (kepek Önleyici) 300ml DREA-0001,kisisel_bakim
Garnier 5'li Garnier Mineral Termal Koruma Sprey Deodorant Seti 3600541928848,kisisel_bakim
VALENTINES PROFESSIONAL Hızlı Uzama Yoğun Bakım 19 Doğal Bitki Özü Içeren Yılan Yağı Şampuan Premium Series 500ml vlntns00,kisisel_bakim
Kerastase Chroma Absolu Bain Riche Boyalı Saçlar İçin Besleyici Ve Koruyucu Şampuan 250ml Chromaabsol,kisisel_bakim
Aqua Di Polo 1987 Omodeo Ve Gran Paradiso Jungle Deodorant Seti Stcc004201 STCC00420,kisisel_bakim
Vichy Dercos Energisant Saç Dökülmesi Karşıtı Şampuan 200 ml 333787131129,kisisel_bakim
"Alpecin Coffein Kafein Şampuan C1, 250ml 400866621118",kisisel_bakim
"Nivea Men Sandıklı Damat Çeyiz Seti,deodorant,roll On,tıraş Köpüğü,tıraş Sonrası Losyon,duş Jeli 500 ml SET.NVE.83",kisisel_bakim
Vichy Dercos Densi-Solutions Saç Dolgunlaştırıcı ve Yoğunlaştırıcı Şampuan 400 ml 333787570052,kisisel_bakim
"Nivea Men Erkek Sprey Deodorant Black&white Invisible Fresh 150ml,48 Saat Anti-perspirant Koruma 400590037820",kisisel_bakim
Fitness Professional Silver Mor Şampuan Gri Beyaz Platin Sarı Saçlara Uygun 750 ml DS234543,kisisel_bakim
Doris Çay Ağacı Yağı Özü Şampuan 2 Li Paket DORİS ÇAY AĞACI YAĞI 2 Lİ FIRSAT PAKE,kisisel_bakim
Igora Royal 0.22 Turuncu Azaltıcı - 20 Vol. Oksidan + Eldiven Hediyeli 368918094,kisisel_bakim
Gliss Gliss Million Gloss Yoğun Parlaklık Veren Şampuan 500 ml 6'lı SET.HNKL.207,kisisel_bakim
L'Oreal Paris Men Expert Cool Power Anti Perspirant Serinletici Etki Erkek Sprey Deodorant 150ml PONTEMMEN4,kisisel_bakim
Gliss Split Hair Miracle Şampuan 500 Ml X 6 Adet SET.HNKL.244,kisisel_bakim
Yves Rocher Kepek Önleyici Şampuan - 300 ml 6830,kisisel_bakim
Naturix Kepeğe Karşı Etkili Isırgan Otu Özlü Bakım Şampuanı Isırgan Otlu Şampuan 600 ml 869744729315,kisisel_bakim
Davines Nourishing Yıpranmış Kuru Saçlara Şampuan 250 ml 8004608269113 DVN-7115,kisisel_bakim
Concept Beauty Şampuan - Doğal Şampuan - Onarıcı Ve Yapılandırıcı - Tuzsuz-sülfatsız Şampuan ( 240 ml ) CB00,kisisel_bakim
Kerastase Nutritive Bain Magistral Aşırı Kuru Saçlar Için Yoğun Nem Veren Besleyici Şampuan 250ml 347463638240,kisisel_bakim
Gliss Supreme Length Sıvı Saç Kremi 200 Ml X 3 Adet SET.HNKL.253,kisisel_bakim
"Pantene Uzun Ve Güçlü Şampuan, Bambu Ve Biyotinli, 400 ml x 3 Adet 9887655",kisisel_bakim
Bic Flex 5 Hybrid Erkek Tıraş Bıçağı 1 Sap + 2 Başlık 5 Bıçak 153 010 92138,kisisel_bakim
Axe Erkek Deodorant & Bodyspray Epic Fresh 48 Saat Etkileyici Koku 150 Ml X3 SET.UNİ.296,kisisel_bakim
Nivea Men Erkek Roll On Deodorant Black&White Invisible Güçlü Etki 50 ml 48 Saat Anti-Perspirant Koruma 8809,kisisel_bakim
Siberian Wellness Biberli Şampuan- 41770,kisisel_bakim
Gillette Satin Care Tıraş Jeli Kuru Ciltler 200 ml 563742736,kisisel_bakim
Ducray Kelual Ds Şampuan 100 Ml 328277936128,kisisel_bakim
Revox Saç Dökülmesine Karşı Men Şampuan 400 Ml X 2 Adet men272,kisisel_bakim
Blade Cooler Erkek Deodorant 6x150ml 506618-,kisisel_bakim
Komili Şampuan Yeni Zeytinyağlı Kuru Ve Yıpranmış Saçlar 500 Ml 869740478250,kisisel_bakim
Deribond Spor Erkek Kemer Kot Ve Kanvas Için Uygun dkşderi4cm,giyim
EDS DERİ ÜRÜNLERİ 2'li Erkek Klasik Kemer 000,giyim
Deribond Erkek Kemer Kot Ve Kanvasa Uygun dkşderi4cm,giyim
Deribond 3 Adet Erkek Deri Kemer 3lü KLASİ,giyim
Deribond 3 Adet Erkek Kemer Kot Ve Kanvasa Uygun KOTDES 3LL,giyim
Wexta Wx-pp10 Şeker Pembe Büyük Boy Pp Polipropilen Kırılmaz Valiz WX-300 Büyük boy Pemb,giyim
EDS DERİ ÜRÜNLERİ 3'lü Erkek Spor Kemer 111,giyim
MARQUE SOSYETHEPAZARI Erkek Deri Kot Ve Kanvas Pantalonlara Uygun Kemer SUNİKEMERMARQU,giyim
William Polo Williampolo Italyan Siyah Hakiki Deri 110 Cm Erkek Kemer kemersiyah110-11,giyim
ÇÇS Ccs 5208 Trolley Orta Boy Valiz ÇÇS_5208_,giyim
Bosskan Hakiki Manda Deri Kot Pantolon Kemeri 4 Yıl Garantilidir Gpmax4,giyim
Esgue Kol Düğmesi Kravat Mendil Hediye Seti ST00083es,giyim
Gutiero Erkek Siyah Desenli Slim Kravat KK7-13,giyim
HSR Elegant Abs Kabin Boy Ve Makyaj Boy 2 Li Valiz Seti 603-model-KABİN+MAKYAJ-2-Lİ-VALİZ-SET,giyim
Fossil Fsy1223-l Siyah Unısex Büyük Boy Valiz MPFSY1223-,giyim
Gutiero Gri Desenli Klasik Kravat Mendil Set KK7-37,giyim
Gutiero %100 hakiki deri 4 Cm Siyah Erkek Kemer DK-02,giyim
Derideposu Erkek Siyah Spor Kot Kemer - Orijinal Kutulu DDKEME,giyim
National Geographic N-2001 Büyük Boy Valiz N-2001 75 CM-ST,giyim
BLC Basic Line Co. Siyah Renk Lastikli Hazır Bağlanmış 6 Cm Genişliğinde Armürlü Kravat BLC00011,giyim
Esgue Kol Düğmesi & Kravat & Mendil Hediye Seti ST00106,giyim
MÇS Polipropilen 2'li Valiz Seti Orta & Makyaj V305 S21YY1000074-SE,giyim
Deribond 3 Adet Erkek Kemer Kot Ve Kanvas Kemeri EFKDSNSYHKHVHAK,giyim
Deribond 3 Adet Erkek Klasik Kemer 3lü KLASSİ,giyim
NO.ONEPAUL Hakiki Deri Metal Tokalı Erkek Kemer nopaul00,giyim
Bambus 3'lü Tekerlekli Valiz & Bavul Seti 4 Teker BMBS246,giyim
Tudors Erkek Pantolon Askısı PASK141-73,giyim
GBAG Hisar Abs Küçük Orta Büyük Boy 3'lü Gold Valiz Seti G BAG GOLD 3-LÜ VALİZ SET,giyim
Elegante Cravatte Siyah Extra Slim Ince Mat Kravat Ve Cep Mendili SLMFT0,giyim
Deribond Spor Erkek Kemer Kot Ve Kanvas Için KOL SİYA,giyim
BLC Basic Line Co. Siyah Renk Armürlü Papyon Kadın BLC00012,giyim
Esgue A Harfli Kol Düğmesi & Siyah Kravat & Mendil Kutulu Hediye Seti ESG500KOD100,giyim
Gutiero Erkek Deri Kemer 3'lü Siyah Kahverengi Lacivert Dikişli 4 Cm DK-03,giyim
William Polo Williampolo Hakiki Deri Tokalı Lüks Erkek Kemer wlspl-00,giyim
ELATAE 4'lü Valiz Seti Valiz Büyük - Orta - Kabin Boy Ve Makyaj 1020 4'lü-Valiz-Büyük-Orta-Kabin-Makya,giyim
VANİLLA Erkek Siyah Deri Kot Pantolon Kemeri Vanil45,giyim
Hatemoğlu Saks Mavi Desenli Üçlü Kravat Mendil Yaka Rozeti Set TYC0071758622,giyim
William Polo Italyan Siyah Hakiki Deri 120 Cm Erkek Kemer kemer120-12,giyim
EDS DERİ ÜRÜNLERİ 2'li Erkek Klasik Kemer 000,giyim
Gutiero Bordo Desen Klasik Kravat Mendil Set KK7-36,giyim
DeepSea Siyah Erkek Lastikli Gömlek Tutucu - Tutacağı 638,giyim
E-LİFE HOME Derili Kulplu Pratik Ayakkabı Seyahat Valiz Çantası VLZ-0,giyim
Gutiero Kahverengi Desenli Klasik Kravat Mendil Set KK7-38,giyim
Fiyaka Nil-01 Unısex Havlu Kumaş Hostes Valiz Seyahat Tatil Spor Hastane Çok Gözlü El Ve Omuz Çantası Kabin 22ubyh008,giyim
Gutiero Erkek Deri Kemer 3'lü Siyah Taba Lacivert Dikişli 4 Cm DK-03,giyim
William Polo Williampolo Italyan Hakiki Deri 115cm Erkek Kemer 115cmkeme,giyim
"BDZ DERİ % 100 Hakiki,gerçek Düz Deri Kemer ; Kumaş, Keten Ve Kanvasa Uygundur 3,2 Cm BDZ35",giyim
Tudors Erkek Kemer KM210003-15,giyim
Bobo Küçük Boy (KABİN BOY) Plastik Valiz 4 Tekerli Uzun Çekme Kollu E-VALİZ-,giyim
Deribond 3 Adet Erkek Klasik Kemer 3lü KLASSİ,giyim
NorthPars Seyahat Çantası Valiz Geniş Ebat Battal Boy Bavul Hurç Çeyiz Eşya SVXK01,giyim
Kiğılı Klasik Rugan Kemer 20176,giyim
BLC Basic Line Co. Siyah Renk Saten Damatlık Kuşak Papyon Mendil Seti Smokin Kemeri BLC00011,giyim
Polo Sky Elmas Model Pembe Renk Orta Boy Valiz Bavul ELMSPMBORT,giyim
Gambocci Siyah Düz Saten Ince Kravat GMBSTNINCE,giyim
Wexta Wx-400 Bordo 3'lü Set Valiz wx-400,giyim
KAFF Albatros Cap Polo’s Unisex Turuncu 4 Teker Pp Kırılmaz Dayanıklı Orta Boy Valiz & Bavul KAFF0508,giyim
Tudors Erkek Kemer KM210002-20,giyim
William Polo Italyan Hakiki Deri Siyah 120 Cm Erkek Kemer kemer0011-12,giyim
MIPEK Otomatik Tokalı Deliksiz 100 % Hakiki Deri Kemer Freng,giyim
BLC Basic Line Co. Ekstra Ince Gümüş Gri Renk Düz Slim Fit 4 Cm Genişliğinde Kravat Mendil Seti Slim Fit Dar BLC00011,giyim
National Geographic Ng-tr 01 Büyük Boy Haki Çekçekli Sert Valiz N-2001 75 CM-ST,giyim
KAFF Ekonomik Bbs Unisex Siyah Krılımaz Suya Dayanıklı Tekerlekli 2'li Valiz&bavul Seti KF0538,giyim
BLC Basic Line Co. Lacivert Renk Düz Papyon BLC00012,giyim
Wexta Wx-300 Mint Yeşili Orta Boy Valiz WX-300 Mint Yeşili Ort,giyim
Esgue Siyah Kol Düğmesi & Kravat & Mendil Kutulu Hediye Seti ESG300HES102,giyim
ESCAPE 203 Siyah Büyük Boy Körüklü Tekerlekli Seyahat Çantası ANL Escape 203 - 12,giyim
William Polo Williampolo Hakiki Lüks Sığır Deri Taba Gümüş Tokalı Erkek Kemer WLA-00,giyim
Esgue Yaprak Kol Düğmesi & Kravat & Mendil Kutulu Hediye Seti ESG300HES106,giyim
Parscraft Hakiki Süet Deri Erkek Kemer Taba 4 Cm 1O4SÜETST,giyim
Hatemoğlu Siyah Basic Micro Saten Ikili Kravat Mendil Set 26182022C00,giyim
Gutiero Pembe Desenli Klasik Kravat Mendil Set KK7-40,giyim
Deribond Trendyol'a Özel Fiyat 3 Adet Kemer Kot Veya Kanvas Için Uygundur. GRİ3LÜKOB,giyim
Polo Sky Elmas Model Siyah Renk Büyük Boy Valiz Bavul ELMASSYHBUYU,giyim
Reflex Flex Beyaz Pudrasız Eldiven 100 Lü S Beden 65281,giyim
BLC Basic Line Co. Lacivert Renk Lastikli Hazır Bağlanmış 6 Cm Genişliğinde Armürlü Kravat BLC00011,giyim
NAKISCI Kadın Erkek Siyah Ikili Tek Parmak Kolluk Eldiven Esnek 2022 Ilkbahar-yaz Nks00,giyim
Altınyıldız Classics Erkek Siyah Desenli Kemer 4A242310000,giyim
Kravatistan Bordo Kiremit Kırmızı Mor Kravat Mendil Seti 4K01176,giyim
"Parscraft Hakiki Manda Derisi Erkek Kemer 3,5 Cm Siyah Klasik Kumaş Pantolon Kemeri 35TPCST",giyim
Altınyıldız Classics Erkek Siyah Casual Kemer 4A242310020,giyim
Polo Sky Elmas Model Siyah Renk Kabin Boy Valiz Bavul ELMASSYHKB,giyim
Gutiero %100 hakiki deri 4 Cm Siyah Erkek Kemer DK-02,giyim
Bosskan Büyük Beden Erkek 100 % Hakiki Deri Kemer 4 Yıl Garantilidir Gpmaxbatta,giyim
Elegante Cravatte Lacivert Renk Pamuklu Kumaş Kravat Ve Mendil ELGPMK3,giyim
Boris Becker Koyu Kahve Renk Örgü Deri Kemer 82fc-67,giyim
National Geographic Ng-tr 01 Unisex Siyah Çekçekli Kabin Boy Sert Valiz 50577953,giyim
BENE Unisex Abs Sert Kabuk Tekerlekli Büyük Boy Valiz Bavul PRA-8099371-53856,giyim
BLC Basic Line Co. Lacivert Renk Armürlü Papyon BLC00012,giyim
Polo Sky Elmas Model Pembe Renk Orta Boy Valiz Bavul ELMSPMBORT,giyim
BLC Basic Line Co. Ekstra Ince Siyah Renk Düz Slim Fit 4 Cm Genişliğinde Kravat Mendil Seti Slim Fit Dar BLC00011,giyim
Gutiero Kahverengi Noktalı Klasik Kravat Mendil Set KK7-38,giyim
Gutiero Siyah Desenli Klasik Kravat Mendil Set KK7-36,giyim
Esgue Taşlı Kol Düğmesi & Kravat & Mendil Erkek Hediye Seti ESG300HES105,giyim
Gutiero Kırmızı Papyon Saten PK02,giyim
Gutiero Kahverengi Desenli Klasik Kravat Mendil Set KK7-36,giyim
Fossil Unisex Kumaş Büyük Boy Valiz fsl010by,giyim
Pierre Cardin Erkek %100 Deri Kemer Cüzdan Kartlık Set Takim Damat Çeyiz Seti - Cüzdan Set TYC0013230775,giyim
"Parscraft Hakiki Manda Derisi Erkek Kemer 4,5 Cm Siyah Kot Pantolon Spor Kemer 1O45ST",giyim
Elegante Cravatte Lacivert Renk Armürlü Oxford Desen Kravat Ve Mendil KD05,giyim
Deribond Erkek Kemer Kot Ve Kanvas Pantolona Uygun dkşderi4cm,giyim
ÇÇS 5208 3'lü Abs Valiz Seti 5208-ST,giyim
Kiğılı Spor Kemer 5712,giyim
William Polo Williampolo Italyan Hakiki Deri Siyah 125 Cm Erkek Tokalı Kemer kemer0025-12,giyim
Wexta Wx-300 Mint Yeşili Kabin Boy Valiz WX-300 Mint Kabi,giyim
BLC Basic Line Co. Ekstra Ince Mürdüm Renk Düz Slim Fit 4 Cm Genişliğinde Kravat Mendil Seti Slim Fit Dar BLC00011,giyim
KASVA DERİ 3.5 Cm Otomatik Deri Kemer KO.600-,giyim
Polo55 .sport.1855 Valiz Içi Düzenleyici Organizer 6 Parça - Luggage Organizer 6 Pcs BavulOrganizer6pc,giyim
BBS Ekonomik Albadora Unisex 4 Tekerlekli 3’lü Set Valiz MALETA-1001ABS-101SY,giyim
Wexta Wx-300 Desenli Mint Yeşili Büyük Boy Valiz Wx-300 Dersenli Min Yeşil,giyim
Gutiero Kahverengi Desenli Klasik Kravat Mendil Set KK7-31,giyim
By Hakan Pl-0180 Büyük Boy Seyahat Valizi Spor Hastane Çantası El Omuz Annebebek Çantası Valiz 21UBYH007,giyim
Gutiero Siyah Bordo Desenli Klasik Kravat Mendil Set KK7-39,giyim
Gutiero Siyah Büyük Papyon Saten PK02,giyim
Elegante Cravatte Bordo Lacivert Renklerde Pamuklu Kumaş Kravat Ve Cep Mendili ELGPMK2,giyim
Altınyıldız Classics Erkek Siyah Desenli Kemer 4A242310000,giyim
NEKİBUKİ Askı Papyon Takımı AZ01,giyim
Gutiero Bordo Desenli Klasik Kravat Mendil Set KK7-36,giyim
Frank Martin Erkek Saat Cüzdan Kemer Hediye Seti 20-004 FRNKTN2021,giyim
Gutiero Sarı Desenli Klasik Kravat Mendil Set KK7-36,giyim
Fossil Fsy1223-m Füme Unısex Orta Boy Valiz MPFSY1223-,giyim
Carat Home Metalik Dolap Içi Akıllı Krom Askı Pantolon Askısı CRT003,giyim
Elegante Cravatte Bordo Renk Armürlü Desen Kravat Ve Mendil Seti KD03,giyim
Elegans Giyim Aksesuar Siyah Lastikli Gömlek Tutacağı SLP1209AS,giyim
Deribond Erkek Klasik Erkek Kemer Kumaş Ve Kanvas Pantolonlar Için klasikkm,giyim
Esgue Kol Düğmesi Kravat Mendil Hediye Seti ST00231,giyim
Bambus Home 3'lü Tekerlekli Valiz & Bavul Seti 4 Teker LECHR18,giyim
Kravatistan Yeşil Kravat Mendil Seti 4K01059911,giyim
Wexta Wx-210 Siyah Kabin ( Küçük ) Boy Valiz 210O,giyim
KAF Ekonomik Valiz Seti 284866000,giyim
coaksco Kadın 3'lü Pembe Detaylı Kemer MM00031202,giyim
HSR Elegant Abs Kabin Orta Büyük Ve Makyaj Boy 4'lü Valiz Seti 603-model-4-lü-set,giyim
Kravatistan Siyah Koyu Gri Gri Açık Gri 5 Cm Kravat Mendil Seti Krv-4k014917-set KRV-4k014917-SE,giyim
Kiğılı Klasik Deri Kemer 52665,giyim
BLC Basic Line Co. Siyah Renk Düz Lastikli Hazır Bağlanmış 6 Cm Genişliğinde Kravat BLC00014,giyim
ALM Bloom Store Kırmızı Pantolon Askısı Ve Papyon Takım SDC456H,giyim
istikamet Siyah Delikli Örgü Palaska Jöak Polis Askeri Kemer PRA-2547282-102,giyim
Mavi Kahverengi Deri Kemer 0910389-3216,giyim
Wexta Wx-1001 Mor Renk Kabin ( Küçük ) Boy Valiz Wexta WX-1001 Mor Kabi,giyim
MÇS Polipropilen 2'li Valiz Seti Kabin & Makyaj V305 S21YY1000073-SE,giyim
National Geographic Unisex Ng-tr 01 Orta Boy Haki Çekçekli Sert Valiz N-2001 65 CM-ST,giyim
William Polo Williampolo Italyan Siyah Hakiki Deri 130 Cm Erkek Tokalı Kemer kemer130-13,giyim
Fossil Fsy1223-s Siyah Unısex Kabin Boy Valiz MPFSY1223-,giyim
National Geographic Ng-tr 01 Unisex Haki Çekçekli Kabin Boy Sert Valiz N-2001 55 CM-ST,giyim
Benetton Cool Grey Kabin Boy Valiz Bnta201x Abs BNTA201X-COOL-GREY-2,giyim
BENE Abs Sert Kabuk Orta Boy Valiz Bavul-113vo PRA-8099288-58060,giyim
Deribond Spor Erkek Kemer Kot Ve Kanvas Için Uygun dkşderi4cm,giyim
Skechers M Essential Turtle Neck Jacket Erkek Siyah Mont S202721-00,giyim
Slazenger Squat Erkek Sweatshirt Siyah ST12WE26,giyim
yıldız spor Beşiktas Retro Forma Borussiaswea,giyim
GENIUS Store Erkek Softshell Spor Mont Içi Polarlı Su Ve Rüzgar Geçirmez Cepli Outdoor Combat Mont COMBAT-MNT,giyim
Nespresso F531 Black Gran Lattissima Kapsüllü Kahve Makinesi (siyah) 500.01.01.738,teknoloji_ekipman
Tiranozor Komodo Pro I9 13900k 32gb 1tb Ssd 24gb 384bıt Rtx 6000 W11p KOMODO PR,teknoloji_ekipman
ASUS X415ma-ek741w Notebook 14 Inc 2000003939830,teknoloji_ekipman
Casper Excalibur G870.1245-DFA0X-B Intel Core i5-12450H 32GB RAM 1TB NVME SSD 6GB RTX4050 Freedo,teknoloji_ekipman
Casper Nirvana C500.1235-BV00X-G-F Intel Core i5-1235U 16GB RAM 500 GB NVME SSD Freedo,teknoloji_ekipman
"Apple iPad Pro 5. Nesil 128 GB 12.9"" Wi-Fi Uzay Grisi Tablet (Apple Türkiye Garantili) MHNF3TU/",teknoloji_ekipman
MSI Cyborg 15 I5-12450h 16gb 1tb Ssd Rtx4060/8gb 144hz 15.6 Fhd Fdos A12vf-077xtr A12VF6,teknoloji_ekipman
Casper Excalibur G911.1180-bv60x-c Intel Core I7-11800h 16gb Ram 500gb Nvme Ssd 6gb Rtx3060 Freedos G911.1180-BV60X-,teknoloji_ekipman
Philips Hd7768/80 Filtre Kahve Makinesi HD7768/8,teknoloji_ekipman
omix X600 Nfc 128 Gb - 12 Gb Ram (6gb Ram + 6gb Vram) - 5000 Mah TYC0074116296,teknoloji_ekipman
Techmaster Type-c Usb 3.1 Den 4 Adet Usb 3.0 Hub Otg Çoğaltıcı Adaptörü C809 c809-type-,teknoloji_ekipman
Xiaomi 13 Lite 256 Gb 8 Gb Ram Siyah Cep Telefonu ( Türkiye Garantili) 2210129SG(8/256,teknoloji_ekipman
Destroy Intel Core I9 10900 16gb 2tb + 500gb Nvme Ssd Uhd Graphics 630 Hazır Sistem I9-10250,teknoloji_ekipman
TURBOX Aio260 I5-3470s 16gb Ram 512 Gb Ssd 23.6 Pivot All In One Pc raio-aio260/i5-3470,teknoloji_ekipman
Casper Excalibur G770.1180-bvl0x-b Intel Core I7-11800h 16gb Ram 500gb Nvme Ssd 4gb Rtx3050tı Freedos G770.1180-BVL0X-,teknoloji_ekipman
Teknoloji Gelsin Bluetooth Kulaklık Kulakiçi Powerbankli Çift Mikrofonlu Dokunmatik Kablosuz Kulaklık Earbuds Tws F9-,teknoloji_ekipman
Siemens DW15700 Gizli Damacanalı Su Sebili 5886,teknoloji_ekipman
MSI RAIDER GE78HX 13VH-037TR I9-13950HX 64GB DDR5 RTX4080 GDDR6 12GB 2TB SSD 17.0 QHD+ 240Hz W1,teknoloji_ekipman
Lastvoice Sxc-1099e Şarjlı Çiftli El Telsiz Kablosuz Mikrofon Uhf 2427,teknoloji_ekipman
"Gamepage Pk70 Intel Core I5-650 8gb Ram 256gb Ssd 18,5"" Masaüstü Bilgsayar GMP-PK7",teknoloji_ekipman
Fibaks Iphone 11 Uyumlu Kamera Lens Koruyucu TYC0044185869,teknoloji_ekipman
UnDePlus Dokunmatik Tablet Telefon Kalemi +1 Yedek Uç Renk Geçişli Passive Stylus Bilgisayar Kalem pen10,teknoloji_ekipman
Techmaster Usb 3.0 Dan 4 Adet Usb 3.0 Hub Otg Çoğaltıcı Adaptörü A-809 Uyumlu a809-usb-yen,teknoloji_ekipman
NiiMbot Etiket Yazıcısı Yeşil Taşınabilir Kablosuz Bt Termal Etiket (USB ŞARJLI) TYC0060427143,teknoloji_ekipman
omix X600 128 Gb 4 Gb Ram Mavi Cep Telefonu ( Türkiye Garantili,teknoloji_ekipman
"Dell Vostro 3510 N8004vn3510_u I5-1135g7 8gb 512ssd 15.6"" Fullhd Freedos Taşınabilir Bilgisayar T1724",teknoloji_ekipman
"ASUS Notebook Laptop F515ea-ej3282,fhd Ekran, Intel Core I5-1135g7 Işlemci,ıntel® Uhd Graphics, 8gb F515EA-EJ328",teknoloji_ekipman
"Samsung Es95 16.1 Mp 5x Zoom 2.7"" Lcd Ekran Dijital Fotoğraf Makinesi Mavi Renk Teşhir Ürün es95re",teknoloji_ekipman
"TURBOX MT-L270FHD 27"" 5ms 75Hz 1920x1080px HDMI + VGA Full HD LED Monitör rmt-bimo-turb-exp-mtl270fh",teknoloji_ekipman
Crown Micro Bluetooth 5.0 Sporcu Kulaklık 694114161108,teknoloji_ekipman
10numara A+ Bass Hy Tech Kablosuz Kulak Üstü Bluetooth Kulaklık Tf Kart Aux Girişli Mikrofonlu Wireless KZL-XB.K2,teknoloji_ekipman
IZOLY Asteria I5-750 8gb 128gb Ssd Gt740 4gb Masaüstü Oyun Bilgisayarı ST99860,teknoloji_ekipman
"IZOLY A522 I5-2520m 3.20ghz 8gb 128ssd 24"" All In One Bilgisayar AS0058",teknoloji_ekipman
LG Oxygen Arıtmalı Su Sebili ( Membran Teknolojisi) oxyge,teknoloji_ekipman
Toshiba Taşınabilir Disk - Taşınabilir Harddisk - 2.5'' - 1tb / Usb 3.0 Ve 2.0 CANVİO,teknoloji_ekipman
IDS 4 Kameralı 5mp Lensli 1080p Fullhd Kamera Seti - Gece Görüşlü - Su Geçirmez - Cepten Izle DS-2020HDSET,teknoloji_ekipman
TrkTech Type - C 4 Girişli Usb Çoğaltıcı Type-c To Usb Hub 4 Ports typectrktec,teknoloji_ekipman
Huawei Nova 9 128 Gb 8 Gb Ram (nam-lx9) Akıllı Cep Telefonu TYC0072429533,teknoloji_ekipman
IZOLY Rengar X I5-750 8gb 256gb Ssd Gt740 4gb 22'' Masaüstü Oyun Bilgisayarı ST99860,teknoloji_ekipman
My Coffee My Coffee Wake Up Öğütücülü Filtre Kahve Makinesi OFISMCWAKEU,teknoloji_ekipman
Techmaster Hdmı To Vga Hdmi To Vga Adaptör Ses Çıkışlı Kablolu Dönüştürücü hdmi-to-vga-se,teknoloji_ekipman
Techmaster Macbook Pro Air Için 2x Usb 3.0 Type-c Şarj Hub Adaptör Çevirici 2typechu,teknoloji_ekipman
ASUS Rog Strix G15 G513rm-hf266 16gb Ram 512gb Ssd 6gb Rtx3060 15.6 Inç Fhd 300 Hz Fdos Hf265601 HF26500,teknoloji_ekipman
Techmaster Type-c Usb 3.1 Den 4 Adet Usb 3.0 Hub Otg Çoğaltıcı C809 Füme c809fum,teknoloji_ekipman
"IZOLY M145 I5-560m 4gb 128gb 19"" Masaüstü Bilgisaya",teknoloji_ekipman
Mkey Kablosuz Klavye Mouse Seti Türkçe Q Klavye Sessiz Set Pembe MK-11,teknoloji_ekipman
"HP Elitebook 840 G8 358n6ea I5-1135g7 16gb 256gb Ssd 14"" Wpro 358N6E",teknoloji_ekipman
Vorcom 10.1 Inc 6 Gb Ram 128 Gb Hafıza 1920*1200 Ips Ekran 8 Çekirdek Işlemcili Quartzpro Tablet QuartzProTable,teknoloji_ekipman
Techmaster G-system D015 Stereo Usb Hoparlör Bilgisayar Pc Tablet Notebook TYC0072259928,teknoloji_ekipman
Smart Bags Macbook Air - Macbook Pro 13&13.3 Inç Uyumlu Laptop Sırt Çantası 8648 Smart-Bags-864,teknoloji_ekipman
Ozpack Busıness Staın Orta Laptop Çantası BSD22,teknoloji_ekipman
Üzegül Aksesuar Pro 5 Kablosuz Bluetooth Kulaklık Apple Android Tüm Telefonlar Ile Uyumlu üAmini,teknoloji_ekipman
Leyaton Atari Makinası 82 Ekran 3000 Oyunlu 3d Kartlı Sistem Free Model 82İN,teknoloji_ekipman
Foon Iphone Tüm Serilerle Uyumlu Type-c Hızlı Şarj Aleti Kablosu 2 Metre Iphone 11/12/13/pro/pro Max Usb-C Lightning (2m,teknoloji_ekipman
Bose Quietcomfort 45 Kablosuz Kulaklık Beyaz 866724-020,teknoloji_ekipman
Üzegül Aksesuar 2. Nesil Kablosuz Bluetooth Kulaklık Hızlı Şarj Kablolı ÜaAir2,teknoloji_ekipman
Apple Magic Keyboard Sayısal Tuş Takımlı Kablosuz Q Türkçe Klavye MQ052TQ/,teknoloji_ekipman
Symtech Kulak Içi Kir Temizleme Görüntüleme Endoskop Otoskop Kamera KM4533,teknoloji_ekipman
Micropack Taşınır V5.0 Hıfı Ses Extra Bass Kablolu Kablosuz Bluetooth Hoparlör Çubuk Siyah Speaker Ms-220b mc-cubuk-hoparlo,teknoloji_ekipman
WIWU Mcstorey Laptop Çantası Macbook Air Pro 13inc Deri El Çantası Notebook Kılıfı 00197,teknoloji_ekipman
Zebra Tc21 El Bilgisayar TC210K-01B212-TR / TC210K-01B232-T,teknoloji_ekipman
IZOLY 16gb Ddr4 3200mhz Cl22 Pc4-25600 Soğutuculu Desktop Ram 16GBDDR,teknoloji_ekipman
Fuchsia Ipad Air 10.9 Serisi 4. 5. Nesil Güçlü Magnetik Tablet Standı Fs609 Magnetik Stand 10.9 İn,teknoloji_ekipman
gzhome Astronot Tasarım Galaxy Yıldız Plazma Gökyüzü Gece Lambası Zamanlama Fonksiyon Kumandalı Projektör 123321,teknoloji_ekipman
Mmctech Iphone Android Samsung Manyetik Mıknatıslı Şarj Kablosu Micro Usb Type-c Uyumlu 550912,teknoloji_ekipman
Mathilda Çantacılık 13'' - 14'' Bej Evrak Noteebok Laptop Çantası MT1,teknoloji_ekipman
Smeg Pastel Yeşil Filtre Kahve Makinesi Ve Kahve Öğütme Makinesi Seti DCF02CGF01PGE,teknoloji_ekipman
IZOLY Amd Radeon Rx550 4gb Gddr5 128 Bit Dvı/hdmı/dp Ekran Kartı ST0315,teknoloji_ekipman
XTRIKE ME Kulaküstü Kulaklık Bluetooth Kulaklık Kafa Üstü Kulaklık Kablosuz Kafaüstü xtrmzhs12,teknoloji_ekipman
KdrElektronik Taşınabilir Karaoke Mini Mikrofon Akıllı Telefon Dizüstü Pc Için Masaüstü Mikrofon mikrafo,teknoloji_ekipman
Vidar Ae6s Bluetooth 5.0 Kablosuz Kulaklık Çift Mikrofonlu Powerbank Kutulu Şarj Kablosu Vd-Tws0,teknoloji_ekipman
MOBİL GO Samsung A73 Kulaklık Type-c Girişli Uyumlu 96532,teknoloji_ekipman
Mopal Jaws Jhp-01 Kablolu Büyük Kulaklık 100.09.00,teknoloji_ekipman
Epson L3550 Ecotank Yazıcı-tarayıcı-fotokopi 4x65ml+1 Mürekke,teknoloji_ekipman
Fibaks Zore Halat Aux Ses A01 Kablo ZoreHalatAuxSesA01Kabl,teknoloji_ekipman
"Mega Oto Market 10moons G10 10 X 6.25"" Grafik Tablet 10moons-g1",teknoloji_ekipman
"Protonust Çift Motorlu Usb Masa Fanı, Katlanır Taşınabilir 3 Hız Usb Şarj Edilebilir, Vantilatör prodoubl",teknoloji_ekipman
TamamElek Ultrasonik Saat Usb Şarj Edilebilir Akıllı Sivrisinek Kovucu. Te66338 TE6633,teknoloji_ekipman
TECHNOM Tüm Cihazlara Uyumlu Dokunmatik Universal Stylus Ipad Android Tablet Kalemi Stylus-pe,teknoloji_ekipman
Lunapack M1 M2 Macbook Pro Ve Mac Air Uyumlu 13 Inç Unisex Laptop Kılıfı Notebook Laptop Çantası S-0,teknoloji_ekipman
Heiman Hm-820 4g Uyumlu Sim Kartlı Güneş Enerjili ( Solar ) 360° Hareketli Akıllı Kamera -uygulama Kontrol HM-82,teknoloji_ekipman
okyanus.iletişim Yetty Yk-30 Extra Bass Mikrofonlu Kulak Üstü Büyük Kulaklık Siyah yetty1365,teknoloji_ekipman
Polosmart Fs59 Karaoke Bluetooth Aux Usb Sd Kart Girişli Mikrofon Siyah 1821042112461461,teknoloji_ekipman
TrkTech Type-c - Usb Dönüştürücü 3.0 Yüksek Hızlı Veri Aktarımı Otg Çevirici Trktechus,teknoloji_ekipman
Mi7a Şarj Başlığı Ve Kablo Koruyucu 4'lü Set Iphone Uyumlu Şarj Koruyucu -Chanvyooune,teknoloji_ekipman
Mi7a Sevimli Silikon Şarj Başlığı Ve Şarj Kablo Koruyucu Set Iphone 18w-20w Şarj Adaptörü Ile Uyumludur TYC0074948496,teknoloji_ekipman
GERLAX Kulak İçi Kulaklık 1 Ve 2 Düz Renk Silikon Kulaklık Kutusu Bluetooth Kulaklık Koruyucu Silikon Kutu slk55p101,teknoloji_ekipman
Lucatech Iphone 7 / 8 / X / 11 / 12 / 13 / 14 Uyumlu Lightning Kablolu Kulaklık ( Bluetooth Connect ) 99059930,teknoloji_ekipman
"Kitchenaid Klasik Filtre Kahve Makinesi 1,7 Lt Beyaz 5KCM1208EW",teknoloji_ekipman
Verico 128 Gb Usb 2.0 Usb Flash Bellek Akver-128gb AKKRORDC3-N,teknoloji_ekipman
Huge Element Huge Pilsa Notebook Case Mavi Pilsa Lapto,teknoloji_ekipman
"Monster Abra A5 V17.3.5 Intel Core i7 11800H 16GB RAM 500 GB SSD RTX 3050 Ti FreeDOS 15,6 inç FHD 144 Hz ABRA A5 V17.3.",teknoloji_ekipman
"Apple iPad Pro 4. Nesil 256 GB 12.9"" Wi-Fi Gümüş Tablet (Apple Türkiye Garantili) T0608",teknoloji_ekipman
Xiaomi Poco X3 Gt 8 Ram 256 Gb Hafıza Ithalatçı Garantili POCOX3 G,teknoloji_ekipman
SterkTech Apple Iphone Lightning Girişli Iphone 7/8/x/11/12 Uyumlu Orjinal Kablolu Kulaklık (STERKTPRO,teknoloji_ekipman
"TURBOX Tx45 I7 860 8gb Ram 256gb Ssd 4gb Ek. 23.8"" Curved Masaüstü Oyun Pc Bilgisayarı ATM991841",teknoloji_ekipman
"Trendy Shop Aircooler Hava Soğutucu Usb Mini Klima, Masa Kliması Su Özellikl PRA-3841518-129",teknoloji_ekipman
TeknoExpress Masaüstü Için Ayarlanabilir Metal Iphone Ipad Xiaomi Samsung Huawei Tablet Telefon Tutucu Stand TX66116,teknoloji_ekipman
Differ Studio 15.6'' Inç Çiçek Desenli Laptop/macbook/notebook/evrak Kılıfı/çantası ds12,teknoloji_ekipman
VESTEL Akıllı Wı-fı Ip Kamera 2027623,teknoloji_ekipman
OEM Pc - Telefon Uyumlu Dualshock 4 V2 Wireless Gamepad Kablosuz Oyun Kolu +v5.0 Usb Bluetooth Dongle Dualshock 4 V2+5.0 bluetooth donge,teknoloji_ekipman
LENOVO Thinkstation P360 30fm0074tx08 I9-12900k 128gb 1tbssd A4500 W11p Masaüstü Iş Istasyonu T19199,teknoloji_ekipman
Huge Element Huge Notebook Çantası - Bej 13 inc,teknoloji_ekipman
Görkemli Moda Laptop Bölmeli Çok Fonksiyonlu Evrak Notebook Bilgisayar Deri Sırt Çantası Grkmlımdacnt,teknoloji_ekipman
tuneex Tüm Modellerle Uyumlu Çelik 5 Açıda Kolay Ayarlanır Notebook Laptop Standı Yükseltici Altlık TUNEEX0595001,teknoloji_ekipman
TEKNOPAZARIM Apple Iphone X- Iphone 11 Pro/max Uyumlu Kamera Lens Dönüştürücü Açık Beyaz Gümüş Renk. İPHONE LENS CEVİRİC,teknoloji_ekipman
"Moserini 13'' - 13.3'' Taban Korumalı, Omuz Askılı Desenli Macbook Air-pro Laptop Çantası - Rosetta MOSRNTKOAMAPLDSNLCMK",teknoloji_ekipman
İTHALCİM I12 Iphone Uyumlu Android Universal Bluetooth Kulaklık Hd Ses Kalitesi TYC0069340411,teknoloji_ekipman
TEKNETSTORE Sensitivity Stylus Kapasitif Dokunmatik Kalem Çizim Ve Tasarım Tablet Kalemi Tüm Cihazlar Ile Uyumlu 423216197507,teknoloji_ekipman
VOOKA Vilya G Bluetooth Hoparlör 15w Hızlı Şarj Gece Lambası Alarm Özel Asistan Led Ambiance 5in1 VG-,teknoloji_ekipman
Exnogate Curve Notebook/ Macbook Standı (RENK: MAT SİYAH) ECNM,teknoloji_ekipman
Fibaks Samsung Galaxy Tab A8 10.5 Sm-x200 Uyumlu Smart Kapak Katlanabilir Koruyucu Tablet Kılıfı Smart-Galaxy-X-20,teknoloji_ekipman
Ttec Smartcharger + Lightning Kablo Beyaz Lightning Kablolu Seyahat Şarj Aleti 2scs20lb 2SCS20LL,teknoloji_ekipman
"IZOLY A523 I5-2520m 3.20ghz 8gb 256ssd 24"" All In One Bilgisayar TYC0015605551",teknoloji_ekipman
Siemens Te655203rw Full Otomatik Kahve Makinesi 121449,teknoloji_ekipman
Vetech 4 Port Usb Çoğaltıcı Hub Laptop & Pc Çoklayıcı TYC0070129902,teknoloji_ekipman
Vankyo Leisure 470 Pro Native 1080p 5g Wi-fi Lcd Led Projeksiyon Cihazı - 250 Inç Yansıtma - Dahili Leisure470pr,teknoloji_ekipman
"arse avm Yeşil 15,6 Inç Su Geçirmez Bilgisayar Laptop Bölmeli Evrak Çantası & Çok Amaçlı Evrak Çantası AV646",teknoloji_ekipman
MFS Safari Askı Papyon Şort Gömlek 27483628727,giyim
MFS Turuncu Yeşil Safari Set Uzun Kol Gömlek Uzun Pantolon 1784482828374838,giyim
MAİBELLA Beyaz Bandanalı Tulum MAİ2681,giyim
MFS Bej Safari Uzun Kol Gömlek Uzun Pantolon 81373818173738292833772827,giyim
Mia Gömlek Pantolon Takım Yeşil 785,giyim
MAİBELLA Bandanalı Tulum MAİ2682,giyim
artwaystore Dnzc 1-2-3 Yaş Oyuncu Sincap Nakışlı Welsoft Sweat Pantolon Uzun Kollu Kız-erkek 2li Takım P634S772,giyim
artwaystore Dnzc 1-2-3 Yaş Kulaklı Patili Ayıcık Welsoft Sweat Welsoft Pantolon Uzun Kollu Kız-erkek 2li Takım P665S718,giyim
artwaystore Dnzc 1-2-3 Yaş Minik Dino Kollu Welsoft Sweat Welsoft Pantolon Uzun Kollu Kız-erkek 2li Takım P666S208,giyim
artwaystore Dnzc 1-2-3 Yaş Masum Yavru Sincap Figürlü Welsoft Sweat Pantolon Uzun Kollu Kız-erkek 2li Takım P632S824,giyim
sera giyim Kız-erkek Kısa Salopet Fitilli Ayıcık Aksesuarlı Yazlık Ikili Tulum SERASALOPE,giyim
MİNİBORN Yeni Doğan Erkek Uzun Kollu Gentleman Romper Mavi Tulum MML-608,giyim
rise and shine Çok Amaçlı Anlık Yatıştırıcı Doğal Stick 8 ml RS006,temel_gida
BayBay Night Melisa Papatya Içeren Damla 50 ml Şişe A102,temel_gida
Ocean D3k2 Damla 20 Ml + 2. %50 TYC0060938535,temel_gida
Jack N'Jill Bio Toothbrush Bunny TB,temel_gida
Nurse Harvey's Gaz Giderici Damla 20 ml N390,temel_gida
Clorethyl 150 ml Soğutucu Sprey Clorethyl-150m,temel_gida
Bestlak Emziren Anneler Için Damla 50 Ml-skt:11/2024 86818632000151,temel_gida
MammacomicaDough Purkids Prebiotikli Vegan Köpük El Sabun-400ml PurKidsKöpü,temel_gida
Pregnacare Breast- Feeding 502126524833,temel_gida
Biobaby Kuru Ve Atopik Ciltler Için Şampuan 300 ml. + Krem 100 ml Çok Kuru Ciltler 3018100,temel_gida
Coreganic Gasicon Bitkisel Gaz Giderici GFITALIVE-GASICO,temel_gida
Bioderma Abcderm Foaming Cleanser 1l 340139716361,temel_gida
Jack N'Jill Milkshake Aromalı Macun 50 gr jjn04,temel_gida
INCIA %100 Doğal SOS Stick 6gr 868151109120,temel_gida
Dalan Zeytinyağlı Doğal Granül Matik Sabun Lavanta Esintisi 1000 gr 90024,temel_gida
Ayşegül Süsleme Ahşap Kırk Sepeti Pembe asy50505,temel_gida
Ervalinn Fresh Air Damla Burun Tıkanıklığı Için Rahatlatıcı Ve Nefes Açıcı Yaka Damlası 10 ml EFA00,temel_gida
Dalin Badem Yağlı Kolay Tarama Spreyi 200 ml dalinkolaytaram,temel_gida
MammacomicaDough Mammacomica Purkids Prebiotikli Vegan Şampuan Ve Köpük Sabun 2'li Hijyen Paketi-baskı Kese Hediyeli PurKids,temel_gida
"yorni 145x100cm Family, Sıvı Geçirmez, Makinada Yıkanabilir, Beslenme Ve Etkinlik Örtüsü Çok Amaçlı Örtü 7179",temel_gida
Minoris Organik Leke Çıkarıcı Sprey 500ml 868239705102,temel_gida
Lactaplus Emziren Anneler Için Bitkisel Damla 100 ml SE007,temel_gida
Makarna Lütfen Ezogelin Çorbası Karışımı (Siyez Bulgurlu - 75 Gram) 868083610606,temel_gida
Ravla %100 Badem Sütü 070756827447,temel_gida
Sabuncu Mevlüt Efendi Bitkisel Granül Sabun Tozu 500 gr SME-868314883037,temel_gida
Evolvia NutriPRO Plus 1 800 gr 868083500033,temel_gida
Mochi – Süt Saklama Poşeti (50 Adet) TYC0032579731,temel_gida
Dalin 3'lü Sabun 3x100 gr AKTDA5500301,temel_gida
Lactamil Emziren Anneler Için Sütlü Içecek 200 gr 869974501167,temel_gida
Bambala Glutensiz Humamu- Hurma Topları 125g BMBL12,temel_gida
Sterimar Yetişkin Deniz Suyu Burun Spreyi 100 ml 7910,temel_gida
Bambala Pancar Çorbası +6 Ay - 50g Koruyucu Içermez Temiz Içerik BMBLÇH50,temel_gida
Smartcaps Lugol %5 Solution Iyot Damla 20 ml %5'lik Iyot iyot-,temel_gida
Bambala Aya Kurabiye -125g BMBLAY12,temel_gida
Sinomarin E.n.t. Deniz Suyu Spreyi 200 Ml SNM002,temel_gida
MEW FORM LİFE Emziren Anneler Için Süt Artirici Gaz Gidereci Bitkisel Dedoxs Çayı 40'lı Süzen Poşet 3 Paket CCCCYYYTT00,temel_gida
Beeo Suda Çözünür Propolis Damla 20 ml (04/2023MİAD) 868146903544,temel_gida
Puro Cotone Puset Örtüsü Ve Puset Minderi PC10015,temel_gida
Babe Laboratorios Babe Pediatrik Cradle Cap Konak Şampuanı 200ml 843700094575,temel_gida
Momstok Anne Çayı 60'lı Çay 2'li (2X60) Momstok,temel_gida
Dalin Şampuan Klasik 700 ml DL5400007,temel_gida
BayBay Night Damla 50 ml 3 Adet Baybay Night Damla 50 ml 3 ade,temel_gida
Gifrer Serum Fizyolojik 5 ml 20 Flk 869917782510,temel_gida
"Aguline Bitkisel Gaz Şurubu 100 Ml - Rezene, Zencefil, Anason, Dereotu, ve Kimyon Yağları İçeren Şurup AGULİNE10",temel_gida
BayBay Night Damla 50 ml 2 Adet Baybay Night Damla 50 ml 2 ade,temel_gida
Mutlu Store Parmak Diş Kaşıyıcı Mavi UA044,temel_gida
MEW FORM LİFE Emziren Anneler Için Süt Artirici Gaz Gidereci Bitkisel Dedoxs Çayı 40'lı Süzen Poşet TTTTCCC00001,temel_gida
Bambala Haftalık 6aylık 3'lü Çorba Paketi 3x50g BMBL5,temel_gida
Coreganic T-mommy Bitkisel Karışık Anne Çayı GFITALIVE-TMOMM,temel_gida
Dalin Şampuan Klasik 900 Ml X 4 Adet DLN9990002,temel_gida
Ayşegül Süsleme Ahşap Kutulu Kırk Sepeti ASAKKS0000,temel_gida
Johnson's Işıldayan Parlaklık Serisi Şampuan 300 ml X2 3574669907286,temel_gida
Alvita Deniz Suyu Serum Fizyolojik 30 Flakon Damla EczaVit,temel_gida
Multiplus Burun Ve Sinüs Temizleme Kiti 20x240 Ml 20 Adet Solüsyon 031,temel_gida
Pascal Pascal Burun Yıkama Kiti Ve Yedek Burun Yıkama Tuzu 080,temel_gida
MAMSEL Myflor Damla Lgg 8 ml T162,temel_gida
Bambala Glutensiz Pırasa Çorbası - 125g Koruyucu Içermez Temiz Içerik BMBL,temel_gida
Sterimar Deniz Suyu Burun Spreyi 50 ml 7910,temel_gida
oneseviyo Hamile Anı Kartları - Hafta Hafta Gebelik Çift Yön Not Alınabilir Kartlar - Anne Baba Oluyorum TYC0039625663,temel_gida
Caramell Organık 7 Li Agız Sılme Mendılı 2 Adet 149445,temel_gida
Makarna Lütfen Başlangıç Çorba Seti (5 Çeşit Şifa Çorbası) 868083610774,temel_gida
ARAMEL Still Tee ( Emziren Annelere Özel Tarif ) AR00,temel_gida
Nurse Harvey's Colex Bitkisel Şurup 145 ml NH00,temel_gida
Dalan Roxy Bio Clean Doğal Matik Toz Sabun Bahar Çiçekleri 800 Gr X 4 Adet power,temel_gida
Hünnap Still Tea Emziren Anne Çayı 200 Gr 3116,temel_gida
Bambala Pancar Çorbası +6 Ay - 125g Koruyucu Içermez Temiz Içerik BMBLA,temel_gida
Jack N'Jill Natural Muz Aromalı Macun 50 gr JJN5,temel_gida
Belu Gıda Atölyesi 8 Ay Sebzeli Çorba Seti Bgatp002,temel_gida
"yorni Family Model, 145x100cm Ebatında Su Geçirmez, Makinede Yıkanabilir, Çok Amaçlı Alt Bakım Örtüsü Ekoteks100 Sertifikal",temel_gida
ecoo Zıpır Nohutlu Alt Açma /pembe/0-3 Ay 100043,temel_gida
Puro Cotone Puset Örtüsü Ve Puset Minderi PC10015,temel_gida
"fikirstore Türkçe Karakterli Ve Emojili Harf Setli, Ahşap Çerçeveli, Ahşap Stant’lı Yazı Panosu Letterboard 656",temel_gida
DeCupe Magnet Kalp Kokulu Taş Mevlüd Doğum Günü Kına Nikah Düğün Hediye DC70,temel_gida
UTALK Pudra 100 Gr X 2 Kutu BULUT440,temel_gida
"Bausch & Lomb Artelac Advanced Göz Damlası 0,5 Ml X 30 Adet ABFKRV3",temel_gida
Miraderm Lanolin Forte Krem 20 gr ST0034,temel_gida
Johnson's Bedtime Saç & Vücut Şampuanı 500 Ml 4492,temel_gida
Lacinia Lavanta Yağlı Bit Kovucu Sprey NRM01,temel_gida
Umaybebek Alt Açma Minderi - Çantalı - Koyu/gri Pudra TYC0018816906,temel_gida
Johnson's Pudra 200 gr X2 3574660026818,temel_gida
BibuPunch Bibu & Bany's Uykucu Tavşan - Uyku Arkadaşı - 1 BBuykucutavşan,temel_gida
Mochi – Süt Saklama Poşeti (50 Adet) TYC0032579731,temel_gida
"yorni 145x100cm Family, Sıvı Geçirmez, Makinada Yıkanabilir, Beslenme Ve Etkinlik Örtüsü Çok Amaçlı Örtü 7179",temel_gida
"IKEA Börja Suluk, Beyaz-yeşil ar011",temel_gida
"yorni 145x150cm Family Su Geçirmez, Yer/masa Örtüsü, Aktivite, Yemek Ve Oyun Için, Doğa Dostu Ve Çevreci 7179",temel_gida
"yorni 145x210cm Su Geçirmez, Yer/masa Örtüsü, Aktivite, Yemek Ve Oyun Için, Doğa Dostu Ve Çevrec",temel_gida
Skip Hop Pipetli Suluk Unicorn SKP-083,temel_gida
"yorni Family, 145x180 Cm Su Geçirmez, Yer/masa Örtüsü, Aktivite, Yemek Ve Oyun Için, Doğa Dostu 7179",temel_gida
"yorni 145x150cm Su Geçirmez, Yer/masa Örtüsü, Aktivite, Yemek Ve Oyun Için, Doğa Dostu Ve Çevreci 7179",temel_gida
"yorni Family, 29x27cm, Su Geçirmez, Islak Mayo, Kıyafet Vs Taşıma Torbası, Çok Amaçlı Çanta/organizer 7124",temel_gida
Vagonlife Boyun Askılı Pipetli Kilitli Kapak 650 Ml Okul Su Matarası 3 Renk TYC0055511609,temel_gida
"yorni Zoo, 145x180 Cm Su Geçirmez, Yer/masa Örtüsü, Aktivite, Yemek Ve Oyun Için, Doğa Dostu 7179",temel_gida
Oioi Nam Nam - Gri bozenam,temel_gida
Mochi – Süt Saklama Poşeti (50 Adet) TYC0032579731,temel_gida
"yorni 145x210cm Su Geçirmez, Yer/masa Örtüsü, Aktivite, Yemek Ve Oyun Için, Doğa Dostu Ve Çevrec",temel_gida
Mommy's Bliss Gripe Water Night Time 120 ml mommy,temel_gida
Tupperware 310 ml Penguen Şişe Suluk 558966332117,temel_gida
MAMSEL Still Tee Emziren Anneler Için Hazır Çay 200 Gr TUR49,temel_gida
mira-life Fuşya Tabldot Tabak Seti tabldot-00,temel_gida
DODDL Çatal Kaşık Bıçak Seti Için Taşıma Kutusu CASE0,temel_gida
Skip Hop 3'lü Beslenme Seti Termos - Çerez Kabı- Çelik Suluk S3LUSE,temel_gida
Tupperware Beslenme Kutusu Siyah 34993893141,temel_gida
cpapbipap Elektrikli Göğüs Pompası Beyaz Valf 2'li 2li val,temel_gida
Caramell 7 Li Agız Sılme Mendılı 3 Adet 656545,temel_gida
Skip Hop Spark Style Pipetli Paslanmaz Çelik Suluk Gökkuşağı SPSTYL,temel_gida
Ameda Duoshell Çiftli Meme Ucu Çıkarıcı Ve Koruyucu Kalıp 17231,temel_gida
Vagonlife Boyun Askılı Pipetli Kilitli Kapak 650 Ml Okul Su Matarası 3 Renk TYC0055332731,temel_gida
IKEA Kalas Kase Seti 6 Adet ar009,temel_gida
"yorni Family, 29x27cm, Su Geçirmez, Islak Mayo, Kıyafet Vs Taşıma Torbası, Çok Amaçlı Çanta/organizer 7124",temel_gida
Osanit Minik Bitkisel Diş Topları osanit202,temel_gida
"yorni Family, 145x210cm Su Geçirmez, Yer/masa Örtüsü, Aktivite, Yemek Ve Oyun Için, Doğa Dostu Ve Çevreci 7200",temel_gida
Caramell 7 Li Agız Sılme Mendılı 4545454,temel_gida
DODDL Çatal Kaşık Bıçak Seti Indıgo Ve Taşıma / Saklama Kutusu INDIGO3CAS,temel_gida
Oioi Slikon Şişe Ve Pipet Tabak Set AF262726,temel_gida
Mommy's Bliss Gripe Water Night mb,temel_gida
Medela Solo Tekli Elektrikli Süt Pompası Beyaz Tekli elektrikli süt pompas,temel_gida
Tupperware Lelibuz Dondurma Kabı6 Lı tuper dondurma kalıb,temel_gida
Caramell 7 Li Agız Sılme Mendılı 2 Adet 1452555225225,temel_gida
3M Cavilon 3392 G Dayanıklı Bariyer Krem 92g 3M Cavilon 3392 92,temel_gida
Bumkins Uzun Kollu Önlük (6-24 Ay) Cacti SU-11,temel_gida
Skip Hop Zoo Beslenme Çantası Unicorn (yeni Sezon) UNICORNHOM,temel_gida
mycey Atıştırma Kabı Mavi 954862,temel_gida
Lulunun Renkleri Sıvı Geçirmez Beslenme Ve Etkinlik Örtüsü Çok Amaçlı Örtü çaö929,temel_gida
Oioi Slikon Şişe Ve Pipet Tabak Set AF262726,temel_gida
OOPS Pipetli Suluk Şehir PB-980,temel_gida
Kiwibaby Elektrikli Göğüs Pompası 58 46151315656,temel_gida
Lulunun Renkleri Sıvı Geçirmez Beslenme Ve Etkinlik Örtüsü Çok Amaçlı Örtü çaö929,temel_gida
Vagonlife Suluk TYC0066379794,temel_gida
Tupperware Beslenme Kutusu Yeşil Renk 1 Litre Tup6,temel_gida
"Oioi Mega Set Pembe 063,181",temel_gida
Skip Hop Zoo Pipetli Suluk Koala 9n567910 SLK,temel_gida
"yorni 145x150cm Su Geçirmez, Yer/masa Örtüsü, Aktivite, Yemek Ve Oyun Için, Doğa Dostu Ve Çevreci 7179",temel_gida
"IKEA Pastel Tonlar 6 Adet Kalas Tabak Seti, ar009",temel_gida
mycey Atıştırma Kabı Turuncu 954866,temel_gida
Rose & Blanc Haki Yeşil 100% Pamuk 4 Katlı (110X120CM) RBKE50,temel_gida
"yorni Zoo, 145x180 Cm Su Geçirmez, Yer/masa Örtüsü, Aktivite, Yemek Ve Oyun Için, Doğa Dostu 7179",temel_gida
OOPS Parlak Matara Ayı Turuncu 41006.1,temel_gida
mycey Saklama Kutulu Paslanmaz Çatal Kaşık Seti 7172my,temel_gida
Tupperware Mor Penguen Figürlü Beslenme Kabı 240 ml TPP003,temel_gida
Bumkins Başlangıç Önlüğü (3-9 Ay) 2li Paket - Cacti & Llama ST2-BN,temel_gida
DODDL 2.li Çatal Kaşık Seti Aqua Ve Taşıma Kutusu DODAQUA2CAS,temel_gida
Tupperware Istiridye Ikili Beslenme Kutusu. 0040,temel_gida
Skip Hop Pipetli Paslanmaz Çelik Suluk Unicorn skip2,temel_gida
Caramell Organık 7'lı Agız Mendılı 875858552555,temel_gida
Bumkins Superbib Önlük S-1,temel_gida
Oioi Boze Diş Kaşıyıcılı Meyve Püre Emziği Sarı Gri B0Z33701,temel_gida
"yorni Family, 145x180 Cm Su Geçirmez, Yer/masa Örtüsü, Aktivite, Yemek Ve Oyun Için, Doğa Dostu 7179",temel_gida
Skip Hop Mainframe Sırt Çantası Pembe MAINFRAMPEMBEE,temel_gida
Tupperware Bölmeli Beslenme Kutusu 550 ml R652,temel_gida
Oioi Beslenme Seti Yeşil (Tabak-önlük-kaşık) oioi3lset,temel_gida
Bumkins Pembe Silicone Dipping Spoons Kaşık SDS3-LL,temel_gida
Bumkins Islak/kirli Çantası - Ocean Life WB-4,temel_gida
Bumkins Kısa Kollu Önlük (1-3 Yaş) Unicorns U-1,temel_gida
Bumkins Uzun Kollu Önlük (6-24 Ay) - Watercolor SU-3,temel_gida
DODDL Çatal Kaşık Bıçak Seti Aqua Ve Taşıma / Saklama Kutusu AQUA3CAS,temel_gida
Dr.Brown's 270 ml Geniş Ağız Options+ Plusa Dönüştürme ve Yedek Parça Kiti DB206,temel_gida
Bumkins Uzun Kollu Önlük (6-24 Ay) - Hearts SU-1,temel_gida
"Bumkins Superbib Önlük 3'lü Paket - Wild, Watercolor & Brush S3-G",temel_gida
Tupperware Bölmeli Beslenme Kutusu 2'li Set 9996330122547663,temel_gida
Bumkins Superbib Önlük 3'lü Paket S3-BN,temel_gida
Skip Hop Zoo 3'lü Atıştırma Kabı Unicorn UBICORN3LUMM,temel_gida
"Oioi Mega Set Gri 063,181",temel_gida
"yorni 145x100cm Zoo, Sıvı Geçirmez, Makinada Yıkanabilir, Beslenme Ve Etkinlik Örtüsü Çok Amaçlı Örtü 7179",temel_gida
Numimed Pembe İlaç Emziği 14,temel_gida
Mommy's Bliss Gripe Water Original 120 Ml mom,temel_gida
Skip Hop Pipetli Paslanmaz Çelik Suluk Lama SKP-9123921,temel_gida
Bumkins Büyük Atıştırma Çantası - Hearts SBL-1,temel_gida
"Oioi 3'lü Set Kapaklı Kase River Green, Nam Nam Kaşık River Green, Porsiyon Tabak River Green 14012059",temel_gida
Lulunun Renkleri Sıvı Geçirmez Beslenme Ve Etkinlik Örtüsü Çok Amaçlı Örtü çaö929,temel_gida
Bumkins Uzun Kollu Önlük (6-24 Ay) - Great Outdoors SU-2,temel_gida
Tupperware Mickey Minnie Ikili Saklama Kabı eko9,temel_gida
Tupperware Istiridye Set Trolls vbb41,temel_gida
Tupperware Islak Kalın Mendil Kutusu MNF4,temel_gida
DODDL Çatal Kaşık Bıçak Seti Aqua DOD001AQU,temel_gida
Tupperware Mini Atıştırmalık Kabı MA006,temel_gida
Bumkins Uzun Kollu Önlük (6-24 Ay) - Hearts 01429264066,temel_gida
Tupperware Eko Şişe 750 ml Suluk02,temel_gida
Bumkins Superbib Önlük Whales Away S-192-,temel_gida
Tupperware Bölmeli Beslenme Kabı kap0,temel_gida
Lulunun Renkleri Sıvı Geçirmez Beslenme Ve Etkinlik Örtüsü Çok Amaçlı Örtü çaö929,temel_gida
Skip Hop Pipetli Suluk Narwhal WHJ00564,temel_gida
Modellino 4 Bölmeli Kaşık Çatallı Kilitli 2 Kat Şeffaf Beslenme Saklama Kabı SKLM0,temel_gida
Bumkins Küçük 2'li Atıştırma Çantası - Unicorn Pack SBS2-GF,temel_gida
"Oioi Mega Set Sarı 063,181",temel_gida
Rovco 3 Ayrı Başlık Pipetli/pipetsiz/saklama Taşıma Askılı 330ml Ppsu Su Matarası-akıllı Pipetli FFROVCOB1040PPS,temel_gida
xmldünyası Suluklu Beslenme Kabı Beslenme Çantası ZHD-ARAS-1031,temel_gida
"Skip Hop Çerez Kabı, Kelebek SKH.252565 -0000000",temel_gida
Oioi Beslenme Seti Gri (Tabak-önlük-kaşık) oioi3lset,temel_gida
IKEA Kalas 18'li Çatal Bıçak Seti Ve 6'lı Kase Seti KALAS Lanitr,temel_gida
SPOONFORK Animal Mor Sevimli Inek Meyve Çatalları MEYVE00,temel_gida
MOLLED Pilli Masa Lambası MOL224,ofis_mobilya
Egonex Kristal Şarjlı Dokunmatik Masa Lambası TYC0045360111,ofis_mobilya
MOLLED Masa Lambası Şarjlı 3 Renk Dimli MOL227,ofis_mobilya
NDESIGN Secret Sağ Relax Koltuk 123SECRETRELA,ofis_mobilya
Mgr Office Beyaz Metal Kitaplık 5 Raflı Kitaplık Raf Kütüphane 150 Cm asrı78574,ofis_mobilya
STONE CONCEPT MOBİLYA Kitaplık 5 Raflı Concept Rafofis Ev Dosya Kitap Rafı Atlantik Çam 150 STNTY0002,ofis_mobilya
asel büro Depar File Çalışma Sekreter Sandalyesi Dpr0,ofis_mobilya
NDESIGN Sarajevo Orta Sehpa 4110176S,ofis_mobilya
lagomood Irony Maxi Ofis Takımı Antrasit Ceviz 1500,ofis_mobilya
PORTERO DESIGN Sofya Müdür Ofis Çalışma Koltuğu Öğrenci Sandalyesi Makam Koltuğu Fileli Siyah 14598722,ofis_mobilya
"Woodesk Monza Ağaç Ayaklı, Minderli, 4 Adet Beyaz Eames Sandalye Snd3016-4byz Monza",ofis_mobilya
Filament Mobilya Yükseklik Ayarlı Laptop Sehpası Ve Çalışma Masası - Atlantik Çam (TEKERLİ) 60x40 Oval Kenar c1,ofis_mobilya
STONE CONCEPT MOBİLYA Ceviz 5 Raflı Concept Rafofis Ev Dosya Kitaplık STNTY0003,ofis_mobilya
ADAHOME Kare Gold Sandalye AA104,ofis_mobilya
Morpanya Sera Metal Kitaplık 5 Raflı Çok Amaçlı Dosya Kitap Rafı Ofis Salon Raf 150 Cm Ceviz KR55,ofis_mobilya
SarıHome Metal Ayaklı 5 Raflı Kitaplık Beyaz Sarı00013,ofis_mobilya
NDESIGN Secret Koltuk Dörtlü 1100001S,ofis_mobilya
Boss Group Sehpa Üç Katlı Modern 3,ofis_mobilya
YLC HOME Siyah Retro Sepet ve Askılık YLC-00000010,ofis_mobilya
NDESIGN Peanut Üçlü Koltuk 0110980,ofis_mobilya
Kzy Mobilya 10 BÖLMELİ KİTAPLIK - BEYAZ 666005,ofis_mobilya
Rovena Alya Meşe Desen 80x132 Açılabilir Mdf Yemek Masası Takımı 6 Adet Sandalye rvnalyamese,ofis_mobilya
Cosargroup Masa Sandalye Takımı X Ayak Woody Çam 120x80 Cm Yemek Masa Takımı dop7501004ig,ofis_mobilya
NDESIGN Mardini Köşe Koltuk 123MARDIN,ofis_mobilya
Geppetto Home Ahşap Kare Bar Tabure Sandalye 73,ofis_mobilya
Yelken Metal Mobilya Ceviz Kitaplık 5 Raflı 150 Cm 5RFKT,ofis_mobilya
interGO Orta Sehpa Dikdörtgen Ahşap Ayaklı Iki Katlı Gazetelikli Atlantik Çam ORTADDG,ofis_mobilya
AYANAVM Bekleme Koltuğu Form Sandalye Büro Ofis Misafir Bekleme Koltuğu Öğretmen Koltuğu Toplantı 1FORM,ofis_mobilya
"Özkar Zigzag Köşe Kitaplık Açık Raf ZİGZAG 111X25,5X23X23-",ofis_mobilya
Fabrika Fileli Yönetici Makam Koltuğu- Siyah Başlıklı Büro Ofis Müdür Koltuğu-bilgisayar Çalışma Sandalyesi SİYAH MÜDÜR SANDALYES,ofis_mobilya
Moonlife London Kitaplık Beyaz Moonlife London Kitaplı,ofis_mobilya
NDESIGN Istanbul Koltuk Üçlü 123ISTANBU,ofis_mobilya
asel büro Depar File Çalışma Sekreter Sandalyesi Dpr0,ofis_mobilya
BarışAhşap Ahşap Masa Sandalye Seti 5’li Set (katlanabilir) 65,ofis_mobilya
Filament Mobilya Yükseklik Ayarlı Çalışma Masası - Atlantik Çam (tekerli) 80x40 c1,ofis_mobilya
Woodesk Luna Ağaç Ayaklı 4 Adet Siyah Eames Sandalye Snd3013-4syh SND3013-4SY,ofis_mobilya
Tedarikcenter 5 Raflı Metal Kitaplık Modern Kitaplık Ofis Rafı Çok Amaçlı Metal Raf - Meşe TYC0055002267,ofis_mobilya
hey modüler mobilya Hey Kumsal Orta Sehpa HY-0,ofis_mobilya
Boss Group Iki Katlı Sehpa TY90004,ofis_mobilya
Seduna Thunder Pro Fab Yönetici Koltuğu | Ofis Sandalyesi | Hareketli Kol TYC0055240018,ofis_mobilya
Mezza Authentic Orta Sehpa 206,ofis_mobilya
Yurudesign Vario ABCDEFG2 Ofis Masa Makam Takımı Barok-Antrasit 135655,ofis_mobilya
"Rovena Alya Beyaz 80x132 Mdf Açılabilir Yemek Masası Takımı 4 Sandalye, 1 Bench rvnalyabyzbench",ofis_mobilya
Mavera Home Metal Kitaplık Ceviz 42342sae,ofis_mobilya
Morpanya Metal Kitaplık 5 Raflı Geniş Kitaplık Dosya Kitap Rafı Ofis Ev Rafı Ceviz KR54,ofis_mobilya
ipek mobilya Fulya 4 Kapaklı 2 Çekmeceli Dolap Genişlik 120 Cm ( Beyaz ) 52.50.01.FULYA.04.F,ofis_mobilya
MOBETTO Home Maxima Ceviz/ Venüs Sandalye Masa Takımı-siyah MAXVNS,ofis_mobilya
Geppetto Home Kozmatik Dükkan Yıldız Sandalye Cilasız 69,ofis_mobilya
Afilli Nova Kapaklı Aynalı Portmanto Vestiyer Tamamı Mdflam Flora Antrasit 8941231210000000,ofis_mobilya
DECOMECH Andy Aynalı Kapaklı Portmanto-beyaz DM-CAD-791,ofis_mobilya
lagomood Irony Maxi Ofis Dolabı Antrasit Ceviz 5002,ofis_mobilya
Morpanya Felix Metal Tekli Kitaplık 5 Raflı Çok Amaçlı Dosya Kitap Rafı Ofis Salon Rafı Mod-,ofis_mobilya
TREND Orta Sehpa Ahşap Torna Ayak Kare Ceviz SUEL002,ofis_mobilya
hodbehod Portatif Katlanabilir Yatak Koltuk Üstü Hasta Servis Masası Laptop Bilgisayar Sehpası HBH1112-05BRSH,ofis_mobilya
Mezza Ninova Kitaplık 69 X 195 Sepet 195,ofis_mobilya
Monte Sehpa Alis Dresua,ofis_mobilya
VİLİNZE Deniz Siyah Ayak Metal Sandalye L-KN-01-SİYA,ofis_mobilya
Kzy Mobilya Tek Kapak 5 Raflı Dolap KZY0001,ofis_mobilya
METALDEN MUCİZELER Kitaplık METAL20202,ofis_mobilya
Remaks selçuk portmanto beyaz RMTY000011,ofis_mobilya
"TTasarım Portatif, Katlanabilir, Yatak Ve Koltuk Üstü Hasta Servis Masası. Laptop Ve Tablet Sehpası TTasarı",ofis_mobilya
NDESIGN Cupon Chester Dörtlü Koltuk 123CUPO,ofis_mobilya
BETA AKSESUAR Monza Ikili Sehpa Füme Cam / Siyah Mdf 56202,ofis_mobilya
Sinem Şahin Mimarlık Mermer Orta Sehpa mermer03,ofis_mobilya
CAN CONCEPT Byk Mobilya Mermer Görünümlü Masa Sandalye Takımı 4 Adet Tel Sandalye Masa Takımı 70x110 70x12,ofis_mobilya
Morpanya Ares 5 Raflı Modern Kitaplık Dosya Kitap Rafı Ofis Ev Rafı Kitap Raf PRA-8021701-00508,ofis_mobilya
GOLDFALEZ Orta Sehpa Ikili Lüx Specıal Antrasit Gri - Ceviz RS001,ofis_mobilya
Woodnjoy Masif Ağaç Aktivite & Çalışma Masası + 1 Sandalye masa 0,ofis_mobilya
AYANAVM Bilgisayar Sandalyesi Petek Fileli Şef Ofis Çalışma Koltuğu Bilgisayar Koltuğu Petek2 AYANAVM,ofis_mobilya
Geppetto Home Kozmatik Dükkan Ada Sandalye Cilasız Ahşap 69,ofis_mobilya
CLK Bilgisayar Makam Müdür Koltuk Koltuğu Sandalyesi Siyah Krom Ayak ClkMk,ofis_mobilya
NDESIGN Secret Koltuk Üçlü 1100001S,ofis_mobilya
SEVENPAL MOBİLYA Alaska 4 Kapılı 9 Bölmeli Dolap SVNPLALSKD,ofis_mobilya
Afilli Liva Sürgülü Ve Aynalı Portmanto Beyaz (TAMAMI MDFLAM) LisaProfilsi,ofis_mobilya
Duru Çeyiz Sandıkları Sandalye 4'lü Set durusandalye,ofis_mobilya
FLORADESİGN Flora Bistro Nuans Yuvarlak Yemek Masası Takımı 4'lü Şeffaf Sandalye (MEŞE SİYAH AYAK) 100 Cm FLRYN0,ofis_mobilya
Rovena Alya Beyaz 80x132 Açılabilir Mdf Yemek Masası Takımı 6 Adet Sandalye rvnalyabyz,ofis_mobilya
METSAN AKSESUAR Zion Sandalye Orjinal Hasırlı Döşemeli MTS-ZİON,ofis_mobilya
SÖĞÜTCENTER Hörü Metal Sehpa HRMTS,ofis_mobilya
Rabi Çok Amaçlı Country 1 Kapaklı Dolap ck100,ofis_mobilya
BETA AKSESUAR Oslo Orta Sehpa 115898,ofis_mobilya
Touch Home 4'lü Loft Sandalye THF.123SİYA,ofis_mobilya
Yurudesign Vista Ab Ofis Büro Masa Takımı Kahve-beton-antrasit Vs6-cga 159378,ofis_mobilya
Ofisbazaar Orta Sehpa Beyaz Byzort4,ofis_mobilya
"ALMITAL Bakır Renk, Lüks Çöp Poşeti Tutucu, Dolap Kapağına Asılabilen Metal Poşetlik, Organizer M7527-60 BAKI",ofis_mobilya
"ALMITAL Krom Çöp Poşeti Tutucu, Dolap Kapağına Asılabilen Krom Çöp Poşeti Askısı, Organizer M752",ofis_mobilya
Neptün Life Ahşap Saplı Kapaklı Sepet Dolap Düzenleyici Sepet Ahşap.Saplı.Sepe,ofis_mobilya
Anadolu Saray Çarşısı Yeni Nesil Tutacaklı Köşe Pencere Panjur Oluk Kenarı Kapı Eşiği Duşakabin Aralık Temizleme Aparatı Panjur.Temizleme.Fircas,temel_gida
Single Çekpas Kauçuk Fırça Paspas Mop / Banyo Vip Turbo Temizlik / Ev Araba Zemin Temizlik 87,temel_gida
Parex Quick Temizlik Seti 8680895115281 MRTDM100529,temel_gida
zamazingocu Ulaşılması Zor Yüzeyler İçin Esnek Toz Alma Aparatı 8195,temel_gida
Foreca 4 Lü Retro Gold Banyo Seti 152 03 07 04,temel_gida
PAKSOY TİCARET Uzun Saplı Silecek Sert Kıl Pencere Silecek Sihirli Zemin Paspası Banyo Küveti Mutfak Temizlik FIRÇAMOP-5,temel_gida
MissClean Mikrofiber Manyetik Anti-statik Bükülebilen Toz Alma 3 Lü Full Set 2 Metre Uzayabilen Saplı misstozse,temel_gida
Viyalente 120 Lt Yeşil Tekerlekli Çöp Konteynırı Taşınabilir Çöp Kutusu Arabas,temel_gida
Sepetkitchen Katlanabilir Multi 3'lü Set SPT18002,temel_gida
Zambak Saplı Faraşlı Fırça Takımı Fmastr217 139 BlmrZmF16,temel_gida
GörSeç 30 Litre Temizlik Çöp Kovası Paslanmaz Pedallı Çöp Kutusu Ayaklı 30 Lt Lüx Lüks Mutfak Bahçe Kovası 30ltpastemizlikgo,temel_gida
Herza House Katlanır Set Multi 5 Li Multi5l,temel_gida
fk endeower Fk Tıbbı Atık Kovası Çöp Kutusu 10 Lt - 10 Adet 10LT1,temel_gida
Wonwood Cadı Süpürgesi WNWD3,temel_gida
"Onay Store 5 Parça Akordiyon Katlanır Badya(2,7LT-5LT) Süzgeç Kesme Tahtası Bulaşıklık Seti - Mutfak Çeyiz Seti 863759658925",temel_gida
Roborock S7 S7 Max T7 T7s Uyumlu Robot Süpürge Yedek Parça Set LIN4800147,temel_gida
"ALMITAL Bakır Renk, Lüks Çöp Poşeti Tutucu, Dolap Kapağına Asılabilen Metal Poşetlik, Organizer M7527-60 BAKI",ofis_mobilya
Vileda Ultramax 2in1 Temizlik Seti*1 402310314389,temel_gida
Cillit Bang Banyo ve Mutfak Temizleyici Yağ Çözücü ve Kireç Sökücü Sprey Set (2x750 ml) 869057052256,temel_gida
Domestos Yoğun Kıvamlı Çamaşır Suyu Dağ Esintisi Maksimum Hijyen 750 ml 6 Adet SET.UNİ.600DMST,temel_gida
PYAAR Gıda Streç Film 30 Cm X 300 Metre 8 Mikron 869001050-,temel_gida
Solo Bambu Katkılı Tuvalet Kağıdı 40'lı 111,temel_gida
Moldrox Küf Temizleyici Sprey 250 ml MKTS0,temel_gida
Domestos Yüzey Temizleyici 1500 Mlx 1 + Cif Krem 675 Mlx1 + Cif Power Shine 750 Ml Mutfakx1+banyox1 SET.UNİ.413,temel_gida
Green Gıda Streç Film 30 Cm X 300 Metre 8 Mikron M57637,temel_gida
Domol Fırın Ve Izgara Temizleyici Köpük 500 ml STO.03447,temel_gida
Teno Avantaj Paket Tuvalet Kağıdı 48 Rulo 00000000200000136,temel_gida
ERSOPACK Büzgülü Çöp Torbası 40 Adet 55*60 Vanilya Kokulu - Çek Al Kullanım Çöp Poşeti 868069036375,temel_gida
HS AMBALAJ Ekstra Dayanıklı Jumbo Çöp Torbası Dayanıklı 8,temel_gida
Yumoş Sprey Oda Ve Eşya Kokusu Lilyum 450 Mlx1 + Orkide 450 Mlx1 + Hanımeli 450mlx1 SET.UNİ.415,temel_gida
Diversey Clonet Extra Banyo Temizleyici Ve Kireç Çözücü 750 ml 700069123,temel_gida
Air Wick Elektrikli Oda Kokusu Kit Temizliğin Esintisi (1 CİHAZ 1 KOKU) 868253900410,temel_gida
"Oithox Plus Ul Insektisit Böcek, Pire, Örümcek, Bit, Tahta Kurusu, Mite, Hamamböceği Ilacı 500 Ml oithoxcode0",temel_gida
Bimotif Karışık Canavar Desenli Bantlı Şeffaf Poşet 10x15 cm 100 Adet 387,temel_gida
Repel Sivrisinek Kovucu Cihaz 2'li repel-,temel_gida
A. T. Kovucular Fare Kovucu Haşere Kovucu Böcek Kovucu 550 M2 Etkili Cihaz AGTZ1,temel_gida
Familia Plus Kağıt Havlu 24 Rulo 00000000200000125,temel_gida
MyClean My Clean Sihirli Inox Paslanmaz Telli Sünger 2li HBV00000PZA4,temel_gida
VEBOX Kir Ve Leke Sökücü 500 ml F-1,temel_gida
Domestos Yüzey Temizleyici Bahar Çiçekleri 1500 Mlx3 SET.UNİ.412,temel_gida
Parex Wondero Temiz Su Ile Kirli Su Ile Ayıran Otomatik Temizlik Seti Parex*Wonder,temel_gida
Yumoş Jet Fresh Giysi Spreyi Lilyum 200 Ml 1 Adet+ Jet Fresh Giysi Spreyi Orkide 200 Ml 1 Adet SET.UNİ.319,temel_gida
Lysol Antibakteriyel Çamaşır Makinesi Temizleyicisi Çam ve Okaliptus Ferahlığı 4x250 ml 8682539002339,temel_gida
Selsil Pak Mucize Köpük Temizleyici 500 Ml SP000,temel_gida
VEBOX High Derz Temizleyici 500 Ml. S162,temel_gida
Diversey Taski Clonet Extra Kireç Ve Banyo Temizleyici Taski R6 Wc Tuvalet Temizleyici 1C2RPAKE,temel_gida
Repel End 700 Endüstriyel Ultrasonik Fare Sıçan Yarasa Kovucu 0112,temel_gida
Palet Streç Film 17 Mikron 50 cm X 300 m 1 Adet TYC0036334372,temel_gida
Deerma 360 Derece Dönen Su Püskürtmeli Sprey Paspas (Garantili) 29893619,temel_gida
Koroplast Temizlik Seti Temiz ve Kirli Suyu Ayıran Temizlik Mopu 60000890,temel_gida
Familia Plus Kağıt Havlu 24 Rulo 00000000200000125,temel_gida
Pony Sprey Mop 4 Mikrofiber Mop 200300,temel_gida
Pony Sprey Mop 4 Mikrofiber Mop 200300,temel_gida
"A. T. Kovucular Solar Rodent Köstebek Kovucu, Akrep Yılan Kovucu, 800 M2 Etkili (güneş Enerjili) AGTZ0",temel_gida
Rs Clean Bitkisel Beyaz Sabunlu Yüzey Temizleyici - 1000 ml RS0010,temel_gida
TOWNEW T Air Lite Tam Otomatik Akıllı Çöp Kovası Townew T Air Lit,temel_gida
Amway Home L.o.c Çok Amaçlı Temizleyici 1 Lt X 2 Adet E-0002-T,temel_gida
Domol Fırın Izgara Temizleyici Köpük 500 ml * 2 Adet HZN430561550512,temel_gida
Domestos Çamaşır Suyu Bio Active Mutfak Yemek Hazırlanan Yüzeyler Için Kireç Sökücü 750 Mlx3 SET.UNİ.384,temel_gida
Perwoll Yenilenen 3D Renkli Etki 50 Yıkama 3 lt 3055182,temel_gida
Yumoş Extra Sakayık 1440ml P26273S664,temel_gida
Solo Tuvalet Kağıdı Bambu Katkılı 120'li 600231,temel_gida
Spring Water Sprey Mop 300cc Su Hazneli Pratik Temizlik 3 Yedek Mop .. 3400,temel_gida
Vatansera Bulaşık Süngeri Tutacağı 3m Yapışkanlı Paslanmaz Çelik Bulaşık Sünger Tutucu Çok Amaçlı Askı 1 Adet VTS-432-3,temel_gida
Domol Sihirli Temizlik Sünger 6 Iı DOM,temel_gida
Carpex A1 Eco Geniş Alan Koku Makinesi - Aroma Difüzör TYC0055021397,temel_gida
TAMPA BEYAZ Yüzey Temizleyici Beyaz Sabun Kokulu 5 Litre TMMPN000000165,temel_gida
Teno Avantaj Paket Parfümlü Tuvalet Kağıdı 48 Rulo 00000000200000136,temel_gida
Diversey Taski Clonet Extra 3 Adet clonet,temel_gida
Air Wick Elektrikli Oda Kokusu Cihaz Temizliğin Esintisi X 2 8682539004104,temel_gida
Mim Life Sihirli Iç Kovalı Tutma Saplı Tezgah Üstü Mutfak Çöp Kovası Beyaz 4 Lt Sihirli Beya,temel_gida
Teno Avantaj Paket Parfümlü Tuvalet Kağıdı 96 Rulo 00000000200000136,temel_gida
Solo Kağıt Havlu Bambu Katkılı 48'li 600231,temel_gida
Royal Mum Black Vanilya Çubuklu Oda Kokusu FP-serisi -Blackvanill,temel_gida
"Chrysamed Insektisit Max 500 Ml Hamam Böceği, Karınca, Kene Vs. INSEKTİSİT500M",temel_gida
ÖZ TİCARET Gıda Streç Film 30 Cm X 100 M 1 Adet ÖZ1,temel_gida
Familia Tuvalet Kağıdı 3 Katlı 40'lı FAMİLİA TUVALET KAĞIDI 40LI 3 KATL,temel_gida
geula LİMPEZA Sıcak Bulaşık Yıkama Eldiven Dayanıklı Su Geçirmez Ev Eldiven Su Toz Dur Temizleme Kauçuk Eldiven eldifelixven675,temel_gida
"AURAN Pudra, Yasemin, Amber Saf Esansiyel Uçucu Yağ Buhurdanlık Yağı Difüzör Esansı Aromaterapi 3x 10ml UÇUCUYAĞ10ML3X",temel_gida
Teno Avantaj Paket Tuvalet Kağıdı 48 Rulo 00000000200000136,temel_gida
Cif Doğanın Gücü Çok Amaçlı Yüzey Temizleyici Sprey Yağ Ve Kir Leke Çıkarıcı Limon&karbonat 750mlx3 SET.UNİ.418,temel_gida
SMARTER Shiny Sprey Mop + Yedek Mop 868227997055,temel_gida
Cif Konsantre Zemin Uzmanı 895ml Ahşap Portakal Çiçeğix1+fayans Beyaz Sabunx1+fayans Pembe Çiçekx1 SET.UNİ.418,temel_gida
Chrysamed Insektisit Max 1000 ml Kene-bit-pire Spreyi ınsektisit100m,temel_gida
ERSOPACK Büzgülü Çöp Torbası 55*60cm 3*40=120 Adet Vanilya Kokulu Çek Al Kullanım Çöp Poşeti 868069036304,temel_gida
Vileda Sprey Max Mop 402310319920,temel_gida
Febreze Hava Ferahlatıcı Banyo Oda Kokusu Temiz Çarşaf Ferahlığı 8562,temel_gida
Pest Repeller Böcek Haşere Fare Kovucu Ultrasonik Zararlı Kovar Cihaz 8925554,temel_gida
Fresh Clip 2.5 Tuvalet Wc Klozet Koku Giderici Mango (Turuncu) 869585550169,temel_gida
Pelikan Carrier 21600 Raylı Dolap Içi Çöp Kovası 16 1 Lt (17 Lt) - Mutfak Çöp Kovası 216002160,temel_gida
Bayer K Othrine Sc50 Haşere Ilacı 50 Ml 869954600072,temel_gida
Deep Bright Renk Ayırıcı Ve Kir Tutucu Mendil - Maksimum Performans 24 Adet Dp0,temel_gida
David Walker Yağmur Ormanları Dekoratif Araç Kokusu 8 ml - Oto Parfümü - Ipli Asma Otomobil Parfümü,temel_gida
Vileda Spino Ultra Otomatik Temizlik Seti 402310323413,temel_gida
Finish Finish Çift Etkili Makine Temizleyici 2X250 Ml 3098029,temel_gida
Parex Black Edition Otomatik Temizlik Seti - Kova Mop Seti CNTP6312,temel_gida
Viking Premium Çok Amaçlı Yasemin Vanilya 750 Ml X 2 Adet VKNGTMZLKYSMN750X,temel_gida
Sermat Eva Şeffaf Kaydırmaz Raf Dolap Ve Çekmece Örtüsü 45 Cm X 10 M sermat,temel_gida
"Kapsam Mor Teleskopik Mandallı Mikrofiber Sihirli Mop Yüzey Temizleyici (duvar,fayans,yer,cam) mop9",temel_gida
Finish Çift Etkili Makine Temizleyici Limon 250 Ml 3040328,temel_gida
Teno Avantaj Paket Parfümlü Tuvalet Kağıdı 96 Rulo 00000000200000136,temel_gida
Teno Avantaj Paket Tuvalet Kağıdı 96 Rulo 00000000200000136,temel_gida
"Dets Pudra Çubuklu Oda Kokusu ,kokulu Çubuk , Ev Ve Banyo Kokusu ,esansiyel Uçucu Yağ 50ml çubukluodakokusupudr",temel_gida
Chakra Araba Kokusu Powder Pleasure 5 ml CD13KKOZ1,temel_gida
VİGENTİNO Origa Fonksiyonel Kapaklı Banyo Ve Mutfak Tezgahüstü Çöp Kovası Dolap Ve Duvar Aparatlı 15 Lt V-96,temel_gida
FULLTREND Turbo 2in1 Pedallı Temizlik Seti + 2 Mop Hediyeli Yeni Nesil Vileda Mop Döner Mop MOP2122,temel_gida
Quick&Shine Arçelik Beko Çamaşır Kurutma Makinesi Kokusu TYC0026326255,temel_gida
Domestos Çamaşır Suyu Pro Çamaşır Suyu 10 L 2 Adet SET.UNİ.212,temel_gida
Solo Akıllı Seçim Tuvalet Kağıdı 32'li 2000003101050,temel_gida
"Oithox Plus Ul Insektisit Böcek, Mite, Pire, Bit, Tahta Kurusu, Hamamböceği Ilacı 5 Lt 868367565822",temel_gida
INCIA Sinek Kovucu Vücut Losyonu 100 ml 13056,temel_gida
Cif Ultra Güç Çok Amaçlı Sprey En Zorlu Yağları Anında Söker Atar 1000ml 5adet SET.UNİ.183,temel_gida
Yui 360 Derece Dönen Su Püskürtmeli Sprey Mop Paspas YUİ MO,temel_gida
KOKU İKSİRİ Bütün Kötü Kokulara Son Ferahlatıcı Oda Kokusu 3 Lü Set 2 Adet 400 ml 1 Adet Araba Boy 75 ml 875M,temel_gida
Familia Plus Parfümlü Tuvalet Kağıdı 48 Rulo 200000055,temel_gida
AteşTech Sivrisinek Kovucu Sinek Kovucu Bileklik Sahil Plaj Uyku Sineksavar Bileklik PRA-6182222-202,temel_gida
MissClean ( 2 Adet ) Sihirli Inox Paslanmaz Telli Bulaşık Süngeri missino,temel_gida
PerlaSmart Sprey Mop Yedek Mikrofiber Mop TYC0068607542,temel_gida
Filit Karınca Granülü 100 gr 869894025280,temel_gida
Repel End 1000 Endüstriyel Ultrasonik Fare Sıçan Yarasa Kovucu 0112,temel_gida
Selsil Pak Mucize Temizleyici Köpük Sprey Modeli - Pak Köpük Sprey 500 ml selsil 0252,temel_gida
KAFEM Çöp Poşeti Jumbo Boy 500 gr Paket Içi 10lu TYC0022117788,temel_gida
Vileda SuperMocio Klasik Kırmızı Temizlik Seti 400379010511,temel_gida
Marc Çamaşır Makinesi Temizleyicisi 250 ml 8205,temel_gida
KAFEM Çöp Poşeti Jumbo Boy 500 gr Paket Içi 10lu TYC0022117788,temel_gida
Yumoş Domestos Çılgın Fırsat Temizlik Seti SET.UNİ.210,temel_gida
PAN Ekonomik Tuvalet Kağıdı 72'li (72 RULO) 10132,temel_gida
AURAN Favori Set Esansiyel Uçucu Yağ Buhurdanlık Yağı Hava Nemlendirici Aroma Difüzörü Kokusu Esans 6x UÇUCUYAĞ10ML6X,temel_gida
"Cif Tüm Yüzeyler Için Jel Yüzey Temizleyici Leke Çıkarıcı, Yağ Çözücü Bahar Ferahlığı 750 Mlx4 SET.UNİ.36",temel_gida
Diversey Taski Clonet Extra 750 Ml. + Taski R6 750 Ml (2'li Paket) 1C+1R,temel_gida
VEBOX Stronger Frın Gril Ve Yanmış Yağ Sökücü (500 Ml) TYC0045134852,temel_gida
PYAAR Gıda Streç Film 30 cm X 300 Metre 2 Adet 869001050-2-,temel_gida
Domol Banyo Yüzey Temizleyici Kir Ve Kireç Çözücü Sprey Limon Kokulu 750 ml 430561507900,temel_gida
EFLAMEL DESING Ekodex Power Max Döner Başlıklı Temizlik Seti Kova Sap Mafsallı Kapak Mikrofiber Mop Set Ekodex mop set,temel_gida
Finish Bulaşık Makinesi Parlatıcısı 800 ml 573,temel_gida
David Walker Iris Çiçeği Oto Dekoratif Araç Kokusu 8 Ml- Ipli Asma Otomobil Parfümü - Oto Kokusu,temel_gida
Air Wick Elektrikli Oda Kokusu Kit Lavanta (1 CİHAZ 1 KOKU) 868253900409,temel_gida
Maysa Wc Banyo Ve Derz Temizleyici 4lt. MAY11,temel_gida
The Elite Home Doğal Ve Vegan Sertifikalı Leke Çıkarıcı Çamaşır Suyu Tozu 1 Kg*2 212121212,temel_gida
Diversey 6 Adet Taski Clonet Extra Kireç Çözücü Ve Banyo Temizleyicisi 750 ml T1900,temel_gida
"A. T. Kovucular Fare Kovucu, Haşere Ve Böcek Kovucu Ultrasonic Ses A.t. 300m2 Etkili Cihaz -a.t.kovucular A.T. 30",temel_gida
MoxoClean Yağ Pas Çözücü Sprey MOXO,temel_gida
Vileda Turbo Classic Üçgen Mikrofiber Yedek Paspas 402310315648,temel_gida
Ersağ Genel Temizlik 1000ml 868151522078,temel_gida
Chakra Araba Kokusu 5 ml Soft Linen Standart CD13KKOZ1,temel_gida
Silva Mikrofiber El Mopu MSS123MOP,temel_gida
Discover Sihirli Küre Hava Temizleme Makinesi Işıksız + 1 Adet Relax Solüsyonu ikadiscoverys,temel_gida
"Chrysamed insektisit Max Böcek, Pire, Bit, Tahta Kurusu, Hamamböceği İlacı 500 ml Böcek İlacı KYR-00",temel_gida
Air Wick Oda Kokusu Freshmatic Makine + Yedek 250 Ml Lavanta 869057052262,temel_gida
VEBOX Active Banyo Ve Wc Temizleyici (1000 Ml) BANYO-W,temel_gida
Scotch Brite Sil Süpür Temizlik Sistemi 841000110870,temel_gida
Cif Konsantre Zemin Uzmanı 895ml Ahşap Portakal Çiçeğix1+fayans Beyaz Sabunx1+fayans Pembe Çiçekx1 SET.UNİ.418,temel_gida
Papia Pure & Soft Havlu 24 Rulo 00000000200000104,temel_gida
SMARTER Magic Mop Paspas 190307,temel_gida
Flowy Oils Flowy Doğal Lavanta Uyku Ve Yastık Spreyi Lavender Sleep And Pıllow Spray 50 Ml FLOWT50MLSPRAY,temel_gida
"Kimyacınız Talk Pudra - Mısır Talkı 25 Kg, Saf Pudra, Sanayi Pudrası, Cilt Pudrası T233",temel_gida
Metrotem Rulo Poşet Orta Boy MTR-AG0019,temel_gida
FULLTREND Nero Döner Başlıklı Temizlik Seti 16 Lt NR2812,temel_gida
Domestos Wc Blok Tuvalet Bloğu Okyanus Ferahlığı 5'li Güç X1+çam Ferahlığı X1+manolya Ferahlığı X1 SET.UNİ.418,temel_gida
Pandora Yağ Çözücü Sprey 10007,temel_gida
Zambak Esnek Toz Alma Aparatı Mop KVK202030302,temel_gida
ROSSMANN Domol Fırın Temizleme Ve Tuvalet Temizleme Köpüğü 500 ml SETLLAKZDML000,temel_gida
Teno Avantaj Paket Tuvalet Kağıdı 48 Rulo & Kağıt Havlu 48 Rulo 00000000200000136,temel_gida
Omo Actıve Oxygen 40 Yıkama 6 Kg 2000003013199,temel_gida
Domol Beyazlatıcı Çamaşır Mendili 20 Adet SR1311025,temel_gida
Okyanus Home Mina Beyaz Çizgili Yuvarlak 2'li Wc Kova Ve Fırça Seti OKY-43,temel_gida
Domestos Çam Ferahlığı Yoğun Kıvamlı Çamaşır Suyu 3240 ml 7281,temel_gida
TECHNOLOG Sihirli Sünger Magic Sponge 5 Adet Sihirli Sünger 5li Beya,temel_gida
Finish Temizlik ve Bakım Seti (Parlatıcı 400 ml + Makine Temizleyici Sıvı 250 ml + Tuz 500 gr) 869057054509,temel_gida
Febreze Hava Ferahlatıcı Banyo Oda Kokusu Limon Kokusu Ferahlığı X3 909,temel_gida
Perwoll Perwoll Yünlüler Ve İpekliler 50 Yıkama 3 L 3055182,temel_gida
Repel Rf 200 Ultrasonik Fare Kovucu Ve Haşere Cihazı 0113,temel_gida
Finish Marc Makine Temizleyici Seti 316746,temel_gida
Domestos Çamaşır Suyu Pembe Güç 750 ml 6 Adet SET.UNİ.60,temel_gida
Familia Familya Tuv. Kağ. Plus Hindistan Cevizi Özlü 40lı 06141,temel_gida
Chrysamed Fibron Jel 35 Gr.Hamam Böceği Karınca Mücadelesi İçin FİBRON35G,temel_gida
Yumoş Extra Lilyum 1440 ml - 3'lü Paket SET.UNİ.28,temel_gida
Familia Plus Tuvalet Kağıdı 48 Rulo 200000055,temel_gida
"Diversey Clonet Banyo Temizleci 0,75 lt , D9 Yağ Sökücü 0,75lt , R6 Wc Temizleyici 0,75 lt 1cln1r61d",temel_gida
Solo 32 Li Akıllı Seçim Tuvalet Kağıdı 23423,temel_gida
Air Wick Elektrikli Oda Kokusu Cihaz Lavanta x 2 8682539004098,temel_gida
AURAN Beyaz Sabun Çubuklu Oda Kokusu Esansiyel Uçucu Yağ White Soap 50ml TYC0050675302,temel_gida
Finish Parlatıcı Limonlu 800 Ml 3040328,temel_gida
FUJI Express 2 X 750ml Ahşap Temizleyici Ve Parlatıcı Sprey 2'li Parke Temizleyici 869744729619,temel_gida
Domol Yüzey Temizleme Malası SR1206087,temel_gida
Cillit Bang Doğal Güç Limonlu %100 Banyo + Karbonatlı %100 Mutfak Temizleyici Sprey 2x750 ml PKT04CILLITDGLDG,temel_gida
Afet Yardım Silen 32 Lı Tuvalet Kagıdı 1 Adet 434343,temel_gida
BERRE AMBALAJ 1 Kg Streç Film 17 Mikron 50 Cm 80 Metre 1 Adet Eşya Paketleme Sarma Koruma BERRE175010,temel_gida
Domol Renk Ayırıcı Ve Kir Tutucu Mendil 24’lü Paket SR1311025,temel_gida
SHOPİST Smart 4lt Gri Renk Bas Aç Mekanizmali Minimal Tasarim Çöp Kovasi Mutfak Ve Banyo Çöp Kovasi 3645627457856,temel_gida
Kiwi Ksc-4240 Şarjlı Mop KSC-424,temel_gida
Bayer Karınca Tozu Blattanex (80 GR) Granül Halinde PRA-2918661-773,temel_gida
Kiwi Ksc-4240 Şarjlı Mop KSC-424,temel_gida
amway home Amway Loc Çok Amaçlı Genel Temizleyici 1 Litre (2 ADET) 88550,temel_gida
Vileda Turbo 2in1 Temizlik Seti 06TMZ01,temel_gida
Cosmeticar 6 Adet Oto & Ortam Parfümü (AMBER ODUNSU SPECİAL KAVUN SAKIZ VANİLYA) 6 Parça Oto Ve Ortam Kokusu 3KAVU,temel_gida
SimeStore Yağlı Kağıt - Sunum Kağıdı K-0,temel_gida
wipest Haşere Fare Böcek Kovucu Ultrasonik Cihaz Elektirikli Prize Takılır Kaçırıcı Kovar Savar Alet 5508,temel_gida
Tikoti 360 Derece Dönebilen Kendinden Sıkmalı X Mop Kendinden Sıkmalı X mo,temel_gida
Parex Black Edition Otomatik Temizlik Seti TRD190957,temel_gida
Amway Çok Amaçlı Temizleyici Home™ L.o.c 6597328,temel_gida
Diversey Taski Clonet Extra Banyo Temizleyici Ve Kireç Çözücü 6 X 750 ml 6667ERT1,temel_gida
Astonish Vegan Küf Temizleyici 750 ml 1001002,temel_gida
Peros Renkliler Için 10 kg 66 Yıkama CLKPZRLM102724,temel_gida
Air Wick Elektrikli Oda Kokusu Yedek Şişe Bahar Çiçekleri X 3 8682539004012,temel_gida
Repel Exen 3d V2 Fare Sıçan Haşere Örümcek Akrep Kovucu 01142,temel_gida
Finish Bulaşık Makinesi Parlatıcı 2x800 Ml 573,temel_gida
Fly Pembe Desenli Çift Katlı Tuvalet Kağıdı 32'li X 3 Adet P70S665,temel_gida
ARTI İLAÇLAMA Sinek Yakalama Cihazı 5w Uv Lambalı ART121,temel_gida
MEGASİL Z Katlama Kat Kağıt Havlu Eko 12'li 90 Adetli MAĞAZA-06,temel_gida
Repel Fare Kovucu Sıçan Kovucu Süper Etki Rf 500 0113,temel_gida
Top Cleaner Glas Power Schaum Cam Temizleme Köpüğü Sprey SP10,temel_gida
Turkishcare Banyo Temizlik Kireç Çözücü Ve Ayakkabı Ve Kumaş Temizleme Spreyi + Çok Amaçlı Sünger MIX-PAKET-0,temel_gida
GODDARD'S Goddar’s Gümüş Cilası Gümüş Parlatıcısı Silver Shine 125 ml 3809,temel_gida
KARGOPEK Baskısız Bantlı Kargo Poşeti -55*60+5- 1000 Adet NH-214,temel_gida
Selsil Pak 500 ml Mucize Köpük Temizleyici Sprey Yağ Sökücü Yüzey Temizleyici Parlatıcı Paksprey1li selsilköpü,temel_gida
"A. T. Kovucular Fare Kovucu, Haşere Kovucu, Böcek Kovucu 230m2 Etkili Ultrasonic A.T. 1",temel_gida
Chakra Çamaşır Kokusu 500 Ml Soft Linen CD201KOZ02,temel_gida
Farmasi Mr. Wipes Konsantre Çok Amaçlı Temizleyici 500 ml FARMASI1724,temel_gida
Cif Yüzey Temizleyici Sprey Krem Sprey Ultra Yağ Çözücü 750 ml x3 SET.UNİ.383,temel_gida
ERSOPACK Büzgülü Çöp Torbası 65*70cm 3*30=90 Adet Vanilya Kokulu Çek Al Kullanım Çöp Poşeti 868069036306,temel_gida
Air Wick Elektrikli Oda Kokusu Yedek Şişe Temizliğin Esintisi 868253900408,temel_gida
SHOPİST Smart 4lt Beyaz Renk Bas Aç Mekanizmali Minimal Tasarim Çöp Kovasi Mutfak Ve Banyo Çöp Kovasi 3645627457856,temel_gida
deep point türkiye Dp Gider Kokusu Önleyici 60cc Kötü koku gideric,temel_gida
Amway Çok Amaçlı Temizleyici Home™ L.o.c.™ L.O.C. Çok Amaçlı Temizleyic,temel_gida
deep point türkiye Dp Gider Kokusu Önleyici 60cc Kötü koku gideric,temel_gida
Banat Bella Moppi Temizlik Seti - 869055573365,temel_gida
"Solo Dev Rulo Kağıt Havlu 6'lı (1=8 , 48 Rulo) 600213",temel_gida
Silen Kağıt Havlu 48'li (12X4) 600209,temel_gida
"vipgross Mutfak Çöp Kovası Siyah - Askılı Çöp Kovası 5,5 L Vg-756 - M4 -siyah 01.01.AR.75",temel_gida
HYGO Buzdolabı Koku Önleyici Giderici Temizlik Nano Gümüş Spreyi 100 ml 868301453917,temel_gida
Bymarka Yıkanılabilir Fırın Kağıdı & Mangal Örtüsü (TARIM VE ORMAN BAKANLIĞI ONAYLI) ARM-BYM-11,temel_gida
PackMore Karışık Canavar Desenli Bantlı Şeffaf Poşet 10x15 Cm 100 Adet PM103,temel_gida
Maysa Sıvı Arap Sabunu 4 Lt. MY67,temel_gida
TAMPA Yüzey Temizleyici Beyaz Sabun Parfümlü 5 Lt 100,temel_gida
PAN 24'lü Ekonomik Tuvalet Kağıdı 10222,temel_gida
naque Piknik Çay Bardağı Taşıma Aparatı Kutusu 6 Bardak Kapasiteli Fma07248 nqBardatus,temel_gida
Glade Banyo Hava Tazeleyici Yedek Lavanta Ferahlığı 10 ml 869078481133,temel_gida
Pony Sprey Mop 4 Mikrofiber Mop Set Krem 200302,temel_gida
geula LİMPEZA Sıcak Bulaşık Yıkama Eldiven Dayanıklı Su Geçirmez Ev Eldiven Su Toz Dur Temizleme Kauçuk Eldiven eldifelixven675,temel_gida
Me Ama 6'lı Set Uçucu Yağ Buhurdanlık Yağı Aromaterapi Yağ Difizör Esansı Buhur Yağ Oda Kokusu 10 ml mm6,temel_gida
Spect Z Katlama Dispenser Havlu 100'lü 12 Paket 0025,temel_gida
Carat Home Click Kapaklı Tutma Saplı Iç Kovalı Tezgah Üst Mutfak Çöp Kovası 4 Lt - Siyah CRT00,temel_gida
Farmasi 3 Adet Farması Mr Wıpes Konsantre Çok Amaçlı Temizleyici Beyaz Sabun Kokulu 500 ml 4838383S,temel_gida
EFTAPLAST 80*110 Endüstriyel- Extra Kalın Çöp Poşeti (10 KG-80 ADET) 102,temel_gida
Highgenic Küf Temizleyici Beyazlatıcı 500 Ml - 1 Adet Oda Kokusu ( 4 farklı renk ) ENG13198,temel_gida
Vileda Pedallı Temizlik Sistemi - Easy Wring Ultramat 402310315553,temel_gida
PURPAK Z Katlama Havlu Peçete 12*200 Lü AKY210876,temel_gida
Parex Pratik Paspas Çift Sıkmalı 210779,temel_gida
"Quick&Shine Arçelik Bulaşık ve Çamaşır Makinesi Manyetik Kireç Önleyici Beko, Altus ve Grundig Black Series 919706183",temel_gida
Domol Kettle Kahve Makinesi Kireç Çözücü Toz 2'li Paket PRA-139437-437,temel_gida
Parex Tornado Sap Ve 2li Yedek Mop Bir Arada 952784892141,temel_gida
"Turkishcare Ağır Kir Yağ Sökücü, Fırın Ve Izgara Temizleyici Sprey 500 Ml LEKE-0",temel_gida
Chrysamed Böcek Ilacı Insektisit Max 2 Lt 152-1-TY-280,temel_gida
Bayer K-othrine Sc 50 Karınca - Böcek- Sinek- Hamamböceği Ilacı 50 ml SC5,temel_gida
Chrysamed Böcek Ilacı Insektisit Max 2 Lt 152-1-TY-280,temel_gida
zipy Wc Islak Tuvalet Kağıdı Islak Kova Mendil 410 Adet TVL0,temel_gida
Penguen Png 4000 Elektrikli Sinek Öldürücü Sinek Cız Cihazı 6 W PRA-519539-417,temel_gida
istocyapimarket Poşet Kapatıcı Handy Sealer PRA-1886021-038,temel_gida
"VEBOX Beyaz Sabun Kokulu Yüzey Temizleyici 1,5 Lt. VYT0",temel_gida
Yui 360 Derece Dönen Su Püskürtmeli Sprey Mop Paspas YUİ MO,temel_gida
David Walker Iris Çiçeği Oto Dekoratif Araç Kokusu 8 Ml- Ipli Asma Otomobil Parfümü - Oto Kokusu,temel_gida
Air Wick Elektrikli Oda Kokusu Yedek Şişe Temizliğin Esintisi X 3 8682539004081,temel_gida
Sermat Click Clack Pedallı Çöp Kovası sermat clıck clac,temel_gida
Domestos Hijyenik Sıvı Leke Çıkarıcı Tüm Çamaşırlar 1000 ML T700,temel_gida
ROSSMANN Domol Fırın Ve Izgara Temizleyici 500 Ml DOML,temel_gida
kdr natural Sandal Ağacı Uçucu Buhurdanlık Yağı Hava Nemlendirici Difüzör Esansı Aromaterapi Yağ Oda Kokusu 10ml natural3,temel_gida
Homex Oda Kokusu Makine Yedek 8 Al 5 Öde - 8 x 260 ml HO8696601118101OD,temel_gida
Beluci Pudra Oda Ve Çamaşır Spreyi Oda Parfümü Koku Giderici Oda Kokusu 250 Ml BLC489615315,temel_gida
Domol Cam Ocak Temizleme Losyonu 300 ml. 22,temel_gida
Tuşla Gelsin Orta Boy Manav Bakkal Rulo Poşet Körüklü Perforajlı 200 Ad. pst0,temel_gida
Homex Oda Kokusu Makine Yedek 8 Al 5 Öde - 8 x 260 ml HO8696601118101OD,temel_gida
YİĞİT TİCARET Şeffaf Yapışkanlı Poşet - Opp Kendinden Yapışkanlı Jelatin Parlak Poşet 32x45cm - 100 Adet YGT-O/N/D/BN/30-32-4,temel_gida
"Solo Dev Rulo Kağıt Havlu 6'lı (1=8 , 48 Rulo) 600213",temel_gida
Domestos Çamaşır Suyu Dağ Esintisi 750 Ml X 6+ Sünger 1 Adet SET.UNİ.345,temel_gida
AURAN Favori 10'lu Set Esansiyel Uçucu Yağ Buhurdanlık Yağı Hava Nemlendirici Aroma Difüzörü Kokusu Esans UÇUCUYAĞ10ML10X,temel_gida
Afet Yardım Familia Plus Kağıt Havlu 24 Rulo 00000000007040048,temel_gida
Broken Stone Alüminyum Folyo 30x100 Metre Kutulu FOLYO100M,temel_gida
Domol Kokusuz Buzdolabı Deodorantı Kartuş Ve Karbon Filtre 40 gr. 99,temel_gida
Selsil Pak Mucize Temizlik 500gr. Krem + Swanson Works Sw-60 200ml Ev Temizlik Paketi PAK 500gr,temel_gida
VİGENTİNO Origa Fonksiyonel Kapaklı Banyo Ve Mutfak Tezgahüstü Çöp Kovası Dolap Ve Duvar Aparatlı 15 Lt V-96,temel_gida
ABC Pembe Buket Yüzey Temizleyici 2500 ml X4 PKTABCPMBBKTYZYTMZ2500MLX,temel_gida
Diversey Taskı Clonet Extra - Banyo Temizleyici Ve Kireç Çözücü 750ml 2 Li DİVERSET TASKİ W4,temel_gida
Chrysamed Fibron Gel 5 Gr. Hamam Böceği Ve Karınca Mücadelesi İçin 102090460430,temel_gida
TOWNEW Çöp Torbası 6x25 Adet (TÜM MODELLERE UYUMLUDUR) Townew Poşe,temel_gida
Duru Granül Matik Sabun Klasik 1 Kg x 3 Adet 507200-,temel_gida
Farmasi Mr. Wipes Çok Amaçlı Yüzey Temizleme Mendili - Limon 40 Yaprak 869013111036,temel_gida
Hochei Ütüsüz Ütü Spreyi 400 M,temel_gida
Hagen Güçlü Yapıştırma Açık Wc Kağıtlık 1135832,temel_gida
Ernet Temizlik Için Karbonat 1.5 Kg + Çamaşır Sodası 2 Kg P16847S214,temel_gida
Hochei Ütüsüz Ütü Spreyi 400 M,temel_gida
Selpak Dev Rulo Kağıt Havlu 12'li (2=4) 600198,temel_gida
Klikal 15x20 50 Adet Tırtıklı Vakum Makinesi Poşeti Ev Tipi Klikal-E-15x20x5,temel_gida
Okyanus Home Mina Siyah Çizgili Yuvarlak 2'li Wc Kova Ve Fırça Seti OKY-43,temel_gida
"Ela Naturel Vanilya, Amber, Sandal Esansiyel Uçucu Buhurdanlık Difüzör Yağı Kokus",temel_gida
"Mowo Home Eta Echo 4,5 Lt. Çöp Kovası Siyah, Banyo, Mutfak, Ofis Çöp Kutusu MOWO-11-003-",temel_gida
Papia Ipek Özlü Tuvalet Kağıdı 96 Rulo 00000000007040078,temel_gida
Cif Perfect Power Sprey 435 ml - 3 Lü Set 10510001,temel_gida
Vileda Turbo Pedallı Temizlik Sistemi. TYC0035757285,temel_gida
krmstore Slim Pedallı Iç Kovalı Çöp Kovası 25 Litre Gri Siyah Kapaklı TYC0055880407,temel_gida
Ultra Drain Granül Gider Açıcı UD-,temel_gida
Astema Kilitli Torba Şeffaf Poşet 10x12 100 Adet Kına Çerez Kuruyemiş Naylonu ASTEMA-002,temel_gida
"Profit Home Üçgen Cam Sil Çekçek, Duvar, Yer Silme Temizlik Seti 3 Adet Başlık ucgen0",temel_gida
Air Wick Oda Kokusu Freshmatic Makine Yedek Spreyi Turunçgiller 305994300906,temel_gida
OFF Sinekkovar Losyon 100 ml Aqua Pump 621,temel_gida
Rahmet Köpük Tabak Yuvarlak Küçük Boy 100 Adet TKKLLNMLKRHMT2,temel_gida
Bingo Giysi Şampuanı Canlandırıcı Etki 3 L 50 Yıkama 13.11.074.000,temel_gida
Chrysamed Fibron Jel 35 Gr.Hamam Böceği Karınca Mücadelesi İçin FİBRON35G,temel_gida
Beyza Garson Katlama Peçete 12 Paket FAY0033,temel_gida
Finish Bulaşık Makinesi Tuzu 1500 Gr 869057053206,temel_gida
OBİR NATÜREL Organik Genel Temizleyici 4488566963,temel_gida
Discover Sihirli Küre Yedek Kokusu 5 X 150 Ml ÖZACRDSCVRSLÜSYN150ML5,temel_gida
Familia 32 Li Tuvalet Kağıdı 00,temel_gida
HİT Anti Hamamböceği Jeli 20gr Böcek Ilacı Üretim Tarihi 09.2021 Son Kullanma 09.2023 hitje,temel_gida
Bingo Matik Sıvı Bakım Onaran Koruma 4 lt 3053957,temel_gida
Bingo Giysi Şampuanı Canlandırıcı Etki 4l 4'lü 00000000007040081,temel_gida
Selpak Extra Tuvalet Kağıdı Banyo Ferahlatma 48'li TYC0067117403,temel_gida
ThePinkStuff Pink Stuff Mucizevi Çok Amaçlı Temizleme Spreyi 750ml PSK12,temel_gida
K2R Renk Koruyucu Mendil 6 X 10'lu Paket (60 YIKAMA) 9000101016079_,temel_gida
Diversey Taski Clonet Extra Banyo Temizleyici Kireç Çözücü 750 ml DİVERSEY222,temel_gida
Herza House Gri Katlanabilir Kova Ve Gri Katlanabilir Maşrapa KOVAMAŞRAP,temel_gida
Me Ama Buhurdanlık Pudra Uçucu Yağ Aromaterapi Yağ Difizör Esansı Buhur Yağ Oda Kokusu 10 Ml. mmpd,temel_gida
KOZART Pedallı Çöp Kovası Wc Klozet Tuvalet Fırça Seti Banyo Çöp Kovası 3 Lt Krom 2'li Banyo Seti krom 3lt frcal,temel_gida
Vanish Kosla Tül Temizleyici Toz 450 Gr+ Parlatıcı 585,temel_gida
GörSeç Dolap Içi Kapağa Monte Çöp Kovası 11 Litre Mutfak Tezgah Altı Çelik Otomatik Kapak gordlpiçi11pa,temel_gida
Teno Kağıt Havlu 12'li 869053602501,temel_gida
kdr natural Yağmur ormanları uçucu yağ Buhurdanlık yağı Difüzör esansı Oda kokusu esansı Hava nemlendirici esans natural3,temel_gida
Okyanus Home Mina Beyaz Çizgili Yuvarlak Çöp Kovası OKY-43,temel_gida
Chrysamed Insektisit Max 5 Lt.akrep-kene-karınca-sivrisinek-tahtaku INSEKTİSİT5L,temel_gida
"Febreze Banyo Hava Ferahlatıcı Oda Kokusu 3'lü Set (DAĞ ESİNTİSİ, TEMİZ ÇARŞAF FERAHLIĞI, LAVANTA) 868100297688",temel_gida
VEBOX High Derz Temizleyici 500 ml DER,temel_gida
eposet Kilitli Poşet-kilitli Torba 9x11cm (100 Adet) Kına Ve Çerez Poşeti 12,temel_gida
Zambak Esnek Toz Alma Aparatı Mop Z-PTA_ZP45,temel_gida
GörSeç Dolap Içi Kapağa Monte Çöp Kovası 11 Litre Mutfak Tezgah Altı Çelik Otomatik Kapak gordlpiçi11pa,temel_gida
Diversey Diversy R6 Tuvalet Temizleme Ürünü 750ml Ağır Kir Temizlik 1C0074,temel_gida
Beluci 10’lu Set Esansiyel Uçucu Koku Yağı Buhurdanlık Yağı Difizör Esansı Ortam Oda Koku Giderici 10*10ml BLC48562165884,temel_gida
Papia Tuvalet Kağıdı 48 Rulo 200000063,temel_gida
Miss Lady Çöp Torbası Jumbo Boy 10'lu 5 Rulo 3022 Çöp Poşet,temel_gida
"Oithox Plus Ul Insektisit Böcek, Pire, Bit, Tahta Kurusu, Mite, Hamamböceği Ilacı 1 Lt 868367565821",temel_gida
MEGASİL Z Katlama Katlı Kat Kağıt Havlu Eko 12 Li Koli TDK3,temel_gida
Maysa Parke Ahşap Ve Yüzey Temizleyici 4 Lt. MY74,temel_gida
DIGERUI 50 cm Büyük 250 mt Strech Film 7A-6715914,temel_gida
Cif Krem Sprey Krem Gücü Yağ Kir Pas Kireç Lekelerini Çıkarır 750 ml 3adet SET.UNİ.288,temel_gida
Bingo Fresh Toz Al Mutlu Yuvam 750 ml 8620,temel_gida
Highgenic Leke Doktorum Tüm Lekeler Için 6 Adet hg-6x-tu,temel_gida
Diversey 2 Adet Room Care R6 750 ml + 2 Adet Taski Clonet Extra 750ml Online Özel Marketplace T2002,temel_gida
Wellnax breeze refresh Dolap Ve Çekmece Kokusu Mix Seri FHW001422D1X05000,temel_gida
Chrysamed Fibron Gel 35 Gr. Böcek İlacı Hamam Böceği ve Karınca Mücadelesinde Etkili 869778851975,temel_gida
Vip Ahmet Vipset Premium Komple Üst Kapak Mop NorthernmopKapak0,temel_gida
IKEA Lillnaggen Silecek Çek Çek Ikea TYC0027851143,temel_gida
K2R Renk Koruyucu Mendil 10'lu Paket (10 YIKAMA) 900010101607,temel_gida
KAFEM 5 X 5 Cm Kilitli Poşet / Naylon Torba 4 Paket ( 8.000 Adet ) - 332971,temel_gida
OBİR NATÜREL Genel Temizleyici (2 Adet 1 Lt) 4558998669,temel_gida
IKEA Istad Kilitli Buzdolabı Poşeti Ikea 60 Adet Kırmızı ar003,temel_gida
Domol Kurutma Makinesi Mendili SR1507011,temel_gida
"Glade Banyo Cihaz Ve Yedek Temiz Çarşaf, 10 Ml 869078481122",temel_gida
Solo Tuvalet Kağıdı 96 Rulo (32x3 Rulo) 869053002378,temel_gida
Melkan Home Siyah Banyo Çöp Kovası 27 Litre Çift Taraf Itme Kapaklı Çöp Kovası Atık Kutusu Cafe Otel Çöp Kovası SB104,temel_gida
KOZART Tuvalet Banyo Balkon Mutfak 3 Litre Siyah Pedallı Çöp Kovası Çöp Kutusu vinoksmikro3pas3l,temel_gida
"Saubert Çamaşır & Bulaşık Makinesi Kireç, Yağ Ve Kötü Koku Temizleme Tozu SBRTMT00",temel_gida
Oliva Nero Büyük Pencere Temizlik Paspası Cam Temizleyici Duvar Silecek Araba Malzemeleri olivaer-qw3,temel_gida
Cleenest Duş Kabini Temizleyici CL-95041,temel_gida
Zambak Plastik / Döner Başlıklı Vilada Sapı Uzunluk 103 Cm 1 Adet Püskül TYC0039935800,temel_gida
Parex Tornado Döner Başlıklı Temizlik Seti 869997179361,temel_gida
Viking Prem Çok Amaçlı Temizleyici 750ml 7997,temel_gida
ARVALE Sihirli Çöp Kovası | Tutma Saplı Sihirli Iç Kovalı Tezgah Üst Mutfak Çöp Kovası 4 Lt - Beyaz ARVALE032,temel_gida
"Glade Hava Tazeleyici Aerosol, Oda Kokusu Çiçek Festivali 300ml 8080",temel_gida
maxforce Hamam Böceği Jeli 20 G 08/2025 12312,temel_gida
Eyüp Sabri Tuncer Gizli Bahçe Bahar Tazeliği Oda Spreyi 500 ml 869168501930,temel_gida
Berk Dispenser Peçete 18 Paket FAY0031,temel_gida
Ecco Yeşil Dünya Tuvalet Kağıdı 32'li 2000003101201,temel_gida
Royal Mum 5 Adet Kokulu Kese Royal Bella -soft Linen - Beyaz Sabun - Black Orchıd - Vanılya DOLAP KOKU 5 L,temel_gida
La Clem Sihirli Çöp Kovası 8 Litre SHK-288,temel_gida
"Glade Mini Jel, Temiz Çarşaf Ferahlığı, 70 g 7130",temel_gida
Selpak 3 Katlı Dev Rulo Havlu 12 Adet RemodeSelpak0,temel_gida
IKEA Kilitlenebilir Buzdolabı Poşeti 60 Adet Siyah-sarı 5052564,temel_gida
Hochei Anti Statik Sprey - Tekstil Ürünleri Için - 250 Ml Antistati,temel_gida
Finish Temizlik Ve Bakım Seti(parlatıcı 400 Ml+makine Temizleyici Sıvı 250 Ml + Tuz 500 Gr) X2 Adet PKTFNSHTMZLKVBKMSTX,temel_gida
Royal Mum 5 Adet Kokulu Kese Royal Bella -soft Linen - Beyaz Sabun - Black Orchıd - Vanılya DOLAP KOKU 5 L,temel_gida
Kraft Çanta 18x8x24 10 Adet Kağıt Poşet Çanta 23x18x8-1,temel_gida
Parex 8 Adet Buzdolabı Poşeti Küçük Boy 868089512270,temel_gida
"Glade Mini Jel, Temiz Çarşaf Ferahlığı, 70 g 7130",temel_gida
Hochei Anti Statik Sprey - Tekstil Ürünleri Için - 250 Ml Antistati,temel_gida
Domol Mobilya Bakım Spreyi 300 ml DOMOLT,temel_gida
EFTAPLAST 80*110 Extra Dayanıklı Renkli Çöp Torbası 300gr (20 RULO-200 ADET) 100,temel_gida
DOĞA CENTER Çay Bardağı Taşıma Aparatı Kutusu Fma0724,temel_gida
Palex Streç ve Folyo Kesme Aparatı 35 cm Plastik Dispenseri PSD-3,temel_gida
Okyanus Home Krom Yedekli Wc Kağıtlık - Beyaz Çöp Kovası Ve Wc Fırça Seti KB-822-,temel_gida
FUJI Leke Çıkarıcı Koltuk Halı Giyim Tüm Tekstil Grubu Temizleyici 750 Ml + Neon Lavanta Oda Kokusu 400ml 86974472961742,temel_gida
"AGRODAL TARIM Salyangoz, Sümüklü Böcek Için Hazır Pelet Yem 250 Gram 49592591",temel_gida
Selsil Sıvı Gres Yağlama Spreyi 500 Ml SLSYĞGYS50,temel_gida
AURAN Lavanta Esansiyel Uçucu Koku Yağı Buhurdanlık Yağı Difüzör Esansı Hobi Esans Ortam Oda Kokusu 10ml UÇUCUYAĞ10ML2,temel_gida
ego home Motek Ikili Dokunmatik Çamaşır Sepeti Kirli Sepeti Çöp Kovası Dokunmatik Çöp Ve Kirli Sep. egohomekirliveçö,temel_gida
Koroplast Temizlik Seti 60000926,temel_gida
KAFEM Çöp Poşeti Endüstriyel Hantal Boy 100 X 150 Cm Paket Içi 10lu TYC0022117310,temel_gida
Şen Yayla Şenyayla 4281 15 Lt Slim Pedallı Plastik Çöp Kovası Siyah Kapaklı Fma060744 SY4281SLI,temel_gida
Finish Deo Bulaşık Makinesi Kokusu Şelale Ferahlığı 2x4 ml 2214-0,temel_gida
NEUTRON T1 Tam Otomatik Akıllı Çöp Kovası N T,temel_gida
Vip Ahmet Mell Home Vip Set Premium Uyumlu Palet Yedek Parça vppl,temel_gida
HYGO Buzdolabı Koku Önleyici Giderici Temizlik Nano Gümüş Spreyi 2x100 Ml 868301453917,temel_gida
Carat Home Fonksiyonel Kapaklı Banyo Ve Mutfak Tezgahüstü Çöp Kovası Dolap Ve Duvar Aparatlı 15 Lt CRT14,temel_gida
"VitrA Arkitekta A44055 Çöp Kovası, 4,5 Litre, Parlak Paslanmaz Çelik A44055-",temel_gida
Cillit Bang Turbo Hijyenik Jel Lavabo Açıcı 500ml X 2 8682539004111,temel_gida
zipy Wc Islak Tuvalet Kağıdı Islak Kova Mendil 410 Adet TVL0,temel_gida
Vileda Turbo Yedek Mikrofiber Paspas 2'Li Paket VLD000000005,temel_gida
SimeStore Yağlı Kağıt - Sunum Kağıdı K-0,temel_gida
Viyalente Sillgech Teleskopik Çift Taraflı Pratik Cam Silme Aparatı Uzayabilen Cam Mopu Eh-314 RH-23,temel_gida
Domestos Dağ Esintisi + Domestos Kar Beyaz Çamaşır Suyu COPACK 9X1500ML 1628,temel_gida
KAFEM Kağıtlı Tahta Karıştırıcı - 336931,temel_gida
MyPurity Bentonit Kili Sıvı 2 Litre MP,temel_gida
MyPurity Bentonit Kili Sıvı 4 Litre MP,temel_gida
MyPurity Bentonit Kili Sıvı 1 Litre MP,temel_gida
My Puffy Bentonit Kili Sıvı 1 Lt MP,temel_gida
Eti Tuzlu Atıştırmalık Paketi TAP,temel_gida
fudega Kuru Nane 500 Gr FDGNANE50,temel_gida
Ramazanda Birlik Vakti Ramazan Gıda Kolisi 1NoluErzakPaket,temel_gida
Afet Yardım Yardım Kolisi 12 Parça Ürün 12 PARCA BLGRSZ,temel_gida
Eti Çikolata Aşkı Paketi ECAP0,temel_gida
"Mare Mosso Caffe Güney Amerika Kahveleri( Peru, Colombia, Brazil, Honduras, Mexico) Tanışma Seti 100 gr X5 Paket 5AMERIKA100",temel_gida
Çenesuyu Çenesu 5 Litre X 4 Adet SET.ÇENE.00,temel_gida
Afet Yardım Kolisi (11 Çeşit) M-OBA-500-018,temel_gida
FORX5 - 3qr 30.şaseli - Coffee FORX5 COFFE,temel_gida
Knorr 12 Çeşit Ramazan Çorba Paketi SET.UNİ.307,temel_gida
Black Natural Icolon Probiotic Cure- Icolon Bağırsak Sk0910,temel_gida
Meri Detox tea Detoks Çayı 60 Adet 1 Aylık Kullanım -zyma ZYMAMER,temel_gida
Birtat Az Tuzlu Doğal Yayık 1000 gr Trabzon Sürmene Usülü Karadeniz Sütünden. BRTBTKTR100,temel_gida
DR TAYYARÖZ Doğal Keçi Boynuzu Pekmezi 320 Gram DRTAYYARÖ,temel_gida
Abdurrahman Tatlıcı Tadıbu Kakaolu Fındık Ezme 330 G *3 Ad ST051,temel_gida
Elvan Today Kruvasan Çikolatalı 40 Gr. 20 Adet (1 Kutu) TYC0034618620,temel_gida
BEYORGANİK Organik Avantajlı Ramazan Paketi 7*li avantajlıramazan-,temel_gida
Torku Şeker Tanesi Toz Şeker 5 kg 0331273,temel_gida
Pınar %1 Yağlı Süt 1 L 869056502633,temel_gida
Afet Yardım Erzak Paketi Kolisi 15 Parça No: 13 RAMAZAN PAKETİ NO: 1,temel_gida
Mahmood Rıce 1121 Basmati Pirinç 4 kg 869744990444,temel_gida
Calve Eğlence Paketi Köri Sos 260gr+Ranch Sos245gr+Barbekü Sos290gr+Hardal 250gr+Sarımsaklı Mayonez SET.UNİ.218,temel_gida
Kahve Dünyası Orta Kavrulmuş Türk Kahvesi 100 gr - 12'li 13.300.2110.001,temel_gida
Kafa Aroma Chivas Viski Kiti-viski Aroması 50 ml Malt (5 LİTREYE UYUMLU) P9S345,temel_gida
"Afet Yardım ÇOBANPINAR 1,5 Litre Su X 6 Adet TYC0071882070",temel_gida
Tchibo Gold Selection Öğütülmüş Filtre Kahve 1000 Gr (4x250gr) BYC20-554611,temel_gida
Biocard Çölyak Testi Gluten Tes,temel_gida
TheLifeCo Metabolizma Hızlandırıcı Limonlu Ve Acı Biberli Içecek Tozu 180 G 868283561076,temel_gida
Anisah Coffee Bolivar Espresso Kavrulmuş Çekirdek Kahve 1000 g M10-011000,temel_gida
KOFFIEBOON / 1 Kg / Restaurant - Cafe Series / Z-13 / Wholesale Pack / Kavrulmuş Kahve kbw,temel_gida
Elvan Bonbon Chıpsy Kakao Kaplı Bisküvili Draje 400 Gr. (1 Adet) T49,temel_gida
Çaykur Tiryaki Çay 1000 gr 0311131,temel_gida
Eti Mega Paket ETMP0,temel_gida
Mayi Tuz Mayi Doğal Tuz ( Iyotlu Ince ) 2 Kg MYTZ1,temel_gida
Afet Yardım ÇOBANPINAR 500ml Sux 12 Adet SET.ÇB.00,temel_gida
Proori Katkısız Doğal Soğuk Sıkım Karadut Özü Net 700 Gr*2 Li (1400 Gr) -- (şeker Ilavesiz) Proori,temel_gida
BEYORGANİK Organik Bey Öz Miks 260gr bey-mi,temel_gida
Laventin Fit Coffee Kilo Verme Ve Zayıflamaya Yardımcı Diyet Kahve 1 Aylık Kullanım Paket,temel_gida
Sek Aroma Chivas Viski Kiti-chivas Viski Aroması 50 ml (5 LİTREYE UYUMLU) sekarchvsrgl5,temel_gida
Wefood Organik Ham Kakao Tozu 140 gr 868174910429,temel_gida
Tchibo Profesional Espresso Çekirdek Kahve 1kg T1326,temel_gida
Zerofit Sandaloz Ve Bitki Ekstraktlı Form Macun 450 gr Detoks ZEROFİTMACU,temel_gida
HasMamül Hurmalı Atıştırmalık Mamul Şekersiz Şekersiz Hurmalı Sağlıklı Atıştırmalı,temel_gida
Wefood Organik Spirulina Tozu 100 gr 868174910440,temel_gida
Makarna Lütfen Karışık Sebzeli Arpa Şehriye (%35 SEBZE-250 GRAM) 868132218180,temel_gida
Wefood Organik Keçiboynuzu Özü 315 gr (Soğuk Sıkım) 868239217403,temel_gida
Antep Sepeti Gurme Naturel Antep Fıstığı 2 K,temel_gida
Eskafit Şekersiz Hurmalı Cevizli Mamul (1 SET = 5 PAKET) 5li Cevizl,temel_gida
Kahve Dünyası Granobar 50g 868316130241,temel_gida
"Eti Lifalif Granola Kuru Vişneli, Kakao Parçacıklı, Fındıklı 200 g x 4 Adet 1846000-",temel_gida
HATAYDAN EVİNİZE Nar Ekşisi Kazan Kaynatması Ev Yapımı 1 Kg HTYNE00,temel_gida
HARMANA Kilo Vermeye Yardımcı Kahve Diyeti 1 Aylık Kullanım Net 150gr 178218-j,temel_gida
Hayfene Safran 1 Gr HYF005,temel_gida
Mom's Natural Foods Kontrol - 2'li Granola - Çilek Chıa 360 Gr - Yabanmersini 360 Gr 86812670062060,temel_gida
Kafa Aroma Absolut Votka Kiti-absolut Votka Tahıl Aroması 50 Ml(5 LİTREYE UYUMLU) P67S110,temel_gida
Fellas Granola Süper 5'li Paket 8683200063192,temel_gida
Ezme Diyarı Burdur Ceviz Ezmesi 1000 gr brdr341,temel_gida
Mahmood Rıce 1121 Basmati Pirinç 4 kg 869744990444,temel_gida
Carvien's Epsom Tuzu (ingiliz Tuzu) CRVNS04,temel_gida
FİTGREEN Kinoa’lı Çay 5 Kutu Zayıflama&kilo Vermeye Yardımcı 9,temel_gida
EYE ATAlay Trabzon Az Tuzlu Yemeklik Yağ 1000g TYC0071053654,temel_gida
Makarna Lütfen Ruşeym - Buğday Özü (100 G) 868132218241,temel_gida
Deva Çiftliği 2 Kg Şekersiz Katkısız %100 Fıstık Ezmesi (2 X 1000 GR) deva11,temel_gida
Antep Sepeti Gurme Toz Antep Fıstığı (1.SINIF) 100 gr 869272105360,temel_gida
"MOM 2'li Organik Lolipop (ÇİLEK, KARPUZ, YABAN MERSİNİ VE C VİT) 868279221016",temel_gida
Bobonuts Bobo Nuts Mix Deneme Paketi Soslanmış / Çeşnili Kaju Fıstığı120g X 4 Paket DGJNSY2,temel_gida
King Gıda Aromaları Chvs Viski Kiti KA00,temel_gida
Meri Detox tea 60 Adet 1 Aylık Kullanım- Detox Zamanı MRNK0,temel_gida
OG natural Organik Tam Pirinç Unu 300 gr 868279220683,temel_gida
Bongardi Coffee 5x200 gram Santos Etiyopya Mexico El Salvador Intense Blend Filtre Kahve Seti 6XBY,temel_gida
Dayıoğlu Doğal Sahlep Toz Salep Meşhur Bucak Sahlebi Dayıoğlu Dondurmalık Salep 100 gr Salep DS11210,temel_gida
BEYORGANİK Organik Bey Öz Ve Bey Tonik 2'li Sağlık Kiti beytonikmi,temel_gida
Elvan Caferoll Fındıklı 10 Gr. 48 adet (1 Silindir Kutu) TYC0034622762,temel_gida
Mirliya Erken Hasat Turfanda Sıkım Naturel Sızma Zeytinyağı 250 Ml. TURFANDASIKIMZEYTINYAGI250M,temel_gida
Coffee Mate Nestle Kahve Kreması Süt Tozu 625gr Ekonomik Paket 1 Adet 0341135,temel_gida
"NiyaziBey Çiftliği Doğal Süt Reçeli , Köydeki Çiftlik Sütü Karameli 330 gr NYZSTRCL45",temel_gida
Elvan Bonbon Chipsy Portakal Aromalı Bitter Kakao Kaplı Bisküvi Draje 750 Gr. (1 Paket) TYC0036440851,temel_gida
Deva Çiftliği Şekersiz %100 Saf Doğal Fıstık Ezmesi 1 Kg 1 K,temel_gida
SAĞIROĞLU Ejder Meyvesi Iri Boy Pitaya 5 Li Pakette 235784315753,temel_gida
kb köyceğiz yöresel Köyceğiz Yöresel Karadut Özü 1000 G 00009,temel_gida
"Kahve Dünyası 4'lü Lavi Çikolata Seti 300g Fındık, 300g Frambuaz, 300g Bitter, 300g Sütlü Dolgulu 13.330.3160.025",temel_gida
Doğadan Sağlığa %100 Doğal Ananas Detoks Sirkesi - Ev Yapımı 5004,temel_gida
Duru Bulgur Duru Basmati Pirinç 5kg BSM5K,temel_gida
Nescafe 2si1 Bir Arada 56 Adet 2041461,temel_gida
Eti Lifalif Granola Kuru Elmalı Kuru Dutlu 200 g x 2 Adet 1896700-,temel_gida
Paşa Kuruyemiş Karışık Kuruyemiş 40 Gr X 4 Adet 11,temel_gida
Moliendo Indonesia Sumatra Yöresel Kahve ( Çekirdek Kahve ) 250 G. ML-250-1,temel_gida
Fondante Sütlü 1000 Gr. (1 Poşet) T8,temel_gida
Elvan Ibon Sütlü Meyveli Şeker 1000 Gr. Silindir (1 Kutu) 57915,temel_gida
Fomilk %100 Fındık Ezmesi / Hazelnut Butter 200G 15300011,temel_gida
Calve KETÇAP 600 GR+MAYONEZ 540 GR 8365,temel_gida
"Addis Ababa Coffee Lemmu Blend Filtre Kahve, Espresso Kahve, Çekirdek Kahve 1000 Gr. lemmu-10",temel_gida
ecoturca Zekat Kolisi -1 ZK-,temel_gida
Antep Pazarı Antep Fıstığı Yeni Mahsul Pirinç Boz Fıstık 100 Gram APAFYMPBFX010,temel_gida
Wefood Karadut Özü 315 Gr (soğuk Sıkım) 868174910487,temel_gida
SPRİNGMAX Besin Destekliyici Kilo Aldıran Muz Ve Kakao Aromalı Kilo Almaya Yardımcı Toz 1'li Set Kilo-aldırıcı 4,temel_gida
Antep Pazarı Kabak Çekirdeği Içi (çiğ Ve Tuzsuz) 350 Gr. APKABCEKIC35,temel_gida
Mare Mosso Caffe ê Vendite Espresso Genova Blend Çekirdek Kahve 1kg GENOVA1KG100,temel_gida
Addis Ababa Coffee Addıs Ababa Coffee Türk Kahvesi (500 GRAM) 1-500-,temel_gida
Elvan BONBON Chıpsy Beyaz Kakao Kaplı Bisküvili Draje 400 Gr. (1 Adet) TYC0036380224,temel_gida
Elvan Lady Bird 8 Gr. 100 Lü (1 Kutu) T106,temel_gida
"Addis Ababa Coffee Lemmu Blend Filtre Kahve, Espresso Kahve, Çekirdek Kahve 225 Gr. lemmu-10",temel_gida
Nutella Kakaolu Fındık Krem Çikolata 750 gr 0715570,temel_gida
Zarrin Mehr Zerrin 1121 Basmati Hint Pirinci 2 X 5 Kg Pirinç zrrn2x5kg-321321,temel_gida
Makarna Lütfen Kakaolu Keçiboynuzlu Pankek Karışımı (235 Gram) 868132218385,temel_gida
"Patiswiss Sütlü, Bitter Ve Beyaz Çikolata Kaplı Çilek Draje Seti 869941313621",temel_gida
MyPurity Sıvı Bentonit Solüsyon - Içilebilir Bentonit Kili 2 Litre MP1,temel_gida
Abdurrahman Tatlıcı Kakaolu Fındık Ezmesi Tadıbu 330 Gr 4 Adet AT000,temel_gida
Kahve Dünyası Lavi Karışık Dolgulu Çikolata Silindir Kutu 400gr 13.330.3130.001,temel_gida
Kınalıkuzu Geleneksel Tereyağı 1000 gr KK21566,temel_gida
Mom's Natural Foods 5'li Mix Granola 86812670062060,temel_gida
YUVA Kolay Hamur 35gr X 4 Adet (3x11g Instant Maya Hediyeli) YUVAKOLAYHAMUR35GR,temel_gida
Sade Gurme Gurme Granül Iri Kristal Kaya Tuzu 500gr ( Sofrada Öğütme ) SM38.01.01.025,temel_gida
Torku Banada Kakaolu Fındık Kreması 700 G 0715583,temel_gida
Eti Burçak Paketi EBP0,temel_gida
"Aslı Bu Ananas Sirkesi, Ananaslı Detoks Sirkesi 500 Ml detokssirk",temel_gida
Elvan Maxim Crown Kakaolu Bisküvi 275 Gr. (1 Poşet) ELV.170000108,temel_gida
KAÇKARDAN Organik Kaçkar Yayla Çiçek Balı 250 G kckrdn3,temel_gida
Tuvana Bitkisel Zayıflama Yardımcı Bitkisel Karışımlı Detox Form Çayı 4534,temel_gida
Atomex Çam Kozalağı Şurubu ( 660 Cc KZLK08,temel_gida
Afet Yardım Erzak Paketi Kolisi Hediye 16 Parça No:11 RAMAZAN PAKETİ NO: 1,temel_gida
Tuvana Bitkisel Zayıflama Yardımcı Bitkisel Karışımlı Detox Form Çayı 5li Set TV879,temel_gida
Dr Pan Rice Cream Çikolatalı 400 gr ricecream00,temel_gida
Calve Acı Peri Peri Sos Hafif Orta Acı 245 G Barbekü Sos 290 G Köri Sos 260 G SET.UNİ.346,temel_gida
Fellas Meyve Bar - Antep Fıstıklı Ve Kakaolu 40 Gr X 12 Adet 687,temel_gida
"Havaza Süt Reçeli - 400 Gr. (EV YAPIMI,GELENEKSEL) HVZ-102",temel_gida
Antepyolu Bugüne Özel Fırsat Ürünü Deluxe Gurme Serisi Jumbo Iri Boy Lüks Karışık Kuruyemiş Lüx Çerez 80 gr TYC0060211793,temel_gida
"Tchibo Filtre Kahve Kağıdı, Boyut 4, 80 adet 11339",temel_gida
Çaykur Tiryaki 1 Kg (10 Adet) 0006168_K,temel_gida
LavAzza Expert Gusto Forte Çekirdek Kahve 1 Kg 1000Mo,temel_gida
Organik Gurme Organik Siyez Unu 500 g 500gr,temel_gida
Kahve Dünyası 2'li Fındık Kreması 13.330.3160.020,temel_gida
FitNut Dr Pan Şekersiz Ketçap 520 gr Standar,temel_gida
BEYORGANİK Organik Hazır Çorba Paketi 14 Dakikada Hazır 3*lü ramazan-corba-,temel_gida
The Touch By Seda Altın 2 Adet Detox Tea S959195,temel_gida
GÜZEL KÖYDEN Bayram Haftasına Özel 1 Kg Iç Ceviz (2X500 GR) Yerli Chandler İç Ceviz 500 gr. 2,temel_gida
Çaykur Altınbaş Demlik Poşet Çay 5 gr 200'lü 2 Paket 400 Adet PKT029,temel_gida
HAVRAN KOCASEYİT Karadut Özü 1400 gr TMBLÖZ,temel_gida
Nescafe Classic Teneke Kutu 1 kg T103,temel_gida
The Spicex Organic Chia Tohumu (glutensiz) 1 Kg 746523785,temel_gida
Organik Gurme Organik Yulaf Unu 500 gr 500gr,temel_gida
KAPPADOKİA Katkısız Yulaf Ezmesi 5 Kg 2,temel_gida
OG natural Organik Tuzsuz Biber Salçası 610 gr 868279220663,temel_gida
KOFFIEBOON Puro Italiano - 1 Kg - Çekirdek Kahve / Orta Kavrulmuş / Filtre Kahve Harmanı / Öğütülmemiş / P,temel_gida
The Spicex Organic Chia Tohumu 100 gr 028590238549,temel_gida
Arifoğlu Badem Yağı Tatlı 50 ml RB1210,temel_gida
Tarihi Yağcıoğlu Özel Sadeyağ 750gr Paket Keçi Ve Manda Sade Yağ ( Ghee) Keçisütlüsadeya,temel_gida
Kahve Dünyası Orta Kavrulmuş Türk Kahvesi 100 gr 3'lü Paket 13.300.2110.004,temel_gida
Tchibo Gold Selection Öğütülmüş Filtre Kahve X 5 Adet tch,temel_gida
Wefood Matcha Tozu 50 gr 868174910452,temel_gida
Wefood Glütensiz Yulaf Ezmesi 300 gr 868174910456,temel_gida
Lotus Biscoff Sürülebilir Karamelize Bisküvi Ezmesi - 400 Gr X 2 Adet LOT012-,temel_gida
Mirliya Siyah Sele Zeytin 2 Kg SIYAHSELEZEYTIN2K,temel_gida
Kaitatuya Organik Sushi Kurutulmuş Deniz Yosunu 10 Adet Kaitatuyablue10pc,temel_gida
FORX5 3qr 30.adetli Kahve COF,temel_gida
Dr.Royal Natural Life Slim Detox Coffe Kahve Diyeti 1 Aylık Slim coff,temel_gida
Bone Sante Ilik Yağı 1 Set 6 Adet 30 Gr 34BONESANTE3402,temel_gida
Mim and More Saf Matcha NEWMATCH,temel_gida
Haribo Minis 10 gr X 100 Adet HARMI,temel_gida
FIORELLA Madlen 150 gr (1 Adet) T21,temel_gida
DAVUDİ ANTAKİ Meyan Kökü Şurubu MEYANŞURUBU128g,temel_gida
Elvan My Car 8 gr 100 Adet 1 Kutu T16,temel_gida
Hayfene Ingiliz Tuzu ( Epsom Tuzu ) 1000 gr 255,temel_gida
Beta Tea Beta Kızıl Dem Türk Çayı 1000GR 45434,temel_gida
Hayfene Ingiliz Tuzu ( Epsom Tuzu ) 1000 gr 255,temel_gida
Balparmak 2li Fırsat Paketi 1 Kg (650 GR YAYLA BALI VE 350 GR ÇIT KAPAK YAYLA VE OVA BALI) T17,temel_gida
"Hanser Natürel %100 Yer Fıstığı Ezmesi 1 Kg Kova Şekersiz, Katkısız, Taze Çeki",temel_gida
Delly Şekersiz Çikolata Kaplı - Meyve Barı - Tanışma Lezzetleri Kutusu 12 X 40 G 410,temel_gida
Kahve Dünyası Lavi Çikolata 1 Kg Bayram Hediyesi BY,temel_gida
Sek Aroma Altın Seri Anason Yağı-hazır Karışım Altın Seri Rakı Kiti 100 Ml(5 LİTREYE UYUMLU) sekaltınseri5,temel_gida
Real Thai Pirinç Yufkası Rice Paper 22cm 100gr PRA-1039275-353,temel_gida
Karlıoğlu Siirt Fıstığı Yeni Mahsül 1 kg 9803-,temel_gida
SAĞLIKLI BAHÇE Andızlı Ve Kozalaklı Keçiboynuzu Özü 670gr ANKOKBÖ-,temel_gida
Hayfene 5. Element Baharatı 140 G (ELEMENTLER) 334,temel_gida
Nescafe Gold Kahve Teneke Kutu 900 gr 003359,temel_gida
Sek Aroma Chivas Viski Kiti-chivas Viski Aroması 10 Ml(1 LİTREYE UYUMLU) sekarmaltchvs1,temel_gida
"Takis Blue Heat 113,4gr PRA-6103820-187",temel_gida
Lotus Karamelize Bisküvi 250 gr 2748,temel_gida
Gloria Jean's Coffees Ince Çekilmiş Orta Kavrulmuş 100grx10 Klasik Öğütülmüş Türk Kahvesi TÜRKKAHVESİ100GRx1,temel_gida
Makarna Lütfen Sebzeli Mücver Karışımı Besin Mayalı 236 Gram 868132218389,temel_gida
Hatay Köy Birlik Soğuk Sıkım Zeytinyağı htk33221,temel_gida
Yudum Ayçiçek Yağı 5 lt SK11108,temel_gida
Zeytin Konağı Organik Antakya Yöresel El Yapımı Acısız Tatlı Biber Salçası TTL134DN,temel_gida
Kahve Dünyası Gofrik Sütlü 24'lü 13.330.3030.007,temel_gida
farmer lykia Doğal Dağ Inciri Kurusu 1000 Gram Ki100,temel_gida
Fondante Caramel Toffee 1000 Gr. (1 Poşet) T8,temel_gida
Beeo Suda Çözünür Propolis Damla 20 ml 868146903579,temel_gida
Mom's Natural Foods 5'li Mix Granola 86812670062060,temel_gida
Patiswiss Karamelize Bisküvi Kremaları Smooth Ve Crunchy Set 3500217,temel_gida
Cenova Cool Lime Konsantre Gurme Seri 1000 Ml COOL5653245,temel_gida
"Wefood Badem Sütü Konsantresi (Şekersiz, %100 Badem) 240 gr 868174910479",temel_gida
Nescafe Classic Hazır Kahve 1 Kg Teneke X 2 Adet 8690632031316,temel_gida
Altınmarka Bitter Kuvertür Çikolata 2.5 Kg Alt 544 BİTTERÇKL2.,temel_gida
BAYBARS ÇİFÇİOĞLU Baybays Çifçioğlu Zeytinyağı 1234600461,temel_gida
Zühre Ana Parça Fındıklı Ve Kakaolu Fındık Ezmesi 330 Gr ZHRFNDK0,temel_gida
Antepyolu Deluxe Gurme Serisi Lezzetli Kahveli Top Çikolata Ikramlık Bayramlık Bayram Çikolata Topları 150 gr Doğal Antep Yolu Pazarı Sepeti Lüks 50,temel_gida
Elisa Gıda Deluxe Sushi Set / Suşi Seti ElisaGidaDeluxeSushiSe,temel_gida
Tchibo Barista Espresso Çekirdek Kahve 1000 g 9255,temel_gida
Paşa Kuruyemiş Paşa Ay Çekirdeği 40 Gr. X 12 Adet (naturel - 1. Kalite) M00,temel_gida
"Apitera Apitera Tanışma Paketi (zen, Up, Mind, Dox, Gest,propolis) T17",temel_gida
Wefood Organik Seylon Tarçın Tozu 55 gr 868239217439,temel_gida
The Spicex Organic Chia Tohumu (glutensiz) 1 Kg 746523785,temel_gida
Elvan Today Donut Kek Yabanmersinli 40Gr. 24 Adet (1 Kutu) TYC0034420222,temel_gida
Makarna Lütfen Organik Yulaf Ezmesi (+8. Ay - 250 Gram) 868083610754,temel_gida
Saf Yaban Mersinli & Bademli Granola ×3 SNCT-0002,temel_gida
Wefood Besin Mayası 100 Gr 868334703158,temel_gida
Makarna Lütfen Sebzeli Tel Şehriye (%35 SEBZE-250 G) 868083610644,temel_gida
Oreo Blackpink Random Photo Card Limited Edition 171gr 09,temel_gida
DEEMBRO Sıvı Gıda Boyası Seti 5 Adet 5 Renk 10 ml X Su Bazlı Likit Gıda Boyaları Set 1 5 Adet deemk,temel_gida
Antep Sepeti Gurme Sade Yağ 1 Kg 869272858471,temel_gida
Elvan Truffle Mix 500 Gr. (1 Poşet) 869302960337,temel_gida
Elvan Toffix Stick Meyveli Mix Şeker 800 Gr. (1 Kutu) 57915,temel_gida
Maltız Salep Katkısız %100 Doğal Saf Salep 50g Bucak Salebi MLTZ210,temel_gida
By Tüfekçi 8'li Avantajlı Yeni Özel Seri Gerçek Şeker Pancarı Kahve Ve Kokteyl Şurubu 8x60ml TFK492,temel_gida
Makarna Lütfen Havuçlu Pankek Karışımı 235gr 868132218205,temel_gida
Moliendo Afrika Kahveleri Avantaj Paketi ( Çekirdek Kahve ) 3x250 G. AVANT-301,temel_gida
Dr Pan Sweet Flavor Cookie& Cream Tatlandırıcı 45 gr drpan001,temel_gida
ZEN BASIL Zen Fesleğen Tohumlu Meyve Aromalı Meyve Suları 330 ml X 7 Adet 0000,temel_gida
muntu Mix Deneme Paketi Meyve Barı Şeker Ilavesiz Vegan 35g X 12 Adet 01042,temel_gida
Karlıoğlu Ana Çıtlak Antep Fıstığı 1.kalite 1kg 9803-,temel_gida
"TheLifeCo Organik Hindistan Cevizi Şekeri 300 G (DOĞAL, GLUTENSİZ, VEGAN, DÜŞÜK GLİSEMİK İNDEKS) LifeCo-37-",temel_gida
HapHug Freeze Dried - Ortaya Karışık Paket - Meyve Kurusu - 10 Paket HUG10,temel_gida
Farmasi Nutriplus Nutricoffee Hindiba Kahve 16x2gr 00654684,temel_gida
Paşa Kuruyemiş Paşa Kabak Çekirdeği 40 Gr. X 12 Adet (naturel - 1. Kalite) M14,temel_gida
HAVRAN KOCASEYİT Yaban Mersini Özü 700 gr YBNMRSN0,temel_gida
Fellas Meyve Bar - Karışık Kuruyemişli ve Kakaolu 40 gr x 12 Adet 687,temel_gida
Mom's Natural Foods 2'li Çilek - Chia Granola 360 gr 8681267006206,temel_gida
Vertmont Akçaağaç Şurubu 330 Gr PRA-1590918-893,temel_gida
Haribo Keyif Paketi 400 G 559042KYP2,temel_gida
Tchibo Barista Caffè Crema Çekirdek Kahve 1000 g 9254,temel_gida
Fomilk Badem Sütü 200 Ml X10 Glutensiz Bitkisel Bazlı Laktozsuz Vegan Şekersiz 153000042-1,temel_gida
Tufoco Pirinç Yufkası Rice Paper 22cm*340gr AE9126,temel_gida
Elisa Gıda Midi Sushi Set / Suşi Seti MidiSushiSet,temel_gida
Çenesuyu Çenesu 250 ml X 40 Adet Su SET.ÇENE.00,temel_gida
Wefood Glütensiz Granola Hindistan Cevizi & Fındık 250 gr 868239217410,temel_gida
Kersendüz %100 Siyez Tam Buğday Ekşi Mayalı Ekmekler 3'lü Seçim 3x500gr (TAHILLI-SADE-CEVİZLİ) SYZ-10011002100,temel_gida
Elvan Icemountain Kase 450 Gr. (1 Adet) TYC0034614039,temel_gida
Un Caffe Kahve Gönder Metal Filtre Kahve Kağıdı Tutucu Stand Aparatı uncffstn,temel_gida
Ata Saffron %100 Orijinal Iran - 1.kalite Safran 3 gr TYC0026287545,temel_gida
KAVAKLICA ANTEPZADE %100 Hurma Dolğusu (2 × 1 KG) - Hurma Ezmesi - Hurma Püresi ANTEPZADE002,temel_gida
Elvan Dream Fındıklı Çikolata 124 Gr. (1 Kalp Kutu) T99,temel_gida
"Atomex 500 Gr Atom Macun Şifa (ilave Şeker, Koruyucu, Gıda Boyası Ve Türevi Içermez) OG94675",temel_gida
Mayi Tuz Sıvı Tuz Sprey 150 Cc MYTZ1,temel_gida
Wefood Glutensiz Badem Unu 250 gr 868174910457,temel_gida
HAVRAN KOCASEYİT Çam Kozalak Özü 650 gr KZLKÖZ,temel_gida
KAVLAK KURUYEMİŞ Mardin Usulü Tırtırlı Hayalet Badem Şekeri 250 gr MARDİN USULÜ HAYALET BADEM ŞEKERİ 250 G,temel_gida
"Mare Mosso Caffe Limanlar Serisi ( Golden Horn, Venezia, Genova ) Espresso Kahve Blend Tanışma Seti 100gr X3 LIMAN100X",temel_gida
"Züber Kidz Çilekli ve Kakaolu Meyve Tatlısı - 30 gr x 16 Adet RIGHT(I3,5",temel_gida
Kahve Dünyası Espresso Çekirdek Kahve 1000 Gr KA10,temel_gida
Greenwich Coffee Guatemala Kahve Antigua Santa Rosa Yöresel Filtre Kahve %100 Arabica 250gr 865,temel_gida
Tuanabitkisel Detox Form Çayı Zayıflama Yardımcı Bitkisel Karışımlı Kinoa Çayı 3 Li Set TYC0074573905,temel_gida
Wefood Himalaya Tuzu – İyotlu & İnce 500 Gr. 868239217490,temel_gida
Karlıoğlu Çiğ Yerli Badem 1 kg 9803-1,temel_gida
Bongardi Coffee 1000 Intense Blend Espresso Ve Filtre Kahve BKEÇ1000,temel_gida
Kınalıkuzu Taze Kaşar Peyniri 1000grx2 Adet KNLKZ587,temel_gida
GAZİANTEP YÖRESEL Acı Ipek Pul Biber 1 Kg TRND-2701345052232-BHRT-556,temel_gida
Mehmet Efendi Tek Fincanlık Türk Kahvesi 120x6 gr T598,temel_gida
GLUTENSİZ FABRİKA Çiğ Karabuğday Unu 1000gr greçka karabugdayunuGFabrik,temel_gida
Mom's Natural Foods 3'lü Mıx Gluten Free Cookıes 868126700606011,temel_gida
Sek Aroma Jack Viski Kiti-jack Viski Aroması 50 Ml(5 LİTREYE UYUMLU) sekarjckdnls5,temel_gida
Antep Pazarı Toz Antep Fıstığı (1.sınıf Boz Fıstıktan) 150 Gram APBIAF2X0_25,temel_gida
Nescafe 3'ü 1 Arada Tek Içim 18.5 gr 56 'lı 869063206237,temel_gida
ANTEPSEPETİ 15 Çeşit Ramazan Kolisi TYC0076586718,temel_gida
çamlar Incir 2000 gr Lerida Dizim LRD200,temel_gida
Tchibo Privat Kaffee Latin Grande Çekirdek Kahve 500 g 472497 -,temel_gida
Wefood Besin Mayası 100 Gr 868334703158,temel_gida
Coreganic Zencefil & Limon Özü GFITALIVE-ZENCEFI,temel_gida
Tuğba Kuruyemiş Bol Antep Fıstıklı Çifte Kavrulmuş Şehzade Lokum 200 gr 0041,temel_gida
Coremey Cibes Otu Kaya Koruğu Şevketi Bostan 3 ' Lü Organik Paket mtpn0102,temel_gida
KAPPADOKİA Analizli Yerli Glütensiz Yulaf Ezmesi 500gr KAP-10,temel_gida
Loqumia Geleneksel Güllü Lokum - Taze Doğal Katkısız Lezzetli Turkish Delight - 150gr Nanel,temel_gida
Afet Yardım Bizim Erzak Kolisi (16 Çeşit) 000000000100021266_ADTB,temel_gida
Kahve Dünyası 2si 1 Arada Klasık 40'lı Paket DNDR01,temel_gida
MEW FORM LİFE Kinoa Bitkisel Dedoxs Çayı 40 lı Süzen Poşet 2 Paket TMMTR1111,temel_gida
cudy Şeftali Aromalı Içecek 200ml X 27 Adet cudyşef20,temel_gida
Herbalife Formül 1 Çikolata Aromalı Shake 2 Adet HB4,temel_gida
Antep Sepeti Gurme Fıstık Ezmesi Kavanoz 200 Gr 869275970729,temel_gida
Ejder Ateşi Bubble Tea 5 Ürün Bir Arada Set - Bubble Tea Incileri - Poppings Boba-tapyoka Incileri 015,temel_gida
Mim and More Vanilla Matcha - Vanilyalı Matcha VANILLA MATCH,temel_gida
SASU SOSLUTON Klasik Ton Balığı 1705 G Bütün Dilim EDTS0,temel_gida
Starbucks Caramel Latte Premium Kahve Karışımı 21.5 Gr X 10 Paket SBXCRL221,temel_gida
Makarna Lütfen Organik Yulaf Unu (+6 Ay - 250 Gram) 868132218367,temel_gida
OG natural Çam Kozalağı Şurubu 280gr Rafine Şekersiz 868279220620,temel_gida
The Touch By Seda Altın 3 Adet Detox Tea S959191,temel_gida
Zeytin Konağı Organik Antakya Yöresel El Yapımı Acısız Tatlı Biber Salçası TTL134DN,temel_gida
Knorr Hazır Çorba Seti 9 Paket KNRRHZRÇRBST-00,temel_gida
Antepyolu Deluxe Gurme Serisi 1. Kalite Boz Içten Çekilmiş Toz Antep Fıstığı Çekilmiş Fıstık Tozu Net 20 Gr Doğal Antep Yolu Pazarı Sepeti Lüks 41,temel_gida
Fomilk %100 Organik Hindistan Cevizi Ezmesi / Organic Coconut Butter 200G 15300011,temel_gida
Myday Krem Şanti Sprey 250 gr 2207,temel_gida
Afet Yardım Gıda Yardım Kolisi 13 Parça YILDIZKOL,temel_gida
Meri Detox tea Detoks Çayı 60 Adet 1 Aylık Kullanım Erke Bahara,temel_gida
Alfasol Saf Anason Yağı 100 Gr t12212,temel_gida
Starbucks Veranda Blend Öğütülmüş Kahve 200 gr 0327202,temel_gida
Eti Pronot Glutensiz Kakaolu Kurabiye 85 G X 12 Adet PRNT0,temel_gida
Mom's Natural Foods 2'Lİ GRANOLA - ÇİLEK CHIA 360 gr - KAKAO FINDIK 360 gr 86812670060390,temel_gida
arslan mandıra Koyun Peyniri 2.5 Kg ARSPYNR,temel_gida
Monin Şekersiz Karamel Şurup 700 ml ve Şurup Pompası 2F17,temel_gida
BESTPRO Viski Kiti 30 ml Chvs Alkol GRMS000CVKH,temel_gida
KOFFIEBOON Double Blonde Crema - 1 Kg - Çekirdek Kahve - Orta-koyu Kavrulmuş - Espresso / Filtre Kahve Uyumlu - DB,temel_gida
"RİCHNUT 2 Kg Fıstık Ezmesi (1 KG ÇİKOLATALI, 1 KG SADE) richnut0",temel_gida
Mayi Tuz Mayi Delice Doğal Salamura Tuzu (SOFRADA ÖĞÜTME TUZU) 2 Kg GP002,temel_gida
Duru Bulgur Sefer Kitel (İÇLİ KÖFTELİK) 1000g 102,temel_gida
BEYORGANİK Organik Mega Ramazan Paketi 9*lu mega-,temel_gida
Kahve Dünyası Lavi Sütlü Dolgulu Çikolata 300g 13.330.3130.003,temel_gida
kb köyceğiz yöresel Yöresel Karadut Özü 700 gr 00009,temel_gida
Hayfene Keten Tohumu - 1 Kg 281,temel_gida
Züber Granola Bar Deneme Paketi X15 152.25.1631,temel_gida
Nutrich Creamy Doğal Fıstık Ezmesi 350 gr RichnutS35,temel_gida
Comodo Coffee Dünya Kahveleri Filtre-çekirdek Kahve 4'lü Tanışma Seti 4x 250 Gr CCDC4000,temel_gida
BEYORGANİK Organik Keçiboynuzu Unu 250gr TYC0032189955,temel_gida
Fomilk %100 Badem Ezmesi / Almond Butter 200G 15300011,temel_gida
Metro Chef Hurma Dolgusu 1 Kg %100 Doğal 1k,temel_gida
Tchibo Privat Kaffee Brazil Mild Öğütülmüş Filtre Kahve 250 g 4052,temel_gida
Fomilk %100 Badem Ezmesi / Almond Butter 200G 15300011,temel_gida
Detoxum Diyet Çayi Detox Form & Zayıflama'yı Destekleyici Çay ( 1 Kutu ) Zayıflama '01-,temel_gida
tropix Meyve Suyu Şeftali 200ml X 27 Adet TYC0048563331,temel_gida
Afro Turco Foods Mrembo Organik Kurutulmuş Zencefil Tozu 100 g MR-GR-,temel_gida
OIL KING Keten Tohumu Yağı 250 ml (SOĞUK SIKIM % 100 SAF,temel_gida
Seed'n Grains Şekersiz Corn Flakes Mısır Gevreği 300 G seedngrains001,temel_gida
Mare Mosso Caffe Nikaragua Shg Ep Olemega Çekirdek Filtre Kahve 250 Gr. NIKA250G,temel_gida
Moliendo Amalfi Espresso Blend ( Çekirdek Kahve ) 1000 G. ML-5,temel_gida
Tuğba Kuruyemiş Ege Incisi 600 Gr(TURKİSH DELİGHT) 1196,temel_gida
Zerrin Mehr 5 Kg Iran Basmati Pirinç 011,temel_gida
Moliendo Colombia Supremo Decaf (KAFEİNSİZ) Yöresel Kahve ( Çekirdek Kahve ) 250 G. ML-250-3,temel_gida
Wefood Organik Elma Sirkesi 500 ml 868239217498,temel_gida
Emirzade Zeytinyağı 5 Litre Has Ege Yöresi 4850881,temel_gida
Afro Turco Foods Sağlıklı Atıştırmalıklar Paketi 1 ATF202,temel_gida
Züber Karışık Kuruyemiş Bar - 12 Adet X 35gr 152.05.1596,temel_gida
Mini Aktar Kuru Bamya 1 Kg 293944959,temel_gida
Bozkırlı Çavuşoğlu Odun Ateşinde Kavrulmuş Susam 1 Kg YSSSMKVRLK1K,temel_gida
Wefood Matcha Tozu 50 gr 868174910452,temel_gida
arslan mandıra Koyun Peyniri 5kg ARSPYNR,temel_gida
aktarloji 100 gr Glutensiz Karnıyarık Otu Tohumu Tozu - Psyllium Unu A1-Karnıyarık-Tohumu-Tozu-10,temel_gida
Şifaiye Kuruyemiş ve Şekerleme Iran Hurması (KUTU VEYA PLASTİK) Paketlerde Net 500 G İran hurması yeni mahsu,temel_gida
Wefood Şekersiz %100 Badem Ezmesi Sade 200 gr 868239217461,temel_gida
Callebaut Sütlü Çikolata 1kg PRB.CLLBT.1K,temel_gida
Kınalıkuzu Erzincan Tulum Peyniri 1kg YITYI14,temel_gida
Komili Ege Sızması Zeytinyağı 1 Lt*6 Adet(skt:09.09.2023) 5028215,temel_gida
Mim Tea Blue Butterfly Tea Mavi Kelebek Çayı BLUEBUTTERFL,temel_gida
herbynia Zerdeçal Ekstraktı 868274250013,temel_gida
Trolli - Pop Eye - 75 gr PRA-4867936-601,temel_gida
Fellas Granola - Fındıklı & Kakaolu 300 Gr 868118508699,temel_gida
SASU Blue Klasik Ton Balığı 24x160g Iri Parçalı 869748004944,temel_gida
Jacobs Monarch Filtre Kahve 2 X 500 gr 563732431,temel_gida
Meri Naturel Efsun Form 10 Günlük Detox Çayı EFSN-1,temel_gida
Toffifee 125 G 2000000704710,temel_gida
Pol's 3'lü Freeze Fresh Dondurularak Kurutulmuş Çilek PLM11111,temel_gida
Kiyomi Wasabi Tozu 50 gr TYC0011494886,temel_gida
Antep Pazarı Çiğ Kaju Jumbo Taneli 200 Gram APCKX,temel_gida
Antepyolu Deluxe Gurme Serisi 1. Kalite Bol Taze Cevizli Sucuk %100 Şekersiz Üzüm Pekmezli Köy Sucuğu 225 gr Doğal Antep Yolu Pazarı Sepeti Lüks 15,temel_gida
Kafa Mentol Mentol Topu Sıvısı 300 Adet Mentol Damlası Karpuz Aromalı 9 ML P72S779,temel_gida
Boztepe çiftliği 1 Kg Avokado Taze- Yeni Hasat 0700,temel_gida
HB LİFE Aronya Çayı 1 Kutu Zayıflama.destekleyici & Kilo Vermeye Yardımcı Detox 21544,temel_gida
EFSUN FORM Detox Çayı EFN-3,temel_gida
Hayfene Sebzeli Tuzlu Çeşni 700 Gr HYF011,temel_gida
Lipton Yellow Label Dökme Çay 1000 gr 68,temel_gida
By Tüfekçi 8'li Avantajlı Özel Deneme Seti Gerçek Şeker Pancarı Kahve Ve Kokteyl Şurubu 8x60ml TFK680,temel_gida
Moliendo Güney Amerika Kahveleri Avantaj Paketi ( Çekirdek Kahve ) 3x250 G. AVANT-301,temel_gida
Wefood Sarımsak Tozu 60 gr 868334703002,temel_gida
Bolçi Flower Kutu Hediye Spesiyal Çikolata 350g BLC0,temel_gida
gourmet çelebi Dibek Kahvesi 200gr. DİBEK DAYPEK PEMB,temel_gida
Anisah Coffee Bolivar Öğütülmüş Filtre Kahve 2 X 500 gr M20-005000,temel_gida
Today Caramel Waffle 22 gr 24 Adet 1 Kutu T11,temel_gida
MorFırın Mor Un (1 Kg ) MorFırın0001,temel_gida
Antep Doğal Gıda Pazarı Yeni Sezon Gaziantep Domates Salçası 1 Kg GaziantepDomatesSakç,temel_gida
cici Bonbon Chıpsy Bitter Kakao Kaplı Bisküvi Draje 400 Gr. (1 Adet) T42,temel_gida
Kaanlar 400 Gr Mascarpone Peyniri KN-02,temel_gida
Antepyolu Deluxe Gurme Serisi Lüks 1. Kalite Giresun Fındıklı Sarma Pestil Tatlısı Fındık Ezmeli Rulo 275 gr Doğal Antep Yolu Pazarı Sepeti Lüks 17,temel_gida
Adapey Dilimli Tost Peyniri (3'LÜ SET) 3*1000 Gr. 0006,temel_gida
Organik Gurme Domates Salcası 650 gr 72382013,temel_gida
Makarna Lütfen Karışık Sebzeli Harf Rakam Şehriye (%35 Sebze-250 G) 868132218256,temel_gida
Hayfene Toprak Baharatı 100 G (ELEMENTLER) TYC0044666865,temel_gida
Elit Çikolata Chocoeggy Yumurta Çikolata 1 Kg Glutensiz 9000103,temel_gida
Hayfene Çörek Otu Yağı ( Çörekotu ) 250 Ml Soğuk Press 207,temel_gida
Afro Turco Foods Mix 3'lü Süper Tozlar 100g X 3 MR-PMX-,temel_gida
Makarna Lütfen Dut Kurusu 200 gr 868132218333,temel_gida
Güzel Ada Gıda Glutensiz Chia 300 gr 868116147711,temel_gida
LavAzza Expert Gusto Forte Çekirdek Kahve 1 Kg 1000Mo,temel_gida
Viva Şeftali Aromalı Içecek 200ml X 27li (koli Ambalaj) Avantaj Paket VİVAŞEFTALİAROMALIİÇECEK200M,temel_gida
"Makarna Lütfen Organik Pirinç (ARSENİKSİZ, KİMYASALSIZ - 250 G) 868132218146",temel_gida
Jelly Belly Bean Boozled 6.seri 100gr 07156798979,temel_gida
OOVIVA 600+ Memecik Yüksek Polifenollü Erken Hasat Naturel Sızma Zeytinyağı 250 ml TYC0072073088,temel_gida
OG natural Organik Üzüm Pekmezi 300 gr 6 Ay 868279220865,temel_gida
Coreganic Hurma Özü GFITALIVE-HURM,temel_gida
Akzer Çakşır Kökü Suyu AKZERÇAKŞIRKÖKÜSUY,temel_gida
Wefood Himalaya Tuzu – İyotlu & İnce 500 Gr. 868239217490,temel_gida
"Eti Lifalif Granola Kuru Vişneli, Kakao Parçacıklı, Fındıklı 200 g x 2 Adet 1846000-",temel_gida
Wefood Organik Elma Suyu Konsantresi 340 ml 868239217406,temel_gida
OnkaFarma Soğuk Sıkım Çörek Otu Yağı 250 ml %100 Doğal %100 Saf Yerli Çörekotu Tohumundan SY002-,temel_gida
"tohumunda Andız Pekmezi / Samphire Molasses [700 Gr] (katkısız, Doğal, Şeker Ilavesiz) KDP_TOH_0700_00",temel_gida
Fermente Mutfağım Organik Elma Sirkesi 868191025037,temel_gida
Kafa Aroma Altın Seri Anason Yağı Hazır Karışım Rakı Kiti 50 ML P29S793,temel_gida
Kahve Dünyası Fındık Kreması 380 G 13.330.3000.015,temel_gida
Valensey Karınca Yumurtası Yağı 20 Ml AKTS225,temel_gida
Eti Kısa Bir Mola Paketi EKBM0,temel_gida
Mehmet Efendi Kurukahveci Colombian Filtre Kahve 250 gr 0327199,temel_gida
Şanlıurfa Organik Ev Ürünleri Acı Biber Salçası(340GR) ŞNL631,temel_gida
WFWX FORM Kinoa Dedoxs 40'lı Süzen Poşet ( 2paket ) K000000K00,temel_gida
Tirebolu Çaysan Elmas Sultan Türk Kahvesi elmassultan,temel_gida
Addis Ababa Coffee Addıs Ababa Coffee Türk Kahvesi 2'li Avantaj Paketi (500 GRAM) YTK-500-,temel_gida
Çaykur Altınbaş Çayı 500 Gr 15 Adet 1 Koli 86901050003822,temel_gida
EFE ORGANİC Ultra Natural Sızma Zeytinyağı 5 Lt Pet EFE000000,temel_gida
Bongardi Coffee 5x200 gram Tanzanya Ruanda Kosta Rika Honduras Perfect Blend Filtre Kahve Seti 5XTRKHPM,temel_gida
İngro Glutensiz Beyaz Kinoa 1000 G KNT0100,temel_gida
JELLYTUBE JELLY ** Yeni Ürün ** Maxı 30 G * 40 Adet AD0,temel_gida
Hayfene Karışık Sebze Kurusu 1 kg 159,temel_gida
Elvan Today Caramel Waffle Torbacık Poşet 176 gr 2'li Paket T5,temel_gida
Antep Pazarı File Badem (YERLİ) 200 gr APYBRBIX020,temel_gida
Kafa Aroma Viski Kiti 5 Çeşit Viski Aroması 10 ml X 5 Adet P192S822,temel_gida
FORX5 Kahve 085125,temel_gida
GLŞ ŞİFAHANEM ORGANİK AKTAR Ingiliz Karbonatı 1kg Isıl Işlem Görmemiş Ecza Kalite ik52556,temel_gida
Sek Aroma Absolut Votka Kiti-absolut Votka Tahıl Aroması 50 Ml(5 LİTREYE UYUMLU) sektahıl5,temel_gida
BAIXIANG Kore Usulu Hindi Aromalı Erişte ( Korean Style Hot Turkey Flavor Instant Noodle ) - 112g xsgd69475,temel_gida
cici Bonbon Bademli Draje 150 Gr. (1 Paket) T51,temel_gida
Antep Sepeti Gurme Naturel Antep Fıstığı 1 K,temel_gida
Çaykur Filiz 1 Kg 10 Adet 0017020_K,temel_gida
Arifoğlu Keten Tohumu (Öğütülmüş) (Teneke Kutu) 100g 600 08 04,temel_gida
ecoturca Ramazan Paketı-6- RP,temel_gida
Dr Pan Şekersiz Barbekü Sos 260g Kalorisi %80 Azaltılmış drpan010,temel_gida
Mehmet Efendi Kafeinsiz Türk Kahvesi 50 G Folyo Ambalaj X 5 Adet 8690627421009 IPKLKKM033X00,temel_gida
Sade Gurme Sade Organik Kozalak Şurubu 250 Ml SM.42.08.01.000,temel_gida
Fellas Meyve Bar - Chialı ve Hindistan Cevizli 40 gr x 12 Adet 723,temel_gida
Kefeli Pancar Kvass 24 Adet 250 ml Kfl2,temel_gida
Antep Pazarı Kilis Karası Çekirdekli Siyah Üzüm 400 gr (YENİ MAHSUL) APUZUM40,temel_gida
KOFFIEBOON / Çekirdek Kahve / Filtre Kahve Seti / Öğütülmemiş / Leziz Seçenekler / 3 X 250 gr KBFS,temel_gida
N2 Life Tonik 200 Ml TYC0042635540,temel_gida
BEYORGANİK Organik Bey Aronya Miks (gerçek Meyve Parçacıklı) 260gr 868212548204,temel_gida
Organik Gurme Organik Dut Pekmezi 380gr,temel_gida
"Soyfleks 3'lü Karamelize Soya Kıyması 1,2 Kg 400g X 3 TK400X",temel_gida
Kahve Dünyası Lavi Bitter Dolgulu Çikolata 300g 13.330.3130.007,temel_gida
Organik Gurme Organik Siyez Bulguru 500 g 500gr,temel_gida
Baştan Yöresel 5kg Teneke Karakovan Süzme Balı (GEZDİRİLEN KOVANLARIN) 5karakova,temel_gida
OnlineÇiftçi Sarımsak Tozu 80gr 074275168861,temel_gida
ZEYTİN HANIM Kudret Narı Brüt 450gr (polifenollü Zeytinyağında Çözünmüş) KN45,temel_gida
Dr. Oetker Kabartma Tozu 10'lu ZYHPDROETYRD00,temel_gida
Mayi Tuz 2 Kgluk Tanışma Paketi MYTZ1,temel_gida
Eti Browni Gold Çikolatalı Kek 45 G X 24 Adet 869052646373,temel_gida
Nutripure Cream Of Rice 480 G - Biskuvi Aromalı NPRC48,temel_gida
Moloko Caxapom Süt Reçeli 397gr 304 ml molok,temel_gida
Kahve Dünyası Gofrik 10 lu 125 gr 869927001744,temel_gida
Dardanel Ayçiçek Yağlı Ton Balığı 2x140 gr X 2 Adet . SKU8690559020547,temel_gida
Calve Sos Ranch 245 gr x 3 Adet 30210000,temel_gida
Pınar Latte Art Tam Yağlı Barista Süt 1 lt 15310640,temel_gida
ZEYTİN HANIM Kudret Narı Brüt 450gr (polifenollü Zeytinyağında Çözünmüş) KN45,temel_gida
Johnson & Johnson Nicorette 2 Mg Meyveli Sakız 105 Adet T485829,temel_gida
Fondante Fudge Mix 1000 Gr. Silindir (1 Paket) TYC0034438675,temel_gida
asha Kuru Ananas & Mango 80g X 4'lü Deneme Paketi 868208401007,temel_gida
GURME ORGANİK Kozan Çerez Durağı Cennet Hurması Kurusu 1 Kg TYC0035454002,temel_gida
RİCHNUT Katkısız Doğal Hurma Ezmesi - %100 Hurma Püresi 1 Kg richnut1,temel_gida
Tulliana Bitlis Balı (Organik Seri) Polyflora (Çok Çiçekli) Süzme Bitlis Balı (500gr.) organik500g,temel_gida
Jetsanal Ramazan Gıda Erzak Kumanya Yardım Kolisi - Ekonomik Paket jetsanal-ek,temel_gida
NiyaziBey Çiftliği Doğal Tel Peynir 500 gr NYZTEL50,temel_gida
Vavela Coffee - Espresso Premium Blend 250g VVLESP,temel_gida
Alpro Barista Yulaf Sütü 2x1L 868100298985,temel_gida
Züber Meyveli Bar Deneme Paketi - 12 Adet X 40gr 152.01.1548,temel_gida
Organik Gurme Tam Buğday Unu 1000 gr 1000gr,temel_gida
Çaykur Altın Süzen Bardak Poşet Çay 2 Gr 1000'li Paket + Kargo 1C0157,temel_gida
Quaker Yulaf Ezmesi 500 G,temel_gida
Semenoll Review Şeyse Naturel Erkek Bakım Ürünü- semenoll2310,temel_gida
Ferrero Rocher Fındıklı Çikolata 200 gr 003221,temel_gida
Mare Mosso Caffe ê Vendite Aromalı Filtre Kahve Tanışma Seti 100 gr X 5 Paket (17 ÇEŞİT AROMADAN SEÇİM YAPABİLİRSİNİZ,temel_gida
"Bera tasarım Kız Isteme Çikolatası, Isteme Çikolatası, Söz Çikolatası, Nişan Çikolatası Kırmızı cipso drajeli 90 çikolat",temel_gida
Dr. Gusto Yenilebilir Yaldızlı Sim Boya Pembe 10 Gr PRA-1376016-914,temel_gida
Çine Zeybek %100 Doğal Naturel Sızma Zeytinyağı ( 5 Lt ) 2022-2023 Yeni Hasat 868086280078,temel_gida
Şekerci Cafer Erol Poşette Çikolatalı Karamel Şeker - 350 Gr. 0778,temel_gida
ÇANKIRI KAYA TUZU TUZLAMBASI 4-6 Kg. Doğal Elde Çekiçlenmiş Çankırı Tuz Lambası 19471470,temel_gida
Balparmak Gurme Paketi 460 G X 3 T14,temel_gida
Next Of Mixology Kahve Şurup Seti 125 ml X 4 MSA006,temel_gida
Hleks Shoogy Boom Paçito Şeker 4 Çeşit Karışık Kutu = 40 Adet Popios Karışık Patlayan Şeke,temel_gida
NEFİSSO Antep Fıstık Ezmesi Ikramlık Sarma 400 G TYC0025159616,temel_gida
Kırkağa Cevizli Zeytinyağlı Incir Kurusu 450g 0000,temel_gida
Antep Pazarı File Antep Fıstığı 100 gram APFİLEANTEP10,temel_gida
"TheLifeCo Organik Agave Şurubu 330 G (vegan, Bitkisel, Rafine Edilmemiş Şeker Alternatifi) 868008812051",temel_gida
OG natural Organik Tuzsuz Domates-biber Salçası 650 gr 868279220674,temel_gida
Heinz Ketcap 1000 gr 871570001650,temel_gida
Safran Orman Tarım 2022 Ekim Hasati - Safranbolu Safran Baharati 1 Gram - Organik Safran Receli SOO,temel_gida
MUDANYA Soğuk Sıkım Naturel Sızma Zeytin Yağı 5 Lt 869959315101,temel_gida
NiyaziBey Çiftliği Doğal Taze Kaşar Peynir 2 Kg Yöresel Çiftliğimizin Kendi Sütünden Geleneksel Gerçek Katkısız NYZKSR200,temel_gida
SAHRA ÇİFTLİĞİ Doğal Tereyağı 1kg SHR2001,temel_gida
Coffee Mate Nestle Kahve Beyazlatıcı Krema Süt Tozu Ekonomik Paket 500gr 0341131,temel_gida
NiyaziBey Çiftliği Doğal Örgü Peyniri 1 Kg Bidon. Köy Muhteşem Sütü Lezzeti Direkt Çiftlkten Katkısız Aracısız. NYZORGB100,temel_gida
farmer lykia Doğal Dağ Inciri Kurusu 500 Gram Ki00,temel_gida
Elvan Today Donut Kek Kakaolu 35 Gr. 24 Adet (1 Kutu) 302109,temel_gida
Fondante Eclairs Caramel Toffee 1000 Gr. (1 Poşet) TYC0034438695,temel_gida
Knorr Tavuk Çeşnili Çabuk Noodle 66 gr x 20 Adet SET.UNİ.109,temel_gida
Dr Pan Sweet Flavor Chocolate 45 gr 00005,temel_gida
"CAREALL %100 Doğal Hurma Ezmesi 330 gr (HURMA PÜRESİ, HURMA DOLGUSU) CHK00",temel_gida
Knorr Tavuk Çeşnili Çabuk Noodle 66 gr x 20 Adet SET.UNİ.109,temel_gida
"GEREKSEAL Antakya El Kırma Yeşil Zeytin,ev Yapımı Yeşil Zeytin, Taş Kırma Yeşil Zeytin(5lik) EL KIRMA YEŞİL ZEYTİ",temel_gida
Kaptan`ın Ceviz Çiftliği Kinoa Cipsi Glütensiz Ve Vegan Sağlıklı Atıştırmalık 35 G - 3 Adet - Analizli 7127,temel_gida
HATAYKARACAYÖRESEL Ballı Çerez 600g HTY00008,temel_gida
Coreganic Keçiboynuzu Öz,temel_gida
"Olimilas Mature Natürel Sızma Soğuk Sıkım Zeytinyağı 5 L 0,6 Asit 2022 Milas Yöresi MATURE5L",temel_gida
Nestle Choceur Nussknacker Tüm Fındıklı Alman Çikolatası 100 gr 5'li UNDAFÇ-0,temel_gida
Taxo Coffee House Blend 1kg Filtre Ve Espresso Kahve HOUSEBRASIL-0,temel_gida
BALEX 12*10 gr *geciktirici Etkili*sertleştirici Bitkisel Karışımlı Macun % 100 Memnuniyet Garantisi BLX-0,temel_gida
Dahafitol Çikolata Aromalı Pirinç Kreması 500 gr dahafit-117-o,temel_gida
Hayfene Damla Sakızı 10 gr HYF013,temel_gida
Kiwi Kahve Ve Baharat Öğütücü Beyaz TYC0069981429,temel_gida
Sankara Gurme Sankara Mormiks 250 gram SANKARA GURME 001,temel_gida
GÜZEL KÖYDEN 1 Kg Ince Kabuklu Badem GK000,temel_gida
HATAYKARACAYÖRESEL Ceviz Reçeli 660 Cc HTY00007,temel_gida
Yayla Gurme Sushi Pirinç 500 Gr TYC0018564521,temel_gida
Nestle Coffee Mate Kahve Kreması Ekopaket 500gr D2,temel_gida
Srıracha Cryıng Thaıger Suree 440 Ml (484 Gr) SUREE.0,temel_gida
Karadeniz Matcha Yüksek Kalite Matcha Çayı 50 gram ( %100 Saf Maça Yeşil Çay ) HT12457896,temel_gida
Güzel Ada Gıda Psyllium Karnıyarık Otu Tozu 250 gr 47772,temel_gida
Leziz Natura Kuru Polen 1 kg Yerli Üretim LZZ02,temel_gida
HOMM VİTA Guarana Kahve 30 Adet HOM151,temel_gida
SPRİNGMAX Besin Destekliyici Kilo Aldıran Muz Ve Kakao Aromalı Kilo Almaya Yardımcı Toz 1'li Set Kilo-aldırıcı 4,temel_gida
Nutripure Cream Of Rice 480 G - Biskuvi Aromalı NPRC48,temel_gida
URFADAN KAPINDA Ceviz Kurabiye (içi Boş Olarak )50 Çift 3230000002,temel_gida
D&M GURME Türk Kahvesi 250 Gr TYC0041812838,temel_gida
King Gıda Aromaları Altın Seri Kiti Elit Edition KA06,temel_gida
Heinz Lp Worcester Sos 150 ml 500011104183,temel_gida
Unicomix Karamel Aromalı Dekor Sos (caramel Flavored Sauce) 750 Ml KC-000,temel_gida
Kahve Dünyası Glütensiz Kakao Nibi 200 gr 13.300.2080.002,temel_gida
Duru Greçka Karabuğday 1 kg 8691440305330-,temel_gida
Sek Aroma Altın Seri Anason Yağı-hazır Karışım Altın Seri Rakı Kiti 50 ml (1 LİTREYE UYUMLU) sekaltinseri192,temel_gida
Elvan Ibon Meyveli Şeker 800gr TYC0077621352,temel_gida
Jacobs Selection Filtre Kahve 250 gr 4 Al 3 Öde 869051552537,temel_gida
Beeo Saf Propolis Damla 20 ml 868146903578,temel_gida
Haşiroğlu Bol Yoğurtlu Çerezlik Cips Tarhana 450gr lapayna20,temel_gida
FORX5 Coffee 010,temel_gida
Takis Mini Fuego 35gr PRA-6101859-032,temel_gida
Sinoz SPF50+ Pink Touch Ton Eşitleyici Pembe Yüz Güneş Kremi PA++++ 50 ml ST921,kisisel_bakim
Lapulita Duş Jeli L-,kisisel_bakim
Colgate FoamSoft Diş Eti Masajı Yumuşak Diş Fırçası 871895137796,kisisel_bakim
Sinoz Spf 50+ Yüz Güneş Kremi - Normal Ve Kuru Ciltler Için Günlük Kullanım 50 Ml 696,kisisel_bakim
Colgate Plax Nane Ferahlığı Alkolsüz Ağız Bakım Suyu 500 Ml + Plax Taze Nane 250 Ml X 2 Adet 8718951435681,kisisel_bakim
Palmolive Moments Nemlendirici Banyo Ve Duş Jeli 500 ml X 4 Adet 87189514465644,kisisel_bakim
Signal Nazik Diş Eti Bakımı Diş Fırçası 1+1 Yumuşak X2 SET.UNİ.163,kisisel_bakim
Luis Bien Diş Beyazlatma Seti (Diş macunu 75ml + Toz 50gr) 868196748036,kisisel_bakim
Bic Metal Tıraş Bıçağı 5'li Poşet X 5 Adet 153 010 92858,kisisel_bakim
Le Petit Marseillais Le Petit Marseillais Akdeniz Çileği + Beyaz Şeftali Ve Nektarin Duş Jeli Avantajlı Paket + Lif PKTAKDNZCLG+BYZSFTLNKTR,kisisel_bakim
Palmolive Aroma Sensations Feel Glow Banyo ve Duş Jeli 500 ml x 2 Adet + Duş Lifi Hediye 87189513044202,kisisel_bakim
Colgate 360 Hassasiyete Pro Çözüm Ekstra Yumuşak Diş Fırçası X 2 Adet 87189514101072,kisisel_bakim
TBRUSH Diş Beyazlatıcı Aktif Kömürlü Doğal Diş Macunu Tableti - Florürsüz - Glutensiz - Vegan - 90 Tablet 10.004.00,kisisel_bakim
Hacı Şakir Doğal Saf Geleneksel Beyaz Sabun 4x150 gr x 3 Adet 8693495054485,kisisel_bakim
Bic Bıc 3 Hybrid Extra Life Tıraş Bıçağı 12 Kartuşlu 308612335658,kisisel_bakim
Bioxcin Sun Care Lekeye Eğilimli Ciltler Için Çok Yüksek Korumalı Renkli Güneş Kremi 50 Spf - Leke Tinted 868051263274,kisisel_bakim
Vasso Men Hipster Viking Sakal Ve Bıyık Kepeğini Önleyen Şampuan 260 ml 869921634754,kisisel_bakim
"Folixir Ince Telli Saçlar Için Hacim, Dolgunluk Ve Parlaklık Veren Kalınlaştırıcı Saç Kremi 300ml ElixirKre",kisisel_bakim
Colgate Plax Çay ve Limon Plağa Karşı Ağız Bakım Suyu 500 ml x 2 Adet 8718951006188,kisisel_bakim
Listerine Stay White Ağız Bakım Suyu 250 ml X3 5010123726614,kisisel_bakim
"Selin Parfümlü Kolonya Sprey Seti (kiraz Çiçeği, Ardıç, Hanımeli, Nemlendirici Limon) 600225",kisisel_bakim
Palmolive Aroma Sensations So Relaxed Aromatik Banyo ve Duş Jeli 500 ml x 2 Adet + Duş Lifi Hediye 80035200141082,kisisel_bakim
Axe Erkek Sprey Deodorant Apollo 48 Saat Etkileyici Koku Vücut Spreyi 150 ml X3 Adet SET.UNİ.21,kisisel_bakim
Palmolive Men Sport 4ü1 Arada Canlandırıcı Erkek Duş Jeli 500 ml x 2 Adet +Duş Lifi Hediye 86934950412492,kisisel_bakim
L'oreal Professionnel Serie Expert Absolut Repair Yıpranmış Saçlar Için Onarıcı Altın Maske 250 Ml 347463697532,kisisel_bakim
Bic Miss Soleil Sensitive Kadın Tıraş Bıçağı 3'lü Blister (3 Bıçak) 153 010 95759,kisisel_bakim
Marble Power Siyah Sarımsaklı Biotinli Sabun 80 G MP000,kisisel_bakim
Sensodyne Gentle Diş Fırçası X 2 Adet PKTSNSDYNGNTDSFR,kisisel_bakim
Sabuncu Mevlüt Efendi Saf Zeytinyağlı Defne Parçacıklı Sabun 1 Kg (8 ADET) SME-00,kisisel_bakim
"Vasso Men Hediyelik Hipster Sakal Seti ! Erkeklerin Vazgeçilmez Sakal Bakım Serisi (şampuan, Bakım Yağı,wax) 86992163475392",kisisel_bakim
Dr.Bei Dr.beı Gy1 Sonik Şarjlı Diş Fırçası Beyaz GY1 Beya,kisisel_bakim
Colgate 360 Pilli Optik Beyaz Platinum Beyazlatıcı Yumuşak Diş Fırçası + 4 Adet Yedek Başlık Hediye 8714789835112,kisisel_bakim
Duru Mutluluk Serisi Değerli Çiçek Bahçesi Sıvı Sabun 3x1 Lt 513172-,kisisel_bakim
Palmolive Naturals Hassas Ciltler İçin Badem ve Yoğun Nemlendirici Zeytin Özü Duş Jeli 500 ml x2Adet 8718951367708,kisisel_bakim
Bic Flex 5 Sistem Tıraş Bıçağı 1 Sap + 6 Yedek Kartuş Ve Tıraş Çantası 153 010 50806,kisisel_bakim
Ravla Doğal Ağız Bakım Spreyi Koku Giderici Boğaz Temizleyici AGZ-0,kisisel_bakim
DR TAYYARÖZ Masaj Kremi Şeytan Pençesi Özlü DRTAYYAROZDEWİLCLA,temel_gida
medisana Alman Tasarım 10 Yıl Garantili Geniş Manşonlu Kol Tipi Tansiyon Aleti 5104,temel_gida
Omron M2 Basıc Hem-7121j-e Üst Koldan Ölçer Dijital Tansiyon Aleti MT401567211223,temel_gida
TheLifeCo Organik Yeşil Sebzeler Içecek Tozu Şase 6gr X 7ad 868283561169,temel_gida
MEDİBOX Yatak Koruyucu Örtü 60x90 Cm 30 Lu TYC0067357045,temel_gida
Acura 9080K Türkçe Konuşan Tam Otomatik Üst Koldan Tansiyon Aleti AC-9080,temel_gida
Ferr Pharma Grovit Kids Şurup 150 ml 011858-10.11.2020,temel_gida
iStart Mr.d Geciktrici Sprey 30ml Made In Germany - A Kalite mxc77,temel_gida
Farmasi At Kestanesi Kremi 869013111046,temel_gida
Jade Master Ayak Masaj Aleti (foot Massager) Isı Zaman Air Ayarlı Masaj Aleti jm21,temel_gida
Dolphin 100 Lü Çok Amaçlı Pudrasız Nitril Eldiven Siyah M 868144770967,temel_gida
Yenimiyeni Baş Parmak Kemik Düzeltici 61736914,temel_gida
galoş Piramit 10 Mikron 1000 Adet 100200036,temel_gida
BLACK DEER Memory Foam Technology Q90 Siyah Spor Ayakkabı Iç Tabanlık MF-Q90-0,temel_gida
Yuwell Portatif Mesh Nebulizatör M102 Pilli + Usb Doğrudan Kullanım 693325792236,temel_gida
8M Proboost Geciktrici Sprey 30ml Made In Usa PBX13,temel_gida
Durex Yok Ötesi Ultra Kaygan 40'lı Prezervatif 4,temel_gida
Okey Rötar 45'li Geciktiricili Prezervatif 869053000102,temel_gida
Valency Passiflora Incarnata Complex Şurup ValencyP,temel_gida
Beauty Tapes Earlap Kepçe Kulak Bandı 868216970160,temel_gida
Okey Zero 45'li Prezervatif 869053000161,temel_gida
"Nely8 Geciktirici Erkek Kremi 1,5ml X 10 Adet GCKTRC NLY8 L",temel_gida
HACAMAX Vakumlu Hacamat Kupa Çekme Seti Masaj Aleti 12'li HCM1,temel_gida
Depend Mesane Pedi Kadın 12'li 869190016818,temel_gida
Jade Master Boyun - Bel - Sırt Masaj Aleti 000,temel_gida
Prodoctor Erken Gebelik Testi %99.8 Kesin Sonuç X 5 Adet test,temel_gida
ADİPO Plus 15 Mg Adınıza Faturalı 9083265,temel_gida
CMT Baş Parmak Eğriliği Aparat Kemik Bunyon Gece Ateli Halluk Valgus bunyon0,temel_gida
RABIR Triflo Solunum Egzersiz Cihazı 3 Top Üfleme Topu Nefes Egzersizi 66218,temel_gida
MagicFoot 7 Cm Boy Uzatıcı Tabanlık Ünisex Geliştirilmiş Özel Üretim Gizli Topuk Yükseltici Magic7cmk,temel_gida
Okey Karma Prezervatif Set 600178,temel_gida
Mega Plus Şarjlı Darbeli Titreşimli Sporcu Masaj Tabancası Masaj Aleti Kas Rahatlatıcı Egzersiz 3456789Q,temel_gida
BEYZANA Ayakkabı Topuk Vurma Önleyici Ve Daraltma Pedi Ayakkabı Içi Koruyucu Aparat 1 Çift Topuk-Sünger,temel_gida
DEADLYSHARK Geciktirici Delay 48000 Sprey 3 Lü Set Gizli Gönderim 001,temel_gida
Herbalife Formül Besleyici Shake Karısımı Vanilya 2 Adet NLFR03,temel_gida
ARG Bone Beyaz Tek Kullanımlık 100 Lü Paket ARG-000,temel_gida
ESNAFDEDE Galoş Tek Kullanımlık Ayakkabı Kılıf Kaymaz Yağmur Su Toz Geçirmez Halı Ev Ofis Otel Iş Yeri Hastane 49385423,temel_gida
Dijital Özel Gün Kemeri - Regl Ağrıları Için Titreşimli Isı Veren Kemer - Pms Belt SXH105,temel_gida
Beauty Tapes Earlap Max Hold Kozmetik Kepçe Kulak Düzeltici Band 868216970068,temel_gida
Bisolnatur Doğal İçerikli Öksürük Şurubu 868306057008,temel_gida
3M Micropore Estetik Burun Bandı TYC0009092109,temel_gida
Okey Rötar Geciktiricili Ekonomik 20'li Prezervatif 869323921275,temel_gida
MOLDEX 7700 Uyku Kulak Tıkacı Gürültü Ses Önleyici - 10 Çift moldex 7700 10 çif,temel_gida
0Pozitif 2021 Model Ovmalı Isıtmalı Masaj Aleti Boyun Sırt Bel Omuz Tüm Vücut Masaj Cihazı Krem 868212206892,temel_gida
TheLifeCo Limonlu Acı Biberli Içecek Tozu 7 Günlük Şase PRA-6848572-263,temel_gida
Laboquick 20 Adet Ovulasyon + 6 Gebelik Testi TYC0008007300,temel_gida
"srtfootcare 124 Ayakkabı Küçültme Pedi,ayakkabı Daraltma Pedi 1 Çift 38-39 2595-ic",temel_gida
Arsimo Peluş Kılıflı Çıkarılabilir Sıcak Su Torbası Yumuşak Kılıflı Yıkanabilir 2 Lt ARS-DMR-174,temel_gida
TRN Life Boyun Sırt Bel Ayak Yoğurmalı Ovmalı Masaj Yastığı Aleti TRNMP05,temel_gida
MOMORDİCA Zeytinyağlı Kudret Narı (propolis Ve Bal Ilaveli) - 250gr MM-61,temel_gida
PULSE Parmak Tipi Oksimetre Kan Oksijen Nabız Ölçer Oximeter MUOXI_00,temel_gida
3M Ünisex 5 Cm Tam Boy Uzatıcı Tabanlık Hava Yastıklı Uzatan Ayakkabı Tabanlığı Gizli Topuk Yükselten T55,temel_gida
Durex Play 2 si 1 Arada Kayganlaştırıcı Jel 200 ml 503848322402,temel_gida
Ankaflex Ortopedik Hemoroid Basur Minderi Oturma Simidi Simit Yastı,temel_gida
Arnee Oturma Simidi Ortopedik Oturma Minderi Basur Hemoroid Simidi Simit Yastık Simit Minder CGR-132,temel_gida
Stag 9000 Delay Sprey 20ml STG2,temel_gida
"ACTIVE TEAM Memory Foam Yumuşak Ayakkabı Tabanlığı, Akıllı Hafızalı Spor Tabanlık, Ayakkabı Iç Tabanı GC",temel_gida
Reflex Winlyex Pudrasız S Beden 100 Adet Hibrit Teknoloji Vinil Muadili Eldiven winlyex s beden 100 adet eldiven kid,temel_gida
"The İnfinity market Ayak Masajı Aleti, Taşınabilir Elektirikli Ayak Masajı, 8 Modlu Ayak Spa, Ayak Ağrısı Kas Aleti, 46548",temel_gida
Premio Yoğurmalı Rahatlatıcı Masaj Aleti PRA-4903626-827,temel_gida
Hometech Fay-40 Elektrikli Sıcak Su Torbası 35.400,temel_gida
DR TAYYARÖZ Masaj Kremi Şeytan Pençesi Özlü DRTAYYAROZDEWİLCLA,temel_gida
Vicks First Defence 15 Ml 2'li Burun Spreyi 800654068991,temel_gida
Hardline L-carnitine Sıvı Limon 1000 ml PRA-442236-070,temel_gida
viscogold Ortopedik Oturma Simidi Koltuk Minderi Basur Kuyruk Sokumu Hemoroid Yastığı Yuvarlak oturma simid,temel_gida
Eragon 4 Başlıklı Boyun Bel Sırt Ayak Omuz Karın Bacak Masaj Aleti 2760,temel_gida
TeknoClass 7 Cm Tam Boy Uzatıcı Tabanlık Hava Yastıklı Boyuzatan Ayakkabı Tabanlığı Gizli Topuk Yükseltici teknoboy7c,temel_gida
rennway Haftalık Günlük Ilaç Saklama Kutusu 7 Günlük Ilaç Saklama Kabı SFB95177729,temel_gida
Ankaflex Visco Ortopedik Oturma Simidi Hemoroid Basur Minder,temel_gida
STEPS Triflo Solunum Egzersiz Cihazı Nefes Egzersiz Aleti 3 Top trifl,temel_gida
Bitkimo Joint Flex 1 Adet JointFlex0,temel_gida
Durex Intense 30 Lu Uyarıcı Jelli ve Tırtıklı Prezervatif 505219705963,temel_gida
Durex Maraton 40'lı Geciktiricili Prezervatif 8690570548457,temel_gida
Katre-i Şifa Yetişkinler Için Özel Üretim Udim Yağı - 100 ml - Udi Hindi Yağı 869993686459,temel_gida
İnnovita 30 Adet Ovulasyon 5 Adet Ultra Hızlı Gebelik Testi innovita30lh4hcg,temel_gida
Arnee Yeni Nesil Sırt Yastığı Ortopedik CGR-131,temel_gida
Acura Ac-9080 199 Hafızalı Tam Otomatik Koldan Ölçer Tansiyon Aleti Çanta Hediyeli AC-908,temel_gida
Medkimsan Rolatör 4 Tekerli Yürüteç | Rollatör | Lüx Oturaklı MKS96,temel_gida
Bioflex Sedye Örtüsü 100 Adet Lastikli Ebatlar 80x240 Cm BIO.00S,temel_gida
Dolphin 100 Lü Lateks Muayene Eldiveni M Pudralı 869741574402,temel_gida
RELATOS 1 Çift 6 Mm Ayakkabı Topuk Vurma Önleyici Ve Daraltma Pedi Topuklu Ayakkabı Için Topuk Koruma Sünger MT106,temel_gida
Laboquick 20 Adet Ovulasyon + 2 Gebelik LBOV.0,temel_gida
Herbalife Ahududu Beyaz Çikolatalı Formül 1 Shake TYC0037751810,temel_gida
UPS Triflo Solunum Egzersiz Cihazı Nefes Egzersiz Aleti 3 Top Triflo triflo solunum egzersiz cihaz,temel_gida
Canped Mesane Pedi Yoğun L Beden 60 Adet HBV00000TVSI,temel_gida
Has-Pet Haspet Siyah Nitril Pudrasız Eldiven S Beden 100 Lü HAS-9109,temel_gida
Freely Steteskoplu Cırtlı Manuel Tansiyon Aleti Çanta Hediyeli tansiyon aleti112,temel_gida
Farmisol Dezenfektan - Kişisel Kullanım Antiseptiği 5 Litre 0042,temel_gida
Realx Ovmalı Isıtmalı Boyun Sırtbel Omuz Cihazı Bacak Masaj Aleti RX-3,temel_gida
Organische Mycosil Tırnak Mantarı Seti Krem + Şampuan my11,temel_gida
Omron M2 Intellisense Hafızalı Compact Tansiyon Aleti 401567210840,temel_gida
Argivit Focus Avantajlı Aile Paketi ( 2 Adet X 150 Ml) Şurup 868061803678,temel_gida
MORE THAN Zeolit Clinoptilolite 45 Saşe 586572,temel_gida
Dolphin 100 Lü Nitril Muayene Eld. Mavi M Pudrasız 869741574351,temel_gida
sistofen Cranberry (TURNA YEMİŞİ) Şurubu 150 ml SE00,temel_gida
Bioflex . Sedye Örtüsü -1. Kalite 50 Adet Lastikli Ebatlar : 80*240 cm TYC0027030808,temel_gida
Mavi Kaktüs Hemoroid Basur Kuyruk Sokumu Oturma Simidi Minderi Yastığı Visco Ortopedik Yastık MAVİKAKTÜS1,temel_gida
Grovit Kids Multivitamin Şurup 150 Ml Boy Uzamasına Yardımcı Ve Iştah Düzenleyici AYS868180705965,temel_gida
Durex Intense Uyarıcı Jel 10ml 869057054496,temel_gida
MobilUcuz Yunus Masaj Aleti Sırt Masaj Aleti YunusMasa,temel_gida
GRIZZONE Maltodextrın 3kg 60 Servis 3454367576677,temel_gida
Okey Klasik 40'lı Prezervatif 600188,temel_gida
Breathe Right Burun Bandı (normal) 81007180039,temel_gida
Okey Kayganlaştırıcı Jel Çilek 100 ml 869323920615,temel_gida
esnature Tek Kullanımlık Naylon Duş Bonesi 50 Adet P9041S668,temel_gida
Dermosept Zefiran 1 Lt Konsantre Dezenfektan ZF0,temel_gida
SURELAB Hızlı Gebelik Testi Kaset Test X 15 Adet (HAMİLELİK TESTİ) surelabx1,temel_gida
Farmasi Dr C. Tuna At Kestanesi Masaj Jeli-500ml 33718,temel_gida
Dulcosoft Oral Solüsyon Aromasız 250 ml 868306065003,temel_gida
Natures Supreme Gummies Probiotic 60 Çiğnenebilir Form 1482,temel_gida
Canped Mesane Pedi Büyük (10x12) 120'li 541141602191,temel_gida
Beauty Tapes Earlap Max Hold Kozmetik Kepçe Kulak Düzeltici Band 868216970068,temel_gida
Dolphin Çok Amaçlı Gıdaya Uygun Siyah Nitril Pudrasız Eldiven 100'lü-large 868144770965,temel_gida
Durex Maraton Geciktiricili 20'li + Extreme 20'li Prezervatif 5052197058482,temel_gida
BİG POWER Penis Büyütücü Krem Maxman Penis Geliştirici Krem Geciktirici Etkili Geciktirici Mendil Hediye EYGJ-SMXMN0,temel_gida
Stag Geciktirici Sprey 3 Lü Set TYC0043089176,temel_gida
Bitkimo Set Testox 3 Ade,temel_gida
RABIR Baston Ayarlanabilir 80-100 Denge Bastonu BULUT409,temel_gida
Konix Konıx 1lt Alkol Bazlı El-cılt Antıseptık Pompalı 868171534034,temel_gida
Iron Kınesıo Tape Ağrı Bandı 5cm X 5 Mtr - Ten Rengi S0550,temel_gida
3M Micropore Estetik Burun Bandı ( 3lü Paket) 5533-,temel_gida
Yerli Walker Wolker Yürüteç Hareketli Katlanabilir Walker - - Demir Profil Walker,temel_gida
Oncomed Pulse Oksimetre Parmak Tipi Nabiz Oksijen KZMPRTONCOKSIMETREPARMA,temel_gida
MagicFoot 7 Cm Boy Uzatıcı Tabanlık Ünisex Geliştirilmiş Özel Üretim Gizli Topuk Yükseltici Magic7cmk,temel_gida
Viaxi Proloonging Krem 56 ml 78242117600,temel_gida
YOYOSO Sevimli Kurbağa Kılıflı Sıcak Su Torbası Temofor 800 Ml 23 X 17 Cm Yeşil TYC0033829897,temel_gida
Medkimsan Akülü Tekerlekli Sandalye | Tek Hareketle Katlanabilir | Lüx Ekonomik MKS101A,temel_gida
Acura Bilekten Ölçer Konuşan Tansiyon Aleti Ac-437s AC-437,temel_gida
By Tüfekçi 6 Parça Kokteyl Seti Avantajlı Paketi BT5PK,temel_gida
WİDEX Işitme Cihazı Için Nem Alma Ve Dezenfekte Cihazı Perfect Dry Lux PERFECTDR,temel_gida
Armoline Nebulizatör Cihazı AL-5,temel_gida
Eyekan Aynalı Kontakt Lens Kutusu Rose GZLK152,temel_gida
Durex Chill 40'lı Karma Paket Prezervatif PKTDRXCHILL4,temel_gida
Haver Sitikolin Cognizin 250 Mg HVR00126,temel_gida
EBR BEAUTY Distile Su 5 lt Dst.011,temel_gida
LAST TOUCH Masaj Yağı Aromaterapi ( Lavanta Seans ) 250 Ml MSY258,temel_gida
Bepanthol Eye Nemlendirici Göz Damlası Tekli Doz 20x0.5ml. 869954661003,temel_gida
Okey Masaj Jeli & Kayganlaştırıcı Ginseng 200 ml 869975327739,temel_gida
MİYA MEDİKAL Ortopedik Ofis Sandalye Oto Araç Koltuk Bel Destek Yastığı Sırt Minderi MIYAMEDIKALBELYASTIG,temel_gida
Nimo Kompresörlü Nebülizatör Hnk-nbl-s 869897376151,temel_gida
"TheLifeCo Organik Psyllium Karnıyarık Otu Içecek Tozu 180 G (VEGAN, GLUTENSİZ) 11-21",temel_gida
Hometech Elektrikli Sıcak Su Torbası WB-3,temel_gida
"Durex Aloe Vera Kayganlaştırıcı & Masaj Jeli, 200 ml X 2 PKTDRXALOX",temel_gida
Hayfene Spirulina - 50 gr 259,temel_gida
Fitness Marketi Siyah Shaker 500 Ml FM-SİHAH-SHAKE,temel_gida
Breathe Right Extra 20 Adet - Standard Boy x 2 757145102556,temel_gida
Herbalife Konsantre Şeftali Çay 50gr CA1255,temel_gida
Lifenet Kompresörlü Nebulizatör Cihazı- Buhar Makinesi Wne201 WNE20,temel_gida
LAST TOUCH Masaj Yağı Aromaterapi (afrodizyak Seans ) 250 Ml MSY253,temel_gida
OTİFLEKS Uyku Kulak Tıkacı Medium 869924589008,temel_gida
EN SİGA 4 Toplu Çift Yönlü Isıtmalı Masaj Yastığı Ayak Bel Boyun Sırt Vücut Omuz Masaj Aleti MG-,temel_gida
Pine Alkolsüz Hasta Perine ve Vücut Temizleme Havlusu 50'li X 12 Paket pinehavlu1,temel_gida
Cosmonis 1000 Adet Mor Galoş CSM000,temel_gida
prof sayha Bel - Boyun Fıtık Ve Kireçlenmeye Masaj Kremi 150 ml profsayha,temel_gida
Orkidetr Ark Desteği Içe Basma Engelleyici %100 Jel - Türk Malı OT-1,temel_gida
Relax Siyah Masaj Yastığı ovmalı Masa,temel_gida
Canped Mesane Pedi Avantaj Pk Klasik L-büyük Boy Yoğun 120 Adet PAKETCANPED12,temel_gida
EVVAHE DOĞAL Udi Hindi Yağı (100 Ml) EVH124156SB,temel_gida
Herbalife 100 Gr Klasik Çay YTWQKLŞİ45,temel_gida
nina Set Coffee Collagen Karışık Bitkisel Kilo Vermeye Yardımcı Form Kahve KAHVERENG,temel_gida
Okey Zirve 45'li Prezervatif Avantaj Paketi OKEYZIRVE4,temel_gida
VZN Tape Siyah Renk Kinesio Ağrı Bandı 5 Metre X 5 Cm 63,temel_gida
"ACTIVE TEAM Ortopedik Tabanlık, 5 Nokta Anatomik Ayakkabı Tabanlığı, Metatarsal Destekli Iç Taban PU.22",temel_gida
Cold-Mix Cold Mix Inhaler Damla 10 Ml DEV0485,temel_gida
Freely Bp-2206 Bilek Tipi Otomatik Tansiyon Ölçüm Aleti BP-KONUSMAYA,temel_gida
Dulcosoft Oral Solüsyon Hazırlamak Için Aromasız Toz 10 Saşe 5785,temel_gida
MEDİKALCIBAŞI Çelik Balenli Lumbosakral Bel Fıtığı Korsesi Bel Korsesi Bedensiz elit000019148,temel_gida
DİLEX Şampuanlı Saç Yıkama Bonesi dile,temel_gida
zima Şanlı Kapsikumlu Delikli Yakı 15 Adet TYC0062836858,temel_gida
BİG POWER Daraltıcı Ve Orgazm Istek Arttırıcı Krem 2 Etkili Yeni Etkili Formül Daraltıcı Krem 15ml KJLAVRGN00,temel_gida
Accu Chek Instant Test Strip 50s Accu-chek Instan,temel_gida
Bitkimo Set Testox 1 Adet TESTO,temel_gida
gamy 16/8 Aralıklı Oruç Gündüz & Gece 30+30 Tb. 86958765654,temel_gida
Canfeza Sezgin Taurin Şizandra & Karahindiba Ekstresi SZ0,temel_gida
"BLACK DEER Extender 4,5 Cm Siyah Boy Uzatıcı Tabanlık BD-BU-0",temel_gida
Joystar Yeni Çilekli Kayganlaştırıcı Jel 30ml Kokulu Kayganlaştırıcı Ve Masaj Jeli Su Bazlı JS-LBRCN,temel_gida
Tuba Nasır Yakısı 4 Kutu tb,temel_gida
Unipore 10cm X 10m Elastik Sabitleme Bandı - Flaster Serhat0367 Unipore 10cm x 10,temel_gida
Natures Supreme Multivitamin For Adults 60 Çiğnenebilir Form PRA-1898346-993,temel_gida
Has-Pet Pudrasız Siyah Nitril Eldiven Latekssiz L Beden 100 Lü Dayanıklı Nitril Eldiven hspt,temel_gida
Freely Gebelik Ovulasyon Testi Mıdstream 02A.26040,temel_gida
Mimoco Titreşimli Usbli Masaj Aleti Mini Masaj Aleti mim100,temel_gida
Omron C101 Essential Compressor Nebulizatör mtoc101ec,temel_gida
Elan Hasta Altı Serme Yatak Koruyucu s,temel_gida
Moore For Me Koenzim Q10 100 mg + Alfalipoik Asit 200 mg 30 Soft Gel Moore KoenzimQ10 100 Alfalipoik asit 20,temel_gida
Freshlife Yatak Koruyucu Örtü Hasta Alt Pedi Freshlıfe 60cm X 90cm Ebat 30 Lu X 4 Paket T003,temel_gida
Eragon Dolphin Profesyonel Boyun Bel Sırt Karın Bacak Vücut Masaj Aleti 1772,temel_gida
Compex Coldform Sıcak Soğuk Kompresyon Dizliği 83-0026-LXL-F,temel_gida
Farmasi Dr. C.Tuna Paprika Biberli Balsam Masaj Jeli - 500 ml 48,temel_gida
HACAMAX 12li Hacamat Seti Kupa Çekme Vakumlu Masaj Seti Selülit Giderici Kupa Vakum Pompası KUPASET1,temel_gida
INNDREAM Medikal Ortopedik Visko Sandalye Koltuk Ofis Bel Destek Yastığı Sırt Desteği Minderi Visco 9009009,temel_gida
Htcimaj Tüm Yüz Şekillendirme - Kırışık Engelleme - Yüz Korsesi - Liposuction tamkors,temel_gida
EN SİGA 4 Toplu Çift Yönlü Isıtmalı Masaj Yastığı Ayak Bel Boyun Sırt Vücut Omuz Masaj Aleti MG-,temel_gida
Relax & Super Tone Masaj Ve Zayıflama Alet,temel_gida
"Ortosole Ortopedik Memory Foam Ayakkabı Tabanlığı, Natural Kemer Destekli Tabanlık - Erkek 204-M",temel_gida
Farmasi Dr C. Tuna At Kestanesi Masaj Jeli-500ml 2'li Set 12869013100575,temel_gida
VZN Tape Ten Rengi Kinesio Ağrı Bandı 5 Metre X 5 Cm 60,temel_gida
DEADLYSHARK Süper Delay Krem48000 4adet Macun Sertleştci 0416644 Rp9808 GZ122044,temel_gida
muscle&muscle Pre Work Out 280 gr Orman Meyveleri MM10,temel_gida
Jetcom Baş Parmak Eğriliği Aparat Kemik Bunyon Gece Ateli Halluk Valgus dvdsvgsgv,temel_gida
"ATA EXCLUSIVE FABRICS Abso 5 Katlı Kapitoneli, Sıvı Geçirmez, Yıkanabilir Kanatlı Yatak Koruyucu (75X90 CM) 1000-1428",temel_gida
Fırsat Caddesi Çift Kanallı 4 Pedli Taşınabilir Fizik Tedavi Tens Cihazı Ems Masaj Aleti FC132,temel_gida
MEDCENTER Elektronik Fizik Tedavi Tens Terapi Cihazı Masaj Aleti - Terlikli MC-101,temel_gida
Okey Nirvana 20li + Rötar 20li Prezervatif 600207,temel_gida
anti Chlorella 869760156109,temel_gida
NeoForce Tıp Iı Cologen Neoforce-Tip,temel_gida
GRIZZONE Citrulline Malate 2:1 303 Gr 100 Servis Crystal Seri Pure 868378957062,temel_gida
Wohler Üst Koldan Ölçer Dijital Tansiyon Aleti Nabız Ölçer USB Girişli 99 Ölçüm Hafıza Çantalı ST1,temel_gida
JOHNSHEN Nico Nikotin Sakızı 105 Adet Naneli RE2T432,temel_gida
Wohler Kompresörlü Nebülizatör Hava Buhar Makinesi STN-,temel_gida
Ankaflex Ortopedik Sandalye Yastığı Bel Destek Minderi Yastığı TYC0054962892,temel_gida
"GoLite 2.5 Cm Boy Uzatıcı Tabanlık, Gizli Topuk Yükseltici Ayakkabı Tabanlığı - 1 Çift MZ1",temel_gida
MediaFire Geciktirici 30 ml Formen Extra 45 Dakika Hızlı-Ücretsiz-KARG,temel_gida
Extasia Prezervatif 100'lü 7866575,temel_gida
Medkimsan Klozetli Tekerlekli Sandalye | Tuvaletli Sandalye | Banyo Sandalyesi MKSW68,temel_gida
Braun Bua5000 Üst Kol Tansiyon Ölçer 402216700300,temel_gida
CMT Hava Yastıklı Tam Boy Uzatıcı Tabanlık Gizli Topuk 7 Cm Ortopedik ayak1,temel_gida
Omron Dijital Tansiyon Aleti Kol Manşonu 1.kalite 1.kalite Manşon - Tek Girişli- 23-32 Cm Ücretsiz Kargo İL0,temel_gida
softbio Aromaterapi Masaj Yağı Vanilya 1 Lt. 202101 Vn 202101V,temel_gida
PEDİX Mesane Pedi Unısex Büyük Boy Large (L) 50 Adet U04.X01.101.100,temel_gida
elvin aksesuar Antrasit Renk Saten Saç Bonesi Ve Büyük Boy Simit Toka Set Antrasitset001,temel_gida
Predictor Predictör Early Erken Gebelik Testi 539152094456,temel_gida
"pistore Kıvırcık Saçlılar Için Siyah Saten Bone, Yastık Ve Toka Seti pistore0008",temel_gida
Herbalife Shaker Yeşil Kapaklı RB219438446856,temel_gida
Gomax Yeni Nesil Taşınabilir Mesh Nebulizatör Sıvı Buharlaştırıcı Cihaz SGL-4,temel_gida
DİZAYNSHOP G5 Plus Yeni Model Bölgesel Zayıflama Ve Selülit Cihazı 1950 Devir V5PLU,temel_gida
Lucifer Michaelson Muscle Max 30 Saşe AKC.402.019,temel_gida
RELATOS Teleskopik Sırt Kaşıma Aparatı Açılır Kapanır Sırt Kaşıyıcı Metal Aparat RLT1408S4,temel_gida
Proftein L Citruline L Sitrulin Citrulin Malate 100g citrulline00,temel_gida
0Pozitif 2021 Model Çift Motorlu Titreşimli Ovmalı Masaj Yastığı Bel Omuz Tüm Vücut Araç 118,temel_gida
Has-Pet Nitril Eldiven Small 100 Adet PNHP,temel_gida
PlusMed Steteskoplu Cırtlı Manuel Tansiyon Aleti Çantalı PM-A01,temel_gida
Hardline Creatine Creapure 250 gr 869744835045,temel_gida
Farmisol Dezenfektan - Kişisel Kullanım Antiseptiği 5'li Set Fitalive-5,temel_gida
TeknoClass Ortapedik Jel Topukluk Tabanlık Topuk Dikeni Için %100 Jel 2 Adet tekno257,temel_gida
Soles Kanedyen Koltuk Değneği - Siyah - 1 Çift kanedyent,temel_gida
[email protected] 6 Mm Ayakkabı Daraltan Ped Ayak Topuk Vurma Önleyici Sünger Bant Topuk Ağrısı Topuk Koruyucu [email protected] MM DARALTM,temel_gida
Respirox Koldan Ölçer Tansiyon Aleti Axd-808 (TÜRKÇE KONUŞAN MODEL) TYC0042099628,temel_gida
Canfeza Sezgin Femalup Plus Hayıt Ekstresi FML0,temel_gida
Hometech Starcom Şarjlı Sıcak Su Torbası ST68795,temel_gida
medes sağlık Mesh Nebülizatör mds0001,temel_gida
Okey Zero 45'li Prezervatif + Okey Zero Kayganlaştırıcı Jel Su Bazlı 100 ml 600178,temel_gida
CMT 5 Cm Hava Yastıklı Boy Uzatıcı Tabanlık Uzatan Topuk Yükseltici ayak0,temel_gida
Canfeza Sezgin Astragalus Çin Geveni Ekstresi Beta Glukan Karışımı,temel_gida
EVA Large Yoğun Ekstra Büyük Mesane Pedi 60 Adet NO5-60ADE,temel_gida
Okey Hisset 45'li Prezervatif Avantaj Paketi HİSSET_4,temel_gida
JASO PHARMA Rohto Dry Aid Kayganlaştırıcı Eye Drops Damlası 10 Ml 498724116983,temel_gida
Yuwell Akıllı Tansiyon Aleti Koldan Ölçer Ye660d 693325791300,temel_gida
Skygo 12 Li Kupa Cekme Seti Hacamat TG_7063905,temel_gida
BERALİFE Keten Tohumu Yağı 250ml BKT250M,temel_gida
Eragon Kneading Ovmalı Isıtmalı Boyun Bel Sırt Omuz Masaj Yastığı Masaj Aleti 1772,temel_gida
Dermosept Okaliptuslu Deniz Suyu Burun Açıcı Sprey OKALİPTUS SPRE,temel_gida
"pistore Kıvırcık Saçlılar Için Siyah Saten Bone, Yastık Ve Toka Seti pistore0008",temel_gida
AYACO Halluks Valgus Gece Ateli Hallux Valgus Düzeltici Ayak Baş Parmak Kemiği Çıkıntısı kemikçıkıntısıdüzeltici896,temel_gida
optana 7 Cm Gizli Topuk Hava Yastıklı Boy Uzatıcı Tabanlık Uzatan Taban Uzatma Tabanı Ayakkabı Tabanlığı OPTANAayak1,temel_gida
DROPY Detox Bitki Karışımı,temel_gida
STFAST Şarjlı Özel Gün Kemeri - Regl Ağrıları Için Titreşimli Isı Veren Kemer stfas37,temel_gida
Laboquick 30 Adet Ovulasyon + 2 Gebelik + 1 Ultra Erken Gebelik Testi PAKET4,temel_gida
Iron Siyah Kendinden Yapışkanlı Bandaj Koban 5cmx4.5m BULUT552,temel_gida
"OPTIMEL Manuka+ Forte Göz Jeli ( Şiddetli Ve Orta Kuru Göz,damlası,blefarit ) OPTİJEL0",temel_gida
Castor Nitril Muayane Eldiveni Medikal Eldiven Pudrasız Beyaz 100'lü M Beden SCT,temel_gida
Soles Bedensiz Patella Destekli Dizlik Ligament Destekli Yaylı Dizli,temel_gida
REMMED Tripot 3 Ayaklı Denge Bastonu 1-01,temel_gida
Canfeza Sezgin Thyrobalance Focus L-tirozin - Rodiola Ekstresi TRB0,temel_gida
BRP Kompresörlü Nebülizatör Makinası (hava Makinesi) 868199909219,temel_gida
Herbalife Ekonomik Set / Çikolata Shake 550 Gr. - Aloe 473 Ml.. - Ahududu Çay 50 gr ESMRG230,temel_gida
Mega Plus Şarjlı Masaj Tabancası Sporcu Masaj Aleti En Siga 4 Başlıklı 3456789Q,temel_gida
Tuba Nasır Bandı 869951282004,temel_gida
Omron M2 Basıc Hem-7121j-e Üst Koldan Ölçer Dijital Tansiyon Aleti Yk00,temel_gida
NUTRIPHARMA Quick Slim Kilo Verme Amaçlı Öğün Yerine Geçen Shake QSMXN00,temel_gida
Kara ticaret Kalp Şeklinde Sihirli Jel Isıtıcı Cep Sobası El Avuç Isıtıcısı enka-377,temel_gida
Pratiko Masaj Kemeri Bel Boyun Sırt Masaj Alet,temel_gida
Parnassos Doğal Yenilebilir Çilekli Aromaterapi Masaj Yağı Doğal Köy Yapımı 150MLCILE,temel_gida
Vıcks Fırst Defence Nazal Sprey 800184139264,temel_gida
silimo Ligament Destekli Dizlik Diz Kemik Sürtünmesi Kıkırdak Zedelenmesi 001,temel_gida
Kitch&Home Boy Uzatıcı Tabanlık Hava Yastıklı Ayakkabı Içi Topuk Yükseltici 5 Cm Siyah K&HBUHY,temel_gida
"Life Net Medikal Tansiyon Aleti, Üst Koldan Tansiyon Ölçer, Nabız Ölçer, Usb Girişli Wbp-108. TYC0009029656",temel_gida
3M 1100 Kulak Tıkacı (30 Çift) klk,temel_gida
TheLifeCo Smartfood Absolutely Fit Shot Içecek 60ml (acı Biber Ve Elma Sirkeli) 8682835610962-,temel_gida
Canfeza Sezgin Burdock Root Mix Cilt Kremi BUR,temel_gida
XCESS Ortopedik Bel Sırt Oturma Simidi Simit Yastık Minderi TYC0008371172,temel_gida
OptiFibre Optifibre Bitkisel Kökenli Lif Kaynağı 5 gr -10 Saşe NES70698,temel_gida
Farmisol Dezenfektan Kişisel Kullanım 200 ml 42037443,temel_gida
Bepanthol Eye Nemlendirici Göz Damlası Çoklu Doz 10ml 869954661004,temel_gida
Timtex Sıcak Su Torbası 2 Lt Kare Desenli Polar P989S64,temel_gida
NBL Probiotic Atp 20 Saşe 869954025034,temel_gida
DERMATIXSI Dermatix Ultra Jel 15 gr PMD869885634002,temel_gida
Medkimsan Frenli Tekerlekli Sandalye | Hasta Transfer Sandalyesi | Lüx 1.sınıf MKS809EK,temel_gida
GİM Seyyar Katlanabilir Hasta Yaşlı Tuvalet Sandalyesi Klozetli Wc Li Oturak pzyr0018,temel_gida
Vanish Kosla Pet Leke Çıkarıcı ve Koku Giderici Sprey 2x500 ml PKT063159053X,temel_gida
Gimcat Malt Soft Extra 100 Gr + Multivitamin 100 Gr 633640,temel_gida
Gimcat Malt Soft Extra 100 Gr G1-X00,temel_gida
BioFeline Fish Oil & Plus+b For Cats ( Malt Paste 30 Ml Hediye ) BF04,temel_gida
GROWMET Fürminatör TYC0061312162,temel_gida
Gimcat Multivitamin 20 gr 249-000,temel_gida
Sleepy Petcare Pet Bakım Örtüsü 60x90 Cm 30 Adet 868224120744,temel_gida
BioFeline Fish Oil & Plus+b For Cats ( Malt Paste 30 Ml Hediye ) BF04,temel_gida
Ahm Red Green Karışık Granulat Ciklet Balığı Yemi 250 Gr UGY-732567018354,temel_gida
Vanish Kosla Pet Leke Çıkarıcı ve Koku Giderici Sprey 2x500 ml PKT063159053X,temel_gida
HiPet Kıtık Açıcı Kolay Tarama Spreyi KAKTS-0,temel_gida
Gimcat Kuzu Etli Tavuklu Tahılsız Ödül Çubukları 20 gr 40012,temel_gida
Sirius Pet Food Lamb Tripe Stick - 50'li Kuzu Işkembe Çubuk Avantaj Paketi 2,temel_gida
Dr. Animal Dr.animal 500 Ml Dezenfektan Yara Ve Cilt Bakım Crystalin 11,temel_gida
"Barış bazalt doğaltaş Siyah Kum,bitki Kumu 10 Kg 0",temel_gida
Mutamin Organics Norveç Somon Balık Yağı 400 ml 868199033401,temel_gida
BuDorS Taşınabilir Pet Kaka Dışkı Toplama Kepçesi Dog Poop Scooper Yeşil Renk 1 Adet TYC0069882201,temel_gida
YUMMYCARE Plus B Multivitamin Damla 50 m,temel_gida
TASTY VİTAL Biotin Paste 100 Gr bioti,temel_gida
Freshy Dental Twists - Beyaz Burgu Çubuk - 50'li Maxi Paket - 300 gram FR 3,temel_gida
Zozo Cares Hijyenik & Nemlendirici Pati Temizleme Mendili - Hipoalerjenik - 250 Adet ZO-M000,temel_gida
Gardenmix Kemirgen Talaşı 900-08,temel_gida
Gimcat Malt Soft Extra 100 gr X 2 Adet 568124,temel_gida
Pet Miyav Çifthane Ve Üretim Kafesi Bölmeli 60x40x28 5992845303051,temel_gida
Pet Love Okyanus Esintisi Ve Çilekli Şampuan 400 ml 869028659145,temel_gida
Vets Health Anti Hairball Paste 100g + Multivitamin Paste 100g (2 In 1) VHMLTANT_2000000,temel_gida
"Ekodoğa Beyaz Dolomit 25 Kg 2,5-4 Cm Dolamit Taşı Dere Çakıl Taşı Bahçe Süs Taşı Dekoratif Taş Loche No.4-5 29",temel_gida
Sirius Pet Food Beef Tail Stick - 25'li Kurutulmuş Dana Kuyruk Avantaj Paketi 3,temel_gida
Crystalin Animal Health 200 ml SECOVETCRYSTALI,temel_gida
Petimix Dana Gırtlak 100g Çiğneme Kemikleri 01,temel_gida
"Ekodoğa Beyaz Dolomit Taş 5 kg 1,5-2,5 cm Bahçe Taşı Dekoratif Taş Dere Taşı 28",temel_gida
Ahm Japon Balığı Için Özel Yem Seti 100 ml X 4 Adet 111,temel_gida
Gimcat Malt Soft Extra 100 Gr G1-x001 izm000,temel_gida
KENEMiX KEN-500 GR BİT PİRE KENE ÖNLEYEN SAF DOĞAL DİATOM TOPRAĞ,temel_gida
Gardenmix Garden Mix Platin Tavşan Yemi 1kg 137694,temel_gida
Tailpetz Airmesh Saks Mavi Göğüs Tasması WEEHARS,temel_gida
Fit Fly Kafes Tülü Large Boy 64,temel_gida
Burak Kafes Tülü Xxl Boy TYC0046289220,temel_gida
Gimcat Puding 150 Gr + Yoğurt 150 Gr 564003,temel_gida
Maxisol Ans Sütlü Kemik 15 Cm 2 Li Ekonomik Paket 209aknsk15,temel_gida
FreshyGimbi Freshy Dental Twists - Beyaz Burgu Çubuk - 100'lü Mega Paket - 600 gram 100FR2,temel_gida
DOGİ&DOG Küçük Irk Pembe Pati File Kıyafet DG1005,temel_gida
"Advance Kitten 1,5kg 223-53021",temel_gida
BioFeline Eklem Ve Bağışıklık Seti (Move+G + Immune+C) BF-SET-EKL,temel_gida
Dr. Animal Yara solüsyonu 100m,temel_gida
BioFeline Fish Oil & Plus+b For Dogs BF04,temel_gida
"N & D OCEAN MORİNA BALIĞI, KARİDES, BALKABAĞI & KAVUN KITTEN 1,5 kg 801027603885",temel_gida
Sirius Pet Food Lamb Headskin Stick - 50'li Kuzu Kelle Derisi Avantaj Paketi 2,temel_gida
Gimcat Malt Soft Extra 20 gr + Multivitamin 20 gr 564100,temel_gida
BayBay Night Melisa Papatya Içeren Damla 50 ml Şişe A102,temel_gida
Ocean D3k2 Damla 20 Ml + 2. %50 TYC0060938535,temel_gida
Biobaby Kuru Ve Atopik Ciltler Için Şampuan 300 ml. + Krem 100 ml Çok Kuru Ciltler 3018100,temel_gida
Ayşegül Süsleme Ahşap Kırk Sepeti Pembe asy50505,temel_gida
Ervalinn Fresh Air Damla Burun Tıkanıklığı Için Rahatlatıcı Ve Nefes Açıcı Yaka Damlası 10 ml EFA00,temel_gida
MammacomicaDough Mammacomica Purkids Prebiotikli Vegan Şampuan Ve Köpük Sabun 2'li Hijyen Paketi-baskı Kese Hediyeli PurKids,temel_gida
Lactaplus Emziren Anneler Için Bitkisel Damla 100 ml SE007,temel_gida
Ravla %100 Badem Sütü 070756827447,temel_gida
Sabuncu Mevlüt Efendi Bitkisel Granül Sabun Tozu 500 gr SME-868314883037,temel_gida
Mochi – Süt Saklama Poşeti (50 Adet) TYC0032579731,temel_gida
Bambala Glutensiz Humamu- Hurma Topları 125g BMBL12,temel_gida
Bambala Pancar Çorbası +6 Ay - 50g Koruyucu Içermez Temiz Içerik BMBLÇH50,temel_gida
Bambala Aya Kurabiye -125g BMBLAY12,temel_gida
Dumledo Krem Boyunluk & Mavi Nohut Battaniye Set&takım (aksu Ipeksoft) AKSU_TMRCK00,temel_gida
MEW FORM LİFE Emziren Anneler Için Süt Artirici Gaz Gidereci Bitkisel Dedoxs Çayı 40'lı Süzen Poşet 3 Paket CCCCYYYTT00,temel_gida
Beeo Suda Çözünür Propolis Damla 20 ml (04/2023MİAD) 868146903544,temel_gida
Momstok Anne Çayı 60'lı Çay 2'li (2X60) Momstok,temel_gida
MEW FORM LİFE Emziren Anneler Için Süt Artirici Gaz Gidereci Bitkisel Dedoxs Çayı 40'lı Süzen Poşet TTTTCCC00001,temel_gida
Ayşegül Süsleme Ahşap Kutulu Kırk Sepeti ASAKKS0000,temel_gida
Johnson's Işıldayan Parlaklık Serisi Şampuan 300 ml X2 3574669907286,temel_gida
Bambala Glutensiz Pırasa Çorbası - 125g Koruyucu Içermez Temiz Içerik BMBL,temel_gida
oneseviyo Hamile Anı Kartları - Hafta Hafta Gebelik Çift Yön Not Alınabilir Kartlar - Anne Baba Oluyorum TYC0039625663,temel_gida
Bambala Pancar Çorbası +6 Ay - 125g Koruyucu Içermez Temiz Içerik BMBLA,temel_gida
Puro Cotone Puset Örtüsü Ve Puset Minderi PC10015,temel_gida
DeCupe Magnet Kalp Kokulu Taş Mevlüd Doğum Günü Kına Nikah Düğün Hediye DC70,temel_gida
"Dumledo Kırmızı Çiçekli Dantelli Dönem Elbisesi (9-12, 12-18, 18-24 Ay) 9470378612",temel_gida
sobay shoes Kadın Günlük Loafer Yuvarlak Burun Maskülen Zincirli Tokalı Yüksek Kalın Taban Makosen Oxford Ayakka SOBY1108000,giyim
7ADIMDAAŞK Kadın Casual Hakiki Deri Ayakkabı 052Y22K1002,giyim
7ADIMDAAŞK Kadın Günlük Hakiki Deri Ayakkabı 002y22k1545 002Y22K154,giyim
7ADIMDAAŞK Kadın Günlük Hakiki Deri Ayakkabı 002y22k1548 002Y22K154,giyim
Moda Değirmeni Kadın Papyon Fiyonklu Ayakkabı Md1042-119-0008 MD1042-119-000,giyim
7ADIMDAAŞK Kadın Günlük Hakiki Deri Ayakkabı 002y22k1540 002Y22K154,giyim
Shule Bags Suni Deri Yeşil Evrak Çantası Milano SH01,giyim
TECER Kadın Siyah Zincirli Kemer Detaylı Uzun Askılı Çapraz Çanta 248vtn,giyim
Madamra Siyah Kadın Kemer Tokalı Çapraz Çanta MK1020023SV10-00,giyim
Shule Bags Suni Deri Siyah Evrak Çantası Milano SH01,giyim
UK Bags Kadın Siyah Omuz Çantası Kol Çantası Valiz Çanta Kadın Çanta Çapraz Çanta Paraşüt Çanta Kışlık Çanta UKBAGS-UK0001,giyim
Shule Bags Suni Deri Vizon Evrak Çantası Milano TYC0061364971,giyim
UK Bags Kadın Krem Omuz Çantası Kol Çantası Valiz Çanta Kadın Çanta Çapraz Çanta Paraşüt Çanta Kışlık Çanta UKBAGS-UK0001,giyim
"SELİN SOYLU Erkek Deri Ayakkabı, Günlük Ayakkabı, Yazlık Ayakkabı , Casual Ayakkabı AX14",giyim
"Ducavelli Fagola Hakiki Deri Erkek Günlük Ayakkabı, Casual Ayakkabı, %100 Deri Ayakkabı, 4 Mevsim 868324951469",giyim
BIG KING Siyah Hakiki Deri Desenli Erkek Klasik Ayakkabı BIGKING0083,giyim
Night Shoes Erkek Siyah Hakiki Deri Klasik Ayakkabı ns255756,giyim
"Ziya , Erkek Hakiki Deri Ayakkabı 131745 560599 Laciver",giyim
"capolloni Siyah Erkek Günlük Deri Ayakkabı,hakiki Deri Ortopedik Erkek Günlük Ayakkabı, Baba Ayakkabısı, Ort ÖZK-",giyim
Sail Lakers Siyah Erkek Klasik Ayakkabı 101-3791-1116,giyim
"Ziya , Erkek Hakiki Deri Ayakkabı 131745 560199 Ku",giyim
"Ziya , Erkek Hakiki Deri Ayakkabı 123423 103 Siyah 103423 10",giyim
Fast Step Hakiki Deri Kösele Siyah Erkek Klasik Ayakkabı 932ma67 932MA6,giyim
"capolloni Kahverengi Erkek Günlük Deri Ayakkabı, Hakiki Deri Ortopedik Erkek Günlük Ayakkabı, Baba Ayakkabıs ÖZK-",giyim
Fast Step Hakiki Deri Siyah Erkek Klasik Ayakkabı 867ma94 867MA9,giyim
"Ziya , Erkek Hakiki Deri Ayakkabı 131423 66 Siya",giyim
"Ducavelli Comfy Hakiki Deri Erkek Günlük Ayakkabı, Casual Ayakkabı, %100 Deri Ayakkabı, 4 Mevsim 868324951465",giyim
"Ziya , Erkek Hakiki Deri Ayakkabı 13192 16953 Siya",giyim
"Ducavelli Enkel Hakiki Deri Erkek Günlük Klasik Ayakkabı, Hakiki Deri Klasik Ayakkabı, Derby Klasik 868324952038",giyim
Fast Step Hakiki Deri Siyah Erkek Oxford Ayakkabı 095ma4051-1 095MA4051-,giyim
"capolloni Kahverengi Erkek Comfort Deri Ayakkabı Hakiki Deri Ortopedik Erkek Günlük Ayakkabı, Baba Ayakkabısı ÖZK-",giyim
"Ziya , Erkek Hakiki Deri Ayakkabı 123423 260 Siyah 103423 26",giyim
"Ziya , Erkek Hakiki Deri Ayakkabı 131485 3902 2 Laciver",giyim
"Ducavelli Dynamic Hakiki Deri Erkek Günlük Ayakkabı, Casual Ayakkabı, %100 Deri Ayakkabı, 4 Mevsim Ayakkabı 868324950253",giyim
"Ziya , Erkek Hakiki Deri Klasik Ayakkabı 123985 429 Siyah 111985 42",giyim
"Ziya , Erkek Hakiki Deri Ayakkabı 123423 58 Laciver",giyim
Fast Step Hakiki Deri Siyah Erkek Klasik Ayakkabı 867ma085duz 867MA085DU,giyim
Lederax Ttk08 Taktik Bel Ve Kemer Çantası LD-0010,giyim
SEVENTEEN Erkek Gri Kanvas Kumaş Astarlı Çok Gözlü Çapraz Askılı Göğüs Ve Sırt Çantası G-347,giyim
"Mi Sueno Erkek ‘BÜYÜK BOY’ (26x18x12) Siyah Tıraş Çantası, Seyahat Çantası, Kozmetik Çantası MSE-000",giyim
Cappadocia Vintage Cappadocia Hakiki Deri Suya Dayanıklı Haki Yeşil Postacı Omuz Çantası Mumlu Kanvas Laptop Çantası. CAP.403,giyim
Fossil Fsce065568 Siyah Erkek El Ve Evrak Çantası FSCE06556,giyim
ÇÇS 31325 Omuz Askılı Postacı Çanta Laptop Ve Evrak Çantası Siyah CCS31325,giyim
Torz Erkek Çapraz Göğüs Ve Sırt Çantası Bodybag Fonksiyonel Su Geçirmez Kumaş Tablet Omuz Çanta LTH129,giyim
Bagorama Athens Unisex Bodybag Çapraz Askılı Göğüs Ve Sırt Çantası BCCPZ500,giyim
"Shop GG 159 Model Hakiki Deri Kemer Çantası, Bel Çantası, Bilek Çantası, El Çantası",giyim
sar tekstil Muutos Medikal Üniforma - Hemşire Forması - Doktor Önlüğü- Lacivert Renk Nöbet Çantası Orta Boy SARMULO000000,giyim
hepsiofis Avcılık Çanta Kemer Bel Çantası Askeri Taktik Paket Taşıma Çantası bel00100,giyim
VOSTRO El Yapımı Italyan Stili %100 Gerçek Hakiki Deri Unisex Ofis Evrak Çantası 20242-VOSTR,giyim
Solo Bag Yumuşak Yıkanmış Deri Mavi Fermuar Detaylı Hem Omuz Hem Sırt Çantası 4001,giyim
vipceyiz Hafif Seyahat Çantası vipceyiz seyahat çantas,giyim
"HEPBİMODA Blackpink Piercingli Zincirli Siyah Sırt Çantası ,blackpink Defter, Cüzdan, Kalemlik Hediye Seti blackpnk453",giyim
Cambridge Polo Club Sırt Çantası Plcan2079 Gökkuşağı PLCAN207,giyim
Mares Kids Mickey Sırt Çantası MS,giyim
United Colors of Benetton Ilkokul Sırt Çantası 7600,giyim
BRAWL STARS Neon Karakterli Beslenme Çantalı Ilkokul Sırt Çantası TYC0048421453,giyim
Waddell Lisanslı Lila Little Horse Desenli Kız Ilkokul Sırt Çantası Ve Beslenme Çantası lila unicorn desenl,giyim
OWYON Polo Ortaokul-lise Sırt Çantası 65,giyim
Eastpak Padded Pak'r Unisex Lacivert Sırt Çantası Ek00062026w1 EK00062026W,giyim
Üçİndigoss Peluş Mini Pembe Sırt Çantası PPEMBE2,giyim
Decathlon Quechua Sırt Çantası - Outdoor - 17l - Siyah - Nh Escape 100 33438,giyim
Eastpak Double Tranverz S Unisex Siyah Seyahat Çantası Ek0a5b8777h1 EK0A5B8777H,giyim
Eastpak Tranverz S Unisex Pembe Seyahat Çantası Ek00061lk251 EK00061LK25,giyim
Skip Hop Zoo Emniyet Kemerli Sırt Çantası Kahverengi IB0566,giyim
Bagacar Fashion Tulum Gögüs Bel Çantası Mat Siyah BAGBE,giyim
Eastpak Tranverz S Unisex Pembe Valiz Ek00061l8a11 EK00061L8A1,giyim
"HEPBİMODA Black Pink Piercingli Zincirli Siyah Sırt Çantası ,black Pink Defter,black Pink Kalemlik Hediye Seti blackse",giyim
Yaygan Coral High Peri Kanatlı Ve Simli Sırt Çantası Ve Kalemlik Set - Ilkokul Çantası Seti TYC0047380540,giyim
Decathlon Quechua Outdoor Sırt Çantası - 20l - Siyah - Nh 100 852902,giyim
Eastpak Double Tranverz S Unisex Siyah Seyahat Çantası Ek0a5b870081 EK0A5B87008,giyim
Cambridge Polo Club Sırt Çantası Plcan2079.356 Lila Kalp PLCAN207,giyim
Eastpak Tranverz M Tekerlekli Valiz EK00062L77H,giyim
Eastpak Tranverz S Unisex Kırmızı Seyahat Çantası Ek00061l84z1 EK00061L84Z,giyim
Kral Şakir Lacivert Kabin Boy Valiz 36003 VK0,giyim
Eastpak Tranverz M Unisex Kırmızı Valiz Ek00062l8a21 EK00062L8A2,giyim
Eastpak Tranverz M Unisex Pembe Valiz Ek00062l8a11 EK00062L8A1,giyim
United Colors of Benetton Okul Sırt Çantası 7604,giyim
Nike (mini Boy) Sırt Çantası Ba5559-630 (toz Pembe) BA5559-630 (TOZ PEMBE,giyim
OOPS Easy Trolley - Çek Çek Valiz Yusufcuk GENOOPUCNT0731MA,giyim
Eastpak Transıt'r M Unisex Kahverengi Valiz Ek0a5ba88a81 EK0A5BA88A8,giyim
BENE Su Geçirmez Desenli Mini Sırt Çantası PRA-8113388-23567,giyim
Skip Hop Zoo Sırt Çantası 1519,giyim
Skip Hop Zoo Sırt Çantası Lama 15MSHP21025,giyim
Stephen Joseph Sırt Çantası Unicorn SJ102021,giyim
Eastpak Transit'r L Unisex Renkli Seyahat Çantası Ek0a5ba91811 EK0A5BA9181,giyim
Relaxion Tavşan Figürlü Ilköğretim Sırt Çantası Ve Beslenme Çantası RKY 135,giyim
Eastpak Transit'r L Unisex Siyah Seyahat Çantası Ek0a5ba977h1 EK0A5BA977H,giyim
BENE Su Geçirmez Desenli Mini Sırt Çantası PRA-8113388-23567,giyim
Decathlon Quechua Sırt Çantası - Outdoor - 17l - Siyah - Nh Escape 100 33438,giyim
Tutkun Dört Tekerlekli Valiz CHANLMNN,giyim
BENE Su Geçirmez Desenli Mini Sırt Çantası PRA-8113388-23567,giyim
Nike Brasilia Mini Genç Turuncu Sırt Çantası Jd,giyim
BENE Su Geçirmez Desenli Mini Sırt Çantası PRA-8113388-23567,giyim
OWYON Polo Ortaokul- Lise Sırt Çantası(YENİ SEZON) 66,giyim
United Colors of Benetton 76047 Sırt Çantası (45 X 30 X 13 Cm,giyim
Nike Nıke Y Acdmy Team Unısex Sırt Çantası Da5271-657 DA5271-65,giyim
BENE Su Geçirmez Desenli Mini Sırt Çantası PRA-8113388-23567,giyim
BENE Bugs Bunny Desenli Mini Sırt Çantası PRA-8327730-203,giyim
BENE Siyah Kli Mini Sırt Çantası mini-siyahbenekl,giyim
Eddasmagasin Keten Sırt Çantası TYC0063733153,giyim
Dönmezler Lol Lisanslı Tekerlekli Valiz No. 9800 06275,giyim
Nike Sırt Çantası Küçük Boy Sırt Çantası Dm1884 Pembe Zebra DM1884-64,giyim
RKY SERENITY Yeni Sezon Relaxion Ilköğretim Sırt Çantası Ve Beslenme Çantası 1350 YENİ SEZO,giyim
OWYON Polo Ortaokul- Lise Sırt Çantası (YENİ SEZON) 66,giyim
Morikukko Back To School Unicorn Large Çıkabilir Kapüşonlu Sırt Çantası MP4383,giyim
Waddell Lisanslı Lila Unicorn Nakışlı Kapitone Ilkokul Sırt Çantası Ve Beslenme Çantası lila kapitone unicor,giyim
Lullaby Unicorn Çekçekli Okul Çantası & Valiz lby-ÇUN,giyim
Waddell Dinazor Ilkokul Sırt Çantası 300,giyim
Cambridge Polo Club Sırt Çantası Plcan2079 Love Pembe PLCAN207,giyim
"U.S. Polo Assn. Uspa Plcan22196 Okul Sırt Çantası, Ilk,ortaokul, Lis",giyim
GEMRİL Popit Sırt Çantası Rengarenk Popit Çanta mt205,giyim
MASTER PACK Siyah Çekçekli Tekerlekli Okul Sırt Çantası MP731T,giyim
Karaca Hatır Köz Türk Kahve Makinesi Shiny Black 5 Fincan Kapasiteli Bol Köpüklü 153.09.01.0959-,teknoloji_ekipman
Karaca Hatır Barista Cappuccino ve Türk Kahve Makinesi Antrasit 153.03.06.8401-,teknoloji_ekipman
Karaca Hatır Hüp Türk Kahve Makinesi Iconic Beige 153.03.06.935,teknoloji_ekipman
AWOX Kafija Paslanmaz Çelik Sesli Ve Işıklı Kahve Makinesi 500w 07062022160,teknoloji_ekipman
Sinbo Scm-2957 Elektrikli Cezve Kahve Makinesi Inox 2021ST049,teknoloji_ekipman
Karaca Hatır Köz Türk Kahve Makinesi Rosegold 5 Fincan Kapasiteli Bol Köpüklü 153.09.01.0959-,teknoloji_ekipman
Sinbo Elektrikli Kahve Makinesi Cezve 2019ST00000060,teknoloji_ekipman
KORKMAZ Kahvekolik Otomatik Kahve Makinesi Vanilya A860-1,teknoloji_ekipman
Karaca Hatır Plus Mod 5 In 1 Essential Kahve Makinesi Black Chrome 153.03.06.748,teknoloji_ekipman
Albitmesin Robo Espresso Kahve Makinesi ALBTMSKHV0,teknoloji_ekipman
Arçelik Kahve Makinesi K 3300 Telve Beya,teknoloji_ekipman
Nespresso Essenza Mini C30 White Kahve Makinesi c3,teknoloji_ekipman
Karaca Hatır Hüps Düet Türk Kahve Makinesi Bej 153.03.06.7874-,teknoloji_ekipman
HOMEND Pottoman 1830h Bulut Kremi Türk Kahve Makinesi 700.01.01.023,teknoloji_ekipman
Karaca Hatır Hüps Sütlü Türk Kahve Makinesi Bej 153.03.06.226,teknoloji_ekipman
Fakir Beny Türk Kahve Makinesi-violet 1,teknoloji_ekipman
AWOX Caffeen Kahve Makinesi 501,teknoloji_ekipman
Karaca Hatır Plus Mod 5 In 1 Essential Kahve Makinesi Rosie Brown 153.03.08.312,teknoloji_ekipman
Karaca Hatır Köz Türk Kahve Makinesi Space Gray 5 Fincan Kapasiteli Bol Köpüklü 153.09.01.0959-,teknoloji_ekipman
Karaca Hatır Barista Cappuccino ve Türk Kahve Makinesi Pearl White 153.03.06.8401-,teknoloji_ekipman
AWOX Rosegold Kafija Kahve Makinesi KAFİJ,teknoloji_ekipman
Fakir Base Türk Kahve Makinesi Gri SFKR.32,teknoloji_ekipman
Arçelik Tkm 9961 B Telve Türk Kahve Makinesi 0-0-TKM9961,teknoloji_ekipman
Arçelik K 3300 Beyaz Telve Tekli Türk Kahve Makinesi HBV00000A4ZZ,teknoloji_ekipman
Nespresso Inissia C40 Red Kahve Makinesi C 40 İNİSSİA RE,teknoloji_ekipman
Karaca Hatır Mod Sütlü Türk Kahve Makinesi Antrasit modunagöre antrasi,teknoloji_ekipman
Karaca Hatır Hüp Türk Kahve Makinesi Kırmızı 153.01.06.499,teknoloji_ekipman
Nescafe ® Gold Yeni Nesil Kahve Makinesi (Siyah) 01,teknoloji_ekipman
Arzum OK001 Okka Türk Kahve Makinesi - Siya,teknoloji_ekipman
Smeg Filtre Kahve Makinesi Siyah Dcf02bleu 151168,teknoloji_ekipman
Jumbo X Homend Joy 1884h Siyah Türk Kahve Makinesi 700.01.01.043,teknoloji_ekipman
Karaca Hatır Plus Mod 5 In 1 Essential Kahve Makinesi Rosie Brown 153.03.08.312,teknoloji_ekipman
Arçelik Türk Kahve Makinesi K 3300 Mini Telve Beyaz ( Gold Cizgili ) TYC0014793035,teknoloji_ekipman
Karaca Hatır Köz Türk Kahve Makinesi Krem 5 Fincan Kapasiteli Bol Köpüklü 153.09.01.0959-,teknoloji_ekipman
Sinbo Elektrikli Türk Kahve Makinesi Scm-2955 scm-295,teknoloji_ekipman
"COSORI Yağsız Sıcak Hava Fritözü 5,5l, Xxl, 1700w, Dijital Led Dokunmatik Ekran,11 Program ZECYSHF0",teknoloji_ekipman
Karaca Hatır Hüps Sütlü Türk Kahve Makinesi Rosegold 153.03.06.226,teknoloji_ekipman
Karaca Hatır Köz Türk Kahve Makinesi Shiny Black 5 Fincan Kapasiteli Bol Köpüklü 153.09.01.0959-,teknoloji_ekipman
Arçelik K 3400 Beyaz Midi Telve Türk Kahve Makinesi 670 Watt Su Hazneli 748957010,teknoloji_ekipman
KORKMAZ Kahvekolik Otomatik Kahve Makinesi Inox 9030601A860-1,teknoloji_ekipman
Karaca Hatır Barista Cappuccino ve Türk Kahve Makinesi Antrasit 153.03.06.8401-,teknoloji_ekipman
Arzum Ok0012 Okka Rich Spin M Türk Kahve Makinesi - Bakır OK0012.SİYAH BAKI,teknoloji_ekipman
Fakir Kaave Türk Kahve Makinesi Kaave Rose 4100415,teknoloji_ekipman
Arçelik Tkm 9961 S Siyah Çelik Ikili Türk Kahve Makinesi TKM9961,teknoloji_ekipman
Sinbo Scm-2958 Kablosuz Kahve Makinesi Elektrikli Cezve Inox SCM-295,teknoloji_ekipman
KORKMAZ A860 07 Kahvekolik Siyah Krom Otomatik Kahve Makinesi 2019ST00000089,teknoloji_ekipman
Karaca Hatır Köz Türk Kahve Makinesi Kırmızı 5 Fincan Kapasiteli Bol Köpüklü 153.09.01.0959-,teknoloji_ekipman
Karaca Hatır Hüp Türk Kahve Makinesi Krem 153.01.06.499,teknoloji_ekipman
Arzum Minio Pro Ok0010 Bakır Türk Kahve Makinesi 45.004.24,teknoloji_ekipman
Nespresso F121 Lattissima One Black Kapsüllü Kahve Makinesi F121BLAC,teknoloji_ekipman
Karaca Hatır Hüp Türk Kahve Makinesi Iconic Beige 153.03.06.935,teknoloji_ekipman
HOMEND 1880h Sütlü Türk Kahve Makinesi Bronz 700.01.01.039,teknoloji_ekipman
Karaca Hatır Hüps Sütlü Türk Kahve Makinesi Kırmızı 153.03.06.226,teknoloji_ekipman
Nespresso D40 Black Inissia Kapsüllü Kahve Makinesi D 40 İNİSSİA BLAC,teknoloji_ekipman
Karaca Hatır Hüps Düet Türk Kahve Makinesi Kırmızı 153.03.06.7874-,teknoloji_ekipman
Karaca Hatır Mod Türk Kahve Makinesi Red karaca-hatırsütlü-473,teknoloji_ekipman
KORKMAZ Moderna Siyah/satin Kahve Makinesi HPV-2698,teknoloji_ekipman
KORKMAZ Kahvekolik Twin Siyah/krom Otomatik Kahve Makinesi 9030401A861-0,teknoloji_ekipman
Nespresso F531 White Gran Lattissima Kapsüllü Kahve Makinesi (beyaz) 500.01.01.738,teknoloji_ekipman
HOMEND Joy 1887h Türk Kahve Makinesi Antrasit 700.01.01.049,teknoloji_ekipman
Schafer Coffee Trend Türk Kahve Makinesi - Siyah 2S081-25002-SIY0,teknoloji_ekipman
HOMEND Pottoman Milk In 1872h Sütlü Türk Kahve Makinesi Antrasit Gold 700.01.01.036,teknoloji_ekipman
Arzum Okka Minio Ok004 Türk Kahve Makinesi OK004-,teknoloji_ekipman
Philips Hd7768/80 Filtre Kahve Makinesi HD7768/8,teknoloji_ekipman
Arçelik K-3300 Ve K-3400 Türk Kahve Makinesi Cezve TYC0036348305,teknoloji_ekipman
AWOX Kırmızı Kafija Kahve Makinesi KAFİJ,teknoloji_ekipman
Karaca Hatır Hüps Sütlü Türk Kahve Makinesi Cosmic Lilac 153.09.01.197,teknoloji_ekipman
King K 446 Keyifli Elektrikli Kahve Makinesi King K 446 kırmız,teknoloji_ekipman
Arçelik Tkm 9961 Bio Türk Kahve Makinesi tkm9961 bi,teknoloji_ekipman
Nespresso F121 Lattissima One White Kahve Makinesi 500.01.01.875,teknoloji_ekipman
Karaca Hatır Barista Cappuccino ve Türk Kahve Makinesi İmperial Red 153.03.06.8401-,teknoloji_ekipman
Karaca Hatır Hüp Türk Kahve Makinesi Krem 153.01.06.499,teknoloji_ekipman
Jumbo X Homend Joy 1886h Antrasit Türk Kahve Makinesi 700.01.01.044,teknoloji_ekipman
Tchibo Esperto Pro Tam Otomatik Kahve Makinesi Antrasit 11984,teknoloji_ekipman
Jumbo X Homend Joy 1885h Bronz Türk Kahve Makinesi 700.01.01.044,teknoloji_ekipman
Karaca Hatır Hüps Düet Türk Kahve Makinesi Bej 153.03.06.7874-,teknoloji_ekipman
Delonghi Magnıfıca Evo Ecam290.81.tb Tam Otomatik Kahve Makinesi 56KMK01435,teknoloji_ekipman
Karaca Hatır Barista Cappuccino ve Türk Kahve Makinesi Krem 153.03.06.8401-,teknoloji_ekipman
Karaca Hatır Hüp Türk Kahve Makinesi Kırmızı 153.01.06.499,teknoloji_ekipman
Siemens Tp505r01 Tam Otomatik Kahve Makinesi TP505R0,teknoloji_ekipman
Karaca Hatır Plus 2 In 1 Kahve Makinesi Black Chrome 153.03.06.912,teknoloji_ekipman
Altus Kahve Makinesi ALTUS AL 4763,teknoloji_ekipman
Nespresso J620 Creatista Pro Kapsüllü Kahve Makinesi Gümü,teknoloji_ekipman
"Bosch Tıs30129rw Tam Otomatik Kahve Makinesi, Verocup 100, Siyah TIS30129R",teknoloji_ekipman
Nespresso C61 Titan Pıxıe Kapsüllü Kahve Makinesi C61 PIXIE TITA,teknoloji_ekipman
Emsan Bella Gusto Türk Kahve Makinesi Beyaz TYC0040940237,teknoloji_ekipman
Siemens TE653311RW EQ.6 Plus S300 Serisi Tam Otomatik Espresso ve Kahve Makinesi 500-036-506-TE653311R,teknoloji_ekipman
HOMEND Pottoman 1830h Bulut Kremi Türk Kahve Makinesi 700.01.01.023,teknoloji_ekipman
Delonghi Primadonna Class Ecam 550.65.w Tam Otomatik Kahve Makinesi - 19 Bar Ecam 550.65.,teknoloji_ekipman
Smeg Ecf01creu Krem Espresso Kahve Makinesi ECF01CRE,teknoloji_ekipman
Siemens Tı923309rw Eq.9 S300 Tam Otomatik Kahve Makinesi BO6209W01-,teknoloji_ekipman
Bosch Tıs30321rw 300 Tam Otomatik Kahve Makinesi TIS3032,teknoloji_ekipman
Siemens Eq.6 Plus Te655203rw Tam Otomatik Kahve Makinesi TE655203R,teknoloji_ekipman
Karaca Hatır Plus Mod 5 In 1 Essential Kahve Makinesi Black Chrome 153.03.06.748,teknoloji_ekipman
Delonghi Bco431.S Combı Barista Tipi Kahve Makinesi 56KMK01424,teknoloji_ekipman
Siemens Tq905r03 Eq.900 Paslanmaz Çelik Home Connect Tam Otomatik Kahve Makinesi TQ905R0,teknoloji_ekipman
Karaca Hatır Mod Sütlü Türk Kahve Makinesi Antrasit modunagöre antrasi,teknoloji_ekipman
Smeg La Pavoni Esperto Edotto Espresso Kahve Makinesi LPLESE01E,teknoloji_ekipman
GoldMaster Kıvam Ege Mavisi Akıllı Yerleştirmeli Türk Kahve Makinesi GM-8380E,teknoloji_ekipman
Gaggia Rı9604/01 Cadorna Prestige Kahve Makinesi TET4971783457,teknoloji_ekipman
"Gant Inox Gri Elektrikli Cezve Türk Kahve Makinesi, 6 Fincan Kapasiteli, Paslanmaz Çelik GANT001-100",teknoloji_ekipman
Yasomi Tam Otomatik Espresso Kahve Makinesi cm100,teknoloji_ekipman
TEFAL CM8301 Köpüklüm Pro Çelik Türk Kahve Makinesi Beyaz 910004139,teknoloji_ekipman
GoldMaster Prokıvam Beyaz Geniş Hazne Çelik Cezveli Akıllı Yerleştirmeli Türk Kahve Makinesi GM-9900,teknoloji_ekipman
Karaca Hatır Hüps Sütlü Türk Kahve Makinesi Antrasit 153.03.06.226,teknoloji_ekipman
Smeg 50's Style Bcc02 Full Mat Black Espresso Otomatik Kahve Makinesi Special Edition BCC02FBME,teknoloji_ekipman
Karaca Hatır Barista Cappuccino ve Türk Kahve Makinesi Pearl White 153.03.06.8401-,teknoloji_ekipman
Karaca Hatır Hüps Düet Türk Kahve Makinesi Kırmızı 153.03.06.7874-,teknoloji_ekipman
GoldMaster Prokıvam Inox Siyah Geniş Hazne Çelik Cezveli Akıllı Yerleştirmeli Türk Kahve Makinesi 26153,teknoloji_ekipman
Sage Bes875 Bss The Barısta Express Kahve Makinesi 251.20.002,teknoloji_ekipman
Voog Cuppo Beyaz Türk Kahve Makinesi LPS-01-0,teknoloji_ekipman
Karaca Hatır Hüps Düet Türk Kahve Makinesi Gri 153.03.06.7874-,teknoloji_ekipman
Siemens Te651319rw Full Otomatik Kahve Makinesi Safir Siyah Metalik 122033,teknoloji_ekipman
Fakir Lone Türk Kahve Makinesi 535 W Güç Fakir Kaave Lone Siyah Ren,teknoloji_ekipman
Smeg Bcc01tpmeu 50's Style Espresso Otomatik Kahve Makinesi BCC01TPME,teknoloji_ekipman
melitta Latticia Ot Tam Otomatik Kahve Makinesi Siyah 629f04d36c89d6ea16f0450,teknoloji_ekipman
Arzum Okka Minio Ok004 Türk Kahve Makinesi OK004-,teknoloji_ekipman
Karaca Coffee Art Tam Otomatik Espresso Capuccino Kahve Makinesi COFFEE AR,teknoloji_ekipman
Arçelik Tkm 9961 B Telve Kahve Makinesi BYHE5K4AQ,teknoloji_ekipman
Philips Hd7462/20 Filtre Kahve Makinesi Inox HD7462/2,teknoloji_ekipman
Siemens Eq.500 Tq505r09 Integral Tam Otomatik Kahve Makinesi. TYC0029697278,teknoloji_ekipman
Arzum Minio Pro Ok0010 Bakır Türk Kahve Makinesi 45.004.24,teknoloji_ekipman
Techmaster Kaşık Tartı Terazi Dijital Ekran Hassas Ölçüm 500gr/0.1gr 807b 807bteraz,teknoloji_ekipman
Gaggia Rı9601/01 Cadorna Plus Tam Otomatik Öğütücülü Kahve Makinesi Siyah TET6360704733,teknoloji_ekipman
Karaca Hatır Barista Cappuccino ve Türk Kahve Makinesi İmperial Red 153.03.06.8401-,teknoloji_ekipman
Grundig TCM 6730 Cream Gold Çiftli Otomatik Türk Kahve Makinesi 748997030,teknoloji_ekipman
Nespresso S85 Atelier Kahve Makinesi 000200170800,teknoloji_ekipman
Beko Tkm 2341 Keyf-i Bol Siyah Türk Kahve Makinesi TKM 234,teknoloji_ekipman
Arçelik Tkm 9961 L Telve Lal Ikili Türk Kahve Makinesi TKM9961,teknoloji_ekipman
GoldMaster Prokıvam Gold Geniş Hazne Çelik Cezveli Akıllı Yerleştirmeli Türk Kahve Makinesi GM9900,teknoloji_ekipman
Gaggia Rı9602/01 Cadorna Barista Plus Tam Otomatik Kahve Makinesi RI9602/0,teknoloji_ekipman
TEFAL CM8205 Köpüklüm Türk Kahve Makinesi Kırmızı CM8205T,teknoloji_ekipman
Nescafe Mini Me Dolce Gusto Kapsüllu Kahve Makinesi DELEDG305.B,teknoloji_ekipman
Nespresso C30 Grey Essenza Mini Kahve Makinesi Gri C30 GRE,teknoloji_ekipman
"Asf Bilişim Hk8 Pro Max Ultra 2,12''Amoled Ekran 88233",teknoloji_ekipman
agm Dayanıklı Androıd 12 Endüstriyel Akıllı Telefon H5 Ip68/ıp69k/mıl-std-810h AGM H,teknoloji_ekipman
Xiaomi Redmi Note 10 5g 128 Gb 6 Gb Ram Gri ( Türkiye Garantili) V-198100044,teknoloji_ekipman
AXYA Samsung Gt E 1205 Kamerasız Tuşlu Cep Telefon,teknoloji_ekipman
Trident A23 Max Uyumlu 64gb Yıldız Mavisi Akıllı Telefon TR-A23 MAX-STARLİGHT BLU,teknoloji_ekipman
Trident A75 Promax 128gb Dualsim Mavi Akıllı Telefon TR-A75 PROMAX-BLU,teknoloji_ekipman
vivo Y15s 3 Gb Ram 32 Gb Hafıza Mistik Mavi vivoy15,teknoloji_ekipman
ULEFONE Note 9p 4gb Ram 64g Mavi (DİSTRİBÜTÖR GARANTİLİ) ENSULE00,teknoloji_ekipman
TCL Alcatel- 1068d Siyah Tuşlu Telefon 1068D-3AALTR1,teknoloji_ekipman
Samsung Galaxy A04 64 Gb 4 Gb Ram ( Türkiye Garantili) HBCV000033O8M,teknoloji_ekipman
Akfa Iphone 11 Telefon Batarya- 3510 Mah Tamir Seti. DJMQST5,teknoloji_ekipman
Xiaomi Redmi Note 10 Pro 256gb 8gb Ram Cep Telefonu 2000003918889,teknoloji_ekipman
Akfa Iphone 7 Plus Telefon Batarya- 3410 Mah Tamir Seti ABJLNU2,teknoloji_ekipman
Akfa Iphone 6s Plus Telefon Batarya- 3810 Mah Tamir Seti CFPQ123,teknoloji_ekipman
Akfa Iphone X Telefon Batarya- 3190 Mah Tamir Seti 457RYF7832,teknoloji_ekipman
Akfa Iphone 6s Telefon Batarya- 2300 Mah Tamir Seti 457RYF7834,teknoloji_ekipman
Akfa Samsung Galaxy J5 J500 Telefon Batarya DLSVY27,teknoloji_ekipman
Tecno Spark 8c 128 Gb Akıllı Telefon Turkuaz 122187,teknoloji_ekipman
Xiaomi Redmi Note 8t Lcd Ekran Dokunmatik 160,teknoloji_ekipman
Akfa Iphone 7 Telefon Batarya- 2300 Mah Tamir Seti EGHLRU3,teknoloji_ekipman
Akfa Xiaomi Redmi Note 8 Telefon Batarya ABHKTYZ,teknoloji_ekipman
Akfa Iphone 8 Plus Telefon Batarya- 3400 Mah Tamir Seti ERT96743YH,teknoloji_ekipman
Akfa Iphone 11 Pro Telefon Batarya- 3046 Mah Tamir Seti 848CYMP834,teknoloji_ekipman
Akfa Iphone Xs Max Telefon Batarya- 3710 Mah Tamir Seti ACEMT25,teknoloji_ekipman
TCL 30se 64GB Akıllı Telefon Gri 12507862,teknoloji_ekipman
Akfa Iphone Xr Telefon Batarya- 3510 Mah Tamir Seti DJLMNRV,teknoloji_ekipman
Akfa Iphone 11 Pro Max Telefon Batarya- 3969 Mah Tamir Seti GKMWY15,teknoloji_ekipman
Akfa Xiaomi Redmi Note 7 Telefon Batarya AFJNU12,teknoloji_ekipman
Akfa Samsung Galaxy S8 Telefon Batarya BCDPRV6,teknoloji_ekipman
Akfa Samsung Galaxy A5 A510 (2016) Telefon Batarya GKLQSUV,teknoloji_ekipman
Akfa Samsung Galaxy S9 Plus Telefon Batarya CDFMR24,teknoloji_ekipman
Akfa Samsung Galaxy A20 Telefon Batarya DEU1346,teknoloji_ekipman
Akfa Samsung Galaxy A5 A520 (2017) Telefon Batarya DLMRUVW,teknoloji_ekipman
Akfa Samsung Galaxy S6 Telefon Batarya ABGKPVX,teknoloji_ekipman
Akfa Samsung Galaxy A10 Telefon Batarya EBBA750AB,teknoloji_ekipman
Akfa Samsung Galaxy S8 Plus Telefon Batarya BDJLWZ3,teknoloji_ekipman
Akfa Xiaomi Redmi Note 8 Pro Telefon Batarya 469REVC64,teknoloji_ekipman
Akfa Samsung Galaxy S6 Edge Telefon Batarya BSTUZ46,teknoloji_ekipman
Akfa Xiaomi Redmi 6a Telefon Batarya ANPRVX3,teknoloji_ekipman
Akfa Huawei Mate 10 Lite Telefon Batarya ACFHLRS,teknoloji_ekipman
Akfa Iphone 8 Telefon Batarya- 2210 Mah Tamir Seti 24IUGY44,teknoloji_ekipman
Akfa Samsung Galaxy A50 Telefon Batarya EBBA505AB,teknoloji_ekipman
Xiaomi Mi 9t Mi 9t Pro K20 K20 Pro Lcd Ekran Dokunmatik 156,teknoloji_ekipman
EgeTech E&t-trade General Mobile Gm5 Plus Şarj Soket Mikrofon Bordu 1000105,teknoloji_ekipman
Akfa Samsung Galaxy S9 Telefon Batarya BCKMS36,teknoloji_ekipman
Boyra Teknoloji Huawei P40 Lite Zil Bazır Hoparlör Art-l28 / L29 02571,teknoloji_ekipman
"Boyra Teknoloji Samsung Galaxy J7 Prime Kasa Kapak Lens Hariç, Ekran Çıtası Içindedir Gold 1326-R",teknoloji_ekipman
Akfa Iphone 6 Telefon Batarya- 2300 Mah Tamir Seti BGMPVW3,teknoloji_ekipman
Akfa Samsung Galaxy A750 A7(2018) Telefon Batarya DEHNQRU,teknoloji_ekipman
Xiaomi Mi Note 10 Lite Lcd Ekran Dokunmatik 154,teknoloji_ekipman
Nokta Teknik Iphone 8 Plus Şarj Soketi Mikrofon Filmli Orijinal - Siyah 901005,teknoloji_ekipman
Akfa Honor 6 Telefon Batarya HB356687ECW,teknoloji_ekipman
ZTE Hikıng X11 Mavi Tuşlu Cep Telefon Belirtilmemiş 461055000078,teknoloji_ekipman
Akfa Honor 10 Lite Telefon Batarya HB396286ECW,teknoloji_ekipman
Akfa Iphone 6 Plus Telefon Batarya- 3810 Mah Tamir Seti FMPTU24,teknoloji_ekipman
Akfa Samsung Galaxy S7 Edge Telefon Batarya 8444FGHY94,teknoloji_ekipman
Akfa Huawei Nova 2i Telefon Batarya HB356687ECW,teknoloji_ekipman
Akfa Samsung Galaxy J730 Telefon Batarya EBBA720AB,teknoloji_ekipman
Akfa Lenovo K6 Note Telefon Batarya CLNVWY4,teknoloji_ekipman
Akfa Huawei Nova 2s Telefon Batarya HB356687ECW,teknoloji_ekipman
Akfa Samsung Galaxy A520 Telefon Batarya 866USFK555,teknoloji_ekipman
tkgz Oppo Reno 4 Lite Lcd Ekran Dokunmatik (tft Çıtalı) P81433S302,teknoloji_ekipman
Akfa Samsung Galaxy A5 A500 Telefon Batarya BHLQZ12,teknoloji_ekipman
Akfa Honor 5c Telefon Batarya HB366481ECW1,teknoloji_ekipman
Akfa Honor 7 Telefon Batarya HB396286ECW,teknoloji_ekipman
Akfa Honor 7s Telefon Batarya HB396286ECW,teknoloji_ekipman
Akfa Honor 9i Telefon Batarya HB366481ECW1,teknoloji_ekipman
Akfa Samsung Galaxy J530 Telefon Batarya 96RGI72,teknoloji_ekipman
Akfa Huawei Nova 3e Telefon Batarya HB366481ECW,teknoloji_ekipman
ÇARE TİCARET K3 Radyatör Telefon Soğutucu Fan M4899-7070552,teknoloji_ekipman
Akfa Samsung Galaxy J710 Telefon Batarya DFHSWZ3,teknoloji_ekipman
ÇARE TİCARET Dl06 Radyatör Telefon Soğutucu Fan M4899-7070552,teknoloji_ekipman
ÇARE TİCARET Dl01 Radyatör Telefon Soğutucu Fan M4899-7070551,teknoloji_ekipman
Akfa Huawei P9 Lite Telefon Batarya BHWY568,teknoloji_ekipman
Akfa Samsung Galaxy A710 Telefon Batarya EBBA710AB,teknoloji_ekipman
HbsStor Dl06 Radyatör Telefon Soğutucu Fan 648526073,teknoloji_ekipman
TekTeknoloji Samsung Galaxy A03s Şarj Soketi Mikrofon Bordu Sm-a037f SMA03,teknoloji_ekipman
TekTeknoloji Samsung Galaxy A31 Şarj Soketi Mikrofon Bordu Sm-a315f SM-A31,teknoloji_ekipman
Foon Iphone Tüm Serilerle Uyumlu Type-c Hızlı Şarj Aleti Kablosu 2 Metre Iphone 11/12/13/pro/pro Max Usb-C Lightning (2m,teknoloji_ekipman
Techmaster Type-c Iphone Usb Şarj Kablosu 60w Destekli Seyahat Kablo Seti 60wkablose,teknoloji_ekipman
zibo Şarj Kablosu Type-c To Usb-c Şarj Type-c Data Aktarım Hızlı Şarj zb3a,teknoloji_ekipman
Techmaster Xiaomi Mi Band 5 Mi Band 6 Mi Band Uyumlu 7 Usb Şarj Cihazı Kablosu miband5-sar,teknoloji_ekipman
Kadrioğlu Oppo A55 2021 4g Orta Kasa Ekran Çıtası Kadrioğlu2c1890,teknoloji_ekipman
Kadrioğlu Poco M3 Pro 5g Orta Kasa Ekran Çıtası Kadrioğlu2c1901,teknoloji_ekipman
Kadrioğlu Mi 11 Lite Orta Kasa Ekran Çıtası Kadrioğlu2c1921,teknoloji_ekipman
Kadrioğlu Redmi Note 8 Pro Orta Kasa Ekran Çıtası Siyah Çift Hat Kadrioğlu2c1941,teknoloji_ekipman
Kadrioğlu Poco X3 Nfc Orta Kasa Ekran Çıtası Kadrioğlu2c2009,teknoloji_ekipman
Kadrioğlu Poco X3 Gt Orta Kasa Ekran Çıtası Kadrioğlu2c1991,teknoloji_ekipman
whodes Iphone Şarj Kablosu Usb To Lightning MXLY2ZM/,teknoloji_ekipman
ÇARE TİCARET Dl02 Radyatör Telefon Soğutucu Fan M4899-7070551,teknoloji_ekipman
GSMteknoloji Orjinal Iphone 13 Iç Kulaklık 324,teknoloji_ekipman
Bestshop Apple Iphone 11 - 11 Pro 12 - 12 Pro Uyumlu Type C Hızlı Şarj Aleti Kablosu Usb-c Lightning Kablo Hızlısarjkablos,teknoloji_ekipman
GSMteknoloji Face Id Sensörlü Iphone Xs Max Iç Kulaklık Filmi 320,teknoloji_ekipman
GSMteknoloji Face Id Sensörlü Iphone 11 Pro Max Iç Kulaklık Filmi 331,teknoloji_ekipman
HbsStor K3 Radyatör Telefon Soğutucu Fan 648526074,teknoloji_ekipman
HbsStor Dl01 Radyatör Telefon Soğutucu Fan 648526072,teknoloji_ekipman
Lucatech 2 Metre Type-c Hızlı Şarj Kablosu Örgü Tipi Kırılmaz Kablo Usb To Type-c Kablo 99069921,teknoloji_ekipman
FRT Ottoman Isıyla Daralan Makaron Kablo Seti 580 Parça Kablo Tamir Kiti OTTOMAN MAKARON58,teknoloji_ekipman
Bestshop Iphone Şarj Aleti 11 11 Pro Max - 12 - 13 Uyumlu Hızlı Şarj Aleti Seti 20w Adaptör Usb C 1m Kablo Bestshop11prose,teknoloji_ekipman
Kadrioğlu Redmi Note 9s Orta Kasa Ekran Çıtası Siyah kadrıoglu246,teknoloji_ekipman
Kadrioğlu Redmi Note 9 Pro Max Orta Kasa Ekran Çıtası Siyah kadrıoglu249,teknoloji_ekipman
NOYİSKA Iphone Micro Type-c Hızlı Şarj Kablosu Çoklu Örgü Şarz Kablosu Tüm Cep Telefonlarına Uyumlu Kablo KABLO2-3İN1-79,teknoloji_ekipman
Bestshop Iphone Şarj Aleti + 1mt Usb Kablosu Lightning 5 5s 6 7 8 Plus X Xs Max Uyumlu Şarj Adaptörü iphoneSet,teknoloji_ekipman
Lucatech Samsung Uyumlu Type-c 2.4 A Hızlı Şarj Ve Data Kablosu 1 Mt Kırılmaz Şık Kablo 10055100500,teknoloji_ekipman
BSSM Dl06 Radyatör Telefon Soğutucu Fan P227845S762,teknoloji_ekipman
EBRUKO Telefon Şarj Soketi Xiaomı Redmi Note 10 - Note 10 5g 792,teknoloji_ekipman
tkgz Tecno Camon 16 (ce7) Lcd Ekran Dokunmatik (orjinal) P81483S860,teknoloji_ekipman
HyperCep Dayanıklı Figürlü Sevimli Iphone Şarj Başlığı Adaptörü Koruma Kablo Koruyucu 3'lü Süper Koruma Seti KabloKoruyucu3lüSe,teknoloji_ekipman
Lucatech Type-c Kablo 3.4a Hızlı Şarj Kablosu Örgülü Kırılmaz Kablo 99019921,teknoloji_ekipman
Samsung Telefon Ekranı A33 A336e Çıtalı Servis Orjinali Beyaz TYC0075378029,teknoloji_ekipman
Lucatech Micro Usb Şarj Kablosu 12 Watt 2.4 Amper Akıllı Çip Teknolojili Mikro Şarj Kablosu 10055100101,teknoloji_ekipman
Mesear Samsung Galaxy A10 Uyumlu Micro Usb Uçlu Hızlı Şarj Kablosu Android Şarj Aleti Y-MDL1-03,teknoloji_ekipman
Kadrioğlu Poco X4 Nfc 5g Orta Kasa Ekran Çıtası Siyah Kadrioğlu2c1848,teknoloji_ekipman
Kadrioğlu Redmi Note 11 Pro 5g Orta Kasa Ekran Çıtası Kadrioğlu2c1863,teknoloji_ekipman
Lucatech Iphone 6 / 7 / 8 / X / 11 Lightning Hızlı Şarj Ve Data Kablosu 2 Metre Örgü Tip Kırılmaz Kablo 99049921,teknoloji_ekipman
Fodos Xiaomi Redmi Note 10 Pro Arka Kamera No:1 M2101k6g M2101k6r 0223000004,teknoloji_ekipman
zibo Şarj Cihazı Hızlı Şarj Aleti Pd 20w + Qc3.0 + 2.4a Max Güç 36w 3 Usb Şarj Port Şarj Adaptörü zb36n,teknoloji_ekipman
Lucatech Lightning Iphone 2.4 A Hızlı Şarj Ve Data Kablosu 1 Mt Fiber Kırılmaz Kablo 10055100100,teknoloji_ekipman
Canpay Çoklu Makaralı Sarj Kablosu Usb Iphone Samsung Xiaomi Huawei Oppo Casper Lenovo Asus Uyumlu fast charging cable-B.O.Z.9173,teknoloji_ekipman
HTC Desire 620 Lcd Ekran Dokunmatik Çıtalı-beyaz 280-2026,teknoloji_ekipman
MY MÜRDÜM Sevimli Kablo Koruyucu Set TYC0078949980,teknoloji_ekipman
GSMteknoloji Huawei Honor 7 Gold Arka Kamera 237,teknoloji_ekipman
La Case Iphone 14 Pro / 14 Pro Max Uyumlu Mercek Lens Cam Kamera Koruyucu - Derin Mor LCS14PRLN,teknoloji_ekipman
GSMteknoloji Oppo Ax7 Gold Arka Kamera 235,teknoloji_ekipman
whodes Iphone Usb-c To Lightning Hızlı Şarj Kablosu MSKA-,teknoloji_ekipman
Techmaster Type-c Iphone Usb Şarj Kablosu 60w Destekli Seyahat Kablo Seti 60wkablose,teknoloji_ekipman
Ceporjin Xiaomi Mi 11 Ultra Uyumlu Lcd Ekran Ara Film Flex Orijinal HSR000298,teknoloji_ekipman
Ceporjin Oppo A72 Cph2067 8mp Ultrawide Geniş Açı Arka Kamera Orijinal HSR000273,teknoloji_ekipman
Ceporjin Oneplus Nord Ce 5g Eb2103 Şarj Usb Mikrofon Kartı Soketi Bordu Orijinal HSR000269,teknoloji_ekipman
zibo Iphone Şarj Aleti 20w Iphone Şarj Aleti Lightning Data Kablo Type-c To Lightning Cable zb20,teknoloji_ekipman
"EWEC Bluetooth Ve Kablosuz Kulaklık Temizleme Kalemi Aparatı, 3'ü 1 Arada Temizleme Kalemi Kiti EWEC3IN",teknoloji_ekipman
Dynego Usb Telefon Şarj Cihazı Çoklu Bağlantı Pd Tipi C Hızlı Şarj Adaptörü Iphone Xiaomi Samsung Macbook ŞarjBeyazSiyah135,teknoloji_ekipman
cephanegsm 11 Pro Uyumlu Film Iç Kulaklık Orj ST0367,teknoloji_ekipman
cephanegsm Xs Max Uyumlu Film Iç Kulaklık Orj ST0367,teknoloji_ekipman
cephanegsm Xs Uyumlu Film Iç Kulaklık Orj ST0366,teknoloji_ekipman
cephanegsm Mi 8 Kamera Arka Org Uyumlu ST0113,teknoloji_ekipman
Fibaks Zore Halat Aux Ses A01 Kablo ZoreHalatAuxSesA01Kabl,teknoloji_ekipman
zibo Şarj Cihazı Hızlı Şarj Aleti Pd 20w Qc3.0 2.4a Max Güç 36w 3 Usb Şarj Port Şarj Adaptörü zb36,teknoloji_ekipman
Ceporjin Oneplus 2 A2001 Şarj Usb Mikrofon Kartı Soketi Bordu Flexi Orijinal HSR000256,teknoloji_ekipman
Lucatech Lightning Iphone Uyumlu 2.4 A Hızlı Şarj Ve Data Kablosu 2 Metre Örgü Tip Kırılmaz Kablo 99039921,teknoloji_ekipman
Ceporjin Oneplus Nord Ce 5g Eb2103 Ahize Iç Kulaklık Konuşma Kulaklığı Orijinal HSR000267,teknoloji_ekipman
Fibaks Macbook 13.3 Air M1 Uyumlu Klavye Koruyucu Sıvı Ve Toz Koruyucu Türkçe Q Klavye Ped Klavye Ped Macbook 13.3 Air M,teknoloji_ekipman
NcK Telefon Kapak Xiaomı Redmi Note 10 - Note 10 Pro P287296S853,teknoloji_ekipman
CMYK SUPPLIES Ykz 3.0 18w Qc 4.0 Usb Taşınabilir Cep Telefonu Hızlı Şarj Aleti YKZ 3.0 18,teknoloji_ekipman
ACER Swift 3 SF314-511 EVO Core i5 1135G7 8GB 512GB SSD 14 FHD W10H Taşınabilir Bilgisayar NX.ABNEY.00,teknoloji_ekipman
"ACER Aspire C24-1650 Dq.bftem.004 I3-1115g4 8gb 256ssd 23.8"" Fullhd W10h All In One Bilgisayar T1412",teknoloji_ekipman
Samsung Galaxy Tab A7 Lite T220 Gri Tablet (Samsung Türkiye Garantili) KYATB0,teknoloji_ekipman
Apple Macbook Air 13'' M1 8gb 256gb Ssd Uzay Grisi Dizüstü Bilgisayar MGND3TU/,teknoloji_ekipman
Casper Nirvana C500.1235-BV00X-G-F Intel Core i5-1235U 16GB RAM 500 GB NVME SSD Freedo,teknoloji_ekipman
Vorcom 10.1 Inc 6 Gb Ram 128 Gb Hafıza 1920*1200 Ips Ekran 8 Çekirdek Işlemcili Quartzpro Tablet QuartzProTable,teknoloji_ekipman
Xiaomi Redmi Pad 6 GB Ram 128 GB Tablet - Gri 693417779941,teknoloji_ekipman
"LENOVO Tab M10 TB-328FU 3GB + 32GB 10.1"" Wi-Fi Gri Tablet - ZAAE0015TR (Lenovo Türkiye Garantili",teknoloji_ekipman
Samsung Galaxy Tab A8 3 GB Ram 32 GB Hafıza Siyah Tablet (Samsung Türkiye Garantili) SM-X200NZAATU,teknoloji_ekipman
Vorcom 10.36 Inc 8 Gb Ram 256 Gb Hafıza 1200*2000 Hd Ips Ekran 8 Çekirdek Işlemcili Ultrapad Gri Tablet VorcomUltraPadTable,teknoloji_ekipman
Apple Macbook Air 13'' M1 8gb 256gb Ssd Gümüş MGND3TU/,teknoloji_ekipman
"Wenn Tab 8"" 2gb Gb Ram 32gb Hafıza Allwinner A133 Işlemci Wex23-J",teknoloji_ekipman
ASUS X515EA-BQ1190 Intel Core i5-1135G7 8GB 512GB SSD DOS 15.6'' FHD Laptop (ASUS Türkiye Garantili,teknoloji_ekipman
"LENOVO V15 G2 Alc Amd Ryzen 7 5700u 8 Gb 512 Gb Ssd Freedos 15.6"" Fhd 82kd0044tx 82KD0044T",teknoloji_ekipman
Vorcom 10.1 Inc 4 Gb Ram 64 Gb Hafıza 1280*800 Ips Ekran 8 Çekirdek Işlemcili Sxpro Siyah Tablet SX Pro,teknoloji_ekipman
"Samsung Galaxy Tab S6 Lite SM-P610 64GB 10.4"" Dağ Grisi Tablet (Samsung Türkiye Garantili) SM-P610G",teknoloji_ekipman
Samsung Galaxy Tab A7 Lite T220 Gümüş Tablet (Samsung Türkiye Garantili) KYATB0,teknoloji_ekipman
"Apple Macbook Pro M2 Çip 16 Gb 512 Gb Ssd 13.6"" Uzay Grisi Notebook Z16s00069 12503474",teknoloji_ekipman
"Wenn TAB ULTRA  10.4""  8GB RAM  128 GB  HAFIZA  2000x1200  FULL HD  IPS  8 ÇEKİRDEK  İŞLEMCİ ULTRA-WENN2",teknoloji_ekipman
"LENOVO IdeaPad 5 Intel Core i3 1115G4 4 GB 256 GB SSD Windows 11 Home 14"" FHD Taşınabilir Bilgisayar 82FE00LBT",teknoloji_ekipman
Vorcom 10.36 Inc 8 Gb Ram 256 Gb Hafıza 1200*2000 Hd Ips Ekran 8 Çekirdek Işlemcili Ultrapad Gümüş Tablet VorcomUltraPadTable,teknoloji_ekipman
"Alcatel 1t 10"" 2020 16gb Wıfı Black Tablet Alcatel1T202",teknoloji_ekipman
"LENOVO Yoga Tab YT-J706F 4GB + 128GB 11"" Wi-Fi Gri Tablet - ZA8W0065TR (Lenovo Türkiye Garantili) 12504652",teknoloji_ekipman
ASUS X515EA-BQ3293 Intel Core i3-1115G4 4GB 256GB SSD DOS 15.6'' FHD Laptop (ASUS Türkiye Garantili,teknoloji_ekipman
Samsung Galaxy Tab S7 Fe Wifi Siyah Tablet (Samsung Türkiye Garantili) 40399,teknoloji_ekipman
"Huawei Matebook D15 AMD Ryzen 5-5500U 8GB 512GB SSD 15.6"" W11 Dizüstü Bilgisayar (Huawei Türkiye Garantili) MBOOKD15R",teknoloji_ekipman
Vorcom 10.1 Inc 4 Gb Ram 64 Gb Hafıza 1280*800 Ips Ekran 8 Çekirdek Işlemcili Sxpro Gri Tablet SX Pro,teknoloji_ekipman
"ASUS X515ea-bq2293w Intel Core I3-1115g4 4 Gb Ram 128 Gb Ssd 15.6"" Fhd Win11 Notebook 12503423",teknoloji_ekipman
"LENOVO Tab M10 TB-X306F 4GB + 64GB 10.1"" Wi-Fi Gri Tablet - ZA6W0026TR (Lenovo Türkiye Garantili) 12504770",teknoloji_ekipman
Vorcom 10.1 Inc 4 Gb Ram 64 Gb Hafıza 1280*800 Ips Ekran 8 Çekirdek Işlemcili Quartzlite Gri Tablet QuartzLIT,teknoloji_ekipman
"LENOVO V14 Ryzen 3 5300u 8gb 256gb M.2 Ssd 14"" W10h 82KC000JT",teknoloji_ekipman
LENOVO IdeaPad 3 Intel Core i3-10110U 8GB 256GB SSD D0S 15.6'' FHD Laptop (Lenovo TR Garantili) 81WB01G1T,teknoloji_ekipman
Vorcom 10.1 Inc 2 Gb Ram 32 Gb Hafıza 1280*800 Ips Ekran 4 Çekirdek Işlemcili S12 Siyah Tablet S1232GBIP,teknoloji_ekipman
"Hometech Alfa-8sm Quadcore Mtk8167 1.3ghz Işlemci 2gb Ram 32gb Hafıza Wi-fi 8"" Ekran Android ALFA-8S",teknoloji_ekipman
Vorcom 10.1 Inc 2 Gb Ram 32 Gb Hafıza 1280*800 Ips Ekran 4 Çekirdek Işlemcili S12 Gri Tablet S1232GBIP,teknoloji_ekipman
"Samsung Galaxy Tab S6 Lite SM-P610 64GB 10.4"" Gök Mavisi Tablet (Samsung Türkiye Garantili) SM-P610G",teknoloji_ekipman
"LENOVO Tab M10 T610 4GB + 64GB 10.1"" Wi-Fi Gri Tablet - ZAAE0012TR (Lenovo Türkiye Garantili) 12504659",teknoloji_ekipman
"LENOVO Ideapad1/Celeron N4120/4GB Ram/128GB emmc /15.6""/Win 11 82V7005MT",teknoloji_ekipman
"Alcatel 1t 16gb 7"" Wifi (PEMBE KILIFLI - EBA & ZOOM UYUMLU) Tablet - 2 Yıl Garantili AC-1T1",teknoloji_ekipman
Vorcom 10.1 Inc 4 Gb Ram 64 Gb Hafıza 1280*800 Ips Ekran 8 Çekirdek Işlemcili Quartzlite Mavi Tablet QuartzLIT,teknoloji_ekipman
"ACER Aspire3 Intel Core i5-1135G7 8GB 256GB SSD 15,6"" FHD DOS Dizüstü Bilgisayar (ACER Türkiye Garantili) NX.ADDEY.00",teknoloji_ekipman
"ASUS X415ea-eb976 I5-1135g7 8gb 256ssd 14"" Fullhd Freedos Taşınabilir Bilgisayar T1385",teknoloji_ekipman
"Wenn X Tab 10 "" Usb Port Endüstriyel Tablet XUSB-2",teknoloji_ekipman
"Apple iPad 9. Nesil 64 GB 10.2"" Wi-Fi Uzay Grisi Tablet (Apple Türkiye Garantili) MK2L3TU/",teknoloji_ekipman
"ASUS Vivobook 15 Amd Ryzen 5 4600h 16gb 512gb Ssd 15.6"" Fhd Freedos M1502ıa-ej133t7 M1502IA-EJ133T",teknoloji_ekipman
"Wenn Tab Ultra 10.1"" 4gb Ram 64 Gb Hafıza 1920x1200 Full Hd Ips 8 Çekirdek Işlemci WEX4-2",teknoloji_ekipman
Huawei Matebook D15/ I5-1135g7/8gb Ram /512gb Ssd /windows 10 Home Edition Laptop Uzay Grisi BOD-WDH9D,teknoloji_ekipman
"Apple iPad 10. Nesil 64 GB 10.9"" Wi-Fi Mavi Tablet (Apple Türkiye Garantili) MPQ03TU/",teknoloji_ekipman
LENOVO V15 G2 Ijl Celeron N4500 8gb 256gb Ssd Fdos 15.6 Fhd 82qy00nltx Dizüstü Bilgisayar 82QY00NLT,teknoloji_ekipman
"Apple Macbook Air 13.6"" M2 8c Cpu 10c Gpu 8 Gb 512 Gb Ssd Gece Yarısı MLXX3TU/",teknoloji_ekipman
Casper Excalibur G870.1245-DFA0X-B Intel Core i5-12450H 32GB RAM 1TB NVME SSD 6GB RTX4050 Freedo,teknoloji_ekipman
"Xiaomi Mi Pad 5 256 GB 11"" Tablet - Gri (Resmi Distribütör Garantili) TYC0024665595",teknoloji_ekipman
Vorcom 10.1 Inc 4 Gb Ram 64 Gb Hafıza 1280*800 Ips Ekran 8 Çekirdek Işlemcili Quartzlite Gri Tablet QuartzLIT,teknoloji_ekipman
"LENOVO Tab M10 TB-X606F 4GB + 128GB 10.3"" Wi-Fi Gri Tablet - ZA5T0276TR (Lenovo Türkiye Garantili",teknoloji_ekipman
Vorcom 10.36 Inc 8 Gb Ram 256 Gb Hafıza 1200*2000 Hd Ips Ekran 8 Çekirdek Işlemcili Ultrapad Gri Tablet VorcomUltraPadTable,teknoloji_ekipman
"LENOVO Thinkbook 15 G3 Acl Amd Ryzen 7 5700u 8 Gb 512 Gb Ssd Freedos 15.6"" Fhd 21a40037tx 21A40037T",teknoloji_ekipman
Techmaster Type-c Usb 3.1 Den 4 Adet Usb 3.0 Hub Otg Çoğaltıcı Adaptörü C809 c809-type-,teknoloji_ekipman
"Apple Macbook Pro 13.3"" M2 10c Gpu 8gb 256 Gb Ssd Uzay Grisi MNEP3TU/",teknoloji_ekipman
Reeder M8 Go Tablet 8gb-beyaz-(2 Yıl Resmi Distribütör Garantili) M8-G,teknoloji_ekipman
"Samsung Galaxy Tab S8 Ultra SM-T900 256GB 14.6"" Koyu Gri Tablet (Samsung Türkiye Garantili) SM-X900NZAETU",teknoloji_ekipman
TURBOX Aio260 I5-3470s 16gb Ram 512 Gb Ssd 23.6 Pivot All In One Pc raio-aio260/i5-3470,teknoloji_ekipman
"Dell Vostro 3510 Intel Core I5-1135g7 16gb 512gb Ssd 15.6"" Windows 11 Pro N8803vn3510uz6 N8803VN3510UZ",teknoloji_ekipman
"Apple iPad Pro 4. Nesil 128 GB 11"" Wi-Fi Uzay Grisi Tablet (Apple Türkiye Garantili) MNXD3TU/",teknoloji_ekipman
"Huawei Huaweı Matebook D16 I7 12700h 16gb/512gb Win11 16"" (UZAY GRİ) Koruyucu Dizüstü Bilgisayar Kılıfı RLEF-W765",teknoloji_ekipman
"LENOVO V15 82kd0045tx Ryzen R7-5700u 16gb 512gb Ssd 15.6"" Fhd Freedos Taşınabilir Bilgisayar 82KD0045T",teknoloji_ekipman
Apple Macbook Air M1 Çip 16gb 256gb Macos 13.3 Qhd Taşınabilir Bilgisayar Uzay Grisi - Z124m116256-tq6 Z124M116256-TQ,teknoloji_ekipman
Vorcom 10.1 Inc 4 Gb Ram 64 Gb Hafıza 1280*800 Ips Ekran 8 Çekirdek Işlemcili Sxpro Gri Tablet SX Pro,teknoloji_ekipman
"Hometech Alfa 640c Intel Celeron N4020c 8 Gb 256 Gb Ssd Freedos 14.1"" Hd Taşınabilir Bilgisayar ALFA 640",teknoloji_ekipman
"Apple Macbook Pro 16"" M2 Max 12cpu 38gpu 64gb 1tb Ssd Uzay Grisi (z176000e3) Taşınabilir Bilgisayar T2366",teknoloji_ekipman
"Xiaomi Mi Pad 5 256 GB 11"" Tablet - Beyaz (Xiaomi Türkiye Garantili) MiPad",teknoloji_ekipman
"LENOVO Tab M8 TB-8505F 2GB + 32GB 8"" Wi-Fi Gri Tablet - ZA5G0100TR (Lenovo Türkiye Garantili) 21019777",teknoloji_ekipman
"Huawei Matebook D15 Intel Core I7 1165g7 16gb 512gb Ssd Windows 11 Home 15.6"" Taşınabilir Bilgisayar BoD-WFE",teknoloji_ekipman
"ASUS M6500ıh-hn036 Amd Ryzen 7 4800h 16gb 512gb Ssd 4gb Gtx1650 15.6"" Fhd Freedos 471108181368",teknoloji_ekipman
"HP Laptop 15s-eq2030nt 4h241ea Amd Ryzen 3 5300u 8gb Ram 256gb Ssd 15.6"" W11 Notebook 12503454",teknoloji_ekipman
UnDePlus Dokunmatik Tablet Telefon Kalemi +1 Yedek Uç Renk Geçişli Passive Stylus Bilgisayar Kalem pen10,teknoloji_ekipman
"Apple iPad 10. Nesil 64 GB 10.9"" Wi-Fi Pembe Tablet (Apple Türkiye Garantili) MPQ03TU/",teknoloji_ekipman
"LENOVO Ideapad 5 15ıtl05 Intel Core I5-1135g7 8gb 512gb Ssd Mx450 15.6"" Fhd Freedos 82fg013dtx 19589062330",teknoloji_ekipman
Techmaster Usb 3.0 Dan 4 Adet Usb 3.0 Hub Otg Çoğaltıcı Adaptörü A-809 Uyumlu a809-usb-yen,teknoloji_ekipman
"Apple iPad Pro 1 TB 11"" Wi-Fi Gümüş Tablet (Apple Türkiye Garantili) 12504715",teknoloji_ekipman
Huawei Matebook D16 Intel Core i5-12450H 16GB 512GB SSD Windows11 Home Laptop (Huawei TR Garantili) MBOOKD16I,teknoloji_ekipman
NiiMbot Etiket Yazıcısı Yeşil Taşınabilir Kablosuz Bt Termal Etiket (USB ŞARJLI) TYC0060427143,teknoloji_ekipman
Hometech Alfa 7 Mrc 32gb Tablet 7MR,teknoloji_ekipman
Casper Nirvana C350.5000-4c00e Intel Core Pentium N5000 4gb Ram 120gb Ssd Windows Home C350.5000-4C00,teknoloji_ekipman
"ACER Aspire A315-58g Intel Core I5 1135g7 8gb 512gb Ssd Mx350 15.6"" Fhd Taşınabilir Bilgisayar Nx.a HBCV00000F1QE",teknoloji_ekipman
Huawei Matebook D15 Intel Core i3-1115G4 8gb 256gb SSD FHD Windows 11 Home BoD-WDI,teknoloji_ekipman
"Apple iPad 10. Nesil 64 GB 10.9"" Wi-Fi Gümüş Tablet (Apple Türkiye Garantili) MPQ03TU/",teknoloji_ekipman
"Apple Macbook Air M2 Çip 16 Gb 512 Gb Ssd 13.6"" Yıldız Işığı Notebook Z15z000k6 12503473",teknoloji_ekipman
"LENOVO Ideapad Intel Celeron N4020 4GB 128GB SSD 14"" HD DOS Dizüstü Bilgisayar 81VU006ST",teknoloji_ekipman
HP Laptop 15s-eq3010nt Amd Ryzen 5 5625u 8 Gb 512 Gb Ssd 15.6 Fhd Dos Taşınabilir Bilgisayar 68n42ea 68N42E,teknoloji_ekipman
"HP 255 G9 6q8n1es03 Ryzen5 5625u 16gb 512ssd 15.6"" Fullhd Freedos Taşınabilir Bilgisayar T16151",teknoloji_ekipman
"Apple iPad Pro 4. Nesil 256 GB 11"" Wi-Fi Uzay Grisi Tablet (Apple Türkiye Garantili) MNXF3TU/",teknoloji_ekipman
Vorcom 10.36 Inc 8 Gb Ram 256 Gb Hafıza 1200*2000 Hd Ips Ekran 8 Çekirdek Işlemcili Ultrapad Gümüş Tablet VorcomUltraPadTable,teknoloji_ekipman
Casper Nirvana C500.1235-BV00X-G-F Intel Core i5-1235U 16GB RAM 500 GB NVME SSD Freedo,teknoloji_ekipman
"Apple iPad 9. Nesil 64 GB 10.2"" Wi-Fi Gümüş Tablet (Apple Türkiye Garantili) MK2L3TU/",teknoloji_ekipman
Samsung Galaxy Tab S7 Fe Wifi Yeşil Tablet (Samsung Türkiye Garantili) 40399,teknoloji_ekipman
Techmaster Type-c Usb 3.1 Den 4 Adet Usb 3.0 Hub Otg Çoğaltıcı C809 Füme c809fum,teknoloji_ekipman
"Apple iPad Pro 3. Nesil 128 GB 11"" Wi-Fi Uzay Grisi Tablet (Apple Türkiye Garantili) MHQR3TU/",teknoloji_ekipman
"IZOLY A522 I5-2520m 3.20ghz 8gb 128ssd 24"" All In One Bilgisayar AS0058",teknoloji_ekipman
Everest Winner Pro Ew-2021 Kırmızı Wifi+bt 2*kamera 7 Lcd Ekran A100 Quard Core 2gb+16gb Tablet ew-202,teknoloji_ekipman
"Casper Via S30 64GB 10"" FHD Tablet (Casper Türkiye Garantili) VIA.S3",teknoloji_ekipman
"Apple Macbook Pro 13"" M1 8gb 256gb Ssd Uzay Grisi Dizüstü Bilgisayar (Apple Türkiye Garantili) MYD82TU/",teknoloji_ekipman
"TCL Tab 10 64 GB 10.1"" Tablet - Gri (TCL Türkiye Garantili) 122143",teknoloji_ekipman
TrkTech Type - C 4 Girişli Usb Çoğaltıcı Type-c To Usb Hub 4 Ports typectrktec,teknoloji_ekipman
"LENOVO Ideapad 3 15alc6 Amd Ryzen 5 5500u 8gb 512gb Ssd Freedos 15.6"" Fhd 82ku0081tx 82KU0081T",teknoloji_ekipman
"Apple iPad Mini 6. Nesil 64 GB 8.3"" Wi-Fi Yıldız Işığı Tablet (Apple Türkiye Garantili) MK7P3TU/",teknoloji_ekipman
IZOLY Rengar X I5-750 8gb 256gb Ssd Gt740 4gb 22'' Masaüstü Oyun Bilgisayarı ST99860,teknoloji_ekipman
"Apple iPad Pro 5. Nesil 128 GB 12.9"" Wi-Fi Gümüş Tablet (Apple Türkiye Garantili) MHNF3TU/",teknoloji_ekipman
"ASUS X515ja-bq3258w/core I5-1035g1/8gb Ram/256gb Ssd 15.6""/win 11 Laptop Gri 122411",teknoloji_ekipman
Techmaster Hdmı To Vga Hdmi To Vga Adaptör Ses Çıkışlı Kablolu Dönüştürücü hdmi-to-vga-se,teknoloji_ekipman
"Apple iPad Air 5. Nesil 64 GB 10.9"" Wi-Fi Mor Tablet (Apple Türkiye Garantili) MM9P3TU/",teknoloji_ekipman
"Apple iPad Mini 6. Nesil 64 GB 8.3"" Wi-Fi Uzay Grisi Tablet (Apple Türkiye Garantili) MK7P3TU/",teknoloji_ekipman
"Hometech Alfa 10bs 32 Gb 10.1"" Uyumlu Android 10 Tablet 869275106112",teknoloji_ekipman
ASUS Vivobook 15 12.nesil Core I5 1240p-8gb-512gb Ssd-15.6inc-w11 X1502ZA-EJ771,teknoloji_ekipman
"Samsung Galaxy Tab A8 X200 Sm-x200nzaatur 32 Gb 10.5"" Gri Tablet SM-X200NZAATU",teknoloji_ekipman
Dell Inspiron 15 3511 I5-1135g7 8gb Ram 256gb Ssd 15.6 Inç Fhd Ubuntu I3511122SPP,teknoloji_ekipman
VESTEL V Tab Z1 64gb Ips Ekran 10.1’’ Tablet 2028386,teknoloji_ekipman
Mkey Kablosuz Klavye Mouse Seti Türkçe Q Klavye Sessiz Set Pembe MK-11,teknoloji_ekipman
Apple Macbook Pro 13.3 Inç M2 Çip 8cpu 10gpu 8gb 256gb Ssd Silver MNEP3TU/,teknoloji_ekipman
"ACER Extensa 15 Ex215-54-57kw Nx.egjey.006 I5-1135g7 16gb 512gb Ssd 15,6'' Fhd Freedos Notebook UNUN0ACE001",teknoloji_ekipman
"IZOLY M145 I5-560m 4gb 128gb 19"" Masaüstü Bilgisaya",teknoloji_ekipman
"LENOVO Tab M8 3GB + 32GB 8"" Wi-Fi Gri Tablet - ZA5G0185TR (Lenovo Türkiye Garantili) 12504650",teknoloji_ekipman
Huawei Huaweı Matepad 11 - Gri - 6gb + 128gb (klavye + M-pencil) Hediyeli Huawei66,teknoloji_ekipman
ASUS X415EA-EK977W / i5-11135G7 / 8GB / 256GB / Win11 / FHD / NumberPAD Laptop 121878,teknoloji_ekipman
Techmaster G-system D015 Stereo Usb Hoparlör Bilgisayar Pc Tablet Notebook TYC0072259928,teknoloji_ekipman
"Apple iPad Mini 6. Nesil 256 GB 8.3"" Wi-Fi Uzay Grisi Tablet (Apple Türkiye Garantili) MK7P3TU/",teknoloji_ekipman
LENOVO Ideapad 5 15alc05 Ryzen 5 5500u 8gb 512gb Ssd 15.6'' Fhd Freedos 82ln00cctx 82LN00CCT,teknoloji_ekipman
"Apple Macbook Air 13"" Intel i5 16gb 512gb Ssd Gümüş MUQU2TU/",teknoloji_ekipman
LENOVO IdeaPad 3 Intel Pentium Silver-N5030 8GB 256GB SSD 15.6'' FHD DOS Dizüstü Bilgisayar 81WQ00PTT,teknoloji_ekipman
"ACER Nitro 5 An515-57 Intel Core I5 11400h 8gb 512gb Ssd Gtx1650 Freedos 15.6"" Fhd Nh.qekey.001 Nitro 5 AN515-57 NH.QEKEY.00",teknoloji_ekipman
"Apple iPad Mini 5. Nesil 64 GB 7.9"" Wi-Fi Altın Tablet (Apple Türkiye Garantili) MUQX2TU/",teknoloji_ekipman
"Apple Macbook Air M2 Çip 16 Gb 512 Gb Ssd 13.6"" Gümüş Notebook Z15x000k6 12503473",teknoloji_ekipman
"Apple 13"" Macbook Air M1 Işlemci 8 Çekirdek 16 Gb Ram 512 Gb Ssd Hdd Altın Rengi Z12AM11651",teknoloji_ekipman
"LENOVO V15 G2 Itl I5-1135g7 16gb 512gb Ssd 2gb Mx350 Fdos 15.6"" Fhd 82kb00hwtx018 82KB00HWTX01",teknoloji_ekipman
"LENOVO V15 82kb00catx I5 1135g7 8gb 512gb Ssd 15.6"" Tümleşik Vga Free Dos 82KB00CAT",teknoloji_ekipman
IZOLY 16gb Ddr4 3200mhz Cl22 Pc4-25600 Soğutuculu Desktop Ram 16GBDDR,teknoloji_ekipman
Apple MacBook Pro 16'' M2 Max 32GB 1TB SSD Space Gray Laptop (Apple Türkiye Garantili) MNWA3TU/,teknoloji_ekipman
"Apple iPad Pro 256 GB 12.9"" Wi-Fi Uzay Grisi Tablet (Apple Türkiye Garantili) MNXR3TU/",teknoloji_ekipman
Zebra Tc21 El Bilgisayar TC210K-01B212-TR / TC210K-01B232-T,teknoloji_ekipman
"Apple iPad Pro 6.Nesil 1TB 12.9"" Wi-Fi Tablet -  Uzay Grisi 19425324310",teknoloji_ekipman
"Alcatel 1t 16gb 7"" Wifi (MAVİ KILIFLI - EBA & ZOOM UYUMLU) Tablet - 2 Yıl Garantili AC-1T1",teknoloji_ekipman
TCL Tab 10s 32 GB Wi-Fi Tablet - Gri (TCL Türkiye Garantili) tcl10,teknoloji_ekipman
ASUS Zenbook 14 Oled Ux3402 12.nesil Core I5 1240p-16gb-512gb Ssd-14inc-w11 UX3402ZA-KM501,teknoloji_ekipman
"ACER Extensa EX215-54G Corei5 1135G7 8GB 512GB SSD MX350 2GB FDOS 15.6"" FHD Notebook NX.EGHEY.00",teknoloji_ekipman
ASUS Ux325ea-kg654w Fhd Oled Intel I7 1165g7 16gb 1tb Ssd Iris Xe Numberpad W11 Notebook 12503567,teknoloji_ekipman
"LENOVO V15 82kb00cbtx02 I7-1165g7 16gb 512ssd 15.6"" Fullhd Freedos Taşınabilir Bilgisayar T17205",teknoloji_ekipman
IZOLY Amd Radeon Rx550 4gb Gddr5 128 Bit Dvı/hdmı/dp Ekran Kartı ST0315,teknoloji_ekipman
Xiaomi Redmi Pad 4 GB Ram 128 GB Tablet - Gümüş 693417779911,teknoloji_ekipman
Apple Macbook Air 13'' M1 16gb 256gb Ssd Uzay Grisi Dizüstü Bilgisayar 868260130279,teknoloji_ekipman
LENOVO 15alc05 Ideapad 5 82ln00cbtx R7-5700u 16gb 512gb Ssd 15.6 Fhd Freedos Taşınabilir Bilgisayar 82LN00CBT,teknoloji_ekipman
"Apple iPad 9. Nesil 256 GB 10.2"" Wi-Fi Gümüş Tablet (Apple Türkiye Garantili) MK2L3TU/",teknoloji_ekipman
Epson L3550 Ecotank Yazıcı-tarayıcı-fotokopi 4x65ml+1 Mürekke,teknoloji_ekipman
"ASUS D515da-ej819 Amd Ryzen 3 3250u 4 Gb 256 Ssd 15,6"" Fhd Freedos Notebook D515DA-EJ81",teknoloji_ekipman
"Monster Huma H4 V5.1.3 Intel Core I5-1235u 8gb Ram 512gb Ssd Freedos 14,1"" Fh",teknoloji_ekipman
Vorcom 10.1 Inc 4 Gb Ram 64 Gb Hafıza 1280*800 Ips Ekran 8 Çekirdek Işlemcili Quartzlite Mavi Tablet QuartzLIT,teknoloji_ekipman
TECHNOM Tüm Cihazlara Uyumlu Dokunmatik Universal Stylus Ipad Android Tablet Kalemi Stylus-pe,teknoloji_ekipman
"LENOVO Ideapad 3 15.6"" Amd Ryzen 5 5500u 8gb Ram 256 Gb Ssd Freedos 82KU0210T",teknoloji_ekipman
Xiaomi Redmi Pad 6gb Ram / 128gb Dahili Hafıza Silver( Türkiye Resmi Distribütör Garantili) 22081283,teknoloji_ekipman
"Mega Oto Market 10moons G10 10 X 6.25"" Grafik Tablet 10moons-g1",teknoloji_ekipman
Apple MacBook Pro 14'' M2 MAX 32GB 1TB SSD Silver Laptop (Apple Türkiye Garantili) MPHK3TU/,teknoloji_ekipman
"LENOVO Ideapad Flex 5 Core I5-1135g7 16gb 512gb Ssd 2gb Mx450 14"" Fhd Dokunmatik Win10 82HS0609T",teknoloji_ekipman
Heiman Hm-820 4g Uyumlu Sim Kartlı Güneş Enerjili ( Solar ) 360° Hareketli Akıllı Kamera -uygulama Kontrol HM-82,teknoloji_ekipman
Huawei Matebook D15/ I5-1155g7 Işlemci/8gb Ram/512gb Ssd/ 15.6 Inç/ Win 11 Laptop Mistik Gümüş 122669,teknoloji_ekipman
TrkTech Type-c - Usb Dönüştürücü 3.0 Yüksek Hızlı Veri Aktarımı Otg Çevirici Trktechus,teknoloji_ekipman
ACER Swift 3 SF314-511 EVO Core i5 1135G7 8GB 512GB SSD 14 FHD W10H Taşınabilir Bilgisayar NX.ABNEY.00,teknoloji_ekipman
"Hometech Alfa 7m 16 Gb 7"" Ips Tablet Bilgisayar Uzay Gri Alfa 7",teknoloji_ekipman
"ASUS X515ea-bq1185w Intel I5 1135g7 8gb Ram 512gb Ssd Iris Xe 15.6"" Fhd Ips W11 Notebook 12503439",teknoloji_ekipman
"Casper Nirvana C370.4020-4C00B Intel Celeron N4020 4GB RAM 120GB SSD Windows 11 Home 15.6"" H",teknoloji_ekipman
Verico 128 Gb Usb 2.0 Usb Flash Bellek Akver-128gb AKKRORDC3-N,teknoloji_ekipman
"Monster Abra A5 V17.3.5 Intel Core i7 11800H 16GB RAM 500 GB SSD RTX 3050 Ti FreeDOS 15,6 inç FHD 144 Hz ABRA A5 V17.3.",teknoloji_ekipman
Dell Vostro 3510 I3 1115g4 16 Gb 1 Tb + 256 Gb Ssd 15.6 Hd Free Dos n1823vn351008 Bilgisayar N1823VN35100,teknoloji_ekipman
Huawei Matepad Se 4 64gb 10.4 Siyah Tablet 12504778,teknoloji_ekipman
"LENOVO V15 82kd0042tx04 Ryzen5 5500u 16gb 512ssd 15.6"" Fullhd Freedos Taşınabilir Bilgisayar T15463",teknoloji_ekipman
ASUS Zenbook 14x Oled Um5401qa-kn245w Ryzen 5 5600h 16gb 1tb Ssd 14 Inç Wqxga+ Dokunmatik Oled Win11 UM5401QA-KN245,teknoloji_ekipman
Alcatel 3t 10' 8094x 32gb / 2gb Ram Wifi + 4g Siyah Table,teknoloji_ekipman
"Samsung Galaxy Tablet, 14.6"" 5 G 2960x1848 Px, Super Amoled, Hdr10+, 256 Gb 12 Gb Ram, Koyu Gri EAF07G09",teknoloji_ekipman
"LENOVO Thinkbook 15 21a40036tx R7-5700u 16gb 512gb Ssd 15.6"" Fdos UNUN0LNV008",teknoloji_ekipman
VESTEL Akıllı Wı-fı Ip Kamera 2027623,teknoloji_ekipman
"Monster Huma H5 V4.1.6 Intel Core I5-1235u 16gb Ram 1tb Ssd Freedos 15,6"" Fh",teknoloji_ekipman
"Monster Huma H5 V3.2.3 Intel Core I7-1165g7 16gb Ram 500gb Ssd Freedos 15.6"" Fhd 144h",teknoloji_ekipman
"TURBOX Tx45 I7 860 8gb Ram 256gb Ssd 4gb Ek. 23.8"" Curved Masaüstü Oyun Pc Bilgisayarı ATM991841",teknoloji_ekipman
"ASUS X415ea-eb573 Intel I5-1135g7 8gb 512gb Ssd 14"" Ips Fhd Freedos X415EA-EB57",teknoloji_ekipman
Dell Inspiron 3511 2205 I7-1165g7 8gb 512gb Ssd 15.6 Fhd Ubuntu I3511265b7u I3511265B7,teknoloji_ekipman
"Apple iPad Air 5. Nesil 64 GB 10.9"" Wi-Fi Mavi Tablet (Apple Türkiye Garantili) MM9P3TU/",teknoloji_ekipman
"LENOVO Ideapad 3 Intel Core I3-1115g4 8gb 256gb Ssd Freedos 14"" 82h701kytx 82H701KYT",teknoloji_ekipman
"ASUS D515DA-BR408 Amd Ryzen 3 3250U 4GB Ram 256GB Ssd FreeDos 15.6"" HD 471108135854",teknoloji_ekipman
tuneex Tüm Modellerle Uyumlu Çelik 5 Açıda Kolay Ayarlanır Notebook Laptop Standı Yükseltici Altlık TUNEEX0595001,teknoloji_ekipman
"Dell Inspiron 15-3525 AMD Ryzen 5-5625U 8GB 512GB SSD 15.6"" W11 Home Laptop (Dell Türkiye Garantili) 12503434",teknoloji_ekipman
Huawei Matebook D15/ I5-1155g7 Işlemci/ 8gb Ram/ 256gb Ssd/ 15.6 Inç/ Win 11 Laptop Mistik Gümüş 122669,teknoloji_ekipman
"LENOVO Ideapad Flex 5 14ıtl05 I5-1135g7 16gb 512gb Ssd 2gb Mx450 14"" Windows 11 Home 82hs00mwtx Bilgisayar 19589062377",teknoloji_ekipman
"ASUS 13.3"" Dokunmatik B5302cea-l50657x Core I7-1165g7-16gb Ram-512gb Ssd-fdos Kurumsal Notebook B5302CEA-L50657",teknoloji_ekipman
"HP 15s-fq5004nta46 Intel Core I7 1255u 32gb 1tb Ssd Windows 11 Pro 15.6"" 6g0b7eaa46 6G0B7EAA4",teknoloji_ekipman
Microsoft Surface Pro 9 Qkı-00008- Intel I7 1255u-13” Touch-16gb-1 Tb Ssd-win11h-gri-1 Yıl Garanti QKI-0000,teknoloji_ekipman
ASUS Rog Strix G15 G513rm-hf266 32gb Ram 2tb Ssd 6gb Rtx3060 15.6 Inç Fhd 300 Hz Wın11pro Hf265624 HF26502,teknoloji_ekipman
"Huawei Matebook X Pro 2020 Intel I7-10510u 16gb Ram 1tb Ssd Mx250 Win10 Pro 13,9'' Dokunmatik MACHC-WAE9L",teknoloji_ekipman
"LENOVO IdeaPad Gaming3 Ryzen7 5800H 16GB 512GB SSD RTX 3050Ti 4GB FDOS 15.6"" FHD Notebook 82K200JWT",teknoloji_ekipman
LENOVO Thınkpad X1 Yoga Gen6 20xy0049tx I7-1165g7 16gb 512gb Ssd 14’’ Fhd Touch Wın10 Pro Notebook 1844,teknoloji_ekipman
"ACER Nitro 5 An515-58 I7 12700h 64 Gb 2tb Ssd Rtx3070tı 8 Gb Win11p 144hz uyumlu 15.6"" Fhd Nhqfseyp009 NHQFSEYP00",teknoloji_ekipman
TEKNETSTORE Sensitivity Stylus Kapasitif Dokunmatik Kalem Çizim Ve Tasarım Tablet Kalemi Tüm Cihazlar Ile Uyumlu 423216197507,teknoloji_ekipman
"LENOVO Yoga 9 Intel Core I7 1260p 16gb 1 tb Ssd Windows 11 Home 14"" 2.8k 82qlu00cstx 82QLU00CST",teknoloji_ekipman
"ASUS Vivobook X415ja-ek1654a3 I7-1065g7 16gb 512ssd 14"" Fullhd Freedos Taşınabilir Bilgisayar T12977",teknoloji_ekipman
"ACER Nitro5 Corei7 11800h 16gb 512gb Ssd Rtx 3070-8gb Freedos 15.6"" Fhd 144hz Notebook Nh.qfgey.001 NH.QFGEY.00",teknoloji_ekipman
"HP Laptop Amd Ryzen 5 5500u 8 Gb 512 Gb Ssd 15,6 Fhd Freedos Taşınabilir Bilgisayar 4h0j4ea 4H0J4E",teknoloji_ekipman
VOOKA Vilya G Bluetooth Hoparlör 15w Hızlı Şarj Gece Lambası Alarm Özel Asistan Led Ambiance 5in1 VG-,teknoloji_ekipman
"ACER Aspire 7 A715-51g 15.6"" Fhd Intel I5-1240p 8gb Ram 512gb Ssd Geforce Nvidia Rtx 3050 Freedos NH.QGCEY.00",teknoloji_ekipman
"Dell Xps 17 9720 I9-12900hk 64gb 2tb Ssd 6gb Rtx3060 17"" Touch W11p Xps179720adlp2100 UNUN0DLL021",teknoloji_ekipman
"Dell Xps 13 9320 Intel I7-1260p 16 Gb 512 Ssd Iris Graphics W11p 13.4"" Notebook XPS 13 Plus (9320",teknoloji_ekipman
"IZOLY A523 I5-2520m 3.20ghz 8gb 256ssd 24"" All In One Bilgisayar TYC0015605551",teknoloji_ekipman
"Dell Precision M7770 Xctop7770emea_vp-3 I9-12950hx 32gb 512gb Ssd 16gb Rtx3080ti 17.3"" W10pro TYC0060963056",teknoloji_ekipman
"LENOVO Thinkpad E14 Gen2 Intel Core I7 1165g7 32 Gb 1 Tb Ssd Win11pro 14"" 20tbs44ctx079 20TBS44CTX07",teknoloji_ekipman
LENOVO Thinkpad E15 21e6004etx I7-1255u 16gb 1tb Ssd 15.6 Fhd Windows 11 Pro 21E6004ET,teknoloji_ekipman
Exnogate Curve Notebook/ Macbook Standı (RENK: MAT SİYAH) ECNM,teknoloji_ekipman
ASUS Zenbook Flip 13.3 Katlanabılır Dokunmatik 2023 Cori5 1035g4 8gb Ram 512gb Ssd Win 10 Home UX364J,teknoloji_ekipman
Fibaks Samsung Galaxy Tab A8 10.5 Sm-x200 Uyumlu Smart Kapak Katlanabilir Koruyucu Tablet Kılıfı Smart-Galaxy-X-20,teknoloji_ekipman
ACER Swift 3 AMD Ryzen 5-5500U 8GB 512GB SSD 14'' FHD Linux Laptop (ACER Türkiye Garantili) NX.AB1EY.00,teknoloji_ekipman
ASUS X515ja-br2006t-p Intel Core I3 1005g1 8gb 256gb Ssd Windows 10 Home 15.6,teknoloji_ekipman
"LENOVO Ideapad 3 Intel Core I5 1155g7 8gb 512gb Ssd Freedos 14"" Fhd 82h701kxtx 82H701KXT",teknoloji_ekipman
Vetech 4 Port Usb Çoğaltıcı Hub Laptop & Pc Çoklayıcı TYC0070129902,teknoloji_ekipman
LENOVO IdeaPad 3 Intel Core i3-1115G4 8GB 512GB SSD DOS 15.6'' FHD Laptop (Lenovo TR Garantili) 82H802XDT,teknoloji_ekipman
"Huawei Matebook D16 I5-12450h/16gb Ram/512gb Ssd/16"" Win 11 Laptop Gümüş Grisi 122798",teknoloji_ekipman
"ASUS Zenbook 13 Ux325ea-kg239t Oled I7-1165g7 16gb Ram 1tb Ssd 13"" Win10 Numberpad Notebook 12503417",teknoloji_ekipman
ASUS Zenbook 14 Oled Ux3402 12.nesil Core Uyumlu I7 1260p-16gb-1tb Ssd-14inc-w11 UX3402ZA-KM701,teknoloji_ekipman
"ASUS X415ea-eb976 Intel Core I5 1135g7 16gb 1tb Ssd Wın11p 14"" Fhd Eb976015 EB9761",teknoloji_ekipman
"ASUS Vivobook S532eq-bq012t Intel Core I7 1165g7 16gb 1tb Ssd Mx350 Windows 10 Home 15.6"" Fhd HBV00001AFSV",teknoloji_ekipman
"HP Omen Ek1013nt Intel Core I7-10870h 8gb 512gb Ssd 6gb Rtx 3060 Freedos 15.6"" 144hz Ips Fhd 4h0j1ea 4H0J1E",teknoloji_ekipman
"ACER Ex215-52 Intel Core I3 1005g1 4 Gb 256 Gb Ssd Freedos 15.6"" Hd Taşınabilir Bilgisayar EX215-52 NX.EG8EY.00",teknoloji_ekipman
"HP Victus 16-d1047nt I5-12500h 8gb Ddr5 Ram 512gb Ssd 4gb Rtx3050ti 16.1"" Fhd 144hz 68P32E",teknoloji_ekipman
"HP 255 G8 7n4w6aa Ryzen 5 5500u 8gb 256gb Ssd Freedos 15.6"" Fhd 7N4W6A",teknoloji_ekipman
"Apple Z1240009k Macbook Air/ M1 Işlemci 16gb Ram/ 256gb Ssd/ 13""/ Laptop Space Grey 122175",teknoloji_ekipman
ASUS Zenbook 14x Oled Ux5401za-l7041w I5-12500h 16gb 512gb Ssd 14 2.8k Windows 11 UX5401ZA-L7041,teknoloji_ekipman
"HP Pavilion 14-dv0004nt Core I7 1165g7 8gb 512gb Ssd Mx450 W10 14"" Fhd Ips Notebook 2w6j2ea 2W6J2E",teknoloji_ekipman
Huawei Superbox B535-232 300 Mbps 4.5g Modem huaweisupero,teknoloji_ekipman
"ACER A315-34 IntelCeleron-4020 4GB 128GBSSD 15,6'' Siyah Dizüstü Bilgisayar(Acer Türkiye Garantili) NX.HE3EY.00",teknoloji_ekipman
"HP 15s-eq2005nt 4h0j7ea Amd Ryzen 5500u 15.6"" 8 Gb Ram 256 Gb Ssd Freedos Taşınabilir Bilgisayar 4H0J7E",teknoloji_ekipman
"Apple Macbook Pro 13"" M1 8gb 256gb Ssd Gümüş Dizüstü Bilgisayar (Apple Türkiye Garantili) MYDA2TU/",teknoloji_ekipman
"ASUS Vivobook S 14x Oled S5402za-ıs74- I7-12700h- 14,5’’ 2,8k– 12gb- 512gb Ssd-q Us Ing. Klavye–w11h S5402ZA-IS7",teknoloji_ekipman
Techmaster Type-c Usb C 3.1 Micro Sd Kart Okuyucu 5002,teknoloji_ekipman
Samsung Galaxy Tab S8+ (wi-fi) Koyu Gri Tablet (Samsung Türkiye Garantili) SM-X800NZAATU,teknoloji_ekipman
ACER Nitro 5 An515-45 Ryzen 5 5600h 8 Gb 512 Gb Ssd Rtx 3050 144 Hz 15.6 Fhd Freedos Nh.qbaey.002 NH.QBAEY.00,teknoloji_ekipman
Apple Macbook Air 13'' M1 8gb 512gb Ssd Uzay Grisi MGN73TU/,teknoloji_ekipman
ASUS Zenbook Oled Ux325ea-kg771 Intel Core I7 1165g7 16gb 1tb Ssd Iris Xe 13.3” Fhd Fredoos TYC0060703151,teknoloji_ekipman
ASUS X515ea-ej174202 I5-1135g7 16gb 512gb Ssd 15.6 Fhd Freedos X515EA-EJ174202-16G,teknoloji_ekipman
zibo Type-c Kulaklık Çevirici 3.5mm Aux Dönüştürücü Kablo Type-c To 3.5mm Otg Kablo zbtgo,teknoloji_ekipman
"LENOVO Thinkpad E15 Gen 3 Amd Ryzen 7-5700u 16gb 256gb Ssd 15.6"" Freedos 20yg004jtx T0944",teknoloji_ekipman
SOONBOX Mikrofonlu Bluetooth Hoparlör 8x2 Toplantı Parti Eğlence Led Işıklı Sd Kart Fm Usb Girişli Speaker GTS-156,teknoloji_ekipman
Dell Vostro 3520 I7-1255u 16gb 512gb Ssd 15.6 Fhd 120hz Freedos N5305pvnb3520u N5305PVNB3520,teknoloji_ekipman
"Huawei Matebook D15 I3 10110u 8gb 256gb Ssd W10 Home 15.6"" Fhd + Notebook Çantası Ve Mouse MateBook D15/i3-8/25",teknoloji_ekipman
TrkTech Iphone Uyumlu Kablolu Kulaklık Çevirici Lightning To Headphone Jack Aux Çevirici trktechjac,teknoloji_ekipman
LENOVO Ideapad 3 15alc6 Amd Ryzen 5 5500u 8gb/256gb Ssd Notebook 82ku0117tx 82KU0117T,teknoloji_ekipman
"ASUS Ux325ea-kg653/oled Zenbook/core I5-1135g7/8gb Ram/512gb Ssd/13.3""/win 11 Home Laptop Gri 121980",teknoloji_ekipman
ASUS Vivobook 15x Oled 12.nesil Core I5 12500h-8gb-512gb Ssd-15.6inc-w11 X1503ZA-L1465,teknoloji_ekipman
"LENOVO Ideapad 3 Amd Ryzen 7 5700u 8gb 512gb Ssd Freedos 15.6"" 82ku00vnt",teknoloji_ekipman
ASUS Intel Core I3-1005g1 12 Gb Ram 256 Gb Ssd 15.6 W11 X515ja-ej3073w-12g X515JA-EJ3073W-12,teknoloji_ekipman
Endur 10 Metre Cat 6 Network Internet Ethernet Bilgisayar Kablosu EndurCat.6.10,teknoloji_ekipman
"WORKMATE Wm-zx100 Dgps 10.1"" Hassas Gps Endüstriyel Tablet WM-ZX100 DGP",teknoloji_ekipman
"LENOVO V15 82kb00n9tx I5-1135g7 8gb 256gb Ssd 15.6"" Fhd Freedos Taşınabilir Bilgisayar 82KB00N9T",teknoloji_ekipman
IZOLY Asteria I5-750 8gb 128gb Ssd Gt740 4gb Masaüstü Oyun Bilgisayarı ST99860,teknoloji_ekipman
"HP 255 G9 6q8n1es Ryzen 5 5625u 8 Gb 256 Gb Ssd 15.6"" Free Dos Fhd Dizüstü Bilgisayar 6Q8N1E",teknoloji_ekipman
Honor Pad X8 3gb 32gb Wi-fi 10.1 Inç Ips Mavi Tablet Agm3-w09hn AGM3-W09H,teknoloji_ekipman
ACER Aspire3 A315-56-33zg Intel Core I3 1005g1 4gb 256ssd W11 15.6” Fhd Notebook Nx.hs5ey.007 Aspire 3 A315-5,teknoloji_ekipman
"Alcatel Smart Tab 7 32gb Hafıza 2gb Ram 7.0"" Tablet Siyah (9317x1) - 202",teknoloji_ekipman
"Monster Huma H4 V5.2.6 Intel Core I7-1255u 16gb Ram 1tb Ssd Freedos 14,1"" Fh",teknoloji_ekipman
"Apple Macbook Air M2 8c Cpu 10c Gpu 512gb Ssd 13"" Yıldız Işığı Dizüstü Bilgisayar Mly23tu/a 12503542",teknoloji_ekipman
"ASUS V222FAK Intel Core I3 10110U 8 GB 256 GB SSD Freedos 21.5"" FHD All In One Bilgisayar V222FAK-BA125",teknoloji_ekipman
ACER Nitro 5 An515-45-r423 Notebook (nh.qbaey.005) 4.100.04.53,teknoloji_ekipman
ASUS Vivobook Pro 15 Oled K6500zh-ma106w 2.8k I5-12500h 16 Gb 512 Gb Gtx1650 4g Win11 Notebook 12503677,teknoloji_ekipman
TURBOX Aio152 I5-4570t 8gb Ram 256gb Ssd 23.6 Pivot All In One Pc raio-aio152/İ54570T-H8,teknoloji_ekipman
"LENOVO V15 82c700dltx Amd 3020e 8gb 1tb 15.6"" Fullhd Freedos Taşınabilir Bilgisayar T0890",teknoloji_ekipman
IZOLY 8gb Ddr3 1600mhz Ad8gd31600 Notebook Ram ST0104,teknoloji_ekipman
"LENOVO 82h8034ttx Ideapad 3 Intel Core I3 1115g4-8gb-256gb 15.6"" Fhd W11 Gri Notebook Lenovo 82H8034TT",teknoloji_ekipman
"HP Pavilion 14-dv0012nt Core I5 1135g7 8gb 256gb Ssd Mx350 W10 14"" Fhd Ips Notebook 2w6k4ea 2W6K4E",teknoloji_ekipman
"Apple iPad 8. Nesil 32 GB 10.2"" Wi-Fi+Cellular Gümüş Tablet (Apple Türkiye Garantili) MYMJ2TU/",teknoloji_ekipman
ACER Nitro An515-54 Intel Core I5 9300h 8 Gb 512 Gb Ssd Rtx 2060 Windows 10 Home 15.6 Fhd Notebook NH.Q96EY.00,teknoloji_ekipman
Casper Nirvana C600.1155-8V00X-G-F Intel Core i5-1155G7 8GB RAM 500 NVME SSD Freedos C600.1135-8V00X-G-,teknoloji_ekipman
Monster Abra A5 V17.3 Intel Core I7 11800h 8gb 500gb Ssd Rtx3050ti Freedos 15.6'' Fhd ABRA A5 V17.,teknoloji_ekipman
Casper Nirvana F500.1135-8V00T-G-F Intel Core i5-1135G7 8GB RAM 500GB NVME SSD Windows 11 Hom,teknoloji_ekipman
"Honor Magicbook 16 Amd Ryzen 5 5600h 16gb 512gb Ssd W11 Home 16.1"" Fhd Taşınabilir Bilgisayar 693652080355",teknoloji_ekipman
"ACER Travelmate P6 Tmp614-51t I7 10510u 8gb 512gb Ssd Freedos 14"" Fhd Dokunmatik Nx.vmrey.001 NX.VMREY.00",teknoloji_ekipman
"Apple Macbook Pro 13.3"" M2 Çip 10c Gpu 8 Gb 512gb Ssd Gümüş MBPro13M225",teknoloji_ekipman
Fibaks Samsung Galaxy Tab A7 Lite T220 T225 Uyumlu Smart Kapak Katlanabilir Koruyucu Tablet Kılıfı T220-T225-Smart-Kılı,teknoloji_ekipman
"Samsung Galaxy Tab S6 Lite SM-P610 64GB 10.4"" Gül Kurusu Tablet (Samsung Türkiye Garantili) SM-P610G",teknoloji_ekipman
Apple Macbook Pro 14'' M2 Max 32GB 1TB SSD Space Gray Laptop (Apple Türkiye Garantili) MPHG3TU/A MPHK3TU/,teknoloji_ekipman
ASUS X515ea 11.nesil Core I3 1115g4-4gb-128gb Ssd-15.6inc-w11. X515EA-BQ967,teknoloji_ekipman
"Monster Huma H5 V4.1 Intel Core I5-1235u 16gb Ram 512gb Ssd Freedos 15,6"" Fh",teknoloji_ekipman
LENOVO Ideapad Flex 5 82hs00fftx Intel Core I3-1115g4 4 Gb 256 Gb Ssd Integrated Intel Uhd Graphics 12503657,teknoloji_ekipman
"Samsung Galaxy Tab A7 Lite T227 3GB + 32GB 8.7"" LTE Tablet - Gümüş 880609227675",teknoloji_ekipman
Vorcom 10.1 Inc 2 Gb Ram 32 Gb Hafıza 1280*800 Ips Ekran 4 Çekirdek Işlemcili S12 Gri Tablet S1232GBIP,teknoloji_ekipman
"TURBOX Aio207 I3-4000m 8gb Ram 128 Ssd 21.5"" All In One Pc raio-aio207/ i3-4000M(w",teknoloji_ekipman
LENOVO IdeaPad 3 15IGL05 Intel Pentium Silver N5030 8GB Ram 256GB SSD 81WQ00PUT,teknoloji_ekipman
"ACER Aspire 3 A315-58 Nx.addey.003 I5-1135g7 8gb 256ssd 15.6"" Fullhd W11h Taşınabilir Bilgisayar T1524",teknoloji_ekipman
Dell Vostro 3510 I5-1135g7 16gb 1tb 15.6 Ubuntu Notebook N8803vn3510_ue5 N8803VN3510_UE,teknoloji_ekipman
"Casper Via S48 32GB 8"" IPS Tablet (Casper Türkiye Garantili) VIA.S4",teknoloji_ekipman
ACER Aspire 5 A514-54 Nx.a27ey.001 Intel I5-1135g7 8gb Ram 256ssd Intel Iris Xe Dahili Ekran Kartı 1 12503533,teknoloji_ekipman
"LENOVO Ideapad 3 82ku0210tx Ryzen 5-5500u 8gb Ram 256gb Ssd 15.6"" Fullhd Freedos Dizüstü Bilgisayar 82KU0210T",teknoloji_ekipman
TrkTech Type-c Girişli Telefonlarla Uyumlu Kablolu Kulaklık Çevirici Type-c To Headphone Jack Aux Çevirici trktechjac,teknoloji_ekipman
LENOVO Ideapad 3 15ıtl6 Intel Core I5 1135g7 8gb 512gb Ssd Nvidia Mx350 15.6'' Fhd Freedos 82H80145T,teknoloji_ekipman
Casper Nirvana C500.1235-BF00X-G-F Intel Core i5-1235U 16GB RAM 1 TB NVME SSD Freedo,teknoloji_ekipman
"Apple MacbookPro 14"" M1 Pro 8cCpu 14c Gpu 16Gb512Gb Ssd Grisi Dizüstü Bilgisayar (Apple Türkiye Garantili) MKGP3TU/",teknoloji_ekipman
LENOVO Ideapad Flex 5 Core I3-1115g4/4gb/256gb Ssd/14'' Fhd Dokunmatik/win11 82HS00JXT,teknoloji_ekipman
Dell Inspiron 3525-ı3525221u Ryzen R5 5625u 8gb 256gb Ssd Freedos 15.6'' Fhd I3525221,teknoloji_ekipman
Casper Nirvana S500.1135-8v00x-g-f Intel 11.nesil I5-1135g7 8gb Ram 500gb Nvme Ssd Freedos. S500.1135-8V00X-G-,teknoloji_ekipman
"Casper Nirvana X400.1195-bv00x-g-f Intel Core I7-1195g7 16gb Ram 500gb Ssd Freedos 14"" X400.1195-BV00X-G-",teknoloji_ekipman
"LENOVO Ideapad 5 82fe00lctx Intel Core I3-1115g4 4gb Windows 11 Home 14"" Dizüstü Bilgisayar 82FE00LCT",teknoloji_ekipman
Grundig Hoparlör Solo Bt Hoparlör Mavi 887052160,teknoloji_ekipman
LENOVO Ideapad 82h8034stx 3 11.nesil Core I5 1155g7-8gb-256 Ssd-15.6inc-w11 Lenovo Ideapad 82H8034ST,teknoloji_ekipman
ACER Aspire3 A315-56-327t Intel Core I3 1005g1 8gb 256gb Ssd Freedos 15.6''fhd Notebook Nx.hs5ey.006 NX.HS5EY.00,teknoloji_ekipman
"Alcatel 1t10 32 Gb 10"" Klavyeli Tablet Siyah Alcatel1T32smartklavyel",teknoloji_ekipman
Apple MacBook Pro 14'' M2 PRO 16GB 1TB SSD Space Gray Laptop (Apple Türkiye Garantili) MPHF3TU/,teknoloji_ekipman
Huawei Matepad Se 10.4 Inç 32gb Tablet Grafit Siyahı 122655,teknoloji_ekipman
"LENOVO V15 82qy00nltx N4500 8gb 256gb Ssd 15.6"" Fdos UNUN0LNV015",teknoloji_ekipman
Apple MacBook Pro 16'' M2 Pro 16GB 512GB SSD Space Gray Laptop (Apple Türkiye Garantili) MNW83TU/,teknoloji_ekipman
HP Laptop 14s-dq2006nt G7 I5-1135g7 8gb -256ssd 14 Inc Freedos 4g6a5ea P167S646,teknoloji_ekipman
Huawei Matepad 10.4” 4+128gb -2k Fullview Ekran-Klavye BAH4-W0,teknoloji_ekipman
"ACER Chromebook Spin 314 Intel Celeron N4500, 8 Gb Ram, 64 Gb Ssd 14"" 2si 1 Arada Dizüstü Bilgisayar Spin CP314-1H-C5D",teknoloji_ekipman
MEKs Sanat Ve Eğitim Için Grafik Tablet Çizim Eldiveni medium GTCE0000,teknoloji_ekipman
"Thomson Neo 360 X - 13,3"" Fhd Ips Ekran, Celeron N4020, 4gb Ram, 128gb, Windows 10 Thomson 00",teknoloji_ekipman
"Apple iPad 10. Nesil 256 GB 10.9"" Wi-Fi Pembe Tablet (Apple Türkiye Garantili) MPQ93TU/",teknoloji_ekipman
Samsung Galaxy Tab S8 (wi-fi) Gümüş Tablet (Samsung Türkiye Garantili) SM-X700NZSATU,teknoloji_ekipman
ASUS X515ja-ej2138 10.nesil Core I3 1005g1 - 8gb - 256gb Ssd-15.6inc-dos Ej2138s ej2138s,teknoloji_ekipman
Techmaster G-system G105 Stereo Usb Hoparlör Bilgisayar Pc Tablet Notebook TME485,teknoloji_ekipman
"ACER Aspire 3 A315-34-08pypy, N4020, 8gb Ram, 128gb Ssd, Uhd Graphics, 15.6"" Win 11 Home P111000200",teknoloji_ekipman
"Dell Vostro 3400 N4001vn3400u06 I3-1115g4 16gb 256ssd 14"" Hd Freedos Taşınabilir Bilgisayar T19555",teknoloji_ekipman
"Hometech Alfa-8sl Quadcore Mt8167 1.3ghz Işlemci 1gb Ram 16gb Wi-fi 8"" Ekran Androıd Gümüş Tablet ALFA 8S",teknoloji_ekipman
Hometech Alfa 7'inç Mrc 2 Gb Ram - 32 Gb Tablet Gri Renk (eba+zoom) ALFA TABLET 32g,teknoloji_ekipman
Apple Z16000102/ M2 Işlemci/ 16gb Ram/ 256gb Ssd/ 13'' Macbook Air Midnight 122394,teknoloji_ekipman
"ASUS Vivobook X1500ea-bq2503w I3-1115g4 4 Gb 128 Gb Ssd 15.6"" Full Hd Taşınabilir Dizüstü Bilgisayar HBCV00003F62Z",teknoloji_ekipman
Casper Nirvana F500.1115-8d00x-g-f Intel Core I3-1115g4 8gb Ram 240gb M2 Ssd Freedos F500.1115-8D00X-G-,teknoloji_ekipman
ASUS F543ma-gq1350 Intel N4020 4gb Ram 1tb Hdd 15.6 Inç Freedos F543MA-GQ135,teknoloji_ekipman
"LENOVO Ideapad L3 Dizüstü Bilgisayar, 15.6"" Fhd, Intel Pentium Gold 7505, 4gb Ram, 256gb Ssd, Freedos BTKLENOVO750",teknoloji_ekipman
"LENOVO Tab P11 Zabf0302tr 6 Gb 128 Gb 2k 11.5"" Ips Gri Tablet 78640005",teknoloji_ekipman
"LENOVO V14 IGL Intel Celeron N4020 4GB 128GB SSD UHD 600 Fdos 14"" FHD Dizüstü Bilgisayar 82C2001HT",teknoloji_ekipman
"Samsung Galaxy Tablet, 8 Çekirdek, 3 Gb Ram, 32 Gb Hafıza, Android 11, 1340x800 Çözünürlük, Koyu Gri EAF847",teknoloji_ekipman
"Apple iPad Air 4. Nesil 64 GB 10.9"" Wi-Fi Gümüş Tablet (Apple Türkiye Garantili",teknoloji_ekipman
Casper Nirvana C350.4020-4c00x 14'' Intel Core Celeron N4020 4gb Ram 120gb Ssd Freedos C350.4020-4C00,teknoloji_ekipman
"HP 14s Celeron N4500 4/128/14""w10h Notebook 3039372",teknoloji_ekipman
"LENOVO 81wq00j1tx/ıp 3/celeron N4020 Işlemci/4gb Ram/128gb Ssd/15.6""/win11 Home Laptop Gri 122170",teknoloji_ekipman
miletus Laptop Standı Katlanabilir Beyaz Telefon Tutuculu Laptop Tutucu Notebook Standı Bilgisayar Standı Ab 10,teknoloji_ekipman
"Apple iPad Air 5. Nesil 256 GB 10.9"" Wi-Fi Pembe Tablet (Apple Türkiye Garantili) 12504577",teknoloji_ekipman
Samsung Galaxy Tab S8 Wifi Koyu Gri Tablet (Samsung Türkiye Garantili) SM-X700NZAATU,teknoloji_ekipman
Apple Macbook Air M1 Çip 16gb 512gb Macos 13.3 Inç Qhd Taşınabilir Bilgisayar Uzay Grisi Z124M116512-TQ,teknoloji_ekipman
"ASUS Zenbook Pro Duo 15-i7-12700h-15,6’’ 4k Oled-32gb-1tb Ssd-rtx3070ti-q Ing. Klavye-ux582zw-h2021x UX582ZW-H2021",teknoloji_ekipman
Wacom Intuos Small(CTL-4100K-N) 7.87x6.3inç 4096 Seviye Grafik Tablet Win/mac/android Uyumlu Corel 21017255,teknoloji_ekipman
"Apple Macbook Pro 13.3"" M2 10c Gpu 8 Gb 512 Gb Ssd Uzay Grisi MBPro13M225",teknoloji_ekipman
"Apple Macbook Air 13.6"" M2 8c Gpu 8 Gb 256 Gb Ssd Yıldız Işığı MLY13TU/",teknoloji_ekipman
REDWAY 10.1 Inç Tablet Android 9.0 Go Edition Siyah redway1,teknoloji_ekipman
"I-LIFE DIGITAL Zed Air Plus Intel Celeron 4gb 500gb Hdd 15.6"" Ips Freedo",teknoloji_ekipman
Verico 32gb Hybrid 3.1 Usb Type-c Flash Bellek Akkaya Technology AKK32GBTYPE,teknoloji_ekipman
"TCL Tab 10L 2GB + 32 GB 10.1"" Tablet - Siyah (TCL Türkiye Garantili) 12504352",teknoloji_ekipman
"IZOLY Start X I5-560m 8gb 256gb Ssd 22"" Fhd Masaüstü Bilgisaya",teknoloji_ekipman
Samsung Galaxy Tab SM-T510 32GB Siyah 10.1'' Tablet SM-T510NZKDTU,teknoloji_ekipman
"Apple Macbook Air Intel Core I3 8gb 256gb Ssd Macos 13.3"" Taşınabilir Bilgisayar Mwtj2tu/a Uzay Grisi T0608",teknoloji_ekipman
"Samsung Galaxy Tab 3 Lite T113 8GB 7"" Beyaz Tablet t113-beya",teknoloji_ekipman
"LENOVO V15 82NB003GTX I5-10210u 8gb 512gb Mx330 Ssd 15.6"" Fhd Windows 10 Home Dizüstü Bilgisaya",teknoloji_ekipman
İXTECH Ixtech Thinbook 11.6'' Dizüstü Bilgisayar (laptop) HAPPYIXTECH00,teknoloji_ekipman
"IZOLY Swift X I5-3470 8gb 256gb Ssd 19"" Masaüstü Bilgisaya",teknoloji_ekipman
"Microsoft Surface Pro 8 - (ıntel Evo Platform Core I7, 16gb Ram, 1tb) - 13"" 9ZLSKDZ",teknoloji_ekipman
"ASUS Zenbook Um3402ya-km062w Amd Ryzen 5 5625u 16 Gb Ram 512 Gb Ssd 14"" Oled Win11 Notebook 12503423",teknoloji_ekipman
İXTECH Thinbook Dizüstü Bilgisayar hppyrll000,teknoloji_ekipman
Apple MacBook Pro 14'' M2 PRO 16GB 512GB SSD Space Gray Laptop (Apple Türkiye Garantili) MPHE3TU/,teknoloji_ekipman
"LENOVO V14 82kc0009tx Ryzen 5-5500u 8 Gb 256 Gb Ssd 14"" W10 Home Fhd Dizüstü Bilgisayar 82KC0009T",teknoloji_ekipman
"Hometech Alfa 7mrc 2 Gb 32 Gb 7"" Tablet Siyah Hometech Alfa 7mrc Siya",teknoloji_ekipman
"ASUS M1502ıa-ej133 Vivobook 15 Amd Ryzen 5 4600h 8gb 256gb Ssd 15.6"" Fhd Freedos 471108181729",teknoloji_ekipman
Techmaster L30 Bluetooth Usb Tf Kart Telefon Bilgisayar Tablet Rgb Hoparlör l3,teknoloji_ekipman
ACER Nitro 5 An515-58 I5-12500h 16gb 512gb Ssd Rtx3050ti/4gb 15.6'' Fhd W11h Nh.qfley.001 NHQFLEY001-6,teknoloji_ekipman
"LENOVO Tab M7 TB-7305F 1GB + 16GB 7"" Wi-Fi Gri Tablet - ZA550080TR (Lenovo Türkiye Garantili) TABM716GB7''PLATİNUMGRE",teknoloji_ekipman
"ACER Nitro 5 Intel Core I7 12700h 16 Gb 1 Tb Ssd 4 Gb Rtx3050ti W11h 15.6"" Fhd An51558789509 AN5155878950",teknoloji_ekipman
"Huawei Kob2-w09 Matepad 16 Gb 8"" T Kids Tablet TYC0044685511",teknoloji_ekipman
"LENOVO Yoga 7 82bh07gzty I7-1165g7 8gb 512ssd 14"" Fullhd Touch W11h Taşınabilir Bilgisayar T2038",teknoloji_ekipman
"Apple 4.nesil Ipad Pro 11"" (m2 Çip) Wıfı 128gb Tablet Uzay Grisi Mnxd3tu/a 122491",teknoloji_ekipman
Huawei Matebook D16 Rollef-w5651d Intel Core I5 12450h 16 Gb Ram 512 Gb Ssd Taşınabilir Bilgisayar 78628196,teknoloji_ekipman
"LENOVO Lenovo Ideapad 3 Amd Ryzen 7 5700u 20gb 512gb Ssd Freedos 15.6"" 82ku00vntxa7 82KU00VNTXA",teknoloji_ekipman
ASUS Zenbook 13 Oled Ux325ea-kg653w I5-1135g7 8gb 512gb Ssd 13.3 Fhd Windows 11 UX325EA-KG653,teknoloji_ekipman
ACER Nitro 5 An515-45 Ryzen 7 5800h 16gb 1tb Ssd 4gb Rtx3050 W11h 15.6 Ips Fhd 144hz Nhqbaey004009 NHQBAEY00400,teknoloji_ekipman
Everest Everpad Dc-8015 Eba Kırmızı Wifi+bt4.0 Çift Kamera 1024*600 Tn 2gb 1.0ghz 2g+16gb 7android 10 Go Gms DC-8015 EB,teknoloji_ekipman
ASUS Vivobook 15 12.nesil Core I7 1260p-16gb-512gb Ssd-15.6inc-w11 X1502ZA-EJ777,teknoloji_ekipman
"Honor Magicbook 15 Ryzen 5 5500u 16gb Ram 512gb Ssd 15.6"" Fhd Windows 10 Space Gra",teknoloji_ekipman
"Samsung Galaxy Tablet, 12.4"" 2560x1600 Px 8 Çekirdek, 4 Gb Ram, 64 Gb, Android 11, Siyah SM970F2",teknoloji_ekipman
LENOVO Thinkbook 15 20ve0071tx I5-1135g7 8gb 256gb Ssd 15.6' Fdos o_UNUN0LNV012,teknoloji_ekipman
"LENOVO Tab M10 (3rd Gen) 3GB + 32GB 10.1"" Wi-Fi Gri Tablet - ZAAG0026TR (Lenovo Türkiye Garantili",teknoloji_ekipman
"Samsung Galaxy Tab S7 Fe Wi-fi Sm-t733 Siyah 64 Gb 12.4"" Tablet SM-T733S",teknoloji_ekipman
ASUS X515ja-ej3073ws8 10.nesil Core I3 1005g1 8gb 256gb Ssd 15.6inc Win11 EJ3073,teknoloji_ekipman
"Preo Ptab P10 10.1"" Ips Ekran Mtk8167 1.3ghz Işlemci 2 Gb Ram 32 Gb Hafıza Android11 Wifi Tablet Siy 12504750",teknoloji_ekipman
Dell Inspiron 3511 2205 I7-1165g7 16gb 512gb Ssd 15.6 Fhd Ubuntu I35112205U01,teknoloji_ekipman
Behringer Xenyx Control2usb Stüdyo Ve Monitör Controller + Ses Kartı 00725,teknoloji_ekipman
ACER Aspire5-a515-56g/ I5-1135g7/ 8gb Ram/ 512gb Ssd/ Mx450 2gb Ekran Kartı/ 15.6 Full-hd/ Windows 11 Hom 122015,teknoloji_ekipman
Polosmart Pswm15 Hibrit Bluetooth & Wireless Pilli Kablosuz Mouse Koyu Gri PSWM1,teknoloji_ekipman
MSI MODERN 15 A11MU-839XTR I5-1155G7 8GB DDR4 UMA 512GB SSD 15.6 FHD DOS KOYU GR,teknoloji_ekipman
"ASUS Vivobook 14 X413ja-ek046a1 I3-1005g1 8gb 512ssd 14"" Fullhd Freedos Taşınabilir Bilgisayar T22141",teknoloji_ekipman
Mkey Kablosuz Klavye Mouse Seti Türkçe Q Klavye Sessiz Usb’li Klavye Fare Set Beyaz MK-11,teknoloji_ekipman
"LENOVO Tab M10 Plus Zaaj0378tr Mediatek Helio G80 4 Gb 128 Gb Mc2 Gpu 10.61"" 2k Gri Tablet 12504651",teknoloji_ekipman
"Dell Vostro 3510 N8803vn3510emea01_u Core-i5 1135g7 8gb 256gb Ssd 15,6 Free Dos N8803VN3510EMEA01_",teknoloji_ekipman
"ASUS Zenbook 14 Um425ua-kı156t Amd R5-5500u 8gb 512gb Ssd 14"" W10 Taşınabilir Bilgisayar UM425UA-KI156",teknoloji_ekipman
"Toshiba Dynabook Satellite Pro C40-h-10u Intel Core I3 1005g1 8gb 256gb Ssd Freedos 14"" Fhd PYS37E-001004T",teknoloji_ekipman
"TURBOX Aio203 I5-4200m 8gb Ram 256 Ssd 21.5"" All In One Pc raio-aio203/ i5-4200M(w",teknoloji_ekipman
"Casper Nirvana X400.1155-bv00x-g-f Intel Core I5-1155g7 16gb Ram 500gb Ssd Freedos 14"" X400.1155-BV00X-G-",teknoloji_ekipman
"Apple iPad 10. Nesil 256 GB 10.9"" Wi-Fi Gümüş Tablet (Apple Türkiye Garantili) MPQ93TU/",teknoloji_ekipman
"LENOVO Tab M10 Plus Zaaj0353tr Mediatek Helio G80 4 Gb 128 Gb 10.61"" 2k Gri Tablet 12504651",teknoloji_ekipman
"ACER Aspire 3 A315-58 Intel Core I5-1135g7 8gb 512gb Ssd Freedos 15.6"" Taşınabilir Bilgisayar NXADDEY00",teknoloji_ekipman
Crown Micro Cmmk-08w Kablosuz Türkçe Klavye Mouse Seti 694114161598,teknoloji_ekipman
"Apple iPad Air 5. Nesil 256 GB 10.9"" Wi-Fi Mavi Tablet (Apple Türkiye Garantili) MM9P3TU/",teknoloji_ekipman
Apple Macbook Air 13'' M1 8gb 512gb Ssd Altın Dizüstü Bilgisayar (Apple Türkiye Garantili) MGNE3TU/,teknoloji_ekipman
NovStrap Active Stylus Dokunmatik Tablet Kalemi Ipad Huawei Samsung Lenovo Xiaomi Mipad Uyumlu Dz870 CT-TBL-170,teknoloji_ekipman
MSI MODERN 15 B7M-078XTR R5-7530U 8GB DDR4 UMA 512GB SSD 15.6 FHD DOS SIYA,teknoloji_ekipman
Hometech Alfa 8rc 8? 1gb 16gb Androıd8.1 Go Wıfı+bt Tablet PZR40100626,teknoloji_ekipman
Concord Otg-c2 Type-c To Usb Dönüştürücü DR32YT0005,teknoloji_ekipman
I-LIFE DIGITAL I-life Zed Air Cx5 I5-5257u 4gb 256gb Ssd 15.6 Win10 Gümüş. ZED AİR CX,teknoloji_ekipman
HP 255 G8 7n4w6aa Amd Ryzen 5 5500u 8 Gb 256gb Ssd 15.6 Freedos Notebook Taşınabilir Bilgisayar ELEKTRONIK-19719273568,teknoloji_ekipman
TURBOX Aio144 I5-3470 8gb Ram 256gb Ssd 23.6 Pivot All In One Pc raio-aio144/İ53470-H6,teknoloji_ekipman
"ASUS X409fa-bv669a3 I7-8565u 12gb 256ssd 14"" Hd Freedos Taşınabilir Bilgisayar T18843",teknoloji_ekipman
"Samsung Galaxy Tablet, 12.4"" 2560x1600 Px 8 Çekirdek, 4 Gb Ram, 64 Gb, Android 11, Pembe SM970F2",teknoloji_ekipman
"Huawei Matepad T10 4gb Bellek 64gb Hafıza 9.7"" Tablet Deniz Mavisi 12504665",teknoloji_ekipman
"ASUS X515ea-ej905 I3-1115g4 4gb 256gb Ssd 15.6"" Fhd Freedos Notebook 1856",teknoloji_ekipman
"LENOVO 82bg007ptx/yoga 9/i7-1185g7/ 16gb Ram/1tb Ssd/ 14"" Uhd-4k Dokunmatik Ekran/ Win10 Home Laptop Siyah 121722",teknoloji_ekipman
"ASUS Notebook Laptop F515ea-ej3281,fhd Ekran, Intel Core I5-1135g7 Işlemci,ıntel® Uhd Graphics, 8gb F515EA-EJ328",teknoloji_ekipman
"LENOVO Ideapad S145-15apı Amd Ryzen 5 3500u 4gb 256gb Ssd Windows 10 15.6"" Laptop 81ut00mvtx 81UT00MVT",teknoloji_ekipman
"ACER Swift 3 Sf314-42 Amd Ryzen 5 4500u 8gb 256gb Ssd Windows 10 14"" Fhd Bilgisayar Nx.huley.002 NX.HULEY.00",teknoloji_ekipman
"LENOVO Tab M10 Plus TB-X606F 4GB + 64GB 10.3"" Wi-Fi Gri Tablet - ZA6H0015TR (Lenovo Türkiye Garantili) 19463284990",teknoloji_ekipman
Hometech Alfa 7lm 32 Gb Lacivert Tablet 201 Hmtch 6521018630,teknoloji_ekipman
"Apple iPad Pro 3. Nesil 256 GB 11"" Wi-Fi+Cellular Uzay Grisi Tablet (Apple Türkiye Garantili) MHW73TU/",teknoloji_ekipman
LENOVO V14 G2 82KA010XTX Intel Core I3-1115g4 8gb 256gb Ssd 14'' Full Hd Noteboo,teknoloji_ekipman
"HP 14-em0010nt Amd Ryzen 5 7520u 8gb Lpddr5 Ram 512gb Ssd Freedos 14"" Taşınabilir Bilgisayar 7p6h7ea 7P6H7E",teknoloji_ekipman
ataşbey RT-301 Ahşap Nostaljik Görünümlü Bluetoothlu USB-SD Card Mp3 Çalar Radyo Müzik Kutus,teknoloji_ekipman
ONVO Ov32150 32 Inc 82 Ekran Uydulu Android Hd-ready OV3215,teknoloji_ekipman
BLOMSTER Everton Rt-860 Nostaljik Bluetoothlu Rt-860 Usb / Sd / Radyo Müzik Kutusu RT860B,teknoloji_ekipman
Everton 301 Ahşap/kahve Usb-tf Bluetooth 3 Band Klasik Radyo 310,teknoloji_ekipman
whitetech Bluetooth Usb+sd+fm Radyo Kaset Çalar Müzik Çalar Knstar wt-149b,teknoloji_ekipman
"ataşbey Rt-307 Bluetooth, Usb/sd/fm/aux Ahşap Nostalji Müzik Kutusu RT-30",teknoloji_ekipman
KAYA MARKET Rt-812 Usb-sd-fm Nostaljik Radyo Müzik Kutusu TYC0077510668,teknoloji_ekipman
Tastech Meier M-111bt Açık Renk Nostaljik Radyo Ahşap Görünümlü Bluetooth Hoparlör Fm Sd Kart Usb Girişi M-111B,teknoloji_ekipman
Meier Bluetoothlu Kumandalı Usb Nostalji Radyo Tfcard 111b,teknoloji_ekipman
Blackbird Game Center Nostaljik Ahşap Radyo Bluetootlu Usb Sd Mp3 Ns-8068bt ST1191,teknoloji_ekipman
ataşbey RT-301 Kırmızı Nostaljik Görünümlü Bluetoothlu USB-SD Card Mp3 Çalar Radyo Müzik Kutus,teknoloji_ekipman
Coverzone M113 Şarjlı Nostaljik Radyo Usb/sd/mp3 Bluetooth Kahve Açık d9j3şl,teknoloji_ekipman
BLOMSTER Everton Rt-826 Usb/bt/fm Solar Paneli Nostajık Radyo RT82,teknoloji_ekipman
"ataşbey Rt-305 Bluetooth, Usb/sd/aux/fm 8 Band Radyo Ahşap Nostalji Fenerli Müzik Kutusu Şarjlı rt-305",teknoloji_ekipman
Meier M115 Dvs Usb Sd Bluetooth Nostaljik Radyo 56526365,teknoloji_ekipman
whitetech Yeni Nostaljik Kaset Çalar + Bluetooth+ Usb+sd+fm Radyo Fp-319 Bt Fp-319B,teknoloji_ekipman
OWWOTECH Bluetooth Hoparlör 3.5mm Jack Kablolu Bilgisayar Hoparlörü Müzik 2+1 Ses Sistemi Fm Radyo Usb Speker Owwo-FT-20,teknoloji_ekipman
Blackbird Game Center Nostaljik Ahşap Radyo Bluetootlu Usb Sd Mp3 Ns-8070bt ST1191,teknoloji_ekipman
"Arçelik A65 B 820 B / 65"" 165 Ekran 4k Smart Android T",teknoloji_ekipman
Meier M-112bt Şarjlı Nostaljik Bluetooth Fm Radyo Usb/sd/mp3 10501,teknoloji_ekipman
Tastech Meier M-112bt Şarjlı Nostaljik Bluetooth Fm Radyo Usb/sd/mp3 105013 M-112B,teknoloji_ekipman
IDS 4 Kameralı 5mp Lensli 1080p Fullhd Kamera Seti - Gece Görüşlü - Su Geçirmez - Cepten Izle DS-2020HDSET,teknoloji_ekipman
Tastech Meier M-112bt Açık Bej Renk Nostaljik Radyo Bluetooth Hoparlör M-112B,teknoloji_ekipman
JUNGLEE Lpsc-22 Nostaljik Pikap Plakçalar Bluetooth Hoparlör 33-45-78 Lik Plak Uyumlu Plak Çalar Kırmızı PİKAPNO1,teknoloji_ekipman
gzhome Astronot Tasarım Galaxy Yıldız Plazma Gökyüzü Gece Lambası Zamanlama Fonksiyon Kumandalı Projektör 123321,teknoloji_ekipman
M90 M-111bt Nostaljik Ahşap Retro Fm Radyo Usb Sd Bluetooth Fm PRA-2544412-120,teknoloji_ekipman
Meier M-115bt Koyu Renk Nostaljik Radyo Ahşap Görünümlü Bluetooth Hoparlör Fm Sd Kart Usb Girişi MBT0,teknoloji_ekipman
Tastech Meier M-111bt Nostaljik Ahşap Retro Fm Radyo/usb/sd/bluetooth 111BE,teknoloji_ekipman
Vankyo Leisure 470 Pro Native 1080p 5g Wi-fi Lcd Led Projeksiyon Cihazı - 250 Inç Yansıtma - Dahili Leisure470pr,teknoloji_ekipman
"Axen AX32DAB800 32"" 81 Ekran HD Ready LED T",teknoloji_ekipman
Meier M-115bt Nostaljik Radyo Ahşap Görünümlü Bluetooth Hoparlör Fm Sd Kart Usb Girişi M-115B,teknoloji_ekipman
Meier M-113bt Şarjlı Nostaljik Radyo Usb/sd/mp3 Bluetooth Hoparlör Ahşap Şarjlı Retro Radyo GLD-4,teknoloji_ekipman
Kensa Güventekno B5 Nostaljik Mini Gramofon Usb Aux Bluetooth Hoparlör Yüksek ses gramofon görünümlü hoparlö,teknoloji_ekipman
Tastech Meier M-111bt Açık Renk Nostaljik Radyo Ahşap Görünümlü Bluetooth Hoparlör Fm Sd Kart Usb Girişi M-111B,teknoloji_ekipman
Meier 113-bt Ahşap Görünümlü Fm Radyolu Bluetooth Hoparlör Mp3 Müzik Çalar MEIER-113B,teknoloji_ekipman
Everton Rt-821 Usb/tf/fm/bluetooth Destekli Nostaljik Radyo RT-82,teknoloji_ekipman
Tastech Meier M-113bt Nostaljik Radyo Usb Aux Bluetooth Uzaktan Kumanda 113SİYA,teknoloji_ekipman
Calido Elektronik Bt Usb Sd Fm Bluetooth Destekli Ahşap Görünümlü Nostaljik Gramofon Model Radyo Müzik Kutusu Rt-705 STELLA16,teknoloji_ekipman
Tastech Meier M-113bt Koyu Siyah Renk Radyo Ahşap Görünümlü Bluetooth Hoparlör Fm Sd Kart Usb Girişi M-113B,teknoloji_ekipman
IDS 8 Kameralı 5mp Lensli 1080p Fullhd Kamera Seti - Gece Görüşlü - Su Geçirmez - Cepten Izle DS-2021HDSET,teknoloji_ekipman
Tastech Meier M-115bt Koyu Renk Nostaljik Radyo Ahşap Görünümlü Bluetooth Hoparlör Fm Sd Kart Usb Girişi M-115B,teknoloji_ekipman
Tastech M-115bt Nostaljik Radyo Sd Usb Aux Mp3 Çalar Bluetooth Hoparlör Ahşap Retro Radyo 115KOY,teknoloji_ekipman
ViewSonic PX701HDH 3500 ANSI lümen 1920x1080 Full HD 3D DLP Projeksiyon Cihaz,teknoloji_ekipman
Concord C-591 Hdtv Premium Yüksek Hızlı 4k Ultra Hd 1.5mt Hdmı Kablo ATM6727C000,teknoloji_ekipman
GÖLGE STOR En150cm Boy160cm Manuel Projeksiyon Perdesi Parlama Yapmaz 150X16,teknoloji_ekipman
OPTOMA Hd145x 3400 Lümen 1920x1080 Full Hd 3d Dlp Projeksiyon Cihazı OPTMHD145,teknoloji_ekipman
ACER X138whp 4000 Ansı Lümen 1280x800 Dlp Projeksiyon Cihazı ACERX138WH,teknoloji_ekipman
Coverzone M113 Şarjlı Nostaljik Radyo Usb/sd/mp3 Bluetooth Kahve Koyu d9j3lk,teknoloji_ekipman
Meier M-111bt Şarjlı Nostaljik Radyo Bluetootlu-kumandalı Usb/sd/mp3 111bt,teknoloji_ekipman
Meier Bluetoothlu Kumandalı Usb Nostalji Radyo Tfcard 111b,teknoloji_ekipman
OPTOMA EH400 1080p Full HD 1920x1080 4000 ANSI 22.000:1 HDMI DLP 3D Projeksiyon Cihaz,teknoloji_ekipman
lecoo Lenovo Ds102 Kablolu Aux Soundbar Hoparlör TYC0073891542,teknoloji_ekipman
Meier M-113bt Şarjlı Nostaljik Radyo Usb/sd/mp3 Bluetooth Hoparlör Retro Radyo GLD-4,teknoloji_ekipman
DailyLink Aun A30 Full Hd Wifi 1080 Destekli Mini Projeksiyon Cihazı Cep Telefonu Yansıtma SKAUNA3,teknoloji_ekipman
IDS 4 Kameralı 5mp Lensli 1080p Fullhd Kamera Seti - Gece Görüşlü - Su Geçirmez - Cepten Izle DS-2021HDSET,teknoloji_ekipman
"Everton Rt-819 Güneş Enerjili Nostaljik Fm,aux,usb Müzik Çalar RT 81",teknoloji_ekipman
TECHNOM Astronot Tasarım Galaxy Yıldız Plazma Gökyüzü Gece Lambası Zamanlama Fonksiyon Kumandalı Projektör ASTROCOSM,teknoloji_ekipman
Concord C-592 Hdtv Premium Yüksek Hızlı 4k Ultra Hd 3 Mt Hdmı Kablo ATM6727C000,teknoloji_ekipman
DailyLink Aun Full Hd Telefon Uyumlu Projektör 1080p Led Projeksiyon SKAUNPROJEKSYO,teknoloji_ekipman
Meier M-111bt Koyu Renk Nostaljik Radyo Ahşap Görünümlü Bluetooth Hoparlör Fm Sd Kart Usb Girişi M-111B,teknoloji_ekipman
IDS 2 Kameralı 5mp Lensli 1080p Fullhd Kamera Seti - Gece Görüşlü - Su Geçirmez - Cepten Izle DS-2020HDSET,teknoloji_ekipman
GÖLGE STOR En180cm Boy170cm Manuel Projeksiyon Perdesi Parlama Yapmaz 180X17,teknoloji_ekipman
ELİTCAM Metal Kasa 4 Kameralı Full Hd Güvenlik Kamera Seti 5mp Lens 1080p TYC0073436774,teknoloji_ekipman
IDS 5 Kameralı 5mp Lensli 1080p Fullhd Kamera Seti - Gece Görüşlü - Su Geçirmez - Cepten Izle DS-2021HDSET,teknoloji_ekipman
OPTOMA W371E 3800 Lümen 1280X800 25000 Kontrast DLP Projeksiyon Cihaz,teknoloji_ekipman
DailyLink Kulaklık Uhf Kablosuz Headset Mikrofon SKKAFAMKKRF,teknoloji_ekipman
GÖLGE STOR En200cm Boy180cm Manuel Projeksiyon Perdesi Parlama Yapmaz 200X19,teknoloji_ekipman
"Sunny SN50LEDH6886 50"" 127 Ekran 4K Ultra HD Android Google Smart LED T",teknoloji_ekipman
Meier M-112bt Şarjlı Nostaljik Bluetooth Fm Radyo Usb/sd/mp3 10501,teknoloji_ekipman
Concord C-514 Nylon Örgülü Hdmı Kablo 3mt ATM6727C000,teknoloji_ekipman
Trendfone Yeni Model Bluetooth Fm Sd Kart Aux Usb Özellikli Nostaljik Ahşap Radyo Istanbul Model BLT-18,teknoloji_ekipman
Micropack Portatif Lcd Ekran Kablosuz Zamanlayıcılı Titreşimli 2.4 Ghz Multimedya Wpm-03 Sunum Slayt Kumandası 697051749206,teknoloji_ekipman
netses Usb Mini S. Kayıt Cihazı Kolay Kullanım Pratik Mp3 Ses se,teknoloji_ekipman
LiteOut 180x180cm Storlu Manuel Projeksiyon Perdesi PRD102,teknoloji_ekipman
XMEYE 8 Kameralı 5mp Lensli 1080p Fullhd Kamera Set AHDSET5570HK1X,teknoloji_ekipman
LiteOut 200x200cm Storlu Manuel Projeksiyon Perdesi PRD102,teknoloji_ekipman
GÖLGE STOR En270cm Boy210cm Motorlu Projeksiyon Perdesi Parlama Yapmaz MO27023,teknoloji_ekipman
GÖLGE STOR En240cm Boy190cm Manuel Projeksiyon Perdesi Parlama Yapmaz MA24020,teknoloji_ekipman
Tchibo Wıfı Internet Radyo Bluetooth Spotify Fm Radyo Aux Mp3 Renkli Ekran Uzaktan Kumanda 406367605455111,teknoloji_ekipman
"YILTECH 1.5 Metre Hdmi Kablo , 4k Uhd Destekli 1.5 Mt Hdmı Kablo hdmikabl",teknoloji_ekipman
GÖLGE STOR En260cm Boy200cm Motorlu Projeksiyon Perdesi Parlama Yapmaz MO26022,teknoloji_ekipman
"Sunny SN39DAL13 39"" 99 Ekran HD Android LED T",teknoloji_ekipman
ELİTCAM 8li 5 Mega Piksel Lensli 1080p Görüntülü Kamera Seti TYC0073436757,teknoloji_ekipman
ELİTCAM 6 Kameralı Full Hd 1080p Kamera Seti TYC0073436052,teknoloji_ekipman
NUO XR-757 2800 Lumen 1280x720 HDMI LED Projeksiyon Cihaz,teknoloji_ekipman
"NAVITECH Lds-4056fhd, 40” Framless Android Smart, Full Hd Led Ekran LDS-4056 FH",teknoloji_ekipman
GÖLGE STOR En240cm Boy190cm Motorlu Projeksiyon Perdesi Parlama Yapmaz MO24020,teknoloji_ekipman
LiteOut 160x160cm Storlu Projeksiyon Perdesi LITEOUT160,teknoloji_ekipman
GÖLGE STOR En260cm Boy200cm Manuel Projeksiyon Perdesi Parlama Yapmaz PRSMA18,teknoloji_ekipman
GÖLGE STOR En210cm Boy180cm Motorlu Projeksiyon Perdesi Parlama Yapmaz MO21019,teknoloji_ekipman
LiteOut 150x150cm Storlu Projeksiyon Perdesi LO150S,teknoloji_ekipman
LiteOut 250x190cm Storlu Manuel Projeksiyon Perdesi PRD103,teknoloji_ekipman
GÖLGE STOR En200cm Boy180cm Motorlu Projeksiyon Perdesi Parlama Yapmaz PRSMO20,teknoloji_ekipman
ELİTCAM Elit 8kameralı Pro Set Full Hd 1080p Hdd Dahil TYC0073436109,teknoloji_ekipman
LiteOut 240x200cm Storlu Manuel Projeksiyon Perdesi PRD102,teknoloji_ekipman
"Plusaparat St-512 Yükseklik Ayarlı 17""-24"" Led-lcd Monitör Standı ST-512 MONİTÖR STAND",teknoloji_ekipman
ELİTCAM 12 Li Kamera Güvenlik Seti Sistemi 2.0 M.pixel Full Hd Hdd Dahil TYC0073436430,teknoloji_ekipman
NOSTALJİM 3 Lü Set Radyo + Dekoratif Metal Telefon + Dekoratif Metal Gramofon BRGT757,teknoloji_ekipman
"Hometech Trt Nostaljik Mini Radyo(ÖZEL TRT KUTUSUNDA,BLUETOOTHLU, PİL VE ADAPTÖR DAHİLDİR) 221",teknoloji_ekipman
BLOMSTER Everton Rt-827 Usb/fm/bt Solar Paneli Nostajık Radyo RT82,teknoloji_ekipman
"ÇELİKWORK 7 In 1 Bilgisayar , Telefon, Tablet, Klavye, Kulaklık, Laptop Çok Işlevli Temizleme Seti TYC0062388250",teknoloji_ekipman
"Everton Rt-801 Bluetooth Nostalji ,şarjlı 6-8 Band Radyo ,usb, Sd ,aux, Mp3 Player RADYO-01",teknoloji_ekipman
Paleon Chromecast Kablosuz Ekran Yansıtma 4k PL8362CHR,teknoloji_ekipman
"Coverzone Kablosuz Lazer Sunum Kumandası Usb Alıcılı 2,4 Ghz Powerpoint Sunumu Kırmızı Işık Uzaktan Kumanda ssww1223",teknoloji_ekipman
XMEYE Catsıs 4 Kameralı 5mp Lensli 1080p Fullhd Kamera Seti - Gece Görüşlü - Su Geçirmez - Cepten Izleme XM 100,teknoloji_ekipman
"Skytech 55st2204 55"" 140 Ekran 4k Ultra Hd Webos T",teknoloji_ekipman
XMEYE Catsıs 8 Kameralı 5mp Lensli 1080p Fullhd Kamera Seti - Gece Görüşlü - Su Geçirmez - Cepten Izleme TYC0048814929,teknoloji_ekipman
Concord Mc-7 Pc Masaüstü Microfon ATM6727DR08,teknoloji_ekipman
ELİTCAM 5.0 M.pixel Lens 8 Kameralı Set 1080p Fullhd Gecegörüş Hdd Dahil TYC0073436643,teknoloji_ekipman
"Everton Rt-840 Bluetooth, Usb/sd/aux/fm 3 Band Radyo Nostalji Müzik Kutusu",teknoloji_ekipman
Kingboss Type-c Kablosuz Yaka Mikrofon Taşınabilir Ses Video Kayıt Mini Iphone Için Mikrofon/android Telefonn DS52621323,teknoloji_ekipman
PRYCAM SECURITY Pr-8204 4 Kanal Kamera Kayıt Cihazı Ahd Analog Ip Hibrit Güvenlik Kamerası Kayıt Cihazı Dvr PR-8204P,teknoloji_ekipman
XMEYE Gece Renkli 8 Kameralı 4 Warm Led 5mp Lensli 1080p Fullhd Kamera Seti WARM4AHDSET8,teknoloji_ekipman
Tchibo Wıfı Internet Radyo Mp3 Bluetooth Fm Radyo Usb Aux Renkli 4063676054551,teknoloji_ekipman
XMEYE 4 Kameralı 5mp Lensli 1080p Fullhd Kamera Set AHDSET5570HK1X,teknoloji_ekipman
UTC Nostaljik Radyo Istanbul Pembe Adaptör Nostaljik Radyo İstanbul + Adaptö,teknoloji_ekipman
OWWOTECH Bluetooth Hoparlör 3.5mm Jack Kablolu Bilgisayar Hoparlörü Müzik 2+1 Ses Sistemi Fm Radyo Usb Speker Owwo-FT-20,teknoloji_ekipman
GoldMaster Lord Şarj Standlı Dijital Ekran Taşıma Çantalı Saç Ve Sakal Şekillendirici Kesme Makinesi TYC0027044484,teknoloji_ekipman
Trina Afro Dalga 9.5mm Rose Gold Seramik Maşa- Dijital Ekran 007,teknoloji_ekipman
GoldMaster Harmony Turmalin Seramik Plakalı 360 Derece Dönebilir Kablo Saç Şekillendirici Maşa GM-719,teknoloji_ekipman
Xiaomi Enchen Hummingbird Usb Şarjlı Saç Kesme Makinesi XİAOMİ ENCHEN HUMMİNGBİR,teknoloji_ekipman
GoldMaster Procurly Seramik Plakalı 360 Derece Dönebilir Kablo Saç Şekillendirici Maşa PH-322,teknoloji_ekipman
GoldMaster Diamond Dijital Ekran Seramik Plakalı 360 Derece Dönebilir Kablo Saç Şekillendirici Maşa BY 510,teknoloji_ekipman
medisana Hero Turbo Hız Fonksiyonlu Micro Usb Şarj Özellikli Saç Sakal Şekillendirme Makinesi Md7808 MD-780,teknoloji_ekipman
LG Oxygen Arıtmalı Su Sebili ( Membran Teknolojisi) oxyge,teknoloji_ekipman
Samsung Galaxy Tab A8 X200 3gb Ram 32gb Siyah Tablet( Trio 500 Kablosuz Klavye Hediyeli) SM-X200-Silve,teknoloji_ekipman
Mcstorey Macbook Air M1 ile Uyumlu Klavye Koruyucu TouchID A2179 A2337 Türkçe Baskı Gradient 00115,teknoloji_ekipman
Casper Excalibur G870.1245-DFA0X-B Intel Core i5-12450H 32GB RAM 1TB NVME SSD 6GB RTX4050 Freedo,teknoloji_ekipman
Casper Nirvana C500.1235-BV00X-G-F Intel Core i5-1235U 16GB RAM 500 GB NVME SSD Freedo,teknoloji_ekipman
ASUS Rog Crosshair Vııı Formula Amd X570 Am4 Ddr4 4800 Çift M2 Usb 3.2 Ax Wifi + Bt A KLK1618,teknoloji_ekipman
Philips Hd7768/80 Filtre Kahve Makinesi HD7768/8,teknoloji_ekipman
Techmaster Type-c Usb 3.1 Den 4 Adet Usb 3.0 Hub Otg Çoğaltıcı Adaptörü C809 c809-type-,teknoloji_ekipman
"LENOVO Ideapad Gaming3 Core I5-11320h 8gb 256gb Ssd Rtx 3050ti Freedos 15,6"" Fhd Notebook 82k101fqtx 82K101FQT",teknoloji_ekipman
NVIDIA Geforce Rtx 3090 Ekran Kartı (ithalatçı Garanti) NVDIA309,teknoloji_ekipman
"LENOVO F0G100L4TX AMD Ryzen 5 8GB 256GB SSD AMD Radeon Graphics 23.8"" FHD IPS Freedos Al",teknoloji_ekipman
TURBOX Aio260 I5-3470s 16gb Ram 512 Gb Ssd 23.6 Pivot All In One Pc raio-aio260/i5-3470,teknoloji_ekipman
Teknoloji Gelsin Bluetooth Kulaklık Kulakiçi Powerbankli Çift Mikrofonlu Dokunmatik Kablosuz Kulaklık Earbuds Tws F9-,teknoloji_ekipman
melitta Caffeo Passione Tam Otomatik Kahve Makinesi Gümüş 1741772,teknoloji_ekipman
"HP Laptop 14s-fq1014nt, 14 inç, AMD Ryzen 5 5500U, 8 GB Ram, 256 GB SSD, Windows 10 Home, 4H0V4EA 12503419",teknoloji_ekipman
ASUS X515ea-ej1198 I5-1135g7 8gb Ram 256gb Ssd 15.6 Inç Fhd Freedos X515EA-EJ119,teknoloji_ekipman
"looqatme 13.3 "" Inç - 14 "" Inç Kadın Macbook , Evrak , Laptop Çantası Bej CO-0005-B",teknoloji_ekipman
Smeg Bcc02blmeu 50's Style Espresso Otomatik Kahve Makinesi BCC02BLME,teknoloji_ekipman
UnDePlus Dokunmatik Tablet Telefon Kalemi +1 Yedek Uç Renk Geçişli Passive Stylus Bilgisayar Kalem pen10,teknoloji_ekipman
Techmaster Usb 3.0 Dan 4 Adet Usb 3.0 Hub Otg Çoğaltıcı Adaptörü A-809 Uyumlu a809-usb-yen,teknoloji_ekipman
KORKMAZ Otantik Kahve Makinesi Bej 9030601A865-0,teknoloji_ekipman
NiiMbot Etiket Yazıcısı Yeşil Taşınabilir Kablosuz Bt Termal Etiket (USB ŞARJLI) TYC0060427143,teknoloji_ekipman
Crown Micro Bluetooth 5.0 Sporcu Kulaklık 694114161108,teknoloji_ekipman
HP Laptop 14s-fq0014nt Ryzen3 3250u 14 Inç 4 Gb Ram 128 Gb Ssd Windows 10 HP Laptop 14s-fq0014n,teknoloji_ekipman
Techmaster Type-c Usb 3.1 Den 4 Adet Usb 3.0 Hub Otg Çoğaltıcı C809 Füme c809fum,teknoloji_ekipman
"TURBOX I5 3470 8gb Ram 256gb Ssd Wifi Klavye Mouse 23.6"" Pivot Webcam All In One Bilgisayar A76 P10395S920",teknoloji_ekipman
LG Oxygen Arıtmalı Su Sebili ( Membran Teknolojisi) oxyge,teknoloji_ekipman
"IZOLY A522 I5-2520m 3.20ghz 8gb 128ssd 24"" All In One Bilgisayar AS0058",teknoloji_ekipman
IDS 4 Kameralı 5mp Lensli 1080p Fullhd Kamera Seti - Gece Görüşlü - Su Geçirmez - Cepten Izle DS-2020HDSET,teknoloji_ekipman
TrkTech Type - C 4 Girişli Usb Çoğaltıcı Type-c To Usb Hub 4 Ports typectrktec,teknoloji_ekipman
IZOLY Rengar X I5-750 8gb 256gb Ssd Gt740 4gb 22'' Masaüstü Oyun Bilgisayarı ST99860,teknoloji_ekipman
Techmaster Hdmı To Vga Hdmi To Vga Adaptör Ses Çıkışlı Kablolu Dönüştürücü hdmi-to-vga-se,teknoloji_ekipman
Bayer Samsung Galaxy Buds 2 Uyumlu Logolu Seri Numaralı Supercopy Bluetooth Kablosuz Kulaklık BYR-GalaxyBuds,teknoloji_ekipman
AVOX Türk Kahve Makinesi 1-4 Fincan Sensörlü Sparkling Coffe*e,teknoloji_ekipman
Mkey Kablosuz Klavye Mouse Seti Türkçe Q Klavye Sessiz Set Pembe MK-11,teknoloji_ekipman
Arabasına Aşıklar Kulübü Gümüş Taşlı Iphone 11 Pro Max Telefon Kabı HWCY-GJKO-JVZB-TYGK-ARBK-29,teknoloji_ekipman
Syrox Mikrofonlu Stereo Kulaklık K11 Beyaz (kablolu) 8930000007315 KL1,teknoloji_ekipman
Vorcom 10.1 Inc 6 Gb Ram 128 Gb Hafıza 1920*1200 Ips Ekran 8 Çekirdek Işlemcili Quartzpro Tablet QuartzProTable,teknoloji_ekipman
"IZOLY M145 I5-560m 4gb 128gb 19"" Masaüstü Bilgisaya",teknoloji_ekipman
Techmaster G-system D015 Stereo Usb Hoparlör Bilgisayar Pc Tablet Notebook TYC0072259928,teknoloji_ekipman
ADK STORE Kablosuz Bluetooth Kulaklık Iphone Android Uyumlu Ultra Hd Ses ADK25,teknoloji_ekipman
MY MÜRDÜM Sevimli Kablo Koruyucu Set TYC0078949997,teknoloji_ekipman
Üzegül Aksesuar Pro 5 Kablosuz Bluetooth Kulaklık Apple Android Tüm Telefonlar Ile Uyumlu üAmini,teknoloji_ekipman
Mcstorey Laptop Çantası Macbook Air Pro 13inc Bilgisayar Notebook Kılıfı Su Geçirmez 00104,teknoloji_ekipman
Foon Iphone Tüm Serilerle Uyumlu Type-c Hızlı Şarj Aleti Kablosu 2 Metre Iphone 11/12/13/pro/pro Max Usb-C Lightning (2m,teknoloji_ekipman
Casio Projeksiyon Xj-l8300hn 4k XJ-L8300H,teknoloji_ekipman
kamera online Düğme Gizli Bakıcı Kamera KMRGM101,teknoloji_ekipman
Üzegül Aksesuar 2. Nesil Kablosuz Bluetooth Kulaklık Hızlı Şarj Kablolı ÜaAir2,teknoloji_ekipman
teknosepetim Dokunmatik Renk Değiştiren Işıklı Speaker Hoparlör Bluetoothlu Gece Lambası Ses Topu IŞIKLI SES TOP,teknoloji_ekipman
Reca Manzara Projeksiyon Instagrammer Tiktoker Arkaplan Işığı manzara-projeksiyo,teknoloji_ekipman
IZOLY 16gb Ddr4 3200mhz Cl22 Pc4-25600 Soğutuculu Desktop Ram 16GBDDR,teknoloji_ekipman
Roxbros Macbook 11 12 Inç Uyumlu Bilgisayar Çantası TYC0035459212,teknoloji_ekipman
Zebra Tc21 El Bilgisayar TC210K-01B212-TR / TC210K-01B232-T,teknoloji_ekipman
Dynego Ax 3.nesil Bluetooth Kulaklık Ios Android Uyumlu airpods3nesildyn,teknoloji_ekipman
gzhome Astronot Tasarım Galaxy Yıldız Plazma Gökyüzü Gece Lambası Zamanlama Fonksiyon Kumandalı Projektör 123321,teknoloji_ekipman
VESTEL Vr Bluetooth Kumandalı 3d Sanal Gerçeklik Gözlüğü (4.7” Ve 5.5” Ekran) vestel-gozlu,teknoloji_ekipman
IZOLY Amd Radeon Rx550 4gb Gddr5 128 Bit Dvı/hdmı/dp Ekran Kartı ST0315,teknoloji_ekipman
Vidar Ae6s Bluetooth 5.0 Kablosuz Kulaklık Çift Mikrofonlu Powerbank Kutulu Şarj Kablosu Vd-Tws0,teknoloji_ekipman
Epson L3550 Ecotank Yazıcı-tarayıcı-fotokopi 4x65ml+1 Mürekke,teknoloji_ekipman
"GAMELİNE Zx15 | I5-3470 16gb Ram 256gb Ssd 19"" Masaüstü Takım Bilgisayar ZX1",teknoloji_ekipman
Dolia Xiaomi Mi Band 5 Mi Band 6 Mi Band 7 Uyumlu Usb Şarj Kablosu Aleti Hızlı Manyetik Şarj Aleti STKU: 54399,teknoloji_ekipman
TECHNOM Tüm Cihazlara Uyumlu Dokunmatik Universal Stylus Ipad Android Tablet Kalemi Stylus-pe,teknoloji_ekipman
"Mega Oto Market 10moons G10 10 X 6.25"" Grafik Tablet 10moons-g1",teknoloji_ekipman
ACER X138whp 4000 Ansı Lümen 1280x800 Dlp Projeksiyon Cihazı ACERX138WH,teknoloji_ekipman
Philips Ep1220/10 Tam Otomatik Espresso Ve Kahve Makinesi phpsök,teknoloji_ekipman
Heiman Hm-820 4g Uyumlu Sim Kartlı Güneş Enerjili ( Solar ) 360° Hareketli Akıllı Kamera -uygulama Kontrol HM-82,teknoloji_ekipman
Bilişim Aksesuar Apple Yeni Nesil Şarj Başlık Ve Kablo Koruyucu Seti Pink Lovely Tasarımlı TYC0078036910,teknoloji_ekipman
TrkTech Type-c - Usb Dönüştürücü 3.0 Yüksek Hızlı Veri Aktarımı Otg Çevirici Trktechus,teknoloji_ekipman
Smart Pro Bluetooth Kulaklık Gürültü Engelleme & Şeffaf Mod Aktif Kablosuz Kulaklık Anc Pro airpods10121,teknoloji_ekipman
Verico 128 Gb Usb 2.0 Usb Flash Bellek Akver-128gb AKKRORDC3-N,teknoloji_ekipman
IZOLY Hugly Ryzen 7 5800x 16gb 500gb M2 Nvme Msı Rtx2060 Super Oc 8gb Masaüstü Oyun Bilgisayarı LY11,teknoloji_ekipman
Lucatech Iphone 7 / 8 / X / 11 / 12 / 13 / 14 Uyumlu Lightning Kablolu Kulaklık ( Bluetooth Connect ) 99059930,teknoloji_ekipman
"Monster Abra A5 V17.3.5 Intel Core i7 11800H 16GB RAM 500 GB SSD RTX 3050 Ti FreeDOS 15,6 inç FHD 144 Hz ABRA A5 V17.3.",teknoloji_ekipman
UpWay Katlanabilir Alüminyum Turbo Fanlı Macbook Laptop Soğutucu Stand 10-17 Inç SKTURBOFA,teknoloji_ekipman
akcepazar Soft Pantone Çizgili Dizüstü Bilgisayar Laptop Pc Macbook Üzerine Kaplama Için Sticker pcaestheti,teknoloji_ekipman
StickerArt Laptop Sticker Bilgisayar Notebook Pc Kaplama Etiketi Formüller Matematik LNS-32,teknoloji_ekipman
VESTEL Akıllı Wı-fı Ip Kamera 2027623,teknoloji_ekipman
Fujifilm Instax Mini Link 2 Uzay Mavisi Akıllı Telefon Yazıcısı Bundle Box FOTSI0018,teknoloji_ekipman
"TURBOX Tx45 I7 860 8gb Ram 256gb Ssd 4gb Ek. 23.8"" Curved Masaüstü Oyun Pc Bilgisayarı ATM991841",teknoloji_ekipman
SIGHTZER Büyük Boy Toplantı Anfisi 12 Inç Kablosuz Bluetooth Hoparlör Tekerlekli Speaker MN-1,teknoloji_ekipman
Canon P-215 Iı Taşınabilir Döküman Tarayıcı 81388,teknoloji_ekipman
tuneex Tüm Modellerle Uyumlu Çelik 5 Açıda Kolay Ayarlanır Notebook Laptop Standı Yükseltici Altlık TUNEEX0595001,teknoloji_ekipman
Apple Iphone Uyumlu 11/11 Pro Max - 12 12 Pro Uyumlu Usb-c - Lightning Kablosu (1 M) UsbC cabl,teknoloji_ekipman
"ASUS X515ea-br2026 I5-1135g7 8gb 256gb Ssd 15.6"" Hd Led Freedos Notebook 1856",teknoloji_ekipman
TANCELL Orjinal Iphone Hızlı Şarj Aleti 20w Adaptör+kablo Tüm Iphone Modellerine Uyumlu Apple Mfi Lisanslı TANCELLPDCL,teknoloji_ekipman
Ajazz Aj308 Bluetooth Daktilo Tarzı Retro Klavye 84 Tuş Kompakt Tasarım Aj308i,teknoloji_ekipman
"Classone Bp-sv 100 Savona 15.6"" Uyumlu Notebook Sırt Çantası (koyu Gri) BP-SV10",teknoloji_ekipman
Jasmin2020 Laptop Sticker Notebook Kaplama Etiketi Ressam Kız LS-14,teknoloji_ekipman
TEKNETSTORE Sensitivity Stylus Kapasitif Dokunmatik Kalem Çizim Ve Tasarım Tablet Kalemi Tüm Cihazlar Ile Uyumlu 423216197507,teknoloji_ekipman
"Ekalitem Huawei P30 Lite, P30 Pro Uyumlu Bulututlu Kulaklık Mikrofonlu Kulaklık Mipods E10 uyumlue10-7",teknoloji_ekipman
VOOKA Vilya G Bluetooth Hoparlör 15w Hızlı Şarj Gece Lambası Alarm Özel Asistan Led Ambiance 5in1 VG-,teknoloji_ekipman
James Donkey Jd256 256gb 3d Nand 2000mb-1000mb/sn Nvme M.2 Pcı-e Ssd Disk James Donkey JD25,teknoloji_ekipman
"IZOLY A523 I5-2520m 3.20ghz 8gb 256ssd 24"" All In One Bilgisayar TYC0015605551",teknoloji_ekipman
"LENOVO Ideapad 3 15.6'' Intel Core I5-1035g1, 8gb Ram, 256gb Ssd, Freedos, 81we01r5tx Notebook 81WE01R5T",teknoloji_ekipman
Exnogate Curve Notebook/ Macbook Standı (RENK: MAT SİYAH) ECNM,teknoloji_ekipman
Fibaks Samsung Galaxy Tab A8 10.5 Sm-x200 Uyumlu Smart Kapak Katlanabilir Koruyucu Tablet Kılıfı Smart-Galaxy-X-20,teknoloji_ekipman
Tinder Gold 6 Aylık Abonelik 110000000010,eglence
Vetech 4 Port Usb Çoğaltıcı Hub Laptop & Pc Çoklayıcı TYC0070129902,teknoloji_ekipman
"Technopc Ultrapad Up07.s21ga 7"" 2gb 16gb 3g Sim Kartlı Android 10 Tablet ELEKTRONIK-868013902557",teknoloji_ekipman
Blic Lcd Yazı Cizim Tableti 10 Inc Kedili Eğitim Dijital Tableti Yaz Boz Tahtasının Lcd Tablet Hali Mavi 420203437,teknoloji_ekipman
Vankyo Leisure 470 Pro Native 1080p 5g Wi-fi Lcd Led Projeksiyon Cihazı - 250 Inç Yansıtma - Dahili Leisure470pr,teknoloji_ekipman
Philips Sarı 1 Usb Çıkış Lityum Ion Micro Usb Powerbank Dlp5206yl 4000 Mah DLP520,teknoloji_ekipman
Evocase EVO301 Bilek Destekli Mouse Pa,teknoloji_ekipman
Utelips Gürültü Iptal Gamer Ekipmanı Kablolu Rgb Oyun Kulaklığı Gamer Kulaklık Surround Ses Stereo V9000? ak121,teknoloji_ekipman
Utelips Hem Mobil Hem De Konsolda Oyun Keyfini Yaşayın Oyun Klavyesi Ve Fare Seti Bağlantı Ekipmanı Gamer pl50,teknoloji_ekipman
Utelips Kablolu Rgb Oyun Kulaklığı Gamer Kulaklık Surround Ses Stereo V5000 Gürültü Iptal Gamer Ekipmanı ak118,teknoloji_ekipman
Utelips Gürültü Iptal Gamer Ekipmanı Kablolu Rgb Oyun Kulaklığı Gamer Kulaklık Surround Ses Stereo V1000 ak119,teknoloji_ekipman
Utelips Kablolu Rgb Oyun Kulaklığı Gamer Kulaklık Surround Ses Stereo V2000 Gürültü Iptal Gamer Ekipmanı ak120,teknoloji_ekipman
Utelips Gürültü Iptal Gamer Ekipmanı Kablolu Rgb Oyun Kulaklığı Gamer Kulaklık Surround Ses Stereo H90 ak122,teknoloji_ekipman
Kai 2.4 A Type-c L Game Şarj Kablosu Oyunculara Özel Kablo TYC0006037543,teknoloji_ekipman
Kai 2.4a Ios Fast Usb Oyunculara Özel L Kablo TYC0006037528,teknoloji_ekipman
Kai 2.4a Mikro Oyunculara Özel L Kablo TYC0005360739,teknoloji_ekipman
Kai 2.4a Mikro Oyunculara Özel L Kablo KAİ-02,teknoloji_ekipman
Kai 2.4a Ios Fast Usb Oyunculara Özel L Kablo TYC0005360739,teknoloji_ekipman
İPAX Swarovski Taşlı Telefon Askısı Ipli Telefon Boyun Askısı Taşlı Telefon Askısı Telefon Askılığı İPTELAS109,teknoloji_ekipman
modern tekno 360° Wifi Ip Güvenlik Kamera 5 Antenli Gece Görüşlü Sensörlü Harekete Duyarlı Sesli 5-antenli-camera mdrntkn889,teknoloji_ekipman
İPAX Swarovski Taşlı Telefon Askısı Ipli Telefon Boyun Askısı Taşlı Telefon Askısı Telefon Askılığı İPTELAS109,teknoloji_ekipman
Mediatech Mini 1080p Hd Kamera Çocuklar Için Dijital Fotoğraf Makinesi 2.0 Inç Ekran 720-1080p Pembe Renk KAMERAPEMB,teknoloji_ekipman
Fujifilm Instax Mini Link 2 Toz Pembe Akıllı Telefon Yazıcısı Ve 20'li Mini Film FOTSI00169-2,teknoloji_ekipman
İPAX Swarovski Taşlı Telefon Askısı Ipli Telefon Boyun Askısı Taşlı Telefon Askısı Telefon Askılığı İPTELAS109,teknoloji_ekipman
İPAX Swarovski Taşlı Telefon Askısı Telefon Bilek Askısı Ipli Telefon Bilek Askılığı Telefon Bilekliği İPTELAS109,teknoloji_ekipman
İPAX Swarovski Taşlı Telefon Askısı Ipli Telefon Boyun Askısı Taşlı Telefon Askısı Telefon Askılığı İPTELAS109,teknoloji_ekipman
Mediatech Mini Dv Kamera Full Hd 1080p Video Kaydedici Gece Görüşlü Ultra Küçük Mini Kamera Svn7,teknoloji_ekipman
Rensta 2k (qhd) Mini Kamera Uzak Izle Hd Online Kamera RENSTAQH,teknoloji_ekipman
Fujifilm Instax Mini Link Se Beyaz Akıllı Telefon Yazıcısı FOTSI0015,teknoloji_ekipman
Sony Hdr-cx240e Exmor R Cmos Sensörlü Video Kamera HDRCX24,teknoloji_ekipman
"Wevolt X10 1080p Ultra Mini Wifi Kamera Gece Görüşlü Mini Dv Kamera 1080p. A9 Pro Wifi Kamera.,, MB-80",teknoloji_ekipman
Nanocamcoders Full Hd 1080p Fotokapan Avcı Gizli Mini Mikro Kamera Casus 3 Ay Bekleme Süresi TYC0074301641,teknoloji_ekipman
"Kodak Zx1 2"" Lcd Hd Dijital Pembe Video Kamera ZX1 2"" LCD pemb",teknoloji_ekipman
Samsung Wb0-200f 14.2 Mp 18x Zoom Dokunmak Ekran Wi-fi Dijital Fotoğraf Makinesi Vitrin Sıfır Ürün WB0-200,teknoloji_ekipman
GEZBUL STORE Kalem Hd Kamera (1080p) 14110605454545968563,teknoloji_ekipman
Haikon Hikvision Ds-2ce76dot-exıpf Tvı Ahd 1080p 2mp 2.8mm Sabit Lens Ir Dome Kamera 145213,teknoloji_ekipman
kendinalyap X10 1080p Mini Wifi Kamera Gece Görüşlü Hareket Sensörlü Mini Dv Kamera 1080p sq11pr,teknoloji_ekipman
ELBA Mini Kamera 1080p Mikro Kamera Ultra Küçük Kamera q1,teknoloji_ekipman
HavuzElektronik Endoskop Yılan Kamera 2 Mt Su Geçirmez HvzHK306A,teknoloji_ekipman
Thorparacord Professional Telefon Macro Lens Kiti 0.45x Süper Geniş Açı & 12.5x Süper Makro Lens Hd Kamera 16092022,teknoloji_ekipman
Sony Dcr-hc42e Mini Dv Video Kamera Nostalji Batarya Sorunlu HSYLMZ0572,teknoloji_ekipman
FototekFotograf Pro Led-320 Video Kamera Işığı Tepe Lambası Led Işık F770 Pil Ve Şarjla Birlikte fttkdp32,teknoloji_ekipman
NEEPHO Bluetooth Kumandalı Profesyonel 175 Cm Kamera Ve Cep Telefonu Tripodu Telefon Tutuculu Ve Çantalı OEMBŞL,teknoloji_ekipman
kamera online 4k Wifi Yeni Model Gizli Duman Dedektörü Video Kamera Hareket Sensörü7/24 Canlı Izleme Kayıt DT455,teknoloji_ekipman
Protonust Sunset Gün Batımı Lamba Modern Led Gece Lambası Romantik Projeksiyon Gün Batımı Led Işık Projektör prork6,teknoloji_ekipman
Bbox Canon Nikon Sony Uyumlu Fotoğraf Makinesi Laptop Bölmeli Sırt Çantası Su Geçirmez Bbox661,teknoloji_ekipman
Funsy Laptop Kamera Kapatıcı | Game Over 199101F,teknoloji_ekipman
"Sezy 2.4"" Dijital Fotoğraf Makinesi Ekran Çocuklar Için Kids 1080p SZYSPFSDKLLHPPP-X700-MAV",teknoloji_ekipman
Goldtec Ip Kamera + 1080p Speed Dome Ptz 2mp Dış Mekan Ip Kamera GLD-10,teknoloji_ekipman
FototekFotograf Canon Nikon Fotoğraf Makinesi Için Dslr Sırt Çantası Laptop büyüksırtçantas,teknoloji_ekipman
Battunique Beyaz 360 Derece Dönebilen Kablosuz Wifi Ip Kamera 1080p Full Hd 3 Mp Gece Görüşlü Hareketli Kamera 3-Antenli-camer,teknoloji_ekipman
Sony Pxw-fx9 Xdcam 6k Full-frame Sinema Kamera PXW-FX,teknoloji_ekipman
caddefoni Full Hd 1080p Fotokapan Avcı Gizli Mini Mikro Kamera Casus 3 Ay Bekleme Süresi cade,teknoloji_ekipman
Utelips Tüm Araba Camlarına Takılabilir 3 Kameralı Ön & Arka & Iç 4 Inç Ekran Dvr Hd Kamera Ekranlı Clio k25,teknoloji_ekipman
Sony Hdr-cx405 Exmor R® Cmos Sensörlü Full Hd Video Kamera HDRCX405B.CE,teknoloji_ekipman
Fujifilm Instax mini Link Mavi Akıllı Telefon Yazıcısı FOTSI0010,teknoloji_ekipman
Sony Hdv 1080i Kamera Kasetli Batarya Şarz Cihazı sny-1234567,teknoloji_ekipman
Urfakent Wifili Mini Mikro Kamera 1080p+hafıza Kartı Dahildir UFKXD-W,teknoloji_ekipman
Kodak Odak Ektar H35 Yarım Kare Film Kamera RK010,teknoloji_ekipman
Fujifilm Instax Mini Link 2 Uzay Mavisi Akıllı Telefon Yazıcısı Ve 10'lu Mini Film FOTSI00170-1,teknoloji_ekipman
FototekFotograf Nikon Dslr Sırt Çantası Çift Askılı Laptop Bölmeli Probag nikonsır,teknoloji_ekipman
Fujifilm Instax Mini Link Beyaz Akıllı Telefon Yazıcısı FOTSI0010,teknoloji_ekipman
İPAX Swarovski Taşlı Telefon Askısı Ipli Telefon Boyun Askısı Taşlı Telefon Askısı Telefon Askılığı İPTELAS109,teknoloji_ekipman
"Protonust Telefon Tablet Masa Tutucu Esnek Uzun Kollu 360 Derece 6"" 11"" pro61",teknoloji_ekipman
"Baseus Taşınabilir Mini Kızılötesi Casus Kamera Bulucu, 2 Modlu 5 Metre Ölçüm Mesafeli Dedektör 113558",teknoloji_ekipman
MENFRY Ayarlanabilir Teleskopik Masa Kenarlı Tablet Tutucu Telefon Tutucu 360° Oynar Başlık Tablet oznnnn,teknoloji_ekipman
Mbois Taşınabilir El Tipi Kamera Kaydedici Yüksek Çözünürlüklü Mini Video Araç Kamerası kg300057,teknoloji_ekipman
teknospy 4.5 Inç Ips Ekran Endoskop Çift Kameralı Su Geçirmez Muayene Boreskop Led Işık Yılan Kamera T2,teknoloji_ekipman
"Fujifilm Fuji Instax Mini Link2 Printer, Beyaz 000198851800",teknoloji_ekipman
Bilicra Iris Ev Içi Kamera BLCRA-IRİS,teknoloji_ekipman
Fujifilm Instax mini Link Mavi Akıllı Telefon Yazıcısı ve 20'li mini Film FOTSI00108-2,teknoloji_ekipman
Urfakent 5mp Led Projektörlü Mobese Ptz Kamera+hafıza Kartı Dahildir UFKPTZCA,teknoloji_ekipman
Canon Instant Cam. Printer Zoemini S2 Fotoğraf Makinesi Inci Beyazı 122168,teknoloji_ekipman
Canon XA11 Full HD Video Kamera (Canon Eurasia Garantili) 2218C00,teknoloji_ekipman
Sanyo Lcd Ekran Kamera SANYO VPC-TH1 VİDEO KAMER,teknoloji_ekipman
Fujifilm Instax Kare Sq1 Anında Kamera-buzul Mavisi SQ11667050,teknoloji_ekipman
Kodak Adımlı Anlık Yazıcı Ve Ios Ve Android Için Uygulamasına Sahip Bluetooth ?RODMP20AMZ,teknoloji_ekipman
Fujifilm Instax Mini Link 2 Toz Pembe Akıllı Telefon Yazıcısı Ve Çantalı Hediye Seti 3 FOTSI00169-SET,teknoloji_ekipman
Fujifilm Instax Mini Link 2 Uzay Mavisi Akıllı Telefon Yazıcısı Ve 20'li Mini Film FOTSI00170-2,teknoloji_ekipman
Urfakent 4g Sim Kartlı Güneş Enerjili Mobese Video Kamera+hafıza Kartı Dahildir UFK MOBESE4G VİDEO KAMER,teknoloji_ekipman
Utelips Araba Cama Takılan Sürüş Yolculuk Kaydeden Video Kayıt Kamerası 1080p Hd Gece Görüşlü Kamera Güvenli blu20,teknoloji_ekipman
"Kodak Smile Anında Baskı Dijital Fotoğraf Makinesi – Kaydırarak Açılabilen 10mp Kamera, 2x3 RODSMCAMBWAM",teknoloji_ekipman
Protonust Sunset Gün Batımı Lamba Modern Led Gece Lambası Romantik Projeksiyon Gün Batımı Led Işık Projektör prork6,teknoloji_ekipman
Sony Dcr-hc32e Mini Dv Video Kamera Nostalji Batarya Sorunu HSYLMZ0572,teknoloji_ekipman
Utelips Dijital Video & Fotoğraf Makinesi Çocuklar Için Dijital Akıllı 2.4 Inç Ekran Eğlenceli Şip Şak Kolay t69,teknoloji_ekipman
Fortinge Noa Tablet Prompter Bt-1 Bluetooth Kumanda Ile FORTINGE NOA PROMPTE,teknoloji_ekipman
Kodak Mini 3 Retro Akıllı Telefon Fotoğraf Yazıcısı - Beyaz P300R,teknoloji_ekipman
"Fujifilm Fuji Instax Mini Link2 Printer, Lacivert 000198851800",teknoloji_ekipman
The Mobile 2 Adet Aple Iphone Ipad Uyumlu Dual Kablosuz Telefon Taşınabilir Canlı Yayın Ve Oyun Yaka Mikrofonu K8,teknoloji_ekipman
Kalite Fotokapan 24 Megapixell + 32gb Hafıza Kart Ile Birlikte Süper Bir Ürün (cep Telefon Kadar Küçük) kalite456h,teknoloji_ekipman
Sony Dcr-trv480e Digital 8 990x Zoom Video Kamera Nostalji Batarya Sorunlu HSYLMZ0572,teknoloji_ekipman
"Ayex , Fujifilm Xt2, Xt3 Için C19 Cage, Kamera Kafesi JTL363",teknoloji_ekipman
Sony Fx30 Cinema Line Kamera Gövde HBCV000039I9L,teknoloji_ekipman
MORE TR Hero Gopro 5- 4- 3+- 3 Uv Kamera Lens Koruma P9439S796,teknoloji_ekipman
Powermaster Mini Wıfı Usb Ip Kamera (HAREKET ALGILAMA) Şarjlı Değildir 624,teknoloji_ekipman
Fujifilm Instax Mini Link 2 Toz Pembe Akıllı Telefon Yazıcısı Ve 10'lu Mini Film FOTSI00169-1,teknoloji_ekipman
Fujifilm Instax Mini Link 2 Uzay Mavisi Akıllı Telefon Yazıcısı FOTSI0017,teknoloji_ekipman
yoosee Wifi Araba Dikiz Geri Görüş Kamerası Geri Kablosuz Kamera yoosee3,teknoloji_ekipman
yoosee Yeni Özellikli 360° Wifi Ip Kamera Nesne Takip Gece Görüşlü yoosee3anten ip kamer,teknoloji_ekipman
Canon Instant Cam. Printer Zoemini S2 Fotoğraf Makinesi Koyu Turkuaz 122169,teknoloji_ekipman
Utelips 1080 Hd Renkli Büyük Ekran Akıllı Çocuklar Için Pembe Tatlı Eğlenceli Mini Dijital Fotoğraf Makinesi blu30,teknoloji_ekipman
yoosee Ys-09 Solar Güneş Enerjili Ip Kablosuz Kamera Tek Başına Dev Sistem Güvenlik Kamerası yoosee ys -0,teknoloji_ekipman
GEZBUL STORE Kamera Kalem (1080p) 567141106054564454,teknoloji_ekipman
pulnix xomitech Pulnix 4g 4 Mp Insan Takipli Model Solar Sim Kartlı Kamera PLX-SG6060İP,teknoloji_ekipman
Fujifilm Instax Mini Link 2 Beyaz Akıllı Telefon Yazıcısı FOTSI0016,teknoloji_ekipman
İRHANLAR 1080p Ip Modül Full Hd Wifi Kamera Güvenlik Kamerası Vida Görünümlü Mini 4k Ultra Hd sdfs,teknoloji_ekipman
STLIFE Mini Kamera 1080p Kamera Ultra Küçük Kamera STSQ1,teknoloji_ekipman
Urfakent 5mp 36x Optik Zoom Mobese Kamera Wifi Kamera Su Geçirmez +128 Gb Hafıza Kartı UFK36XOPTİKZOO,teknoloji_ekipman
Canon Eos R7 Body + Ef-eos R Mount Adaptör ADJLMPY,teknoloji_ekipman
Sony Cx240e Full Hd Video Kamera OGLCX24,teknoloji_ekipman
Kingline Gece Görüşlü 1080p Hoparlör Bakıcı Ve Güvenlik Kamerası Geniş Açı ME0,teknoloji_ekipman
Sanyo Cg10 Siyah Video Kamera CG1,teknoloji_ekipman
Ally Mobile Ally A9 1080p Mını Wıfı Kamera Gece Görüşlü Hareket Sensörlü Mın C4673-3338,teknoloji_ekipman
yoosee Büyük Kasa 50 Metre Gece Görülü Kablosuz Ip Kamera Sd Karta Kayıt Beyaz Flaş Işıklı dışortamipkamer,teknoloji_ekipman
Sony Ccd-trv438e Hi8 990x Zoom Video Kamera Nostalji Batarya Sorunlu HSYLMZ0571,teknoloji_ekipman
yoosee Ip Smart Wifi Güvenlik Kamerası 2.0mp 3.6mm Faturalı Garantili Ürün ip kamera dış orta,teknoloji_ekipman
Fujifilm Instax Mini Link 2 Beyaz Akıllı Telefon Yazıcısı Bundle Box FOTSI0018,teknoloji_ekipman
Sony HXR-NX200 4K Video Kamera HXRNX20,teknoloji_ekipman
Fujifilm Instax mini Link Mavi Akıllı Telefon Yazıcısı ve Hediye Seti 2 FOTSI00108-SET,teknoloji_ekipman
"Ayex C24 Cage, Kamera Kafesi Sony A7c Uyumlu JTL363",teknoloji_ekipman
teknosolen Tekno Solar Güneş Enerjili Kamera Tarlaya - Bağ Evine - Dış Mekana Wi-fi Kamera GEK,teknoloji_ekipman
"Ayex C14 Cage, Kamera Kafesi Canon Eos M50 Uyumlu JTL363",teknoloji_ekipman
GEZBUL STORE Anahtar Kamera 1080p 2587856589562632,teknoloji_ekipman
Ayex Canon Eos R Için Ax-eosr Battery Grip (bg-e22) Kamera Aksesuarı JTL347,teknoloji_ekipman
beemen Endoskop Yılan Kamera 10 Metre 7mm 0.3mp 720p 6 Led Su Geçirme,teknoloji_ekipman
"morlalem Mini Endoskop Yılan Kamera 2mt. 5,5mm A55-2m-5.5",teknoloji_ekipman
"Xiaomi Mi Portable Photo Printer 2x3"" Yedek Kağıt 20 Adet TEJ4019G",teknoloji_ekipman
Hikvision 4 Kameralı Dış Ortam Güvenlik Kamera Seti 1 Tb Hdd PKT-00,teknoloji_ekipman
PSGT Lightning Iphone Ipad To Ethernet Usb Kamera Adaptörü 3 In 1 103,teknoloji_ekipman
Fujifilm Instax Mini Link 2 Beyaz Akıllı Telefon Yazıcısı Ve 20'li Mini Film FOTSI00168-2,teknoloji_ekipman
Netflix Digital Code 200 TL Hediye Kartı 425197670452,eglence
Google Play Hediye Kodu 50 TL 110000000028,eglence
Google Play Hediye Kodu 25 TL 110000000028,eglence
Google Play Hediye Kodu 250 TL 425140451275,eglence
iTunes 100 TL Tutarında App Store & Hediye Kartı 11000000011112,eglence
Canva Pro Satın Al - Sınırsız Kullanım 00,yazilim_lisans
iTunes 500 TL Tutarında App Store & Hediye Kartı TYITUNES50,eglence
Google Play Hediye Kodu 500 TL 425140451275,eglence
Google Play Hediye Kodu 1000 TL 425140451275,eglence
iTunes 250 TL Tutarında App Store Hediye Kartı TYITUNES25,eglence
iTunes 1000 TL Tutarında App Store & Hediye Kartı TYITUNES100,eglence
Noisy card Kişiye Özel Baskılı Nfc & Qr Kodlu Temassız Dijital Kartvizit noisy00,ofis_sarf_malzeme
Steam 10 Tl Steam Kodu 110000000002,eglence
Paribu Cineverse Cgv Moviepass 300 tl EPNTWRMP30,eglence
Duolingo Süper Paketi dj,eglence
Microsoft Xbox Game Pass TR 3 Aylık (PC) 495172410743,eglence
Microsoft Xbox Game Pass Ultimate - 1 Ay 425160417731,eglence
Hibrit Card Yeni Nesil Standart Tasarım Dijital Kartvizit 123STANDAR,ofis_sarf_malzeme
Canva Pro - Sınırsız Özellik - Sınırsız Kullanım cnvapr,yazilim_lisans
Microsoft Windows 11 Pro Trk Oem 64 Bit Fqc-10556 3793,yazilim_lisans
NFC Kişiye Özel Baskılı Dijital Kartvizit NTAG21,ofis_sarf_malzeme
Staff Card Yeni Nesil Logolu Dijital Kartvizit 100,ofis_sarf_malzeme
aliloji Office 2021 Pro Plus (sınırsız) of100,yazilim_lisans
Microsoft Xbox Game Pass 1 Aylık (PC) 495172410441,eglence
LinkinCard Dijital Kartvizit LCBL202,ofis_sarf_malzeme
Tinder Azar 1700 Elmas aza,eglence
Paribu Cineverse Cgv Moviepass 200 tl EPNTWRMP20,eglence
Microsoft Xbox Live Gold Üyeliği 12 Ay 426049736853,eglence
LinkinCard 2 Si 1 Arada ( Kartvizit Ve Tag ) LCBL2L,ofis_sarf_malzeme
Canva Pro 1 Yıllık TYC0060685255,yazilim_lisans
Microsoft Xbox Game Pass - 3 Ay 425160414122,eglence
Microsoft Xbox Game Pass Ultimate - 3 Ay 425160417732,eglence
Microsoft Xbox Game Pass - 6 Ay 425160411145,eglence
KARTVİZİTO Nfc Dijital Kartvizit Ve Websitesi 8539481,ofis_sarf_malzeme
LCS VCard Dijital Kartvizit Kişiye Özel Logo Ve Tasarım LCS-DPK-0,ofis_sarf_malzeme
Microsoft Office365 İş Standart Paketi Tr 425160410957,yazilim_lisans
Eset Eset Endpoint Protection Standard 1 Server + 10 Kullanıcı 1 Yıl Kutu 3237,yazilim_lisans
KARTVİZİTO Dijital Kartvizit Ve Websitesi 8539480,ofis_sarf_malzeme
Bitdefender Gravityzone Business Security 16 Kullanıcı 1 Yıl TYC0060662332,yazilim_lisans
Bitdefender Gravityzone Business Security 6 Kullanıcı 1 Yıl TYC0060661196,yazilim_lisans
Microsoft Office Ev ve İş 425160410954,yazilim_lisans
Microsoft Office 2019 PC veya Mac Ev ve Öğrenci 425160410955,yazilim_lisans
Universal Ms Sof Office 2019 Ev Ve Öğrenci 1 Pc 79g-05017 msoffice2019h,yazilim_lisans
Meditopia Premium 3 Aylık Üyelik MDTPREMIUM3M1,eglence
Hibrit Card Yeni Nesil Premium Logolu Tasarım Dijital Kartvizit 123PREMİU,ofis_sarf_malzeme
Microsoft Xbox Game Pass Ultimate 2 Ay Dijital Kod 897786123456,eglence
WAWCARD Dijital Kartvizit TYC0045783594,ofis_sarf_malzeme
Eset Internet Security 4 Kullanıcı - 1 Yıl Dijital Teslimat KYEIS4,yazilim_lisans
BICARD DIJITAL Bıcard Kişiye Özel Nfc Dijital Kartvizit BICARDDIJITA,ofis_sarf_malzeme
Kaspersky Internet Securıty 2019 Türkçe 4 Kul 1yıl oksPF030KAS6,yazilim_lisans
Eset Internet Security 2 Kullanıcı - 1 Yıl Dijital Teslimat KYEIS2,yazilim_lisans
Hibrit Card Yeni Nesil Gold Tasarım Dijital Kartvizit 123GOL,ofis_sarf_malzeme
Meditopia Premium 12 Aylık Üyelik MDTPREMIUM12M1,eglence
Bentap Dijital Kartvizit BEN00,ofis_sarf_malzeme
inweb Card Hediyelik Dijital Kartvizit Siya,ofis_sarf_malzeme
Digitaliz Kart Dijital Kartvizit Kart0,ofis_sarf_malzeme
dijiname Araç Kiti Dijital Kartvizit - Kırmızı DJARKIT-0921-KRM,ofis_sarf_malzeme
dijiname Araç Kiti Dijital Kartvizit - Beyaz DJARKIT-0921-BY,ofis_sarf_malzeme
KARTVİZİTO Dijital Kartvizit + Kurumsal Website 4011401,ofis_sarf_malzeme
Rekmall Nfc Kartvizit 111,ofis_sarf_malzeme
CARDIOLINE Webincard Dijital Kartvizit Siyah web0001,ofis_sarf_malzeme
Card Vibe Yeni Nesil Premium Dijital Kartvizit WYCMKNBUS,ofis_sarf_malzeme
e life tasarım Dijital Kartvizit E-lifecard life100,ofis_sarf_malzeme
dijiname Dijital Hazır Kartvizit+tag - 21 TYC0024440204,ofis_sarf_malzeme
dijiname Dijital Hazır Kartvizit+tag - 25 DJHKTG-N-092,ofis_sarf_malzeme
BMS Dijital Kartvizit Kart Beyaz DİJİTAL KARTVİZİT KART BEYA,ofis_sarf_malzeme
BMS Dijtal Kartvizit Kart Siyah DİJİTAL KARTVİZİT KART SİYA,ofis_sarf_malzeme
devcardplus Nfc Dijital Kartvizit devnfc00,ofis_sarf_malzeme
dijiname Sanal Card Dijital Kartvizit DJHSNC-N-0921-,ofis_sarf_malzeme
bildir yazılım Dijital Kartvizit bkartvizit0,yazilim_lisans
WebiumCard Temassız Dijital Kartvizit W00,ofis_sarf_malzeme
Goosmart Card Dijital Kartvizit Özel Tasarım gsc00,ofis_sarf_malzeme
Idy Tag Gümüş Hologram Akıllı Dijital Nfc Kartvizit IDY TAG GUMU,ofis_sarf_malzeme
Idy Tag Siyah Akıllı Dijital Nfc Kartvizit IDYTAG SIYA,ofis_sarf_malzeme
TAGET Dijital Soft Grunge Kartvizit tagetsoftgrung,ofis_sarf_malzeme
TAGET Dijital Grunge Frame Kartvizit tagetgrung,ofis_sarf_malzeme
TAGET Dijital Decorative Sense Kartvizit tagetdecorativ,ofis_sarf_malzeme
TAGET Dijital Soft Edges Kartvizit tagetsoftedge,ofis_sarf_malzeme
TAGET Dijital Northern Shores Kartvizit tagetnorther,ofis_sarf_malzeme
TAGET Dijital Elegant Touch - Black Kartvizit tagetelegantblac,ofis_sarf_malzeme
TAGET Dijital Star Dust - White Kartvizit tagetstarwhit,ofis_sarf_malzeme
TAGET Dijital Precious Black Kartvizit tagetpreciou,ofis_sarf_malzeme
TAGET Dijital Blue Classic Kartvizit TYC0073887981,ofis_sarf_malzeme
OLA CARD Future Ola Dijital Kartvizit FT47,ofis_sarf_malzeme
Microsoft Xbox Live Gold Üyeliği 3 Ay 426049736854,eglence
Piri Guide Iki Gezgin Paketi (2 X Premium 6 Aylık Üyelik) 6 Aylık x,eglence
KARTVİZİTO Dijital Kartvizit Klasik Siyah Black424,ofis_sarf_malzeme
LinkinCard Standart Dijital Kartvizit LCBL202,ofis_sarf_malzeme
KARTVİZİTO Dijital Kartvizit Ve Websitesi 8539481,ofis_sarf_malzeme
TEMAS Apple Icon Dijital Kartvizit Etiket Temas Etike,ofis_sarf_malzeme
TEMAS Royal Icon Dijital Kartvizit Etiket TYC0035436457,ofis_sarf_malzeme
TEMAS Lake Night Icon Dijital Kartvizit Etiket TYC0035436753,ofis_sarf_malzeme
TEMAS Lake Night Dijital Kartvizit Etiket TYC0035437065,ofis_sarf_malzeme
TEMAS Ocean Wave Icon Dijital Kartvizit Etiket TYC0035436408,ofis_sarf_malzeme
TEMAS Cold Dijital Kartvizit Etiket TYC0035436698,ofis_sarf_malzeme
TEMAS Ocean Wave Dijital Kartvizit Etiket TYC0035436544,ofis_sarf_malzeme
TEMAS Morning Wind Dijital Kartvizit Etiket TYC0035436803,ofis_sarf_malzeme
TEMAS Cold Icon Dijital Kartvizit Etiket TYC0035436752,ofis_sarf_malzeme
TEMAS Apple Dijital Kartvizit Etiket TYC0035436797,ofis_sarf_malzeme
TEMAS Royal Dijital Kartvizit Etiket TYC0035436737,ofis_sarf_malzeme
TEMAS Cloud Dijital Kartvizit Etiket TYC0035436467,ofis_sarf_malzeme
TEMAS Morning Wind Icon Dijital Kartvizit Etiket TYC0035436541,ofis_sarf_malzeme
TEMAS Sunrise Icon Dijital Kartvizit Etiket TYC0035434953,ofis_sarf_malzeme
TEMAS Cloud Icon Dijital Kartvizit Etiket TYC0035436416,ofis_sarf_malzeme
TEMAS Sunrise Dijital Kartvizit Etiket Etiket Sunris,ofis_sarf_malzeme
WAWCARD Sea Icon Dijital Kartvizit Etiket WAWTAG-SE,ofis_sarf_malzeme
WAWCARD Sky Lıght Icon Dijital Kartvizit Etiket WAWTAG-SKYLIGH,ofis_sarf_malzeme
WAWCARD Night Icon Dijital Kartvizit Etiket WAWTAG-NİGH,ofis_sarf_malzeme
WAWCARD Red Icon Dijital Kartvizit Etiket WAWTAG-RE,ofis_sarf_malzeme
WAWCARD Nıght Lıght Icon Dijital Kartvizit Etiket WAWTAG-NIGHTLIGH,ofis_sarf_malzeme
WAWCARD Pink Icon Dijital Kartvizit Etiket WAWTAG-PİN,ofis_sarf_malzeme
Paribu Cineverse Cgv Moviepass 100 tl EPNTWRMP10,eglence
Piri Guide Premium 6 Aylık Üyeli,eglence
KARTVİZİTO Nfc Dijital Kartvizit Ve Website 40080120812,ofis_sarf_malzeme
Piri Guide Premium 3 Aylık Üyeli,eglence
KARTVİZİTO Dijital Kartvizit Ve Websitesi 8539481,ofis_sarf_malzeme
İyi Yaşa 3 Aylık Premium Üyelik IYIYASA3AYLI,eglence
KARTVİZİTO Dijital Kartvizit Klasik Mavi BluesTrue404,ofis_sarf_malzeme
KARTVİZİTO Dijital Kartvizit Modern Mavi Blues424,ofis_sarf_malzeme
KARTVİZİTO Dijital Kartvizit Modern Red Red424,ofis_sarf_malzeme
KARTVİZİTO Dijital Kartvizit Elite Woman EliteWoman404,ofis_sarf_malzeme
KARTVİZİTO Dijital Kartvizit Modern Koyu Mavi DarkBlue404,ofis_sarf_malzeme
KARTVİZİTO Dijital Kartvizit Modern Gri Grey424,ofis_sarf_malzeme
KARTVİZİTO Dijital Kartvizit Modern Green Grenn404,ofis_sarf_malzeme
KARTVİZİTO Dijital Kartvizit Modern Turuncu orange404,ofis_sarf_malzeme
KARTVİZİTO Dijital Kartvizit Mavi Beyaz BluesWhite404,ofis_sarf_malzeme
Paribu Cineverse Cgv Moviepass 50 Tl EPNTWRMP5,eglence
Canva Pro Hop56 - Pro Satın Al - Sınırsız Kullanım - Orjinal Hop56 Hop56-canvapr,yazilim_lisans
Canva Pro 1 Yıllık JY-30CN,yazilim_lisans
Google Play Kaffen - 25 Kaffen'leme Hakkı KF25CLAI,eglence
Kaspersky Total Security 1 Cihaz 1 Yıl ( Türkçe ) kts1_onlin,yazilim_lisans
"Cambly Konuşarak İngilizce Öğren//30x2x2 = Günde 30 dakika, Haftada 2 gün, 2 Aylık Abonelik 110000000027",eglence
Kaspersky Total Security 2021 - 2022 1 Kullanıcı 1 Yıl Dijital Lisans Türkçe Virüs Programı KAS01010,yazilim_lisans
Kaspersky Anti Virus Türkçe - 1 Bilgisayar 1 Yıl KAV1T,yazilim_lisans
S Sport Plus S Sport 1 Yıllık Paket 110000000041,eglence
Kaspersky Total Security 2023 1 Bilgisayar 1 Yıl Türkçe ( Wındows ) - Winrar Hediye KTS1_202,yazilim_lisans
S Sport Plus S Sport 1 Aylık Paket 110000000041,eglence
Kaspersky Internet Security Türkçe 1 Bilgisayar 1 Yıl KIS1T,yazilim_lisans
Kaspersky Total Security 2022-1 Bilgisayar 1 Yıl Türkçe KTS,yazilim_lisans
Gmoji 500 Tl Hediye Kartı GMOJI50,eglence
Eset Eset Internet Security 1 Cihaz 1 Yıl -( Türkiye Lokasyon ) ESET1,yazilim_lisans
Eset Eset Smart Securıty Premıum Esed Nod32 Anti Virüs Programı eSED NOD3,yazilim_lisans
Bitdefender Total Security - 5 Kull. 3 Yıl + Google Play Hediye Kodu 100 Tl TYC0058011364,yazilim_lisans
Bein connect 2 Aylık Eğlence Paketi - (web Cep Tablet ) beIN2A,eglence
COREL Draw Graphics Suite X7 - Ticari Sürüm ( 1 Bilgisayar Ömür Boyu ) coreldrwax,yazilim_lisans
S Sport Plus S Sport 3 Aylık Paket 110000000041,eglence
Bitdefender Total Security - Lisans - 5 Kullanıcı - 3 Yıl BDTS-Lic-5U-3,yazilim_lisans
TREND MICRO Antivirüs 1 Kullanıcı 2 Yıl 110000000019,yazilim_lisans
Kaspersky Small Office Security 1 Server 5 Pc 5 Mobil 1 Yıl 2022tr 10582,yazilim_lisans
Sinerji Yazılım Eğitim Kurumları İçin Akıllı Tahta Yönetim Programı 250 Kullanıcı Lisansı SNRJATPRVR25,yazilim_lisans
Kaspersky Small Office 10 Cihaz 10 Mobile 1 Server 3 Yıl ksos10_3yı,yazilim_lisans
Kaspersky Total Security 1 Kullanıcı - 1 Yıl 505624490053,yazilim_lisans
Sinerji Yazılım Eğitim Kurumları Için Akıllı Tahta Yönetim Programı 100 Kullanıcı Lisansı SNRJATPRVR10,yazilim_lisans
TREND MICRO Trendmıcro Tıcewwm8xlıuln Maxımum Securıty 3 Kullanıcı 1 Yıl bls523,yazilim_lisans
Sinerji Yazılım Eğitim Kurumları Için Akıllı Tahta Kilit Programı 200 Kullanıcı Lisansı SNRJATLTVR20,yazilim_lisans
Sinerji Yazılım Eğitim Kurumları Için Akıllı Tahta Kilit Programı 150 Kullanıcı Lisansı SNRJATLTVR15,yazilim_lisans
Sinerji Yazılım Eğitim Kurumları Için Akıllı Tahta Yönetim Programı 200 Kullanıcı Lisansı SNRJATPRVR20,yazilim_lisans
Sinerji Yazılım Eğitim Kurumları Için Akıllı Tahta Yönetim Programı 150 Kullanıcı Lisansı SNRJATPRVR15,yazilim_lisans
Sinerji Yazılım Eğitim Kurumları Için Akıllı Tahta Kilit Programı 250 Kullanıcı Lisansı SNRJATLTVR25,yazilim_lisans
Sinerji Yazılım Eğitim Kurumları Için Akıllı Tahta Yönetim Programı 50 Kullanıcı Lisansı SNRJATPRVR05,yazilim_lisans
Bitdefender Total Security - 10 Kull. 3 Yıl + Netflix Hediye Kodu 200 Tl TYC0058011396,yazilim_lisans
Bitdefender Gravityzone Business Security - 16 Kullanıcı - 1 Yıl BD-GZBS-16-,yazilim_lisans
Bitdefender Gravityzone Business Security - 16 Kullanıcı - 3 Yıl BD-GZBS-16-,yazilim_lisans
Bitdefender Gravityzone Business Security - 6 Kullanıcı - 3 Yıl TYC0053415823,yazilim_lisans
Bitdefender GravityZone Business Security - 21 Kullanıcı - 1 Yıl BD-GZBS-21-,yazilim_lisans
Bitdefender GravityZone Business Security - 11 Kullanıcı - 1 Yıl BD-GZBS-11-,yazilim_lisans
Bitdefender Gravityzone Business Security - 11 Kullanıcı - 3 Yıl BD-GZBS-11-,yazilim_lisans
Bitdefender Gravityzone Business Security - 6 Kullanıcı - 1 Yıl BD-GZBS-6-,yazilim_lisans
Bitdefender GravityZone Business Security - 26 Kullanıcı - 1 Yıl BD-GZBS-26-,yazilim_lisans
Bitdefender Gravityzone Business Security - 26 Kullanıcı - 3 Yıl BD-GZBS-26-,yazilim_lisans
Bitdefender GravityZone Business Security - 21 Kullanıcı - 3 Yıl BD-GZBS-21-,yazilim_lisans
S Sport Plus S Sport 6 Aylık Paket 110000000041,eglence
Kaspersky Small Office Sec. 1+10 Dvd Kutu 3 Yıl YAZGUVKAS000016,yazilim_lisans
Kaspersky Small Office 25 Cihaz 25 Mobil 3 Server 3 Yıl KSOS25,yazilim_lisans
Kaspersky Small Office 25 Cihaz 25 Mobil 3 Server 1 Yıl / Hemen Teslim KSOS2,yazilim_lisans
Bitdefender Internet Security - 10 Kullanım 3 Yıl + Netflix Hediye Kodu 200 Tl TYC0058011466,yazilim_lisans
Kaspersky Small Office 25 Cihaz 25 Mobil 3 Server 2 Yıl KSOS25,yazilim_lisans
Kaspersky KSOS 5 10K+10MD+1S 1 YIL 506048685156,yazilim_lisans
Bitdefender Internet Security - 5 Kull. 3 Yıl + Google Play Hediye Kodu 100 Tl TYC0058011402,yazilim_lisans
Bitdefender Total Security 10 Kullanım 2 Yıl + Netflix Hediye Kodu TYC0058011410,yazilim_lisans
Sinerji Yazılım Eğitim Kurumları Için Akıllı Tahta Kilit Programı 100 Kullanıcı Lisansı TYC0029165677,yazilim_lisans
Bitdefender Total Security - Lisans - 10 Kullanıcı - 3 Yıl BDTS-Lic-10U-3,yazilim_lisans
Bitdefender Total Security - 5 Kull. 3 Yıl + App Store HEDİYE Kodu 100 TL TYC0058011377,yazilim_lisans
Bitdefender Total Security - Lisans - 10 Kullanıcı - 2 Yıl BDTS-Lic-10U-2,yazilim_lisans
Bitdefender Internet Security - 5 Kull. 3 Yıl + App Store Hediye Kodu 100 Tl TYC0058011334,yazilim_lisans
Bitdefender Total Security - Lisans - 5 Kullanıcı - 2 Yıl BDTS-Lic-5U-2,yazilim_lisans
Kaspersky Small Office 15 Cihaz 15 Mobil 2 Server 1 Yıl / Hemen Teslim KSOS1,yazilim_lisans
Bitdefender Internet Security - 10 Kull. 2 Yıl + App Store Hediye Kodu 100 Tl TYC0058011461,yazilim_lisans
Bitdefender Internet Security - 10 Kull. 2 Yıl + Google Play Hediye Kodu 100 Tl TYC0058011329,yazilim_lisans
Kaspersky Small Office 20 Cihaz 20 Mobil 2 Server 1 Yıl ksos2,yazilim_lisans
Bitdefender Internet Security - Lisans - 10 Kullanıcı - 3 Yıl BDIS-Lic-10U-3,yazilim_lisans
Bitdefender Total Security - 5 Kull. 2 Yıl + App Store Hediye Kodu 100 Tl TYC0058011359,yazilim_lisans
Bitdefender Total Security - 5 Kull. 2 Yıl TYC0058011339,yazilim_lisans
Bitdefender Internet Security - 3 Kull. 3 Yıl + App Store HEDİYE Kodu 100 TL TYC0058011343,yazilim_lisans
Bitdefender Internet Security - 3 Kull. 3 Yıl + Google Play Hediye Kodu 100 Tl TYC0058011338,yazilim_lisans
Bitdefender Internet Security - Lisans - 5 Kullanıcı - 3 Yıl BDIS-Lic-5U-3,yazilim_lisans
Bitdefender Internet Security - 5 Kull. 2 Yıl + Google Play Kodu 100 Tl TYC0058011372,yazilim_lisans
Bitdefender Internet Security - 5 Kull. 2 Yıl + App Store Hediye Kodu 100 Tl TYC0058011461,yazilim_lisans
Bitdefender Total Security - 10 Kull. 1 Yıl + App Store Hediye Kodu 100 Tl TYC0058011299,yazilim_lisans
Bitdefender Total Security - 10 Kull. 1 Yıl + Google Play Hediye Kodu 100 Tl TYC0058011366,yazilim_lisans
Sinerji Yazılım Eğitim Kurumları Için Akıllı Tahta Kilit Programı 50 Kullanıcı Lisansı SNRJATLTVR05,yazilim_lisans
Bitdefender Internet Security - Lisans - 10 Kullanıcı - 2 Yıl BDIS-Lic-10U-2,yazilim_lisans
Mersev Bilişim Trendyol & Pazaryerleri E-arşiv Entegrasyon 1 Yıllık Lisans MB-100,yazilim_lisans
Kaspersky Small Office Security Antıvırus 1 Server+10 Pc+ 10 Mobil Cihaz 1 Yıl mypbls208,yazilim_lisans
Kaspersky Total Securıty 1 Kullanıcı 1 Yıl 95592,yazilim_lisans
Kaspersky Small Office 10 Cihaz 10 Mobil 1 Server 2 Yıl / Hemen Teslim ksos10,yazilim_lisans
Bitdefender Total Security - - 10 Kullanıcı - 1 Yıl BDTS-Lic-10U-1,yazilim_lisans
Kaspersky Small Office 10 Cihaz 10 Mobil 1 Server 1 Yıl / Hemen Teslim ksos1,yazilim_lisans
Bitdefender Internet Security - Lisans - 3 Kullanıcı - 3 Yıl BDIS-Lic-3U-3,yazilim_lisans
Gmoji 1000 Tl Hediye Kartı GMOJI100,eglence
Bitdefender Internet Security - 3 Kull. 2 Yıl + App Store Hediye Kodu 100 Tl TYC0058011401,yazilim_lisans
Bitdefender Internet Security - 3 Kull. 2 Yıl + Google Play Hediye Kodu 100 Tl TYC0058011364,yazilim_lisans
Bitdefender Internet Security - 10 Kull. 1 Yıl + App Store HEDİYE Kodu 100 TL TYC0058011361,yazilim_lisans
Bitdefender Internet Security 5 Kull. 1 Yıl + Google Play Hediye Kodu 100 Tl TYC0058011372,yazilim_lisans
Bitdefender Internet Security - 10 Kull. 1 Yıl + Google Play HEDİYE Kodu 100 TL TYC0058011298,yazilim_lisans
Bitdefender Internet Security - 5 Kull. 1 Yıl + App Store Hediye Kodu 100 Tl TYC0058011315,yazilim_lisans
Bitdefender Antivirus Plus - Lisans - 3 Kullanıcı - 3 Yıl BDAV-Lic-3U-3,yazilim_lisans
Bitdefender Antivirus For Mac - Lisans - 3 Kullanıcı - 3 Yıl BDAVM-3U-3,yazilim_lisans
Bitdefender Antivirus Plus - Lisans - 5 Kullanıcı - 3 Yıl BDAV-Lic-5U-3,yazilim_lisans
Bitdefender Total Security - 5 Kull. 1 Yıl + App Store HEDİYE Kodu 100 TL TYC0058011430,yazilim_lisans
Bitdefender Total Security - 5 Kull. 1 Yıl + Google Play Hediye Kodu 100 Tl TYC0058011336,yazilim_lisans
Kaspersky Small Office 5 Cihaz 5 Mobil 1 Server 2 Yıl / Hemen Teslim ksos5,yazilim_lisans
Bitdefender Internet Security - Lisans - 3 Kullanıcı - 2 Yıl BDIS-Lic-3U-2,yazilim_lisans
Bitdefender Internet Security - Lisans - 10 Kullanıcı - 1 Yıl BDIS-Lic-10U-1,yazilim_lisans
Bitdefender Internet Security - Lisans - 5 Kullanıcı - 1 Yıl BDIS-Lic-5U-1,yazilim_lisans
Bitdefender Internet Security - 1 Kull. 3 Yıl + App Store HEDİYE Kodu 100 TL TYC0058011355,yazilim_lisans
Bitdefender Internet Security - 1 Kull. 3 Yıl + Google Play Hediye Kodu 100 Tl TYC0058011343,yazilim_lisans
Eset Internet Security 2018 V.11 / 5 Kullanıcı 3 Yıl Dijital Lisans HBV00000BBOM,yazilim_lisans
Bitdefender Internet Security - Lisans - 5 Kullanıcı - 2 Yıl BDIS-Lic-5U-2,yazilim_lisans
Bitdefender Antivirus Plus - Lisans - 5 Kullanıcı - 2 Yıl BDAV-Lic-5U-2,yazilim_lisans
Bitdefender Total Security - LİSANS - 5 Kullanıcı - 1 Yıl BDTS-Lic-5U-1,yazilim_lisans
Kaspersky Internet Security Security 2021 - 2022 1 Pc 1 Yıl Dijital Lisans Türkçe Virüs Programı KİS010100,yazilim_lisans
Bitdefender Internet Security - LİSANS - 1 Kullanıcı - 3 Yıl BDIS-Lic-1U-3,yazilim_lisans
Kaspersky Total Security 10 Cihaz 2 Yıl ( Türkçe) kts10,yazilim_lisans
ÇözAnla Kpss Matematik Ön Lisans KMÖ,yazilim_lisans
Bitdefender Antivirus Plus - Lisans - 3 Kullanıcı - 2 Yıl BDAV-Lic-3U-2,yazilim_lisans
Bitdefender Antivirus Plus - Lisans - 1 Kullanıcı - 3 Yıl BDAV-Lic-1U-3,yazilim_lisans
Kaspersky Total Security 5 Cihaz 2 Yıl ( Türkçe ) kts5,yazilim_lisans
Kaspersky Total Security ( Son Sürüm ) 5 Cihaz 1 Yıl / Hemen Teslim KTS5,yazilim_lisans
Bitdefender Internet Security - Lisans - 1 Kullanıcı - 2 Yıl BDIS-Lic-1U-2,yazilim_lisans
Bitdefender Internet Security - LİSANS - 3 Kullanıcı - 1 Yıl BDIS-Lic-3U-1,yazilim_lisans
Bitdefender Antivirus For Mac - Lisans - 3 Kullanıcı - 2 Yıl BDAVM-3U-2,yazilim_lisans
ÇözAnla Kpss Türkçe Lisans KT,yazilim_lisans
ÇözAnla KPSS Türkçe Ön Lisans KPO,yazilim_lisans
Hızlıgo Hızlı Okuma Online Eğitimi Yetişkinlere Özel Lisans Lisans Üstü İş Hayatı HIZLIGO – Yetişkinlere öze,yazilim_lisans
Bitdefender Antivirus For Mac - Lisans - 1 Kullanıcı - 3 Yıl BDAVM-1U-3,yazilim_lisans
Bitdefender Antivirus For Mac - Lisans - 1 Kullanıcı - 2 Yıl BDAVM-1U-2,yazilim_lisans
Bitdefender Antivirus Plus - Lisans - 1 Kullanıcı - 2 Yıl BDAV-Lic-1U-2,yazilim_lisans
Eset Nod32 Antivirüs Dijital Aktivasyon Lisans Anahtarı ( Dijital Aktivasyon 3 Cihaz - 3 Yıl,yazilim_lisans
Eset Internet Security Antivirüs Dijital Aktivasyon Lisans Anahtarı ( Dijital Aktivasyon 5 Cihaz - 1 Yıl,yazilim_lisans
Eset Eset Multı Devıce Securıty 5 Kullanıcı V10INT0,yazilim_lisans
Eset Internet Security 2022 Lisans Anahtarı | 5 Cihaz & 1 Yıl GLD-00,yazilim_lisans
Bitdefender Antivirus For Mac Lisans 1 Kullanıcı 1 Yıl BDAVM-1U-1,yazilim_lisans
Bitdefender Antivirus Plus - Lisans - 3 Kullanıcı - 1 Yıl BDAV-Lic-3U-1,yazilim_lisans
Bitdefender Internet Security - 1 Kull. 1 Yıl + App Store HEDİYE Kodu 50 TL TYC0058011338,yazilim_lisans
Bitdefender Internet Security - 1 Kull. 1 Yıl + Google Play Hediye Kodu 50 Tl TYC0058011390,yazilim_lisans
Bitdefender Antivirus For Mac - Lisans - 3 Kullanıcı - 1 Yıl BDAVM-3U-1,yazilim_lisans
Bitdefender Antivirus Plus - Lisans - 5 Kullanıcı - 1 Yıl BDAV-Lic-5U-1,yazilim_lisans
Bitdefender Internet Security - LİSANS - 1 Kullanıcı - 1 Yıl BDIS-Lic-1U-1,yazilim_lisans
Studio Canlı Studio 12 aylık abonelik trend_1,eglence
Eset Eset Internet Security 2 Cihaz 1 Yıl ( Türkiye Lokasyon) eset2,yazilim_lisans
Kaspersky Small Office 5 Cihaz 5 Mobil 1 Server 1 Yıl KSOS,yazilim_lisans
Oysho Raise Up Compressive Flare Pantolon 3125525,giyim
7ADIMDAAŞK Kadın Günlük Hakiki Deri Ayakkabı 002y22k1545 002Y22K154,giyim
7ADIMDAAŞK Kadın Günlük Hakiki Deri Ayakkabı 002y22k1540 002Y22K154,giyim
7ADIMDAAŞK Kadın Günlük Hakiki Deri Ayakkabı 002y22k1537 002Y22K153,giyim
ADİPO Plus 15 Mg Adınıza Faturalı 9083265,temel_gida
Bahs . Complete Shaker 600ml COMPLETE SHAKE,temel_gida
Hardline Progainer 1406 G - Çikolataa Kilo Alımı Onusunda Yardımmcı 97,temel_gida
GRIZZONE Maltodextrın 3kg 60 Servis 3454367576677,temel_gida
Hardline Thermo L-carnitine 1000 ml 869744835198,temel_gida
muscle&muscle Premium Gold Kombinasyon Paketi MM11,temel_gida
Hardline Progainer Çilek Aromalı Karbonhidrat Tozu Form 1406 gr myb823,temel_gida
TheLifeCo Shaker 400 ml (İÇECEK HAZIRLAMA KABI) 868283561157,temel_gida
Herbalife Ödem Atıcı Çay 123166,temel_gida
Hardline Progainer 5000 gr Çikolata Arg 1250 Shaker Kombinasyonu Myb1534,temel_gida
"SM DESIGN Kokteyl Seti, Kokteyl Hazırlama Seti, Shaker Seti, Bar Boston Shaker Set 6 Parça KKTLSHK",temel_gida
Olimp R-weiler Shot 1 Adet PER.OLIMP00,temel_gida
Nutriking Creatine Pro™ Monohydrate 303gr - 60 Servis NKCRTN30,temel_gida
Nutripure Thermo Pure L-carnitine 1500 Mg 1000 Ml - Ekşi Elma Aromalı NPLCARCEKSELM150,temel_gida
Olimp Creatine Monohydrate Powder Super Micronized 250 gr 590133002644,temel_gida
NUTRIPHARMA Quick Slim Kilo Verme Amaçlı Öğün Yerine Geçen Shake QSMXN00,temel_gida
GRIZZONE Citrulline Malate 2:1 303 Gr 100 Servis Crystal Seri Pure 868378957062,temel_gida
Hardline Creatine Creapure 500 gr - Aromasız 50,temel_gida
NUTRIPHARMA Quick Slim Kilo Verme Amaçlı Öğün Yerine Geçen Shake QSMXN00,temel_gida
Nutripure Creatine 150 G Yeşil Elma Aromalı Nutripure06,temel_gida
Bar Boss 7 Parça Avantajlı Kokteyl Seti Boston Shaker 3198-,temel_gida
Royal Klasik Kokteyl Shaker Paslanmaz Çelik 500 ml A30,temel_gida
Hardline Progainer 5000 G - Çikolata 8697448351386 76,temel_gida
ALFA35 Adipo Plus 15 Mg 9083265,temel_gida
Hardline Progainer Çikolata 1406 gr Kilo Almada Yardımcı 7899,temel_gida
Fellas Kids Bar Çilek ve Kakao 28 gr x 12 Adet,temel_gida
vosco 3 Parça Kokteyl Seti (750ML) Avantajlı Shaker Paketi VSCKKS,temel_gida
Hardline Mct Oil 500 ml 755,temel_gida
Himalaya Cystone. CYST6,temel_gida
LEGEND-X Toz Saklama Hunisi LGXT,temel_gida
Gmc vital Tribulus Terrestris Ginseng Güç Ve Performans Arttırıcı Macun 250 gr gmckr0,temel_gida
Farmasi Nutriplus Shake Çilek Aromalı 520 Gr ShakeÇile,temel_gida
Greymax Besin Destekleyici -iştah Açmaya Yardımcı-çikolatalı Kilo Aldırıcı Toz 00,temel_gida
GRIZZONE Creatine Monohydrate Argınıne Hcl (KARPUZ) 60 Servis 43432455323233455,temel_gida
Nutri Tion Sarms Mk677 sarmsmk67,temel_gida
"Weider Amino Liquid Mega Forte 13,900 mg/ampul - 20 Ampul WEİ1",temel_gida
FLAVA Citrulline Malate - 250g PO868269664000,temel_gida
Greymax Besin Destekleyici -iştah Açmaya Yardımcı-çikolatalı Kilo Aldırıcı Toz 00,temel_gida
Herbalife Formül 1 Besleyici Shake Karışımı - Vanilya HBV00000APWY,temel_gida
FLAVA Beta Alanine - 300g - 100 Servis T11,temel_gida
"NUTRIPHARMA Quick Slim Kilo Verme Amaçlı 60 Öğün Shake ( Çilekli,çikolatalı 2 Kutu, 60 Saşe) QSSDC0",temel_gida
Grim Labs Sinister Testosterone Booster GRİMLABS TEST BOOSTE,temel_gida
Nestle Resource® Diabet Çilek Aromalı 10 Adet TYC0065086721,temel_gida
MUSCLE CHEFF Beyaz Çikolatalı & Fındık Kreması 350 gr - Spread 1393,temel_gida
GRIZZONE Öğrenci Destek Paketi +5 Hediye 43423423455,temel_gida
Hardline Pillbox Saklama Kutusu pillbo,temel_gida
Onvita L-carnitine Coffee Kahve 7x12 Gr 203,temel_gida
Hardline Vmax Çikolata Aromalı - 908 gr MYBalwaysNe,temel_gida
Nutri Tion Sarms Mk677 TYC00693140603,temel_gida
GRIZZONE Creatıne Crystal Serıes 80 Servis 403 Gr 868378957056,temel_gida
ADİPO Plus 15 Mg Adınıza Faturalı 9083265,temel_gida
Hyggefoods Vegovego Kenevir Kendir Tohumu Tozu - Acai Berry Aromalı HEMP01A,temel_gida
Bar Boss Skull Kokteyl Seti BB-SK,temel_gida
GRIZZONE Maltodextrın 3kg 60 Servis 3454367576677,temel_gida
Nutri Mb Tion Bulkmix Mk677 Sr9009 Rad140 Cardari,temel_gida
Livonelli 9 Parça Standlı Kokteyl Seti Paslanmaz Çelik 750 Ml Shaker Set,temel_gida
Herbalife Cr7 Drıve Açaı Aromalı 540gr Spor Içeceği Tozu HERBA,temel_gida
Zicco Zicc Akrilik Bar Seti Kokteyl Seti Zcp83,temel_gida
GRIZZONE Öğrenci Destek Paketi +5 Hediye 43423423455,temel_gida
MUSCLE BALANCE Creatine Monohydrate 500 Gram Limon Aromalı BYP01MBCR,temel_gida
Utelips Smoothie Meyve Suyu Ice Coffee Milkshake Yapan Mixer 380 ml Detox Mixer Taşınabilir Shaker Termos is74,temel_gida
Oriflame Wellness Saker - Karıştırıcı - Portatif Gıda Saklama Kabı 4538,temel_gida
GRIZZONE Beta Alanıne 3000 Mg Caffeıne 200mg 100 Servis 454534534666778,temel_gida
Grenade Yeşil Shaker 600 ml AKS.GRENAD,temel_gida
Utelips Mixer 380 Ml Detox Mixer Taşınabilir Shaker Termos 380 Ml Smoothie Blenderı Ice Coffee Milkshake Set is74,temel_gida
Gmc vital Tribulus Terrestris Ginseng Güç Ve Performans Arttırıcı Macun 250 gr gmckr0,temel_gida
"Zicco Ba-03 Jigger, 2.5/5 Cl 002.BA0",temel_gida
GRIZZONE Citrulline Malate 2:1 303 Gr 100 Servis Crystal Seri Pure 868378957062,temel_gida
LEGEND-X Pre Work Out Limon Çilek Aromalı 25 Servis 250 gr LGX0,temel_gida
Hardline Progainer 3000 gr - Çikolata Aromalı 47,temel_gida
Tupperware Shaker Karıştırıcı 600 Ml Vişne Çürüğü 1115414,temel_gida
GRIZZONE Creatine Monohydrate Argınıne Hcl 60 Servis Kola Aromalı W2233344,temel_gida
