is_kolu,isim,osm_id
restoran,McDonald's,292544398
restoran,Salih Pastanesi,854589932
restoran,İstanbul Halk Ekmek,882137733
restoran,Damak Special,899145777
restoran,Pidem,909573848
restoran,Lider Kokoreç,909577196
restoran,Marmara 3 Döner&Kumru,913571125
restoran,Seren Pastanesi,913576901
restoran,Check Up Döner,1045078849
restoran,Gelik,1148604452
restoran,Azcı,1586627847
restoran,Koska,1695088666
restoran,Gelik ET Ataköy Istanbul,1741174687
restoran,Midpoint,1785651799
restoran,WestMix,1874213314
restoran,BigChefs,1934747999
restoran,Hazal Esen Bahçe ,2277119144
restoran,Saraykapı Sac Tava,2277552851
restoran,Enbey Döner,2277633074
restoran,Çiftlik Restoran,2281078172
restoran,S.O.S Pizza,2282049620
restoran,Burger King,2282170234
restoran,Hasırlı Konya Mutfağı,2282170634
restoran,Hacı Sayid Baklava Pasta Restaurant,2282192676
restoran,Mis Döner,2282193580
restoran,Nostalji Döner,2282193628
restoran,Urfa Ziyafet Sofrası,2282193770
restoran,Köfteci Ramiz,2282194146
restoran,HD İskender,2282194184
restoran,Edirne Kırkpınar Lokantası,2282194268
restoran,Sbarro,2282198501
restoran,Köşebaşı,2282200937
restoran,Osmanlı Kebap,2282205441
restoran,Little Caesars,2282207970
restoran,Cigeristan,2460942679
restoran,Mola Ev Yemekleri,2482903872
restoran,Yaprak Tantuni,2661346357
restoran,Köz Kebap,2661350455
restoran,Adanalı,2661389120
restoran,Giorgi,2894123844
restoran,Can-u Can,2904303803
restoran,Labella Premium Topkapı,2969581337
restoran,İskenderun Kral Dürüm,3127704555
restoran,Gümüş Kanat,3127704557
restoran,Domino's,3127704563
restoran,Paşa Döner,3127745598
restoran,Kale Restaurant,3128904661
restoran,Pizza Bulls Haznedar,3131016408
restoran,Dürüm Durak,3132626162
restoran,Güvenç Konyalı,3132679959
restoran,N10 Rest.,3191142998
restoran,Anas Chicken,3281268897
restoran,Neco Döner,3281268898
restoran,Warung Nusantara,3460024716
restoran,Son Osmanli Restaurant,3499249055
restoran,Figaro's,3625630699
restoran,Salve,3625630700
restoran,Subway,3625637825
restoran,Akdeniz Hatay Sofrasi,3658729750
restoran,Öz Suruç,3709002233
restoran,Lezzet Lokantası,3820674190
restoran,Tihame Köfte,3820674192
restoran,Kehribar,3921034348
restoran,Balkon,3968165742
restoran,Kanatçı Birtat,4104860751
restoran,Öz Konyali,4114125893
restoran,Öz Kilis Lahmacun ve Kebap,4225464289
restoran,Kebapçı Çetin Usta,4327986939
restoran,Mersin Tantuni,4330900705
restoran,Sohbet Aile Çay Bahçesi,4335689789
restoran,Köroğlu Pide,4349017704
restoran,Gala Kokoreç,4390418494
restoran,Gözleme Sarayı,4390606492
restoran,Hacıbeyim Kebap,4392514591
restoran,Kahta Çiğköfte,4392541689
restoran,Helvacızade,4430465092
restoran,Efendim Fasıl Rest.,4494301077
restoran,Develi Restaurant,4514250191
restoran,Domino Pizza,4545544999
restoran,Duru Balık,4545545046
restoran,Anıl Cafe Börek,4545562074
restoran,Kokoreçci Şükrü Usta,4545583420
restoran,Hacı Sayid Restaurant,4545596212
restoran,Aska Döner,4545597924
restoran,Urfalı Kebabçım,4545610830
restoran,Atmacalar Unlu Mamüller,4545633327
restoran,Tosunoğlu Kebab,4557132274
restoran,Bursa Kebab Evi,4557189677
restoran,Adress Döner & Kumpir,4557189681
restoran,Şampiyon Kokoreç,4557318093
restoran,Etiler Marmaris,4557318094
restoran,Tatlıses Çiğ Köfte,4557318096
restoran,Alioğlu Bursa İskender,4557318099
restoran,Çiğköftem,4557318100
restoran,Aşiyan İşkembe,4557318104
restoran,Elif Tantuni,4557356688
restoran,Oba Mangal,4558663630
restoran,Ünal Kebap Lahmacun,4558663632
restoran,Yörem Karadeniz Pidecisi,4558707685
restoran,Gaziantepli Ökkeş Usta,4558716183
restoran,Görkem Kilis Sofrası,4565029689
restoran,Batı Garden Cafe&Restoran,4594063103
restoran,Taksim Pide,4599578273
restoran,Dilek,4599578289
restoran,Konak Kebap,4605540417
restoran,Dönerci,4605664682
restoran,Bursa İskender,4605666198
restoran,Serggea resturant,4687760602
restoran,Nalia,4696956441
restoran,Ocak Başi,4720914918
restoran,The Food Clan,4857453902
restoran,Büfe,4874785522
restoran,İmren,4874812823
restoran,Köfteci,4874840321
restoran,Şifa Döner,4878647821
restoran,Bambi Cafe,4914653325
restoran,Alaçatı Muhallebicisi,4915315522
restoran,Taksim Hamburger,4916615821
restoran,Konya Mevlana,4916673222
restoran,Bakırköy İskender,4920675021
restoran,Hasciġer,4943336509
restoran,Çorba kebap,4943336510
restoran,Mediva,4943336512
restoran,Happy Moon's,4943532328
restoran,Osmanli,4949635266
restoran,Donner Kokorec,4949635267
restoran,Felinta,4954042228
restoran,Palet Kebap,4986239145
restoran,İzmir Balıkçısı,4992588943
restoran,Kübban Gaziantep Mutfağı,4999665057
restoran,Tarihi İskender Kebapçısı,5024283521
restoran,Ewan Restaurant,5026474506
restoran,Aksaray Restaurant,5026474515
restoran,Van Restaurant,5026474516
restoran,Izgara Evi Restuarant,5026652711
restoran,Osmanli Konagi Restuarant,5026696826
restoran,Katik Büfe,5058057422
restoran,Vatan Büfe & Cafe,5058057423
restoran,Urfa kebap sarayı,5075962024
restoran,Halil ibrahim şark sofrası,5075962026
restoran,Kardeşler lokantası,5075962046
restoran,Ciğer sarayı,5075962047
restoran,ciğeristan,5075962048
restoran,Urfalı hacı usta,5075962049
restoran,taç kebap,5075962051
restoran,sanliurfa zaman ciger ve kebap salonu,5075962053
restoran,Anadolu Büfe,5075993810
restoran,Urfa zaman ciğer ve kebep,5075993817
restoran,Pilavcı Kardeşler,5075994622
restoran,Akdeniz Hatay Sofrası,5075994624
restoran,Yesilkir pide bank,5076114618
restoran,Kule köfte,5076115923
restoran,Buryan Kebap Ve Izgara Salonu,5076115938
restoran,Evim Iskender Kebap,5081264669
restoran,Asmaaltı Dürümc,5081264670
restoran,Hacielaziz Çigköfte,5081265933
restoran,Bizim Durum kebap Salonu,5081265935
restoran,Dürümcü Haşim Usta,5081265952
restoran,Saniyora Tatlası,5081265956
restoran,Çitir Lahmacun,5081265957
restoran,Deniz Ürünleri restoranı,5081265959
restoran,Taehan Uygur Restoranı,5081265961
restoran,Pilavci Resat,5081265963
restoran,Sultan Resturant,5081274110
restoran,Günbilir balık lokantası,5081610907
restoran,Merkez dürüm evi,5081610909
restoran,Engin Pastanesi,5081610940
restoran,Sur Pide ve Lavaş Lahmacun Salonu,5081610950
restoran,Mevlana kasap ızgara salonu,5081610977
restoran,Yedikule kebap pilavcı,5087168296
restoran,Safir Köfte,5087168298
restoran,Trakya Köfte Salonu,5087168314
restoran,Çiğköfteci ömer usta,5087172331
restoran,Ümit Börek Salonu,5087172333
restoran,Eyüp Sultan Sofrası,5087172338
restoran,Kebapçıoğlu,5087179426
restoran,Farrujna,5087179431
restoran,Hükümran Sofrası,5087179433
restoran,Safa meyhanesi,5087179440
restoran,Yedikule kebapçısı,5087179441
restoran,Aydın kardeşler köfte salonu,5087179443
restoran,Dürümcü mehmet ustanın yeri,5087179444
restoran,Aydın kardeşler börekçi,5087179445
restoran,Oses çiğköfte,5087179448
restoran,İncedal et lokantası,5087179456
restoran,Öz Anteplizade,5087179461
restoran,Rumeli Tulumbacısı,5087179467
restoran,Samatya Çapana,5088190860
restoran,Çapana Et Balık,5088190861
restoran,Samatya Mangalbaşı,5088190862
restoran,Samatya Balıkçısı,5088190864
restoran,Sarya,5088190865
restoran,Antik Et Balık,5088190866
restoran,Annemin Yeri,5088190867
restoran,Kucuk Ev,5088190868
restoran,Norjin Samatyon,5088190870
restoran,Forsa Balık,5088190871
restoran,Meze,5088190872
restoran,Matya Kömürde Balık,5088190873
restoran,Samatya Balık Evi,5088190874
restoran,Develi,5088190875
restoran,Ali Haydar İkinci Bahar,5088190876
restoran,Yunca Büfe,5088190907
restoran,Can Pide Börek,5088192721
restoran,Hasanoğlu Börek Pasta ve Cafe,5088192722
restoran,Samatya Ocakbasi,5088192727
restoran,Ahmet Baba Dürümcüsü,5088192728
restoran,Günbilir Balık Restaurant,5088192729
restoran,Sedir Et ve Balık,5088192730
restoran,Deniz Balık Restaurant,5088192731
restoran,Cihan Derya Balık,5088192732
restoran,Öztürk Kardeşler Balık Lokantası,5088192733
restoran,Helena Çak Stone,5088192735
restoran,Mevlana Pide,5088192744
restoran,Meşhur Samatya pilavcısı,5088192750
restoran,Tunyalı Ocakbaşı ve Kababı,5088192752
restoran,Dostlar Büfe ve Köfte,5088192754
restoran,Meşhur Tekirdağ Köftecisi,5088192760
restoran,Doyum Kebap Ve Dürüm Salonu,5088192762
restoran,Samatya börek ve pide,5088192772
restoran,Hemşerim Durumcusu,5088192773
restoran,Oses çiğ köfte,5088192778
restoran,Şölen Ocakbaşı,5088192787
restoran,Öz Ağam Kebap Lahmacun Salonu,5088192790
restoran,Meşhur Sarıyer Börekçisi,5088192802
restoran,Oses Çiğköfte,5088192817
restoran,Kardesler Koftecisi,5088194826
restoran,Köşem Büfe,5088194847
restoran,Çıtır Börek ve Pide,5088194848
restoran,Mesire kebap ve lahmacun salonu,5088194861
restoran,Tandır Taşfırın Pide Lahmacun Kebap Salonu,5088194867
restoran,Yörem urfa taş fırnı,5088194872
restoran,Çevre Kebap,5088194884
restoran,Valide Kebap ve Lahmacun Salonu,5088194885
restoran,Kırımlı Çibörek,5088194886
restoran,Şafak pide ve lahmacun,5088194890
restoran,Her Telden Çılgın Kebapçı,5088194893
restoran,Urfalı çıtır kadir lahmacun pide,5088194897
restoran,Aziz Urfa Kebap ve Lahmacun Salonu,5088194899
restoran,Kardeşler Yufkacısı,5088194904
restoran,Ay Büfe,5088194907
restoran,Başlangıç Lokantası,5088194918
restoran,Özgul börek,5088197322
restoran,Teyzemin Mutfağı,5088197335
restoran,Yeşimin Mutfağından Ev Yemekleri,5099040197
restoran,Bizim pilavcı,5099040198
restoran,Kardeş büfe,5099040200
restoran,Ahtım Köfte ve Ev Yemekleri,5099040204
restoran,Damak Kebap Döner Yemek Salonu,5099040213
restoran,Çeşm-İ Cİhan Ev Yemeklerİ,5099040216
restoran,Ciğerci Kemal Ustanin Yeri,5099056170
restoran,Can Pide Ve Lahmacun Fırını,5099056174
restoran,Meshur Langa Borekcisi,5099056175
restoran,Lezzet diyarı,5099056179
restoran,Urfa Kebap Ve Lahmacun Salonu,5099056201
restoran,Umut Börek,5099056202
restoran,Şanlı et lokantası,5099060693
restoran,Berat döner,5099060694
restoran,Sarıyer börekçisi,5099060695
restoran,Can ocakbaşı,5099060696
restoran,Bilican saray,5099062151
restoran,Kükrük,5099065445
restoran,Aksaray Mangal,5099065446
restoran,Kerim ustanın mutfağı,5099065448
restoran,Doyum Lokantası,5099065456
restoran,Metin Usta Baklava,5099065472
restoran,Ustam Kebap Dünyası,5099065483
restoran,Saraç Büfe,5099065494
restoran,Doping Çiğköfte,5099065495
restoran,Çıtır pide lahmacun,5099065497
restoran,Tarihi Cerrahpaşa Köftecisi Mesut Usta,5099065498
restoran,Müslüm Usta Has Urfa 63,5099065503
restoran,Hatay İkizler Tatlıcısı,5099065509
restoran,Özgül Börek Salonu,5099065511
restoran,Kırımlı Çıbörek Bın Yıllık Lezzet,5100823680
restoran,Küçük Ev,5100823682
restoran,Büfe Vittamin,5100823685
restoran,ETNA EV YEMEKLERI,5100823688
restoran,Turkuaz Ev Yemekleri,5100823689
restoran,ASRIN PASTANESi,5100823691
restoran,Efsane Çiğköfte,5100823705
restoran,Ustam Dürüm,5100823714
restoran,Ferda Börek Salonu,5100823716
restoran,Çağrı köfte ve döner,5100825059
restoran,Kul Sofrası,5100825062
restoran,Yılmaz Lokantası,5100825074
restoran,Meydan Lokantası,5100825077
restoran,Gaziantep Ocakbaşı Topkapı,5100825078
restoran,Hanka,5103810762
restoran,Damak lokantası,5103810772
restoran,Konak Lokantası,5103810774
restoran,Canip Ustanın Yeri,5103810780
restoran,Lokanta 53,5103810781
restoran,Kebapçı Murat,5103810784
restoran,Bereket Döner Topkapı Kaleiçi,5103810785
restoran,Tarihi ULUSOY PASTA BÖREKÇİSİ,5103810786
restoran,HATAY OCAKBAŞI RESTAURANT,5103810806
restoran,Beyrut Restaurant,5106122306
restoran,Köşem Döner,5106123752
restoran,Dodo,5106123768
restoran,Ağa Türk Mutfağı,5106123770
restoran,Meydan restaurant,5106123775
restoran,Gül Evi Restaurant,5106123803
restoran,Tabia Restaurant,5106123806
restoran,Köroğlu Et Lokantası,5106123811
restoran,Akşemsettin Balık Lokantası,5106123814
restoran,Tarihi Özkan Köftecisi,5106123815
restoran,Buuzecedi,5106123818
restoran,Hadramot Yemeni Restaurant,5106123820
restoran,Happy Chicken,5106124123
restoran,Mazaj Restaurant,5106124134
restoran,Alibaba Döner,5106127794
restoran,Tadım Köfte Döner,5106127807
restoran,Sultan Kokoreç,5106127814
restoran,Yuvam Restaurant,5106127817
restoran,Rumeli Dondurma,5106129531
restoran,Hacıelaziz çiğköfte,5106131048
restoran,Diver Döner,5106132737
restoran,Alşacara Döner,5106132740
restoran,2 Lokma,5106132752
restoran,Haylazbey Döner,5106132764
restoran,Altınkapı Restaurant,5106132774
restoran,Alam Tani Tavuk,5106134538
restoran,Tad Et & İzgara,5106135539
restoran,Check'up,5106135558
restoran,Titiz Döner,5106135559
restoran,Palukçu Restaurant,5106135562
restoran,Kilis Sofrası,5107243172
restoran,Doğan Kardeşler Börek Salonu,5107243193
restoran,Ali Usta,5107245367
restoran,Antekye Döner,5107245379
restoran,Çeşni Yöresel Gıdalar,5107245382
restoran,Şölen Pastaneleri,5107245384
restoran,Tatlises Çig Kofte,5107245389
restoran,Biffet Bistro,5107245392
restoran,Silivri Kapı Balıkçısı,5107245394
restoran,Gaziantep Kilis Kebap ve Lahmacun,5107245412
restoran,Senl,5107247563
restoran,Kırık Çatal,5107247565
restoran,Develi Pidecisi,5107247583
restoran,Star Ocakbaşı ve Pub,5107305823
restoran,Mis Köfte,5107305827
restoran,Çığır lahmacun,5107305830
restoran,Huzur Uygur Mufatğı,5107305840
restoran,Kebabçım,5107305843
restoran,Büyük Günaydın Kelle Paça Salonu,5107305848
restoran,Divan Antep,5107305887
restoran,Ana yurt lokantası,5107305890
restoran,Gaziantepli,5107305896
restoran,Üçler Urfa Kebab Salonu,5109654671
restoran,PizzaAra,5109654679
restoran,Kardeşler Yemek,5109654680
restoran,Çapa Dürüm Kebab,5109654681
restoran,Frango,5109654684
restoran,Konyalı Gurme,5109654688
restoran,Ehlihan Restaurant,5109654689
restoran,Cesme cihan,5111214085
restoran,Damak kebap,5111214088
restoran,Ahtim,5111214093
restoran,Kardes bufe,5111214096
restoran,Pedeci,5111214108
restoran,Is doner,5111215129
restoran,Catkapi ev yemek,5111215130
restoran,Gaziantepli Usta,5111215131
restoran,Ziyada ev yemek,5111215132
restoran,Tanton usta,5111215139
restoran,Örnek Börek,5111215149
restoran,Kosek and cafe,5111215155
restoran,Fırat Kepab,5111215200
restoran,Tarihi dagkapi,5111215210
restoran,Hacioglarri,5111215215
restoran,Buylu Mutfak,5111215216
restoran,Fonyali,5111215218
restoran,Kral,5111215727
restoran,Pasa doner,5111215743
restoran,Ozgulu,5111215746
restoran,Can borek,5111215759
restoran,Fasuli,5111215770
restoran,Durmce,5111215774
restoran,Giger kepeb,5111215777
restoran,Serkan Büfe,5112723912
restoran,Destina Çiğ Köfte,5112725522
restoran,Osmanlı Tulumbacısı ve Baklava,5112725534
restoran,Sirri Usta Çigköfte,5112725535
restoran,Dürümcü Kerem,5112725536
restoran,Volkan Köfte ve Döner Salonu,5112725537
restoran,Pashaa Kokoreç,5112725539
restoran,Tubaz Odunlu Taş fırını,5112725544
restoran,Mevzubahis Çiğköfte,5112725572
restoran,Meşhur Çiğköfteci Hasan Usta,5112725580
restoran,Antep Sofrası,5112725594
restoran,Aşkla Pasta Cafe,5112725608
restoran,Hazal Döner,5113125300
restoran,Ömer Usta Çiğköfteci,5113125304
restoran,Seyran Pastanesi,5113125306
restoran,Dilek Pastanesi,5113125308
restoran,Hazal Pide Ve Börek Salonu,5113125921
restoran,Doy Doy Çiğ Köfte,5113125924
restoran,Sarıyer Börekçisi,5113125929
restoran,İmamoğlu Kebap ve Lahmacun Salonu,5113125951
restoran,Çorbacı Alaaddin Ustanın Yeri,5113126654
restoran,Merve Pastaneleri,5113126672
restoran,Kokoreçcim,5113126673
restoran,Öz Antep Tatlıcısı,5113126682
restoran,Etibeyaz,5113126686
restoran,Osmanlı Tulumba Baklava,5113126689
restoran,Paşa Balık,5113126690
restoran,Bağdatlım,5113126702
restoran,Marmaris Büfe,5113126711
restoran,Big Mammas,5113127734
restoran,Durak Pide ve Börek,5113127739
restoran,Hafızoğulları Lokantası,5113127740
restoran,Zafer Büfe,5113127745
restoran,Öz karadeniz pide salonu,5113469916
restoran,Samsat Cigkofte,5113470955
restoran,Çiğköfte Durağı,5113470971
restoran,Mevlanakapı Merkez Efendi Köftecisi,5113470975
restoran,Meşhur Çiğbörek,5113470986
restoran,Ham Ham Tost Döner Kahvaltı Evi,5113470997
restoran,Şahin Kardeşler 1 Börek Salonu,5113472207
restoran,Renk Kasabı Et Evi,5113473736
restoran,Acıktım Kardeşler Pide Lahmacun Şehremini,5113473738
restoran,Kısmet 2 Börek Salonu,5113473747
restoran,Sevecen ev yemekleri,5113480880
restoran,Hacielaziz çiğköfte,5113481327
restoran,Yarimada,5113481360
restoran,Çarşamba kebap,5113481370
restoran,Karadeniz pide,5113481388
restoran,Marmara burger,5113481392
restoran,Fatih esnaflar lokantası,5113483402
restoran,Dede sultan,5113483630
restoran,Öz antakya,5113483634
restoran,Sahara saray,5113486732
restoran,Sebil lokantası,5113486740
restoran,Osmanlı bufe,5113486773
restoran,Yıldız saray,5113486779
restoran,Pehlivan,5113486781
restoran,Serdal Büfe,5113487684
restoran,Semsur çiğköfte,5113487692
restoran,Yıldız pide,5113487696
restoran,Berrak Büfe,5113495963
restoran,Paşa döner,5113500728
restoran,Döner istanbul,5113500732
restoran,Ali usta,5113500751
restoran,Hacıoğlu,5113500764
restoran,Kömür turk mutfağı,5113500768
restoran,Kiler Et,5113500792
restoran,Aziz oğulları börek salonu,5113557342
restoran,Dürümcü,5113557345
restoran,Yüksel Uygur,5113557362
restoran,Tarbuş,5113557367
restoran,Mavi Bufe,5113557369
restoran,Nuri Usta,5113557379
restoran,Duru,5113590293
restoran,Eda Büfe,5113590304
restoran,General Sofrası,5113590319
restoran,Hanim eli,5113592131
restoran,MARMARA DURUM,5113592137
restoran,Rey Döner,5113592138
restoran,PIZZA VERDE,5113592140
restoran,Fetih Börek & Pide,5113592158
restoran,EVRIM EXTRA BUFE,5113592163
restoran,PIZZALINA,5113592164
restoran,İzgara Evi,5113592212
restoran,Döner Sadık Usta,5113594823
restoran,Şifa döner,5113594824
restoran,Şark Büfe,5113598486
restoran,özbey bufe,5113598495
restoran,Borek&pide&doner&cafe,5113599484
restoran,Sultan Balık,5113599500
restoran,Furkan Döner,5113599507
restoran,Haseki Ev Yemekleri,5113599512
restoran,Adıvar Cafeteria,5113599517
restoran,Gökhan Büfe,5113599728
restoran,Tüğba Kafeterya,5113599729
restoran,Burgercan,5113599735
restoran,Can büfe,5113599737
restoran,Hacıelaziz çiğkofte,5113609485
restoran,Babacan,5113609489
restoran,İsot lahmacun,5113609492
restoran,Lizzethan çiğkofte,5113609495
restoran,Lezzet çiğ borek,5113609496
restoran,Sofi Döner,5113609508
restoran,Özcanlar kebap salonu,5113610120
restoran,Özen sariyer borekçisi,5113611423
restoran,Yıldız borek,5113611443
restoran,Sefa pide,5113611444
restoran,İkram,5113611451
restoran,Cadde Kebap,5113611457
restoran,Ulu kardeşler,5113611463
restoran,Et ustası,5113611475
restoran,Özen sariyer boreği,5113611476
restoran,Yaprak pide,5113611497
restoran,Semsur çiğkofte,5113611519
restoran,Kaçar borek salonu,5113612622
restoran,Konak Bufe,5113612623
restoran,Emir sultan,5115933151
restoran,Çiğ köftecim,5115933166
restoran,Çiğköfte Park,5115933177
restoran,Merdane Börek,5115933188
restoran,Seyran Pastaneleri,5115933199
restoran,Şenol,5115933201
restoran,Birbey Lahmacun,5115933204
restoran,Miss Kokoreç,5115933219
restoran,Yaman Dondurma,5115933923
restoran,Nizam Usta,5115933926
restoran,Elif Pastanesi,5115935417
restoran,Mir Börek Cafe,5115937195
restoran,Gaziantep'li Künefeci Ömer Usta,5115937213
restoran,Avcı Kebap,5115937214
restoran,Beyaz Saray Dondurma Ve Boza,5115937340
restoran,Crazy Chicken,5115937341
restoran,KEBAPCI CAHIT USTA,5115937363
restoran,Gaziantep Zahter Sofrası,5115937378
restoran,Ada Balık Evim,5115937383
restoran,Evrim Restoran,5115937391
restoran,Osmanlı Tulumba ve Baklava,5115937823
restoran,Feyzi Usta Kadayıf ve Baklavaları,5115937824
restoran,Sürpriz Büfe,5115937834
restoran,Tatlıbak,5115937839
restoran,Karadeniz Pide-Börek Salonu,5115937857
restoran,Kalite Börek Salonu,5115937987
restoran,URFA SOFRASI HASAN USTA,5115938008
restoran,Hira Kebap ve Dürüm Evi,5115938123
restoran,Elif Büfe,5115938128
restoran,Tadım Unlu Mamulleri,5115938131
restoran,Paşa Kokoreç,5115938133
restoran,Al Baron Restaurant,5115939230
restoran,Nazlı Urfa Kebap Salonu,5115939234
restoran,köşem büfe,5115939261
restoran,Balkan Dondurma,5115939266
restoran,Üsküp Simit Pogaçası,5115939278
restoran,buhara börek,5135902724
restoran,adıyaman çiğ köfte,5146851322
restoran,Diyar Lahmacun,5147296722
restoran,Baydöner,5147296724
restoran,Tavuk Dünyası,5147296725
restoran,Waffle Stop,5147296726
restoran,Simit Sarayı,5197341621
restoran,Felek,5216386721
restoran,Selam Et Lokantası,5243945190
restoran,Sedet İskender,5243945193
restoran,Ziya Şark Sofrası,5243945198
restoran,Dünya döner,5243950187
restoran,Komagene,5243950196
restoran,Akdeniz Büfe,5243950212
restoran,Gala kokoreç,5243950730
restoran,Gülbenoğlu,5243950731
restoran,Kuzey Büfe,5243950743
restoran,Soylu büfe,5243950748
restoran,Renk büfe,5243950767
restoran,Meshur sariyer,5243950794
restoran,Antep sofrasi,5243950803
restoran,RTmevsim Doner,5243950965
restoran,Konya Etli Pide,5243951365
restoran,Ozgelis kabab salonu,5243951405
restoran,Fatih durum,5243951409
restoran,Balik evi,5243951435
restoran,Harun Büfe,5243951522
restoran,Oses,5243951541
restoran,Şerifoglu,5243951544
restoran,Bezirgan,5243951545
restoran,Pesto restorant,5243951547
restoran,Hayat lokantasi,5243951555
restoran,adiyaman çikoftecisi,5243951557
restoran,Tekirdağ Köftecisi,5243951971
restoran,Çagdash lokanta,5243952635
restoran,Paşalar sofrasi,5243952647
restoran,Kozde kebap,5243952733
restoran,Erzurum Cağ Kebap,5243952770
restoran,Kebabçı Mahmut,5243952773
restoran,Ahsen hatay sofrasi,5243952776
restoran,Çiğköfte,5243953332
restoran,Haci el aziz Çiğ Köfte,5243953364
restoran,Göçmen Börekçisi,5297966664
restoran,Beş Bıçak Steak House - Kasap,5310556605
restoran,Kral Burger,5366015432
restoran,Sadakat pide,5484751721
restoran,Popeyes,5666215271
restoran,Bursa Kebapevi,5666329959
restoran,Lamba Cafe and Restaurant,5666800281
restoran,DAMGA ÇIĞ KÖFTE,5666800302
restoran,Ciğeristan,5666800306
restoran,OSES ÇIĞ KÖFTE,5666800307
restoran,Pizza Pizza,5666800319
restoran,Safa Döner,5666801852
restoran,Mangal kebap,5666801855
restoran,burger shop,5666801874
restoran,Ciğkofteci Ömer Usta,5666801875
restoran,Berke Kebap Evi,5666801901
restoran,Ekim Et Lokantası,5666802343
restoran,Kardeşler Büfe,5667618128
restoran,Zebu Kebab Evi,5667618129
restoran,Görkem Büfe,5667618130
restoran,Has Adıyaman çiğköfte,5667618357
restoran,Gümüş Büfe,5667618364
restoran,May Kokoreç,5667618373
restoran,Tavuk Barakat,5667618415
restoran,Yendöner,5667618622
restoran,Çınaraltı Kebap,5667618633
restoran,Ortaklar Restoran,5667618683
restoran,Ezgim Et,5667618688
restoran,Yılmaz Büfe,5667618707
restoran,Gümüşsuyu Et Lokantası,5667618709
restoran,Akçaabat Köftecisi,5667618772
restoran,Urfa Dürüm,5667618792
restoran,Güleryüz Büfe,5667619237
restoran,Filful restaurant,5667634449
restoran,DAMAK YEMEK ŞÖLENİ,5667634460
restoran,Site kokreç,5667634462
restoran,Big Burger,5667634477
restoran,"Akkoyunlar Kasabı, çiğköfteci",5667634484
restoran,Bülent Börekçilik,5667634490
restoran,Demirdağ kebap,5667634514
restoran,Müsadenizle Umut Büfe,5667636223
restoran,Kebabistan,5667636270
restoran,Burhan Usta Pide,5667636277
restoran,dilim börek,5667637430
restoran,Çağrı KEBAP salonu,5667637439
restoran,Zeytinburnu Dönerci,5667637446
restoran,Meşhur Zeytinburnu Dönercisi,5667637464
restoran,Etibol döner,5667637470
restoran,Döner ve ciğer patso,5667637500
restoran,Özbek Milli Taomlar Nur,5667637506
restoran,Üsküp Köftecisi,5667637512
restoran,kahvaltı,5667637516
restoran,Barış pide lokantası,5667638737
restoran,Akçay Döner,5667638744
restoran,Madina lokantası,5667638745
restoran,MAVI MUTFAK VE BÜFE,5667638756
restoran,Özgül,5667638766
restoran,arzum börek,5667638774
restoran,Saray Döner,5667638789
restoran,mevlana pide,5667638814
restoran,namlı sarıyer,5667638818
restoran,Mangaldan,5667640051
restoran,KANATHANE,5667640061
restoran,DÖNER CIIMM,5667640073
restoran,Meşhur Kokoreççi,5667640090
restoran,Mangaldan restaurant,5667640106
restoran,Zeytin Dalı Dönercisi,5667640726
restoran,ÖZ KARADANIZ,5667640750
restoran,ASMALI BAHÇE,5667640753
restoran,AKÇA ABAT,5667640757
restoran,Birlik Döner,5667640762
restoran,Hudri lokantası,5667640764
restoran,Öz Malatya Tandır ve Kebap,5667640794
restoran,Öses Çiğ Köfte,5667640797
restoran,Badem Kahvaltı ve Döner,5667640800
restoran,Baran Urfa sofrası,5667640813
restoran,Alshahbaa lokantası,5667640819
restoran,ERVAN ET,5667641529
restoran,Bader lokantası,5667641547
restoran,Yildiz doner,5667641583
restoran,DÖNER SALONU,5667641599
restoran,Börek salonu,5667642024
restoran,CİHAN KÖFTE,5667642025
restoran,Muhtar lokantası,5667642062
restoran,MUTLU PİDE,5667642084
restoran,PAŞA DÖNER,5667642099
restoran,Urfa özlem,5667642102
restoran,MEVLANA PİDE,5667642103
restoran,DOĞU LOKANTA,5667642923
restoran,TUŞPA ET VE TAVUK,5667642934
restoran,Pehlivan corba,5667642935
restoran,DAR VAKİT DÜRÜM EVİ,5667642937
restoran,Akın baba,5667642939
restoran,Rüya Döner and Fast food,5667642950
restoran,KÖYÜM,5667642957
restoran,Rida lokantası,5667642975
restoran,KÖŞEM BÜFE,5667642976
restoran,Doğu lokantası,5667642978
restoran,Sarıyer börek ve pide salonu,5667642984
restoran,Çiğköfteci Abuzer usta,5667642989
restoran,Manyas Restaurant,5667642991
restoran,Birlik Büfe,5667655635
restoran,Amed Dönerci,5667655671
restoran,Oz mevlana,5667655676
restoran,Belik doner,5667655680
restoran,Coşkun Lokantası,5667655688
restoran,Hacı Abi lokantası,5667655701
restoran,Köfteci Nedim,5667657030
restoran,Alpaşa Döner,5667657055
restoran,Gencler kebab,5667657058
restoran,Rahman Et ve Tavuk Lokantası,5667657087
restoran,Adana Sofrası,5667657723
restoran,Elif Börek Salonu,5667657725
restoran,Urfa Dergah Kebap,5667657746
restoran,Özşeker Kokoreç,5667657782
restoran,Sadakat,5667657793
restoran,Ömer Aybak,5667657803
restoran,Evcil Lahmacun Pide,5667657805
restoran,bolu elikeyf,5667657814
restoran,Öz Sarıyer Börekçisi 2,5667657817
restoran,Bereket Sofrası,5667657820
restoran,Yenidogan,5667658223
restoran,ehli ceğer,5667658224
restoran,paşafırını,5667658228
restoran,başak börekcisi,5667658258
restoran,Şenkardeşler,5667658275
restoran,Borek,5667658283
restoran,meydan dürüm,5667658285
restoran,Has Adıyaman Çiğköfte,5667658286
restoran,big mommas,5667658302
restoran,royal tavuk,5667658305
restoran,güzel hayat,5667658308
restoran,has adıyman,5667658312
restoran,papyon,5667658315
restoran,mevzubahiş,5667658428
restoran,hacı sayid,5667658431
restoran,Eyup sultan,5667658440
restoran,öz baba döner,5667658452
restoran,Usta eller,5667658468
restoran,de lotte,5667658470
restoran,Meşhur Pide,5667658478
restoran,Paçalı,5667658483
restoran,praga,5667658484
restoran,shez fren,5667658498
restoran,tencerem yemekleri,5667659226
restoran,Özbek Sofrası,5667659241
restoran,Ercan,5667659250
restoran,RT-MEVSIM Döner,5667659255
restoran,Emir pasta ve börek,5667659263
restoran,Dürümcü Dayı,5667659266
restoran,Alacati,5667659280
restoran,meşhur tost,5667659284
restoran,Vatan,5667659291
restoran,vargeller kebap,5667659631
restoran,adıyamanlı çiköfteci,5667659633
restoran,Üsküp lokantası,5667659660
restoran,mahmud usta kebap,5667659665
restoran,Kestane restaurant,5667659683
restoran,Nadir kebab,5667659701
restoran,lezzet döner,5667659705
restoran,Reating,5667659711
restoran,park lokantası,5667660236
restoran,nur acım kebap salonu,5667660245
restoran,Sıradışı kebap,5667660253
restoran,pilavcı dayının yeri,5667660256
restoran,çiftlik chicken,5667660266
restoran,Erdil,5667660272
restoran,Merdas,5667660291
restoran,akçay döner,5667660296
restoran,Ozen,5667660302
restoran,Pizzaline,5667660304
restoran,Osman Baba,5667660826
restoran,Şam şerif lokantası,5667660837
restoran,Akida Pilav,5667660842
restoran,Ademoğlu,5667660850
restoran,Yılmazlar restaurant,5667660853
restoran,Sahil Büfe,5667660857
restoran,Altın Büfe,5667660865
restoran,Safran Karadeniz,5667660873
restoran,İmamoğlu Pide,5667660878
restoran,Vitamin,5667660883
restoran,Kösem,5667660909
restoran,Merkez,5667661143
restoran,Saraykale,5667661146
restoran,Metin Usta Çiğ Köfteci,5667661183
restoran,Güven Döner,5667661189
restoran,İnegöl Et Lokantası,5667661193
restoran,hacı dayı,5667661219
restoran,Bulvar Kokoreç,5667661321
restoran,Öz Mevlana Pide,5667661352
restoran,Taksim Cafe,5667661354
restoran,Zeytinburnu Tostçusu,5667661357
restoran,Zeytinburnu sosyal tesisleri,5667661401
restoran,Sahil Hisar restaurant,5667661801
restoran,Slaav lokantası,5667662128
restoran,CİĞERCİ,5667662139
restoran,GÖZDE FAST FOOD,5667662189
restoran,Merkez Döner,5667662630
restoran,Merdanem,5667662649
restoran,Kimyon Yemek Evi,5667684455
restoran,Köşem Restaurant,5667684456
restoran,Rüstemoğlu Sofrası,5667684464
restoran,Ezel Çiğköfte,5667684468
restoran,Mevlana,5667684471
restoran,Kayıpşehir Cafe & Restaurant,5667684476
restoran,Kolancı döner,5667684507
restoran,Loca Döner,5667684510
restoran,Deliorman Kebapçısı,5667684517
restoran,Izgara,5667686387
restoran,Ünlu Sarıyer,5667687522
restoran,Mehim Kebap,5667687525
restoran,Öztat pide börek,5667687533
restoran,Güneşli İskender Salonu,5667687538
restoran,Bereket kebap,5667687541
restoran,Hatay Dürüm Diyarı,5667687542
restoran,Postcu Baba Waffle,5667687543
restoran,Şirazen,5667687575
restoran,Kofte,5667687578
restoran,Sahin sulu,5667687589
restoran,Salkım döner,5667688645
restoran,Hisar bufe,5667688649
restoran,Alrabii lokantası,5667688718
restoran,Tamam lokantası,5667689731
restoran,Ziyafet cigkofte,5667689784
restoran,Yeniler,5667689794
restoran,Ray gele,5667691048
restoran,Özcüneş Lokum & Şekerleme,5667691086
restoran,Harbi Döner,5667691094
restoran,Bodrum Döner,5667692621
restoran,Emine Sultan Ev Yemekleri,5667692645
restoran,Dostlar Ocakbaşı,5667692654
restoran,Papa John's,5667692657
restoran,Hatay Döner,5667745961
restoran,HİLAL BÜFE,5667746002
restoran,Biyesen çiğköfte,5667746005
restoran,Danacı,5667746009
restoran,SAFRAN DÖNER,5667746016
restoran,Express döner köfte,5667746018
restoran,Kahta döner,5667747256
restoran,Pide lahmacun kebap,5667747288
restoran,Ziyafet çiğköfte,5667747293
restoran,DAMAK TADI,5667747306
restoran,KEPAP & DÖNER SARAYI,5667747927
restoran,Ercin börek,5667747947
restoran,Sultan Tabağı,5667747976
restoran,Yücel Usta Mangalbaşı,5667747984
restoran,Abdurrahman Şark Sofrası,5667747998
restoran,Simya cafe restoran,5667748006
restoran,Has çiğköfte,5667748622
restoran,Yeşil Büfe,5667748649
restoran,Sadık Oğulları Börek Pide Pizza,5667748663
restoran,Pardi Cafe & Restaurant,5708102821
restoran,Birecikli,5752427724
restoran,Cihan Kardeşler Börek Salonu,5825443553
restoran,Ademoğlu Tandır Döner,5906623986
restoran,Köfteci Yusuf,5910277068
restoran,Etigüzel,5981430087
restoran,Bykuş,5981444085
restoran,OSES Çiğköfte,6038986028
restoran,Faruk Güllüoğlu,6116757944
restoran,Usturmaca Balik Restorant,6130401289
restoran,İBB Florya Sosyal Tesisleri,6169990786
restoran,Kırkambarlar Lokantası,6198246588
restoran,Bi'Soslu Döner,6259147666
restoran,Bereket Döner,6259158310
restoran,Kaya Balık,6259299334
restoran,Capri Ocakbaşı Restaurant,6259380308
restoran,Mavi Sofra,6260701686
restoran,Burger Yiyelim,6262854885
restoran,Kaşıbeyaz,6263857585
restoran,Saruhan Kebap,6264552691
restoran,Yağcıoğlu Cafe & Restoran,6264621389
restoran,Aslı Börek,6264767489
restoran,Tonton Baba,6271134792
restoran,Arsamiea,6271134796
restoran,Hacı Sayid,6284709285
restoran,Kroren Restaurant,6296619895
restoran,Dönerci Ali Usta,6308058689
restoran,Balık Deryası,6308072187
restoran,Rumeli Döner,6308072188
restoran,Tarihî Merkezefendi Köftecisi,6329150385
restoran,Dürümle,6364562965
restoran,Sarıhan İşkembe,6364642899
restoran,Adıyaman Çiğ Köftecisi Emin Usta,6383433315
restoran,Keyff,6383617771
restoran,Harbi Burger,6383694900
restoran,Nostalji,6383694908
restoran,Beyoğlu Halk Döner,6383694909
restoran,Terrace 12,6383694912
restoran,Vitamin Simit Cafe,6383708901
restoran,Bishop,6521775216
restoran,Burger Ye,6547046309
restoran,Tarihi Mevlevihane Köftecisi,6551120309
restoran,Calipso,6624680185
restoran,İnegöl Köfte Salonu Recep Usta'nın Yeri,6696391823
restoran,Şefikoğulları Künefe,6697253857
restoran,Haskral Hatay Sofrasi,6731413485
restoran,Rasim İskender ve Kebap,6753065619
restoran,The Doors Bistro,6758776146
restoran,Hüner Ev Yemekleri,6763640185
restoran,Papalina balik,6777903785
restoran,Etovasi,6779326485
restoran,Elle'ye Kebap,6917162485
restoran,Saray Muhallebicisi,6927237085
restoran,Büyükçekmece Kanatçısı,6954506712
restoran,Terbiyeli Çorba Et Köfte,6954521552
restoran,Ziyafet Çiğköfte,6954521567
restoran,Anıl Börek,6954521575
restoran,Square Cafe & Fast Food,6954564351
restoran,Kervan Döner,6961577866
restoran,İki Çay Bi Kahve,6961577868
restoran,Çınaraltı Köfte Döner,6961577871
restoran,Acıktım,6961577872
restoran,Suadiye Marmaris,6961577874
restoran,Kasap & Izgara,6961577877
restoran,Katık,6961577879
restoran,Zeyno Waffle,6961593135
restoran,Bereket Gözleme,6961593138
restoran,Kumrucu,6961593161
restoran,Biget,6961631286
restoran,Güney İşkembe & Pide,6961631289
restoran,Zigana Akçaabat Köfte,6961631290
restoran,Huqqabaz,6961631293
restoran,Manyak,6961631297
restoran,Balıkçım,6961631300
restoran,Buket Pide,6961634637
restoran,Fasuli Lokantaları,6961634640
restoran,Dirona Akçaabat Köfte,6961634642
restoran,İnciraltı Ev Yemekleri,6961634655
restoran,B.Ç. İskender Kebapçısı,6961666522
restoran,Saray Ciğercisi,6961666526
restoran,Anteplioğlu Tatlı & Baklava,6961666528
restoran,Arifoğlu Cafe & Restaurant,6964036653
restoran,Shino Chicken,6964044892
restoran,Tanrıdağ Uygur Restaurant,7075596686
restoran,Hacı Street Food,7200199385
restoran,Güneş Restaurant,7227073321
restoran,Ömer Baba'nın Yeri İrem Balıkçılık,7227073322
restoran,Balıkçı Abla,7227073323
restoran,Babacan Balık Restaurant,7227073324
restoran,Yıldız Balık & Et Restaurant,7227073325
restoran,Kuba Büfe,7227145652
restoran,Ataköy Garden,7227369312
restoran,Devran Tantuni,7591718325
restoran,Eti Beyaz,7591718327
restoran,Can Baba Börek,7591718340
restoran,Baba Döner,7591718342
restoran,Yeşilırmak Et Sofrası,7591718356
restoran,Hey Döner,7592436109
restoran,Karadeniz Pide Salonu,7592436110
restoran,Memnun Döner,7592436118
restoran,Pizza Lazza,7592436140
restoran,Urfa Suruç Ocakbaşı,7592958762
restoran,Çağdaş Börek,7620005130
restoran,Adıyaman Çiğköftecisi Derviş Yaşar,7625742317
restoran,Özlem Lokantası,7651602399
restoran,Bizim Mutfak,7651602480
restoran,Öz Lezzet Börek,7651644303
restoran,Hacıefendi Döner Köfte,7651644311
restoran,Özdamak Pide Kebap Lahmacun,7651656279
restoran,Burçak Döner,7651656284
restoran,Big Mamma's,7654975431
restoran,Şato İstanbul,7654975436
restoran,Sedir Döner,7655001419
restoran,Kültür Cafe,7655001420
restoran,Piatti Pizzeria,7695460481
restoran,La Casa de Burger,7695484903
restoran,Adana Kebapçısı Murat Usta,7695484912
restoran,Big Chefs,7826695285
restoran,By Hatay Döner,7889339027
restoran,Park Çiğköfte,7889339051
restoran,Gelde Yeme,8021260679
restoran,Mirbey Börek,8021291127
restoran,China Stix & Sushi,8027748123
restoran,Mersin Biftek Tantuni,8027753112
restoran,Hızlı Burger,8027755518
restoran,Sushiwind,8027755858
restoran,Oliva Cafe Restaurant,8178572230
restoran,Ataköy Pizza Hut,8296307007
restoran,Cundalı Bahçe Ataköy,8296307009
restoran,Saraykapı,8310450476
restoran,Dürüm Kitchen,8310455102
restoran,Lokmacho,8310455568
restoran,Burger Black,8310456979
restoran,Maşa Gaziantep Mutfağı,8310458211
restoran,Ab'bas Waffle,8310459979
restoran,Kenan Baba,8310462185
restoran,Osmanlı Börek,8310464635
restoran,Bahçe Büfe,8310468940
restoran,Gaziantep Kalealtı Lokantası,8310469851
restoran,Kasap Lahmacun,8322016276
restoran,Sushi days,8322016277
restoran,Hey döner beylikdüzü,8322016280
restoran,Karacalı Türk,8322016281
restoran,Ceylan Börek & Pide,8561148613
restoran,Derya Börek & Cafe,8562492874
restoran,Fatih Obası,8562492875
restoran,Hamamönü Kasap & Restaurant,8562492877
restoran,Bakır Ustam Taş Fırın,8737813892
restoran,Fitchino,8737813896
restoran,Şampiyon Döner,8737937232
restoran,Moba Kokoreç,8759353084
restoran,Mrs. Charlotte,8759362160
restoran,Yesa Çiğköfte,8759362183
restoran,Revan Garden Restaurant Kır Düğünü,8815788112
restoran,Cooşkun Balık,8815822026
restoran,Kömür Izgara,8815822027
restoran,Antepli Miçey Kebapçı,8829474106
restoran,Efsane Adıyaman Çiğköftecisi Neco Usta,8829495177
restoran,Melek Lokantasi,8863187019
restoran,Dervişan Merkezefendi Köftecisi,8916111723
restoran,Kahta Çiğ Köftecisi,9066815958
restoran,Konak Dürüm Evi,9122683804
restoran,Kaymaklar Lokantası,9134602822
restoran,Şöhr-Et,9141665421
restoran,Keyf Mangalbaşı,9141665836
restoran,Tadında,9316292561
restoran,Karaköy Börekçisi,9381526322
restoran,Altın Sofra,9381804172
restoran,Kokoreççi Şenol,9400525551
restoran,Taş Fırın,9455356659
restoran,Bursa Kebap Evi,9455357368
restoran,İstanbul Aşikar Lokantası,9455363265
restoran,Alaturka Döner,9455368749
restoran,1 Numara Döner,9455375727
restoran,Konak Fırın,9455375728
restoran,Heydöner,9455379428
restoran,Kasap Lahmacun Pide,9455383224
restoran,Hekimoğlu Tantuni,9500621320
restoran,Zelal Çiğköfte,9500621323
restoran,Acıktım Kebap Salonu,9500627341
restoran,Levent Börek,9550875405
restoran,Torku Ziyafet Döner,9550875408
restoran,Kardeşler Lokantası Bayburt Döneri,9550875410
restoran,Şahane Döner,9550928890
restoran,Balkan Lokantası,9550928897
restoran,Sevinç Simit Salonu,9550928901
restoran,Altın Tabak Ev Yemekleri,9550928902
restoran,King Asado Burger,9550928909
restoran,Burger Yesek,9550928915
restoran,Osmanlı Damak Lokantası,9550933524
restoran,Tarihi Sebat Et Döneri,9550933530
restoran,Ercan Burger,9743004950
restoran,Etci Mehmet,9924871917
restoran,Imren Balik Evi,9924979417
restoran,Antepli Ustam Kebap Pide Döner Salonu,9935345384
restoran,Mersin Yöre Evi,9935345385
restoran,Kıbrıs Evi,9935345386
restoran,Malatya Yöre Evi,9935345390
restoran,Kastamonu Yöre Evi,9935345391
restoran,Trabzon Yöre Evi,9935345395
restoran,Bolu Yöre Evi,9935345396
restoran,Amasya Yöre Evi,9935345398
restoran,Diyarbekir Yöre Evi,9935345399
restoran,Tokat Yöre Evi,9935345400
restoran,Safranbolu Yöre Evi,9935345401
restoran,Kervan Büfe,9935345404
restoran,Rumeli Yöre Evi,9935345408
restoran,Çağrı Döner,9935472129
restoran,Büyükçekmece Tarihî Ekmek İçi Köftecisi,9935472160
restoran,Anadolu Sofrası,9935472161
restoran,Marka Simit,9935472166
restoran,Birtat İskender Kebap Salonu,9935472175
restoran,Bahçeli Kebap,10029201872
restoran,Şükrübey Kebap & Lahmacun,10029201877
restoran,Nano Dürüm,10029201891
restoran,Maris Kebap Lahmacun,10047863294
restoran,Bostancıoğlu Kebap Döner salonu,10180146879
restoran,Adıyaman Çiğ Köfte,10537755003
restoran,Midyeci Ferhat Midye-Kokoreç,10537755004
restoran,Annemin Mutfağı,10541522693
restoran,Beylik Et Balık,10711790413
restoran,Kebaphane,10814222752
restoran,Farket Lokantası,10819183350
restoran,Real Köftecim & Büfe,10862555282
restoran,Kaan Cafe Restaurant,11005564084
restoran,Şirin Büfe,11049355899
restoran,"DİYARZADE KÜNEFE, KATMER, BAKLAVA, VE TATLI",11093306810
restoran,Kirvem Kanat Evi,11405544422
restoran,Balık Ekmek,11599543173
restoran,Nergis Cafe,12151557782
restoran,Lezzethane,12151557795
restoran,İtibar Köz Döner,12173756440
restoran,Bella Costa Cafe,12173756445
restoran,Usta Dönerci,12319662961
restoran,Vagon Tantuni,12339800128
restoran,Reis Balık,12364483511
restoran,Leziz Esnaf Lokantası,12432928838
restoran,Basri Baba İstanbul,12469539840
restoran,Cesa Çiğköfte,12480026479
restoran,Trabzon Döner,12556683322
restoran,Yeni Palmiye Kafe Restoran,12645060492
restoran,Damak Et Lokantası,12710251023
restoran,Tarihi Çemberlitaş Börekçisi,12716672888
restoran,Sevilen Tat Çiğköfte,12718147507
restoran,Hakiki Sarıyer Börekçisi,12724304633
restoran,İstanbul Döner,12724304634
restoran,Çeşme Meydan Döner,12728120328
restoran,Çiğköfte Dünyası,12730718710
restoran,Küçük Ev Et Lokantası,12749930243
restoran,Gülüm  Kilis Pide Kebap ve Dürüm Salonu,12749978601
restoran,Tayba Falafel Ve Pide,12768856301
restoran,Balık Osman Restaurant,12770529758
restoran,Can Baba Balık Lokantası,12770529759
restoran,İskele Restaurant,12770529761
restoran,Hemdem Restaurant,12770529764
restoran,Döner Bank,12798341017
restoran,Mıknatıs Büfe,13037209709
restoran,Dönerci Celal Usta,13092785675
restoran,KFC,13092785682
restoran,Burger Bazaar Kristalşehir,13236107334
restoran,Merdanem Börek,13236107342
restoran,Haznedar Meydan Gece Ciğercisi,13276503802
restoran,BiTas Ev Yemekleri,13276506301
restoran,Etçi Mehmet,13280856702
restoran,Serotonin Waffle ve Sütlü Tatlı,13443991552
restoran,Balık Market Restaurant,13482952338
restoran,Curly Pizza,13482999640
restoran,Fısıltı Lounge,13524992101
restoran,The Roof Kingdom Kitchen & Bar,13524992102
restoran,Samsaland,13569577801
restoran,Zirvem Lahmacun Kebap Pide,13868950656
restoran,MOGAF,13869144765
restoran,Esto Lahmacun,13869146023
restoran,Çukurova Tantuni,13869235791
restoran,Belçika Sokak Lezzetleri Et Döner,13869256033
restoran,Domino's Pizza,13869257048
restoran,İstanbul Ev Ve Yemekleri,13990979596
restoran,Hayat Cafe,566635090
restoran,Köz Kanat,586452166
restoran,Dürümcü Ismail Usta,654197449
restoran,Börekci,654377692
restoran,Lita Mantı,803882299
restoran,Konyalı Restaurant,903438877
restoran,Le Caïque,974678738
restoran,Cibali,974678786
restoran,Ayasofia Dönercisi,1000022724
restoran,Sultan Mehmet Restaurant & Cafe,1000022806
restoran,The Port Shield Pub & Restaurant,1000023064
restoran,Sultanahmet köftecisi,1315366033
restoran,Arzum Ev Yemekleri,1379749504
restoran,Kolombo Kebap,1394863081
restoran,Çiya Kebap 2,1501426221
restoran,Kalpazankaya Restaurant,1578095840
restoran,Ottaman Burger,1686930450
restoran,Helvetia,1686930451
restoran,Cheers Soul Kitchen,1762077465
restoran,Boukoleon Fish Restaurant,1762082631
restoran,Sultan’s Inn,1762083460
restoran,Komşu Fırın,1769499554
restoran,Daruzziyafe,1769514222
restoran,Sofia,1784925351
restoran,Giritli,1808533830
restoran,Fırtına Restoran,1863736121
restoran,Murat Karadeniz Pide,1867006340
restoran,Karaköy Lokantası,1898334690
restoran,Cankurtaran Öğretmenevi,1900626451
restoran,Kristal Büfe Caddebostan,1902991719
restoran,Mihri,1908677120
restoran,Cistern Restaurant,1914160119
restoran,Derviş Cafe,1914160120
restoran,Korean Chinese,1914160124
restoran,Seoul II Restaurant,1914160126
restoran,Ciğerci Hulusi,1914323287
restoran,Komün,1915390150
restoran,Tepeli Restaturant,1988225442
restoran,Sultan's Kitchen,2249787153
restoran,Namlı Kebap,2258710184
restoran,Paşa İskender,2380579591
restoran,Serçeşme,2380579595
restoran,Asmakat,2433366990
restoran,My Chef,2433367006
restoran,Fries Dinosaurs,2433367009
restoran,Tek Büfe 7,2433367018
restoran,Köyüm Pidecisi,2433671847
restoran,Halil Lahmacun,2435483563
restoran,Çiğ Köfteci Gakgoş Usta,2437539358
restoran,Chicken Last Stop,2445138826
restoran,Ekspres İnegöl Köftecisi,2445263836
restoran,Bombacı Mülayim,2445278863
restoran,Törek,2445278893
restoran,Çiğ Köfteci Sait Usta,2446048558
restoran,Meşhur Kokoreççi Adem Usta,2449446064
restoran,Zevk Lokanta,2449655755
restoran,Casa di Moda,2450994885
restoran,Destan Halk Lokantası,2453594560
restoran,Şölen,2461026759
restoran,Happy Moon's Kadıköy,2465881545
restoran,Çınaraltı Kokoreç,2469162852
restoran,SushiCo Suadiye,2469886159
restoran,Çınaraltı Mangalbaşı,2469886173
restoran,Catchy BBQ,2501477688
restoran,Seyhmuz Kebap,2509855436
restoran,Kuğu Pastanesi,2514278413
restoran,Kalbur,2514371514
restoran,E Balik,2514379385
restoran,Hasan Usta,2514747642
restoran,Orman Cafe & Restaurant,2514763937
restoran,Damak İskender Kebapçısı,2516606271
restoran,Hanlı Mutfak,2516606272
restoran,Kudeta Chinese & Sushi,2516614770
restoran,Cafe Garage,2516652949
restoran,Nakka Bistro,2590605090
restoran,Farika Döner,2590676538
restoran,Hat Döner,2621952254
restoran,Escape,2641906726
restoran,Lucas Si,2641906727
restoran,ANTEB Kebab & Pizza,2771801936
restoran,W Cafe Brasserie,2855429037
restoran,Çanak Kebap,2876256419
restoran,Esmer Chef,2984153151
restoran,Remina,2990366528
restoran,SushiCo Kalamış,2990366529
restoran,Meşhur Adıyaman Çiğ Köftecisi,2990375617
restoran,Barış Büfe,3053092998
restoran,Flamingo,3053096306
restoran,Pandeli,3079823142
restoran,Bab-ı Hayat,3079823143
restoran,Paşazade Restaurant,3090798091
restoran,Med Cezir,3090816360
restoran,Sultan Köşesi,3090816363
restoran,Seven Hills Restaurant,3090853853
restoran,Masal,3090853854
restoran,Palmiye,3090853857
restoran,Erzincanlı Ali Baba Restoran,3090853858
restoran,Barbecue House,3100037835
restoran,Erol,3100037836
restoran,Keyf-i Mekan,3100037837
restoran,Mivan Restaurant Cafe,3100037838
restoran,Spectra Cafe,3100047495
restoran,New Season,3102593664
restoran,Little Havanna,3104170591
restoran,Serbethane Cafe & Restaurant,3107720171
restoran,Pim Kitchen & Patisserie,3137195629
restoran,Şehbender 14,3179952672
restoran,Spectra Restaurant,3184809998
restoran,tacita,3186628316
restoran,Güney,3188737190
restoran,Galata Kiva,3188738222
restoran,Miss Pizza Şişhane,3188738241
restoran,ÇC Lider Pide Tepeüstü Otoparklı Şube,3254501300
restoran,Adıyaman Çiğ Koftecisi,3281304692
restoran,Doyuran,3281304693
restoran,By Ferro,3282470278
restoran,Cansın Restaurant,3304415106
restoran,Osmanlı Balıkçısı,3304415108
restoran,Güllüoğlu,3371076620
restoran,Sazeli Restuarant,3407563408
restoran,Armada Restaurant,3452205486
restoran,Mr Cook Cafe & Restaurant,3452205491
restoran,Burgerlab,3453711783
restoran,robin's,3457390658
restoran,Le Safran Restaurant,3457689622
restoran,Güler Restaurant,3498778647
restoran,Antep Kebab,3499179004
restoran,Sorriso Restaurant,3499232972
restoran,Sultan Ahmet Fish House,3499273566
restoran,Yarenler Restaurant,3499293120
restoran,Saray Döner İskender ve Et Lokantası,3522200909
restoran,Yeni Lokanta,3660872705
restoran,Sarıhan,3702768863
restoran,Uzunlar Kebap,3709697720
restoran,Kadi Nimet Balıkçılık,3785307179
restoran,Peymane,3810855325
restoran,Kulinata,3817961596
restoran,Aheste,3880755031
restoran,Baylo,3880777357
restoran,Sultanahmet Köftecisi,4100479626
restoran,Sayla Mantı,4100513989
restoran,Betro Burgers,4102159089
restoran,Pinhan Cafe & Restaurant,4103576917
restoran,Paps,4157059692
restoran,Balıkçı Sabahattin,4159236194
restoran,Morello Cafe,4171760289
restoran,Doga ciftligi,4192312548
restoran,Constantine's Ark,4195110891
restoran,Dürümcü Emmi,4221218564
restoran,Nola,4246253011
restoran,Kalyon,4343584752
restoran,Mavi Sandal Balikcisi,4352698395
restoran,Tamara,4367577789
restoran,Hungry Ghost,4367630390
restoran,Dönerci Sahin Usta,4369636425
restoran,Chinese & Sushi Express,4375403789
restoran,Fatel,4395618790
restoran,Buffe,4395626789
restoran,Konyalım Etli Ekmek,4416248797
restoran,Tavacı Recep Usta,4416261601
restoran,Pide Sun,4419095995
restoran,Tadim Bufe,4419254603
restoran,Karadeniz,4419254702
restoran,Beyaz Fırın Ataşehir,4419335543
restoran,Fauna,4419337509
restoran,Aruna Cafe & Restaurant,4425691979
restoran,Pepo,4427329097
restoran,Antiochia,4429005176
restoran,Durum büs,4435520394
restoran,Çağrı Karadeniz Kebap & Pide Salonu,4447070489
restoran,Raıf üsta,4447856189
restoran,Gorgonzo,4460648893
restoran,Pideci Çavuşoğlu,4470268990
restoran,Borsam Taş Fırın Rıhtım,4504321793
restoran,Nato Lokantası,4508369289
restoran,Marmara Et,4517441289
restoran,Yusuf Ustanın Yeri,4529860138
restoran,Tatmix,4533925846
restoran,İBB Safa Tepesi Sosyal Tesisleri,4535633095
restoran,Avşa Büfe,4535688364
restoran,Nur Abla Restoran,4535871798
restoran,Saruhan İşkembe Salonu,4535875057
restoran,Hd İskender,4538597089
restoran,Kürekçiler Yemek Evi,4543170709
restoran,Çamlık Pide,4543170710
restoran,Çeltik Kebap Lahmacun,4543172084
restoran,Anteplioğlu Baklavaları,4544907249
restoran,Öz Anadolu Et Lokantası,4544917187
restoran,Alkan Börek,4544917698
restoran,Keyif restoran,4549492799
restoran,Çukur Ova Dürümcü,4549498593
restoran,Zeki Döner,4549507619
restoran,Narin,4549509320
restoran,As İskender,4551967215
restoran,Süreyya Lokantası,4552257215
restoran,Ali Kolcuoğlu Kebap,4559959201
restoran,Çiğ köfteci Aziz Usta,4560399596
restoran,Samsun Pide Evi,4564523062
restoran,Gazi Çiğ Köfte,4565567207
restoran,Tadında Ev Yemekleri,4565646108
restoran,My Fried Chicken,4567145947
restoran,Midyeci Şükrü Usta,4567390808
restoran,Kaplan Kebap,4570027716
restoran,Alişan Usta,4570507705
restoran,Kolcuoğlu,4571515279
restoran,BALIKÇI SİNAN,4571607864
restoran,Cadde Dürüm,4571608321
restoran,Konya Lezzetleri,4573304676
restoran,safranbolu fırın,4574229906
restoran,Duru Mangalevi,4575557532
restoran,Ev Yemekçisi,4576007295
restoran,Bizim Döner,4576847896
restoran,BÜFE KOŞUYOLU,4576879698
restoran,Dönerli,4576909321
restoran,Ustaca Kebap,4577172830
restoran,Yağmur Pide&Börek,4577897817
restoran,Olivia's Pizzeria,4578599591
restoran,Kale Pide ve Lahmacun,4580351447
restoran,Mutlu Büfe,4580351451
restoran,Yöre Gözleme,4580351460
restoran,Hacı Baba Pide,4580351494
restoran,Pide Börek,4580351503
restoran,Gülseren Ev Yemekleri,4580351527
restoran,Çiğköfteci Sait,4580411151
restoran,Intiba,4580491390
restoran,Marmaris Büfe Şaşkınbakkal,4580648433
restoran,Affan Ocakbaşı,4582772256
restoran,Güneydoğu Sofrası,4601423517
restoran,Sahil Mercan Balik,4631874289
restoran,Yako Ocakbaşı,4638381791
restoran,Asker Abi'nin Yeri,4663157604
restoran,Develi kebap,4681005189
restoran,Nabu Karakoy,4713299358
restoran,Saray Muhallebicis,4720914919
restoran,Hasır Ev Yemekleri,4732822056
restoran,Kılçıksız Balık,4736291422
restoran,Birtat Mersin Tantuni,4740649183
restoran,Cambridge,4790731622
restoran,Tarihi Sultanahmet Köftecisi Selim Usta,4790800225
restoran,Juliet,4815998149
restoran,Cihannuma,4816553622
restoran,Proti,4828047025
restoran,Sakız Büfe,4831086822
restoran,Pizzeria Il Pellicano,4831086823
restoran,Hanedan Kebap,4831180302
restoran,Pinsa,4831185172
restoran,Fornello Pizzeria,4831201051
restoran,La Pitsa,4831201054
restoran,Salt Fried Chicken,4831213355
restoran,Sema Hanımın Yeri,4833359923
restoran,Tarihi Petek Büfe,4833359925
restoran,Nacioğlu,4834853516
restoran,Fatih Kebap Salonu,4853252953
restoran,Ala Türk Mutfagi,4857778321
restoran,Bi'Buçuk,4877469108
restoran,Yeni Köşem Restaurant,4881623724
restoran,Zanaat,4883625122
restoran,Mektep,4889905026
restoran,Bubada,4889959430
restoran,Park Night Restaurant,4917804922
restoran,Bodos Karadeniz Lokantası,4920232222
restoran,Akin Balık,4921535045
restoran,Old Ottoman Cafe & Restaurant,4922661521
restoran,DoyDoy Restaurant,4936342125
restoran,Ali Baba,4942576222
restoran,Asirlik Kebap,4945594323
restoran,John Ross,4952690442
restoran,Yali Mangal,4978044099
restoran,Foça Balık Restaurant,4978813623
restoran,Massa Bistro Turkish Kitchen,4990485221
restoran,Bağdat Börek,5052121132
restoran,Ersoy Tantoni,5052121223
restoran,Doğa Kebap,5052121329
restoran,Müdavim lokantası,5054699021
restoran,Salloraoğlu tatlısı,5075960988
restoran,Acıktım dürüm evi,5075962044
restoran,Hatay medeniyetler sofrası,5075962045
restoran,Yedizaman çiğköfte,5076166158
restoran,Saydam Çiğköfte,5076166164
restoran,Adana Tatlıcısı,5081274097
restoran,Kavuk Çiğköfte,5081274099
restoran,Aksoy Döner,5081274101
restoran,Pihlivan Lokantası,5081274106
restoran,Aksaray Börek,5081274321
restoran,63 Metro Pide,5081274323
restoran,Paçacı Hasan,5081274326
restoran,Yücel Unlu Mamulleri,5081442452
restoran,Salihpaşa Börek Fırını,5081442453
restoran,Şafak Et Lokantası,5081442456
restoran,Jing ya Tang Restaurant,5081442470
restoran,Kumpir ve Waffle,5081442495
restoran,Osman Oglu Kebap,5081442496
restoran,Sur Balık,5081442499
restoran,Cibalikapı Balıkçısı Haliç,5081442500
restoran,Umut ev yemekleri,5081442510
restoran,Öz Dürüm,5081442520
restoran,Zarif Çiğköfte,5081443124
restoran,Meşhur Sarıyer börekçisi,5081445031
restoran,Merkez Dürüm,5081445040
restoran,Adıyaman Kardeşler Çiğköfte,5081445064
restoran,Cibali Vasilis Balıkçısı,5081445070
restoran,Uğur Pastaneleri,5081445110
restoran,Bahçivan Fırını,5081445111
restoran,Deniz Büfe,5086061057
restoran,Semsür Çiğköfte,5086061060
restoran,Uğur Fastfood,5086061062
restoran,Yilmazlar Lokantasi,5086061066
restoran,Aşkın Restoran,5086061067
restoran,Hayal Büfe,5086061072
restoran,Kömür Lokantası,5086061076
restoran,Tarihi Börek,5086061079
restoran,Ümit Kebap,5086061080
restoran,Öz Mostar,5086061082
restoran,Köfteci Ömer Usta,5086061083
restoran,Ensar Aile Börek Salonu,5086061098
restoran,Duygu Ocakbaşı,5094385428
restoran,Tarihi Sariyer Börekçisi,5099056215
restoran,Mega star kokoreç,5099060703
restoran,Hacı kral mutfağı,5099060706
restoran,Çömçe et lokantası,5099060708
restoran,Nuri usta baklava,5099062123
restoran,Pınar gıda ve büfe,5099062124
restoran,Suffa Et Ve Kebap,5099065427
restoran,Marmara Balık,5105397925
restoran,Zeno,5105398123
restoran,Neptün Balık,5105398124
restoran,Saray,5105402723
restoran,Iskender Saray,5106112135
restoran,Daphne restaurant,5106118231
restoran,Venezia restaurant,5106118232
restoran,Diana Restaurant,5106118237
restoran,Gaziantep Restaurant,5106118291
restoran,Tostçu İbrahim,5106121848
restoran,Tekbir Pide Lahmacun Salonu,5106121849
restoran,Hacielaziz Çiğköfte,5106121854
restoran,Fatih Damak Pide,5106121858
restoran,Lezzet Gurme,5106121866
restoran,Salih Usta Çiğköfteci,5106122947
restoran,Tarihi Kismet Pidecisi,5106122948
restoran,Tarihi Fatih Murat Pidecisi,5106122958
restoran,Jing Ya Tang Restaurant,5106122966
restoran,Güven Ocakbaşı,5106122968
restoran,Sur Ocakbaşı,5106122977
restoran,Bahçıvan 2 Pide Lavaş Fırını,5106122981
restoran,Fatih Sur Börekçisi,5106122982
restoran,Paşa Broasted,5106122984
restoran,Fatih Karadeniz Pidecisi,5106122992
restoran,Dunya Dürüm,5106124378
restoran,Fatih Çitir Pide,5108308875
restoran,Urfalım Kebap,5108827980
restoran,Şirin Köfte Kebap Döner Salonu,5108827981
restoran,Bonos Cafe Restoran,5108827985
restoran,Onbaşılar Dürümcü,5108827988
restoran,Class Rest ve Pide Salonu,5108827990
restoran,Şanlı Dürüm,5108827992
restoran,Neyzade Restaurant,5108827994
restoran,Blu Kitchen,5108827997
restoran,Capadocia Restaurant,5108828005
restoran,Red River Pub,5108828013
restoran,Ana Sofrası,5108828014
restoran,Mandy Resturant,5108828621
restoran,Trabzon Lokantası,5108828624
restoran,Şöhret Köftecisi,5108828630
restoran,Ney Ocakbaşı,5108828631
restoran,Galata Fish & Kebab Restaurant,5108828645
restoran,Sirkeci Restaurant,5108828653
restoran,Old City Garden Restaurant,5108828662
restoran,Terrace Restaurant,5108836350
restoran,Olive Anatolian Restaurant,5108836359
restoran,New Hatay Restaurant,5108836365
restoran,Dejavu Restaurant and Bar,5108836366
restoran,Enjoy Pub Restaurant,5108836375
restoran,Bistro Chef,5108836379
restoran,Raymond Cafe and Restaurant,5108836385
restoran,Salute Pub and Restaurant,5108836389
restoran,Enes İbrahim,5108836392
restoran,Can Oba Restaurant,5108836407
restoran,Turgut,5108836414
restoran,Kasap Osman,5108836417
restoran,Osmanlı Büfe,5108837422
restoran,tantunabi,5108837423
restoran,Şehzade Cağ Kebap,5108837430
restoran,Meşhur Filibe Köftecisi,5108837431
restoran,Namlı Rumeli Köftecisi,5108837439
restoran,Hocapaşa Pidecisi,5108837440
restoran,GAR PUB Cafe & Restaurant,5108837444
restoran,Duran,5108838375
restoran,Karadeniz Restaurant,5108843032
restoran,Arsenal Cafe and Restaurant,5108843033
restoran,Sultanahmet Halkin Koftecisi,5108843046
restoran,Firuz Aga Restaurant,5108843048
restoran,Semazen Cafe and Restaurant,5108843051
restoran,Nar Steak ve Doner Kebab Restaurant,5108843057
restoran,Khorasani Restaurant,5108843059
restoran,Semazen Restaurant,5108843060
restoran,Sura Restaurant,5108843062
restoran,N Terrace Restaurant,5108843063
restoran,Enjoyer cafe correcto Restaurant,5108843065
restoran,Deraliye Ottoman Cuisine Restaurant,5108843074
restoran,NAR restaurant,5108843076
restoran,Million Restaurant,5108843078
restoran,Mozaik Cafe and Restaurant,5108843079
restoran,Rumeli Cafe Restaurant,5108843080
restoran,Kucuk Ev Cafe and Restaurant,5108843081
restoran,Masal Restaurant,5108843083
restoran,Bodrum Cafe and Restaurant,5108843088
restoran,Dubb Indian Restaurant,5108843089
restoran,Fuego Restaurant,5108843090
restoran,The Terrace Restaurant,5108843091
restoran,Can Restoran,5108843101
restoran,Hafız Mustafa,5108843102
restoran,Pudding Shop Lale Restaurant,5108843103
restoran,Meşhur Sultanahmet Köftecisi,5108843104
restoran,Sultan Restoran,5108843105
restoran,Omar Cafe and Restaurant,5108843113
restoran,Altin Kupa Restaurant,5108843115
restoran,Mr cook Cafe Restaurant,5108843336
restoran,Hazal Börek Salonu,5108843342
restoran,Ziya Dürüm Evi,5108843351
restoran,Sultanahmet Fish House,5108843361
restoran,Arden Teras,5108843369
restoran,Kosk Kebap Durum Evi,5108843387
restoran,Sırevi Restaurant,5108843518
restoran,House of Medusa,5108843525
restoran,Sahre Et Kebap Restaurant,5108843526
restoran,Kybele Restaurant,5108843530
restoran,360 Panorama Cihannuma Restaurant,5108843556
restoran,Boterra,5108843560
restoran,Barbeku House,5108843562
restoran,Alemdar Restaurant and Cafe,5108843565
restoran,Efezade Restaurant Cafe Turkish Delight,5108843572
restoran,Edun büfe,5108843582
restoran,El Pescador RESTAURANT,5108843586
restoran,Kucukoglu barbecue restaurant,5108843590
restoran,Ziya Sark Sofrasi,5108843593
restoran,Amedros Cafe and Restaurant,5108843725
restoran,Faros Restaurant Cafe,5108843727
restoran,cozy pizza pide,5108843732
restoran,Kenger Home Made,5108843733
restoran,Sultan Saray Cafe Restaurant,5108843743
restoran,Karadeniz kardeşler pide kebab salonu,5108843746
restoran,Aras Cafe Restaurant,5108843747
restoran,Zamos Cafe and Restaurant,5108843748
restoran,Baran 2 Restoran,5108843754
restoran,Karadeniz Aile Pide and Kebab Restaurant,5108843759
restoran,Alaturka Cuisine Cafe and Restaurant,5108843763
restoran,Orhan Büfe,5108843959
restoran,Akraba Köfteci,5108843969
restoran,Ateş Büfe,5108843971
restoran,Kardesler Resteurant,5108843975
restoran,Kofteci Ramiz,5108843976
restoran,Sefa Restaurant,5108843986
restoran,Buhara Ocakbaşı Restaurant,5108843989
restoran,El Amed Terrace Restaurant,5108843990
restoran,Ayasofya Kebap House,5108844004
restoran,Sultan ahmet köftecisi turşu depo,5108844010
restoran,Sultanahmet köftecisi depo,5108844011
restoran,Yarenler Cafe and Restaurant,5108844016
restoran,Lekker,5108844017
restoran,Değirmencioğlu,5108844423
restoran,New Asian Restaurant,5108844452
restoran,campus pizza,5110342149
restoran,oses çiğköfte,5110342152
restoran,Ahmet usta dürüm,5110342163
restoran,Afacan büfe,5110342166
restoran,Unkapanı pilavcısı,5110342180
restoran,Hanedan kebap,5110342181
restoran,Vefa restaurant ve kafe,5110342184
restoran,Direklerarası Kebap Salonu,5110342204
restoran,Kemer Dürümcü,5110342213
restoran,Allı börek,5110344542
restoran,Özen lokantası,5110344544
restoran,Eminönü Börekçisi,5110344569
restoran,Şehri saadet,5110344578
restoran,Sefa i han,5110344579
restoran,Arya longue,5110344580
restoran,Kösem Sultan,5110344582
restoran,Sezgin döner,5110344585
restoran,Meyvex,5110345100
restoran,Marmara döner,5110345249
restoran,Şen büfe,5110345252
restoran,Sultan hamam,5110345274
restoran,Çağaloğlu,5110345282
restoran,Safranbolu pide,5110345297
restoran,Tat Sarıoğlu,5110345304
restoran,Ehlihan,5110345306
restoran,Kakşioğlu kafeterya,5110345311
restoran,Öz Karadeniz pide,5110345314
restoran,Taş fırın,5110345329
restoran,Marmara Pastanesi,5110345640
restoran,Babı ali restaurant,5110345644
restoran,Koska Köftecisi,5110347201
restoran,Küçük pazar pidesi,5110347206
restoran,Vanlı oğlu kebap,5110347208
restoran,Hısır büfe,5110347211
restoran,Yemek odası restaurant,5110347225
restoran,Ozbasak,5110347229
restoran,Gungenci,5110347237
restoran,Sait döner,5110347245
restoran,Bolulu Hasan Usta,5110347262
restoran,Konyalı,5110347267
restoran,Hattad Döner,5110347268
restoran,Rumeli çikolata,5110347271
restoran,Acemoğlu Baklavaları,5110347273
restoran,Daruzziyafe turkish resturant,5111205405
restoran,Vanlioglu,5111205419
restoran,Odun ekmek,5111206121
restoran,Ercanlar,5111206123
restoran,Kaytas,5111206127
restoran,Kadioglu kofte salonu,5111206130
restoran,Eda bufe,5111206136
restoran,Sadikogullari,5111206140
restoran,Antipliogulu,5111206141
restoran,Azimet Et Lokantasi,5111206143
restoran,Kebap Evi,5111206144
restoran,Nur bufe,5111211810
restoran,Meshur bafra bidesi,5111211811
restoran,Burgerillas,5111212299
restoran,Cookland,5111212300
restoran,Dana Döner,5111212302
restoran,Resturant,5111212310
restoran,Ocakpasi,5111222063
restoran,Yemek salonu,5111222070
restoran,Çavuşoğlu,5111222102
restoran,Yunus,5111223236
restoran,Palmyra Syrian Restaurant,5112728839
restoran,Zurich Restaurant,5112728850
restoran,Tuğra turkish coffee turkish delight,5112728852
restoran,Klas restaurant,5112728853
restoran,Express Restaurant and Pub,5112728862
restoran,Direklerarası Sofrası,5112728863
restoran,Şehzade Börek,5112728864
restoran,Sadık Ev Yemekleri,5112728872
restoran,İnci Cafe Restaurant,5112728883
restoran,Eyfel restaurant,5112729005
restoran,Zurich Büfe,5112729011
restoran,Laleli Sultan Turkish Delight,5112729013
restoran,Hotel Kaya Restaurant,5112732232
restoran,Lalen Restaurant,5112732238
restoran,Nur Büfe,5112736027
restoran,Bizim Büfe,5112736042
restoran,Tat Büfe,5112736065
restoran,Mercan Büfe,5112736069
restoran,Satır Köfte,5112736080
restoran,Bosnak Börekçi,5112736082
restoran,Bakırcılar Lokantası,5112736103
restoran,Roofstar Bosphorus,5112736106
restoran,Köfte,5112737084
restoran,Sosi Büfe,5112738776
restoran,Şampion Kokoreç,5112738791
restoran,Öz Sultanahmet Köftecisi,5112738814
restoran,Turko Baba Turkish Delight,5112738819
restoran,Zülfü Usta Kokoreç,5112739269
restoran,Derya Büfe,5112744267
restoran,Nevzat Usta,5112744269
restoran,Yıldız,5112744286
restoran,Beyaz geceler restaurant,5112834026
restoran,Molino pizza,5112834027
restoran,37 sultan restaurant,5112834045
restoran,Yakamoz restaurant,5112834047
restoran,Balkan lokantası,5112834048
restoran,Kebap dünyası,5112834049
restoran,Demet lahmacun kebap,5112834052
restoran,Hat döner,5112834053
restoran,Vatan lokantası,5112834054
restoran,Ali usta baklava,5112834055
restoran,Tat restaurant,5112834056
restoran,Altın şiş kebap,5112834068
restoran,Kakule cafe ve restaurant,5112834071
restoran,Android restaurant,5112834073
restoran,Erciyes büfe,5112834079
restoran,Tuana restaurant,5112966978
restoran,Sevinç simit salonu,5112966986
restoran,Döner kebap,5112966994
restoran,Pluton restaurant,5112966996
restoran,Bilir dürüm,5112971823
restoran,Bolu tat lokantası,5112971839
restoran,Marmaris döner,5112971840
restoran,Dürümcü mehmetin yeri,5112971844
restoran,Villa büfe,5112971846
restoran,Hacı Bozan Oğulları,5113128078
restoran,İstanbul Restoran,5113128248
restoran,Emin Büfe,5113462474
restoran,Hanımeli kıztaşı,5113462480
restoran,Gaziantep ünal,5113465015
restoran,Öz takbir 3,5113465245
restoran,Akçiçek,5113465249
restoran,Beşir usta,5113465254
restoran,Rumeli Dondurma & Tatlı,5113465264
restoran,Has menzil,5113465266
restoran,Kebapçi salıh usta,5113465267
restoran,Fatih Köfte ve Yemek Salonu,5113465270
restoran,Bayrut oğlu lokantasi,5113471038
restoran,Almahaba restaurant,5113471040
restoran,Elif dürüm,5113471042
restoran,Bizim köfte,5113471049
restoran,Sultan sarnıcı,5113481394
restoran,Amca oğlu,5113481406
restoran,Ali paşa,5113481407
restoran,Meşhur dönerci hac osmanin yeri,5113485074
restoran,Kırmızı elma,5113485075
restoran,nova şantiye cafe,5113486785
restoran,Süleymaniye donercisi,5113486792
restoran,Köşe bufe,5113486795
restoran,Hasan oğlu,5113486802
restoran,Loti,5113487668
restoran,Sokullu,5113500240
restoran,The wox,5113500243
restoran,Baran,5113500245
restoran,Osman,5113500262
restoran,Kebab and fish house,5113500286
restoran,Saray Kebap,5113500287
restoran,Hidden Garden Sultanat,5113500300
restoran,Özlem,5113500302
restoran,Konyalı topkapı,5113620596
restoran,Matbah,5113620603
restoran,4 Döner,5113620612
restoran,Balikci Sabahattin,5113620630
restoran,The Cozy Garden,5113620631
restoran,Magnaura Cafe & Restaurant,5113620634
restoran,Tria Elegance Restaurant,5113620639
restoran,Albura kathisma resturant & cafe,5113620641
restoran,Turquoıse cafe resturant,5113620643
restoran,Duvares cafe & resturant,5113620644
restoran,Ocean's 7 cafe & resturant,5113620645
restoran,Babylonia resturant & pub,5113620649
restoran,Garden resturant,5113620655
restoran,Shadow Cafe & Restaurant,5113620657
restoran,Mitani Cafe,5113620658
restoran,Suleyman,5113620660
restoran,Şiva Cafe & Bar,5113620661
restoran,West Town Cafe & Restaurant,5113620665
restoran,Akbıyık Balık Evi,5113620669
restoran,3B resturant,5113620686
restoran,Efezade resturant,5113620689
restoran,Ela Sofia Kebap,5113620691
restoran,Gülhane cafe & resturant,5113620697
restoran,Pizza de lavia,5113620700
restoran,Big Family,5113620702
restoran,Old House Restaurant & Bar Cafe,5113623093
restoran,Köşk Cafe & Restaurant,5113623106
restoran,Palatium Cafe & Restaurant,5113623111
restoran,Meydan Börek,5113624627
restoran,Erol Taş Cafe & Resturant,5113624629
restoran,Korecan Restoran,5113624630
restoran,Imperial Galata,5114905728
restoran,Sait İskender,5115505422
restoran,Barbeku Restoran,5115505469
restoran,Melodi Restaurant,5115505472
restoran,Martini lokantası,5115505473
restoran,Doce Kebap,5115929109
restoran,Öz Yumak,5115929111
restoran,Osmanlızade,5115929112
restoran,Seos Cafe Restaurant,5115929116
restoran,Kelkit Döneri,5115929118
restoran,Çarşıkapı Muhallebicisi 1984,5115939926
restoran,Susamoğl Baklava,5115939937
restoran,Çarşı Ocakbaşı,5115939941
restoran,Osmanli Kanat Ve Balik,5115939942
restoran,Vitamin Et Lokantası,5115939943
restoran,Samsun Bafra Pide ve Pizza,5115939944
restoran,Köfteci Mustafa,5115939948
restoran,Pirim Pub ve Restaurant,5130434266
restoran,Aksu Restaurant,5130434313
restoran,Ararat Restoran,5130434317
restoran,Tabakk Büfe,5130434838
restoran,Ali baba Balık,5135663221
restoran,Bosnjak,5171238821
restoran,2K Chicken,5188756121
restoran,Ortaklar Kebab Lahmacun,5193225922
restoran,TRIA ELEGANCE TERRACE RESTAURANT,5193319823
restoran,Elit Taş Fırın,5212241321
restoran,Iraqi Res.,5212241322
restoran,Orient Express Restaurant,5221028385
restoran,Pasta Nini,5222801423
restoran,Gulhane Sark Sofrasi,5236198780
restoran,ipar pasta evi,5244795860
restoran,Tahtakale Ciğercisi,5244795867
restoran,Aygün Büfe,5244795869
restoran,İshakpaşa Sofrası,5244795888
restoran,Filibe Köfte,5244795911
restoran,Virginia Angus Burger,5244796148
restoran,Döner House,5244796153
restoran,Cafe Truva,5244796154
restoran,Közde Kanatçı Muro,5244796158
restoran,Acemoğlu Beklavaları,5244796162
restoran,Hatay Asi Künefeleri,5244796163
restoran,Meşhur Hasırcılar Ocakbaşı Dürüm,5244796165
restoran,Meşhur Miss Döner,5244796186
restoran,Simit Salonu,5244796195
restoran,Kale Derya,5244801828
restoran,Çatladıkapı Sosyal Tesisleri,5244801831
restoran,Myterrace Cafe & Restaurant,5244801846
restoran,Garden 1897 Restaurant,5244801877
restoran,Warung Ibu Deden Restaurant,5244801888
restoran,Belli Resturant,5244801900
restoran,Marbella Cafe ve Restaurant,5244801902
restoran,Karina Fish House,5244801918
restoran,Mevlana Kebap Salonu,5244801973
restoran,Mitara Cafe,5244801990
restoran,Alice,5244801993
restoran,Ziya Baba Slow Food,5244801998
restoran,Reggae BR Shot and Food,5244801999
restoran,Ezgi restaurant,5244802005
restoran,Ayasofya Liman Restorant,5244802006
restoran,Kadırga Resturant,5244802008
restoran,Sofya Kebab House,5244802014
restoran,Çiğköfteci Sırrı Usta,5244802017
restoran,Şafak Restaurant,5244803034
restoran,Hippodrome Restaurant,5244803035
restoran,Mosaic Terrace Restaurant,5244803038
restoran,Chungiwa,5244803040
restoran,Şirvan Şark Sofrası,5244803043
restoran,Tarihi Çesme Restaurant,5244803048
restoran,Altin Cafe ve Restaurant,5244803050
restoran,Öz Karadeniz,5244805705
restoran,Çeşme Döner Büfe,5244805710
restoran,Hacı Ali Usta,5244805719
restoran,Arda Büfe,5244805834
restoran,Çarşı Muhallebicisi,5244805878
restoran,TAHTA KAŞIK RESTAURANT,5244805880
restoran,Yörem Et ve İskender Salonu,5244805883
restoran,Cemiyet Lokali,5244805889
restoran,Meshur Üsküp Köftecisi,5244806511
restoran,Yücel Büfe,5244806725
restoran,Ciğerci Basri,5244806729
restoran,Kardeşler Köftecisi,5244806732
restoran,Kebapçı Şahin Usta,5244806746
restoran,Kasap Kebap,5244806751
restoran,EHLI KEBAP,5244806752
restoran,Şehmuz Kebap Salonu,5244806763
restoran,Çemberlitaş Aksoy Dönercisi,5244806770
restoran,Elit Büfe,5244806777
restoran,Makarna Sarayı,5244806778
restoran,Çemberlitaş Köftecisi,5244806780
restoran,Dehliz Restaurant,5244806783
restoran,KOSEM,5244806784
restoran,Mescgur Sariyer Börekçisi,5244806785
restoran,Bursa Gül Lokantası,5244806787
restoran,Aslan,5244806791
restoran,Gül Tantik,5244806804
restoran,Otantik Karaca Kardelen,5244806819
restoran,Ottoman et Mangal,5244807392
restoran,Tarihi Sofçuhan Muhallebicisi,5244807393
restoran,Sütiş Special,5244807394
restoran,Vejetaryen Mutfak,5244807402
restoran,Tarihi Subaşı Lokantası,5244807403
restoran,Dönerci Şahin Usta,5244807405
restoran,Nuruosmaniye Köftecisi,5244807621
restoran,Karacadağ Sofrası,5244807839
restoran,Kaçkar Saray Büfe,5244807843
restoran,Adıyaman Çiğ Köftecisi,5244807844
restoran,Hira Lokantası,5244807847
restoran,Şar Restaurant,5244807887
restoran,Divan Kebap Döner Salonu,5244807903
restoran,Özhanedan,5244807904
restoran,Özbek Samsa Senter,5244807911
restoran,Özbek Taomlari Lezzet,5244807912
restoran,Beydağı,5244807922
restoran,Dürümcü Ömer Usta,5244807923
restoran,Dürümcü Raif Usta,5244807932
restoran,Kilisli Dönerci,5244807935
restoran,Kamer Büfe 2,5244807937
restoran,Börekci Cemil Usta,5244807939
restoran,Doydukmu,5244807948
restoran,Beyazit Sarayi Restorant,5244807950
restoran,Saaf-İ Kebap Salonu,5244807955
restoran,Gelgör Kebap Salonu,5244807956
restoran,Mardin Et Ve Kebap Salonu,5244807957
restoran,Bolca Köfte Ve Piliç Çevirme,5244807960
restoran,Karadeniz Köfte ve Yemek Salonu,5244807961
restoran,Cennet Ev Yemekleri,5244807964
restoran,Alrayan Restaurant,5244807965
restoran,Ciğerci Üçleri,5244807970
restoran,Orhan Usta Et Lokantası,5244807971
restoran,Unsal Kebap,5244807972
restoran,Yıldız Kebap,5244807976
restoran,Tadım Köfte Salonu,5244807977
restoran,Al Rayan Restoran,5244807978
restoran,Bosna,5244807989
restoran,Güloğlu Baklava ve Börek Salonu,5244809855
restoran,Istanbul Restaurant,5244809858
restoran,Fatih Köfte,5244809863
restoran,Vaha Cafe ve Restaurant,5244809867
restoran,Amcabey Dürüm Kebap Salonu,5244809870
restoran,Antakya Restaurant,5244809877
restoran,Anatolia Restaurant,5244809878
restoran,Fırat Büfe,5244809892
restoran,Gaziantepli Altınoğlu Baklava,5244809902
restoran,Aziz Usta,5244809903
restoran,Paşa Tost,5244809909
restoran,Gedikpaşa Buffet,5244809915
restoran,Anar Kardeşler Köftecisi,5244809916
restoran,Özen Lokantası,5244810024
restoran,İkizler Pilav ve Dürüm Evi,5244810296
restoran,Şehzade Ocakbaşı Restaurant,5244810306
restoran,Elif Köfte Salonu,5244810310
restoran,Delil Döner,5244810316
restoran,Aynen Dürüm Ciğer,5244810319
restoran,Konya Etli Ekmek Salonu,5244810621
restoran,Gür Kebap,5244810626
restoran,Altın Şiş Kebap Salonu,5244810636
restoran,Develi Pide Salonu,5244810638
restoran,Köşem,5244810639
restoran,Fırat Ocakbaşı,5244810644
restoran,Yılmaz Köfte,5244811437
restoran,Dönerci Sadık Usta,5244811465
restoran,Fahri Usta,5244811471
restoran,Yunus Büfe,5244811475
restoran,Közde Kanatçı Reco,5244811486
restoran,Tarihi Eminönü Balıkçısı,5244812076
restoran,Eminönü Balikçisi ve Cafe,5244812077
restoran,Küffette Köfte,5244812078
restoran,Hancı Cafe,5244812090
restoran,Tarihi Özkan Koftecisi,5244812097
restoran,Hasırcılar Kebap Salonu,5244812103
restoran,Mavi Haliç Pide Salonu,5244812108
restoran,Köfteci Yaşar,5244812119
restoran,Golden Night,5244812128
restoran,Sarıyer Börekcisi,5255840755
restoran,Meşhur Adıyamanlı Çiğköfteci,5255840793
restoran,Vesta,5257539405
restoran,Nevazen Türk Mutfağı,5259665241
restoran,Patso Burger,5260250356
restoran,Eroğlu Aile İşkembe Salonu,5262246771
restoran,Şirin Mutfak Ev Yemekleri,5262246777
restoran,Kiremit Mangalbaşı,5263514540
restoran,Esnaf Lokantası,5263655926
restoran,Fish and Chips,5263655943
restoran,Drama Köfte,5263655948
restoran,Çiğ Köfteci Sait,5263656127
restoran,Gaziantep Lokantası,5267551129
restoran,Beyoğlu Çorbacısı,5268566103
restoran,Halis Şef,5268566921
restoran,Özeyvan,5268566940
restoran,Arsemia Çiğköfte,5270316075
restoran,Lalezar Döner,5270316086
restoran,Şampiyon Kokereç,5272471209
restoran,Şen Lokantası,5272473021
restoran,Erkonyalılar,5272473027
restoran,Anzalem Kebap Salonu,5272473028
restoran,Ayşenin Mutfağı,5272473037
restoran,Selmikanın Mutfağı,5272473074
restoran,01 Adana Cadde Kebap,5272473077
restoran,Takıntı Restaurant,5272473096
restoran,Arsamiea ÇiğKöfte,5274083452
restoran,Erenler Sofrası,5274083465
restoran,Galata Sembol Balık,5274839210
restoran,Uzunyayla Döner,5275513487
restoran,Polat Izgara,5275513493
restoran,Elvan Kebap,5280587244
restoran,Bizim Dürüm,5280587289
restoran,Selami Karakelle Altın Eldiven Balık ve Dürüm Evi,5280587298
restoran,Pinhan,5280587307
restoran,Hanımeli Boşnak Börekçisi,5281555058
restoran,Atalar Kordor,5282929205
restoran,Mangalcı,5282932801
restoran,Niyazibey,5283698405
restoran,özeyvan,5284675951
restoran,Bostancı Köftecisi,5284687397
restoran,Pass Döner,5284687398
restoran,Reşat Balık,5284690871
restoran,ArtSmyrna Cafe & Gallery,5285610421
restoran,mevlana simit fırın,5287973689
restoran,Kumluk Restaurant,5288043211
restoran,Adıyman Çiğköfte,5289427546
restoran,Minik Usta,5289427552
restoran,Şule'nin Mutfağı,5291793667
restoran,Serpmeköy Trabzon Köy Kahvaltısı,5291793715
restoran,Örnek lokantası,5292639165
restoran,Kanatcı Adana Sofrası,5292698146
restoran,Can Kebap,5294058863
restoran,Gözde Lokanta,5294090625
restoran,Ustam Ocakbaşı,5294667788
restoran,Kokomusti,5294667789
restoran,Çevirdik Tavuk,5294667790
restoran,Konyalılar Etli Ekmek,5294667792
restoran,Bafetto Pizza,5294684271
restoran,Radop Köftecisi,5295467546
restoran,Kervan Gaziantep Lezzetleri,5295528434
restoran,Vizyon Restaurant Bar,5295870648
restoran,Dilara Ocakbaşı,5295873480
restoran,Çalı Restorant,5295877298
restoran,Karataş Lahmacun Pide,5296343843
restoran,Bizim Fast Food,5296343847
restoran,Kadiroğlu Kebap ve Lahmacun Salonu,5296343849
restoran,Egenin İncisi,5296377544
restoran,Yerinde Pide,5296377545
restoran,Tekbey,5296377564
restoran,Hacıbaşar,5296485155
restoran,Hababam Köfte,5297414222
restoran,Cremma,5297414238
restoran,Sılaşara,5297550974
restoran,Ateş Ev Yemekleri,5298383930
restoran,Kümes Tavuk,5298403830
restoran,Sahil Sofrası,5298416365
restoran,Sahil Restaurant,5298416366
restoran,mert döner,5298486077
restoran,karataş,5298487734
restoran,dostlar sofrası,5298509502
restoran,Karınca Kebap,5299023042
restoran,Adıyaman çiğköfte,5300762921
restoran,Patlıcan Cafe & Ev Yemekleri,5300905330
restoran,Çorbacı Mecit Usta,5303724428
restoran,Merkez Börek Cafe,5303724440
restoran,Korkmaz Kebap & Restaurant,5303813248
restoran,Hur Super Mario Emin Usta,5309720121
restoran,Adana Dostlar Kebap,5312329569
restoran,İBB Tuzla Kent Lokantası,5313431486
restoran,Yaprak Döner,5316319710
restoran,Teos Balık,5316399783
restoran,Erzurum Sofrası,5316401454
restoran,Maltepe Derneği Restaurant,5316405027
restoran,Ünlüer Gurme,5316410959
restoran,Ayışığı,5316411834
restoran,Zübeyir Ocakbaşı,5316995793
restoran,fitty feed - clean eating,5325731621
restoran,Öz Süper Pide Salonu,5329297613
restoran,Adıyaman Çiğköfte,5329298023
restoran,Enes Börek & Cafe,5329298034
restoran,Yılmazlar Börek,5329298060
restoran,Beş Kardeşlar Kafeterya,5329298067
restoran,Şimşek Fast Food,5329298085
restoran,Emmoğlu Pide Ve Lahmacun Fırını,5329298101
restoran,Ağam Kebap,5329298114
restoran,Derya Börek,5329298429
restoran,Kral Çiğköfte,5329298438
restoran,Çiğ Köfte,5329298444
restoran,Zahret Halep,5329298463
restoran,Layali Halep,5329298464
restoran,Fethi Dayının Yeri,5329298514
restoran,Dilan Pastanesi,5329310969
restoran,Kısmet Catering Yemek,5329311010
restoran,Doneri Ye,5329311623
restoran,Çavuşoğulları,5329311650
restoran,Sıcak Tatlı Dünyası,5329311668
restoran,Ela Börek,5329311688
restoran,Oney Dondurma,5329311699
restoran,Selçuk,5329312222
restoran,Dönerci Cüneyt Usta,5329312232
restoran,Turuncu Döner Salonu,5329312242
restoran,Çiğköfteci,5329312246
restoran,Maraş Dondurma Salonu,5329312253
restoran,Etsiz Çiğköfte,5329319359
restoran,Tiryaki kebab,5329319390
restoran,Padişah,5329319535
restoran,Öz Şark Kebap ve Pide,5329319569
restoran,Nebol,5329319589
restoran,Nsb,5329319602
restoran,Meydan Kebap,5329320541
restoran,Kasapçım2,5329320557
restoran,Damla Et,5329320560
restoran,Cemile Sultan Ev Yemekleri,5329320577
restoran,Lapinbalik et,5329320604
restoran,Harput kebap,5329335335
restoran,Çiğ köfte ömer usta,5329335337
restoran,Koclar restaurant,5329335343
restoran,Balım,5329335344
restoran,Öz süper pide,5329335354
restoran,Berekat doner,5329335365
restoran,Kadıoğlu yemek . döner,5329335372
restoran,Çağri paket servisi,5329335376
restoran,Paşam zurna dürüm,5329335383
restoran,Grand house,5329335389
restoran,Oruç kardeşler lahmacun,5329335405
restoran,Şam lahmacun,5329335407
restoran,Abu tavfik lokanta,5329335414
restoran,Anteplioğlu hertat,5329335419
restoran,Altıyol pide,5329335921
restoran,Cızbız sucuk,5329335923
restoran,Dönerci halim,5329335924
restoran,Çağ kebap ocak başı,5329335941
restoran,Tanıdık dürüm evi,5329335943
restoran,Kapı shahba,5329335945
restoran,Hanedan pilav,5329335956
restoran,Dönerci lütfü usta,5329335961
restoran,İsos döner sultanbeyli,5329335962
restoran,Çağ kebapçi davut usta,5329335969
restoran,Dürümix,5329335970
restoran,Kardeşler döner,5329335972
restoran,Enerji bistro,5329335976
restoran,Hanedan,5329335978
restoran,Çiğ köfteci ramazan usta,5329335980
restoran,Skoop,5329335981
restoran,Çiğköfteci hasan aybak,5329335984
restoran,ÖZ karadeniz sofrası,5329335998
restoran,Akça saraylim,5329336001
restoran,Meşhur karadeniz pidesi,5329336012
restoran,Uğur böceği,5329336529
restoran,Karadağ pida döner,5329336533
restoran,Alşark restoran,5329336535
restoran,Uğur pida börek,5329336539
restoran,Köşe başi,5329336550
restoran,Memo usta,5329336551
restoran,Hedef 12,5329336553
restoran,Köyümce iskender,5329337976
restoran,Rainbow Cafe Restaurant,5329337982
restoran,Adaklı İskender Kebab,5329337990
restoran,Uğurlu cafe restorant,5329337997
restoran,Salas lahmacun,5329338001
restoran,Anadolu dürüm,5329338004
restoran,Hot döner,5329338006
restoran,Emin oğulları pastaneleri,5329338008
restoran,Adıyaman çiğköfteci derviş yaşar,5329338123
restoran,Mekan kokoreç,5329338137
restoran,Tekçe kanat,5329338139
restoran,Dımlag,5329338148
restoran,Dürümce,5329338152
restoran,Öz firat,5329338157
restoran,Tutkun dönercim,5329338158
restoran,VB Ciğercim sultanbeyli şubesi,5329338164
restoran,Seydioğlu Börek,5329338170
restoran,KOKOREÇÇİ,5340499425
restoran,Istanbul Çiğköfte,5344919568
restoran,maraç,5344919588
restoran,Tadım,5344919612
restoran,Has çiğköfte dünyası,5344921538
restoran,Kipos Balık,5357112322
restoran,Benusen Restoran,5370200321
restoran,Privato Cafe,5370651424
restoran,Cozy Pub & Restaurant,5372736551
restoran,Pasha Restaurant,5372736553
restoran,Kebaq肉捲,5395306821
restoran,Kanaat Lokantası,5427228422
restoran,Beso Restaurant Bistro,5440995527
restoran,Old Istanbul Cuisine,5441010621
restoran,Bop Breakfast Of Pan,5450459391
restoran,Levent Pide & Börek Salonu,5450459408
restoran,Antepli Beraat Tatlı Ve Çiğ Köfte Salonu,5450459410
restoran,Müjgan,5450459415
restoran,Kadim İşkembe Salonu,5462201881
restoran,The Han,5480475146
restoran,Mom's Garden,5484108425
restoran,Beyazinci,5484693423
restoran,Sanat,5484693424
restoran,Yunus Balık,5484712922
restoran,Marinero,5484712923
restoran,Maxigala,5484713122
restoran,Panista,5485925122
restoran,Balon Cafe,5486057723
restoran,Firuzende,5529400835
restoran,Balıkçı Lokantası,5538424022
restoran,Tadım Zurna Dürüm,5542882980
restoran,Miss Börek ve Pide Salonu,5542883357
restoran,Kasap,5542883359
restoran,Tekin Malik Restaurant,5542883379
restoran,Yufkacibkafkas,5542883382
restoran,Çiğköfte Omar uosta,5542883384
restoran,Tiryaki kebap,5542883390
restoran,Hvi,5542883393
restoran,Safranblu borekçisi,5542883395
restoran,Dogus yemek,5542883407
restoran,Şehr-i saraylim,5542883413
restoran,lezzet,5542883416
restoran,Doğukan Büfe,5542883417
restoran,Kerdeşler büfe,5542883521
restoran,Ataklı pide,5542883525
restoran,Uğur işkembe salonu,5542883526
restoran,Tazedo,5542883527
restoran,Şorba salinu,5542883530
restoran,Positive Catering,5542883534
restoran,ihsan vakfi ilme hizmet aşevi,5542883539
restoran,Hiranur pide,5542883541
restoran,Şölen Çorba,5542883548
restoran,Yavuz lar,5542883556
restoran,Çiğ köfte Ömer Usta,5542883558
restoran,Eyyüpoğlu,5542883564
restoran,Acicik çiğ köfte,5542883567
restoran,Beşeyül köfte,5542883573
restoran,Ziyafet,5542883581
restoran,Karışık ızgara,5542883584
restoran,Saydam,5542883588
restoran,Salas ticaret,5542883594
restoran,Döner.com,5542883595
restoran,Has Çiğ Köfte dunyasi,5542883596
restoran,Tat Sultan,5542883599
restoran,Sarmaşık et mangal,5542883603
restoran,koca kabap kanat,5542883604
restoran,Adanalı Dürümcü,5542883605
restoran,Közde kokoreç köfte,5542883606
restoran,VB,5542883611
restoran,Kumru,5542883621
restoran,Meşhur Çiğköfteci Ramazan Usta,5542883630
restoran,Diyar Lokantası,5542883639
restoran,Otantik O Restaurant Cafe,5542883640
restoran,Konak lokanta,5542883642
restoran,Bizim mutfak,5542883643
restoran,Antepli kadir uastkabap,5542883646
restoran,Süper Pide,5542883651
restoran,Değişik çorba salonu,5542883661
restoran,Karahan pide&börek salonu,5542883669
restoran,Karal,5542883672
restoran,Berrak opten,5542883680
restoran,Diyar et ızgara,5542883686
restoran,Doğuş Kebap Lahmacun,5542883693
restoran,Namli Sarıyer Börekçisi,5542883695
restoran,Eltiler ev yemekleri,5542883697
restoran,Karadeniz Tadal dedi Salonu,5542883703
restoran,Duâ Sofrası,5542883710
restoran,Umut şarküteri,5542883711
restoran,Orman bide börek,5542883712
restoran,Abooov kebap taner usta,5542883716
restoran,Dostlar köfte,5542883719
restoran,Berekat Lokanta & Kafeterya,5542883727
restoran,Adaklı Pide & Börek,5542883728
restoran,Alioğlu döner evi,5542883733
restoran,Adaklı,5542883734
restoran,Alkan ekmek,5542883740
restoran,Köfteci ersin,5542883744
restoran,Akkoçlar,5542883746
restoran,Cadde Büfe,5542883757
restoran,Pizzabulls,5542883758
restoran,Karl Çiğköfte,5542883764
restoran,Kardeşler büfe &lokanta,5542883773
restoran,Kasap ızgaea,5542883784
restoran,Lokantası,5542883785
restoran,Tepe,5542883787
restoran,Bayar bide & borek salon,5542883788
restoran,Zeytin Dalı,5542883802
restoran,Çağla borek,5542883810
restoran,Anadolu tandır lavaş,5542883812
restoran,Ensar çiğköfte,5542884526
restoran,Hertat,5542884531
restoran,Altintepe unlu mamülleri,5542884532
restoran,Çuvalcioğlu restaurant,5542884538
restoran,Ciğerci Abe,5542884540
restoran,Özşark Kebap,5542884559
restoran,çiğköfte dünyası,5542884564
restoran,çetinkaya,5542884565
restoran,Güleryüz,5542884569
restoran,çiğköfte ömer usta,5542884575
restoran,Pide salonu,5542884583
restoran,Kral çiğköfte,5542884587
restoran,Galata Büfe,5542884601
restoran,Sivas Etli Pide & Köfte,5542884603
restoran,Bereket'li Pide,5542884608
restoran,Demir,5542884609
restoran,Günışığı cafe ve restaurant,5542884611
restoran,inciraltı,5542884617
restoran,Nevşehirli,5542884619
restoran,Meşhur Adıyaman çiğ köftesi,5542886321
restoran,Üsküdar İskender,5542886324
restoran,Saray pilav,5542886326
restoran,Aşiyna van kahvaltı,5542886334
restoran,Tarihi Safranbolu kofte döner yemek salonu,5542886335
restoran,şımarık büfe,5542886344
restoran,Çitir Böreek,5542886346
restoran,Rezzan,5542886347
restoran,İmren köfte,5542886348
restoran,Enes kebap,5542886349
restoran,sütçüoğlu kabap ve lahmacun,5542886353
restoran,Acımız Büyük Çi Küfte,5542886356
restoran,Karadeniz pide &börek salonu,5542886369
restoran,Töremiz,5542886382
restoran,Köfteçig,5542886386
restoran,çiğköfte,5542886393
restoran,Üç öğün catering hiz a.ş,5542886395
restoran,Emin çiğköfte,5542886398
restoran,Dürümcü Kemal Usta,5542887107
restoran,Üstaa'dım çiğ köfte,5542887364
restoran,Çiğdem lokantasi,5542888969
restoran,Yormaz ( pasta&kahve),5542889137
restoran,Kısmet Kebap,5542891135
restoran,Yeldeğirmeni Cafe,5570545281
restoran,Armada Teras,5575606021
restoran,Saca Ocakbaşı,5582537725
restoran,Altıntaş Büfe,5594141321
restoran,Akdamar Lokantasi,5599608787
restoran,Mutfak Dili Ev Yemekleri,5604404421
restoran,Fener Restaurant,5607713423
restoran,Mahmiye,5625137021
restoran,Park bufe,5663539535
restoran,Pate Manti,5669106505
restoran,Plavci,5710046242
restoran,Osmanlı Kebapçısı,5717779824
restoran,Lezzette Son Nokta,5718181828
restoran,Galata House Restaurant,5718234321
restoran,Refik,5718234621
restoran,Sahrap,5720952022
restoran,Çayırova Kebap,5730201318
restoran,Kabataş Köftecisi Mehmet,5730432421
restoran,Neşetbey Et Lokantası,5734637717
restoran,Ali Ustanın Yeri,5734761258
restoran,Hira Ev Yemekleri,5738575004
restoran,Kiyi,5761360623
restoran,Adana Öz Asmalı Kebap,5761375222
restoran,Sultanbeyli Börekçisi,5763844343
restoran,Reks Kokoreç,5764069755
restoran,Korkmaz Bufe Döner,5764083553
restoran,Best of Burger,5764083853
restoran,Orj Bafra Pide,5766326953
restoran,Doyum Büfe,5768683853
restoran,Kral Kokoreç,5780396653
restoran,valide,5795772454
restoran,Nelipide,5805037476
restoran,Morkoç,5805037477
restoran,Cookshop,5805037488
restoran,Daily Dana,5805037490
restoran,Brasserie Prime,5805037492
restoran,Mezze House,5805055157
restoran,Sırdaş Lokanta,5817897755
restoran,Başak Pide,5872173196
restoran,Mahle Cafe & Restaurant,5886873223
restoran,Kütük,5893526185
restoran,Leb-i derya,5894690486
restoran,Raki & Balik Evi,5900405385
restoran,Marmaris,5900418470
restoran,Çağ Restaurant,5902357570
restoran,Anadolu Mangalbaşı,5902397571
restoran,Şahin Döner,5903195100
restoran,Çiğköfteci Ömer Usta,5903195103
restoran,Sultan Pide,5904325373
restoran,Urfa Kebap,5905648719
restoran,Waffle House,5905648732
restoran,Kotti's Hotdog,5908106585
restoran,Barbara Dumbo,5912537985
restoran,Çiğköteci Ömer Usta,5913552245
restoran,Gaziantep Sofrası 2,5913552246
restoran,Izgaracım Et Mangal,5913552260
restoran,Sinanın Yeri,5913552261
restoran,Selen Restaurant & Ocakbaşı,5913552263
restoran,Körfez Et & Izgara,5913675255
restoran,Gaziantep'li Deniz Kebap,5913675272
restoran,Mert Kebap,5913685118
restoran,Facyo,5922314685
restoran,Has Çiğköfte Dünyası,5927836736
restoran,Mensem Kebap,5928519540
restoran,Akkaya Pide & Börek Salonu,5933922378
restoran,Konaşlı Merkez Lokantası,5933922381
restoran,Snob Street Food,5936319085
restoran,Dostlar,5942892966
restoran,Dervish Barbeque,5958010809
restoran,Gurman Köfte Lokantası,5958016586
restoran,Mevlana Etli Ekmek,5968372340
restoran,Uğur Yemek Dünyası,5968372341
restoran,Sarıyer,5969447787
restoran,Ten CR,5977517219
restoran,Kiyi Balik,5981248111
restoran,Karabiber Ev Yemekleri & Mantı,5998293598
restoran,Brasserie Noir,6013999247
restoran,Mert İşkembe,6018139564
restoran,Altındal İşkembe,6018139568
restoran,Balık Dünyası,6018139582
restoran,Antakya Kebap Asmalı,6040218885
restoran,Ozi Pizza and Pasta,6045599785
restoran,İstek Börek,6080200757
restoran,Erzurum Çağ Kebap,6080343506
restoran,Nokta Büfe,6089421898
restoran,Birlik büfe,6089421899
restoran,Grill Polonez Restaurant ve Kasap,6091005146
restoran,Velibaba Kebap Lahmacun,6096414417
restoran,Baltazar,6116018285
restoran,Aşana,6116019385
restoran,J Burger,6116124386
restoran,Chez Moi,6116261387
restoran,Ozzie's Kokoreç,6116425287
restoran,Fırından Ekmek,6116794837
restoran,Casita,6119533387
restoran,Bafetto Caddebostan,6119533390
restoran,Kuytu Balık,6119533392
restoran,Dardenia,6119539485
restoran,Akın Balık,6119539486
restoran,Kikero Falafel,6119585885
restoran,Közde Cafe,6120481072
restoran,Fümeci Steakhouse,6151690298
restoran,İbrahim Kebap Et,6151690326
restoran,Şaşkınbalık Restaurant,6151690337
restoran,Hükümdar Sofrası,6151764085
restoran,Hot Döner,6153661912
restoran,B.O.B. Burger,6157200589
restoran,Arsemia Çiğ Köfte,6164468886
restoran,ANTEBİM,6164468901
restoran,SORYE,6164468909
restoran,Hatay Kral Künefe,6164468910
restoran,Bülent Börek,6164468911
restoran,melisa,6166298535
restoran,Hasel Görele Pide,6166298575
restoran,Antebim,6166300216
restoran,Sarıyer Balık Evi,6166300238
restoran,Reyvan Gurme,6166300250
restoran,Parga Balık,6168853285
restoran,Ekmekçi,6171181586
restoran,Yaşam Döner,6172027506
restoran,Yedigül Börek Pide,6172848727
restoran,01 Adana Kebapçısı,6172848730
restoran,Özkanoğlu Kebap,6177069609
restoran,Kervan Karaköy,6185503007
restoran,Minik Büfe,6185542021
restoran,Keskin,6185569108
restoran,angen,6185570320
restoran,Galata Vitamin shop,6185844112
restoran,Galatalife Istanbul,6185844117
restoran,Kasap mec & Burger,6185844122
restoran,Chinese and Sushi experience,6185883193
restoran,Ozgur Kasap,6186457987
restoran,Sait Çiğköfte,6188867879
restoran,Arsemia Pide,6190252138
restoran,Patso,6190429628
restoran,Erguvan Restoran,6190558856
restoran,Uzman Kebap,6190607537
restoran,Hakiki Kebap,6190676774
restoran,Balik Noktasi,6208362385
restoran,Muhlama Karadeniz Mutfağı,6240365185
restoran,Baran ET & Mangal,6255814286
restoran,Kebo,6261327888
restoran,Boşnak Börekçi,6261943117
restoran,Osmanlı Lahmacun Pide,6261943125
restoran,Caddê İst'klal Döner,6269186480
restoran,OnurBalaban,6286628723
restoran,Sahan Kebap,6290511206
restoran,Caddebostan Meyhanesi,6290514568
restoran,Galaktion,6296619893
restoran,Tadında Anadolu,6298882113
restoran,1Macha Lounge,6307825017
restoran,Ahenk Restaurant & Cafe,6308124503
restoran,Aida vino e Cucina,6318384785
restoran,Karaköy Gümrük,6327464485
restoran,Gaziantep Sofrası Mahmut Usta,6327583523
restoran,Relax Mode Laleli,6328738686
restoran,Quick Pizza,6329061213
restoran,AKO Adapazarı Islama Köfte,6329155486
restoran,Kardeşim Kebap,6332738886
restoran,Ziya,6344766185
restoran,Sultanahamet Köftecisi,6356489886
restoran,Çağri restaurant,6356595586
restoran,Kumkapı Hünkar,6359663185
restoran,Avşar Cafe,6372748985
restoran,Neolokal,6376832586
restoran,Güneşin Sofrası,6382054685
restoran,Kebapçı İskender,6383807259
restoran,Adıyaman Çiğköftecisi Ömer Aybak,6385005926
restoran,Tank Burger,6385015087
restoran,Reis Döner,6385015090
restoran,Abalı Tavuk Diyarı,6385108487
restoran,Gaziburma,6385509833
restoran,Mesta,6386833067
restoran,Bdino Fish Wrap,6387464087
restoran,Tatbak,6393645334
restoran,Arsemas,6396103585
restoran,Le-Pi,6398395886
restoran,İkizler Tekirdağ Köftecisi,6398405981
restoran,Metin Usta 33 Mersin Tantuni,6426354885
restoran,salon Galata,6433798885
restoran,Ahır Kapı Fish House,6434110785
restoran,Havuzbaşı Restoran Yenikapı,6449136888
restoran,Marmarion,6450592985
restoran,Bostancı Fasıl,6451927357
restoran,Community kitchen,6470872085
restoran,Hatay Ekol Künefe,6472201028
restoran,Balıkhane,6477203298
restoran,Mekanım Cafe Fast Food,6477203301
restoran,Nur'un Yeri,6477203305
restoran,Doktorun Yeri Köfte,6477203307
restoran,Filizler Köftecisi,6477203310
restoran,Yakamoz Balık,6477203311
restoran,Balıkçı Mustafa,6477203312
restoran,Mevlana Pide ve Lahmacun,6494968811
restoran,Akdoğan Pide,6494968858
restoran,Sarıyer Börek,6508582526
restoran,Vitamin Ev Yemekleri,6508676704
restoran,Turgut Kebab Pide,6510541085
restoran,Kayseri Mutfağı,6510656840
restoran,Yabaci,6515323886
restoran,Simitçi İbo,6515435962
restoran,Kızgın Döner,6518078075
restoran,Çolaklar Et & Kebap,6518123800
restoran,Korkmaz Çiğköfte,6518159836
restoran,Dürümcü Uzunkayalar,6518573900
restoran,Tatgit Restaurant,6518573919
restoran,Byzantion Bistro & Restaurant,6521591285
restoran,Carl's Jr.,6525073708
restoran,En Moda,6525160833
restoran,Saklı Köşk,6525324616
restoran,Kassab Köfte & Döner,6525324637
restoran,Pizza il forno,6525324641
restoran,Pizza Locale,6525324644
restoran,Alpas Burger,6525503138
restoran,Kebapçı Yusuf,6531649046
restoran,Adıyaman Çiğköftecisi,6531649047
restoran,Dilo bar,6531752235
restoran,Pizza 2 Go,6531752236
restoran,sotapi,6531878041
restoran,Öz Yenidoğan Pide Börek,6532153533
restoran,Saray Erzurum Cağ Kebabı,6532153562
restoran,Doyuyo!,6534381422
restoran,Magic Akademi,6534405450
restoran,sarıyer börekçisi,6550962126
restoran,akademi gurme,6551314406
restoran,bolacı kebap,6551314410
restoran,kiraz bahçe ev yemekleri,6552396168
restoran,my pidechi,6552396175
restoran,emir kebap,6552396176
restoran,Ataşehir Marmaris,6554996809
restoran,Sampi Pide,6557797913
restoran,İrem'in Mutfağı,6574342185
restoran,Eskibağ Restoran,6577541135
restoran,Behzadem Cafe Restaurant,6594722585
restoran,Yeşil Vadi,6596731999
restoran,Pizza Hut,6597385661
restoran,Akasya,6640146051
restoran,Köyüm Köfte,6660241207
restoran,Fatih Belediyesi çatladikapi sosyal tesisi,6662592985
restoran,Danilo's Pizza,6696493245
restoran,Saki Balık,6700739113
restoran,nom Burger,6726103900
restoran,Mercan Kokorec,6727132285
restoran,Kitchen 35,6727631188
restoran,Cihangir sosyal tesisleri,6731291717
restoran,Sosyal Tesisleri,6731310714
restoran,Mehmetçik Vakfı Tesisleri,6733997184
restoran,Hatay Gurme,6735636587
restoran,Gurbet Ciğer,6767395320
restoran,BP Pide,6767395328
restoran,Damla Börek,6767534688
restoran,Çınar Kebap,6767608073
restoran,Altürk Çiğköfte,6773663905
restoran,Karaköy Çorba Evi,6774444585
restoran,Küçük Çamlıca Köşkü,6781245102
restoran,Misina,6786217485
restoran,Mykonos Balık,6786353045
restoran,Vintage Burger,6790958785
restoran,Bulgurlu Börek Pide Salonu,6795273115
restoran,Lue karaköy,6829609286
restoran,Mahkeme lokantasi,6838408688
restoran,Galata Kitchen,6850778085
restoran,Parantez Karaköy,6850778887
restoran,Paşa Köfte Karaköy,6850778888
restoran,Tahin,6850781285
restoran,Rita Moda,6865678585
restoran,Pak Pide,6896227885
restoran,Sahan,6934038901
restoran,Müptela Kahvaltı Brunch,6935785895
restoran,Mirar Sinan,6939603515
restoran,Beydagi,6939659398
restoran,CoffeeBoss Istanbul,6945828585
restoran,Hanzade Terrace Restaurant,6961507386
restoran,33 Birtat Lahmacun Tantuni,6965180720
restoran,Esmer Chef Fish House,6968692361
restoran,Fenerbahçe İşkembe Salonu,6972095598
restoran,Fireroom,6979865772
restoran,Kızıltoprak Dürümcüsü,6980225985
restoran,Miss Balık Restaurant,6982127486
restoran,Çimen,6982532685
restoran,Miçé Kokoreç & Döner,7006548993
restoran,Divella Bistro Restaurant,7014934107
restoran,Cooking House,7019827965
restoran,Dayı,7019827968
restoran,ONx Cafe,7019827969
restoran,Big & Big,7019827972
restoran,Balıkçımız Hasan,7019851070
restoran,İz Restaurant,7021033169
restoran,Tavuk Time,7021033182
restoran,Tatpita Boşnak Böreği,7021235690
restoran,Lezzet-i Sark,7036816785
restoran,Marmaris Expres,7043642187
restoran,Park Balık Çekmeköy,7045907382
restoran,Dönerci Engin’in Yeri,7046306885
restoran,Gardaş Cağ Kebap,7047093836
restoran,Adana Birbiçer Ciğer Kebap,7047093838
restoran,Lahmacunun Efendisi,7047093855
restoran,Döner Ağacı,7047093862
restoran,Vanilya,7047093870
restoran,Brasserie Florence,7047093874
restoran,Özlem Börek Salonu,7079841371
restoran,Karadeniz Pide Vefa,7090566391
restoran,Tarihi Cemberlitas Muhallebicisi,7109062286
restoran,Köfte Piyaz,7153690173
restoran,Oba Restaurant,7154243585
restoran,Uludağ Kebapçısı,7179034783
restoran,OKYANUS,7245685794
restoran,Nefes,7255318986
restoran,Kıraça Balık Lokantası,7287814088
restoran,Poyraz Balık,7287814089
restoran,Yıkıntı,7287814091
restoran,Acıbadem Sahra Kebap Ve Dürüm Evi,7511704359
restoran,Et-Inn Kebap&Steak,7524369687
restoran,Jeni Falafel & Rolls,7552744636
restoran,Servet İskender,7559992981
restoran,Çiğköfte Evi Pendik,7560314301
restoran,Bizim Mutfak Pendik Ev yemekleri,7560349239
restoran,Özenler Kebap,7560960176
restoran,Saray Restorantı,7571698736
restoran,Yeşilim Lahmacun kebap,7572384491
restoran,Çekmeköy Yeditepe Sosyal Tesisleri,7575506342
restoran,Şenol Kolcuoğlu,7589801817
restoran,Chinese@Sushi Express,7589801825
restoran,Yörem İskender Kebapçısı,7589801841
restoran,Dürümcü Apo Usta,7590628600
restoran,Demir Et Izgara,7590628633
restoran,By Yanar Döner,7592512202
restoran,Pişşir,7592512209
restoran,Tat Burger,7592512218
restoran,Titiz İskender Kebap,7592512239
restoran,Oses Çifköfte,7593675946
restoran,Ekrem Çoşkun Döner,7593728362
restoran,Pınar Pide&Börek,7593728368
restoran,Nevince Ev Yemekleri,7626313380
restoran,Şölen Döner,7626321119
restoran,Cadde Tantuni,7626321424
restoran,Fatih Börekçisi,7626324089
restoran,İzol Börek,7626324090
restoran,Günaydın,7626327441
restoran,Bay Bread,7626331748
restoran,Cotti Cotti,7628729519
restoran,World Zurna Dürüm,7628729526
restoran,Kalyoncu Yemek Diyarı,7635726133
restoran,Saloon Burger,7652665253
restoran,Rakofoli,7682810029
restoran,Orkoz,7740513246
restoran,Mecitin Antakya Mutfağı,7740520743
restoran,Vitamin Büfe,7740542711
restoran,Erenköy Sarıyer Börekçisi,7740544238
restoran,İrfan Usta Lahmacun,7740546480
restoran,Öz Gaziantep Kebapçısı,7740549808
restoran,İnci Balık,7740553111
restoran,Damak Dürüm,7740558389
restoran,Köşk Pide Lahmacun,7743270075
restoran,Mersinli Ciğerci Ahmet Usta,7743273044
restoran,Dönerci Hamdi Usta,7743421900
restoran,Haydenn Sürmene Pidecisi,7743437086
restoran,Neslihan Cafe,7743491269
restoran,Paşa Zurna Dürüm,7743517191
restoran,Hosta,7789565410
restoran,Akveren Makarna,7789571436
restoran,Ayla Tantuni,7789592324
restoran,Kadıköy Merkez Börekçisi,7789612285
restoran,NFC Pide & Börek,7791531734
restoran,Nazife Hanımın Ev Yemekleri,7793050804
restoran,Zerina,7816100108
restoran,Candanya Çiftlik Et Mangal,7816987218
restoran,Balikçi  Süleyman,7826475386
restoran,SARIKAYA KEBAP (KEBAPCI),7831815086
restoran,Duru Et Izgara,7886959205
restoran,Three partners cafe & restaurant,7896553285
restoran,Bitlisli,7896553385
restoran,Saltanat fish & kebab house,7896642785
restoran,TıkaBasa,7942378559
restoran,Titiz Lahmacun - Pide,7958783926
restoran,Kalpten Kafe,7972904049
restoran,Çöp şiş,7972924504
restoran,Ev yemekleri,7973473670
restoran,Etli Ekmek Pide Lahmacum,7973631006
restoran,Tarçın Restaurant,7973724536
restoran,Gaziantepli Bozkaya Baklavaları,7973724545
restoran,Zadegân Pasta,7973735645
restoran,Şaşkın Et Mangal,7973735656
restoran,Ataşehir Erzurum Cağ Kebap,7978514522
restoran,Betül Ev yemekleri,7986823242
restoran,Rakun,7989061762
restoran,Burger Sausage,7989103088
restoran,Izgaradan,7996837600
restoran,Bereket Dürüm,8001595235
restoran,Çorba İstanbul Et Mangal,8043934560
restoran,Nokta Balık,8043934561
restoran,Özlem Taşfırın,8043934562
restoran,Seçkin Büfe,8043934570
restoran,Küçükbakkalköy Pidecisi,8043960786
restoran,Dağlayan Börek & Pide,8043960791
restoran,Taner Börek,8043960792
restoran,Öz Lezzet Meşhur Börek & Pide,8043960804
restoran,Dedecan Ocakbaşı,8043960807
restoran,Mert Yemek,8043960810
restoran,Jumbo Künefe,8043960814
restoran,Beluga,8077963391
restoran,Barba Yani,8088678617
restoran,Otantik,8091078318
restoran,Hacıbaşar Kebap,8137391011
restoran,Tarihi Kadıköy Dönercisi,8146854694
restoran,Konoha Susi,8146854695
restoran,Erdal Şef,8176610582
restoran,Arka Bahce,8190295421
restoran,TaşFırın,8191289475
restoran,Emirzade,8227326414
restoran,Arsemia,8227326424
restoran,Çetin Usta Toplu Yemek Hizmetleri,8231475915
restoran,Bombay Masala Indian Restaurant,8247183034
restoran,Adıyörem Çiğköfte,8296836140
restoran,Bizim Zurna Dürüm,8296836213
restoran,Onur Yemek,8296836220
restoran,Damla Pide,8321884002
restoran,Olimpiyat Restaurant,8324180074
restoran,Odessa Restaurant,8324274589
restoran,Afrodit Restaurant,8324274590
restoran,Mare Karaköy,8324274591
restoran,Grace Rooftop Restaurant,8468053017
restoran,Özgün Kokoreç,8478454276
restoran,Çamlık,8486459318
restoran,Woow Zeki Usta Mersin Tantuni,8489123826
restoran,Hak Döner,8489123849
restoran,Kebap Hocası,8490682117
restoran,Coffee Boo,8498807218
restoran,Güler Osmanlı Mutfağı,8499094117
restoran,Suvi Mutfak,8505088823
restoran,Çikolatapare,8505773517
restoran,Köyce,8505785917
restoran,Gaziantep Künefe Dünyası,8510769965
restoran,Ali Usta Meşhur Trakya Köftecisi,8510769967
restoran,Lezzet Sarıyer Börek & Pide Salonu,8510769977
restoran,Otantik Sarıyer Börekçisi,8510769980
restoran,Kaçkar Yöresel Lezzetler,8510769981
restoran,Sultanhmet terrace restaurant,8513449417
restoran,Ateş Döner,8520238263
restoran,Çatana,8520241764
restoran,Puğar Burger,8520253196
restoran,Deniz Börek & Pide Salonu,8520258403
restoran,Welldone,8520265342
restoran,Eftalya Balık,8520268223
restoran,Yavuzbey,8520551638
restoran,İsos Döner,8520683568
restoran,Kerem Büfe,8520694089
restoran,Anteplioğlu Baksan Baklava,8520699615
restoran,Lale Çorba Kokoreç,8521515160
restoran,Meşhur Sarıyer Börekçisi Davut Usta Pasta & Cafe,8521516806
restoran,BEHZADEM KEBAB & FİSH HOUSE,8553081917
restoran,Akça Börek Pide Salonu,8562278129
restoran,Kozzy Börek Kumpir,8566435542
restoran,Arı Pide & Börek,8566435544
restoran,Yonca Restaurant,8572555517
restoran,Dağlayan Börek,8581425225
restoran,Sıla Mersin Tantuni,8581425227
restoran,Burak Balıkçılık,8581425233
restoran,Emrah Büfe,8581425254
restoran,Çakıl Türk Mutfağı,8581429273
restoran,Göle Büfe,8611074045
restoran,Eat Fit,8611074050
restoran,Gülcan Yufka,8611074074
restoran,Beypiliç,8611083283
restoran,Mahmut Usta Çiğköfte,8611083285
restoran,Meşhur Adıyaman Çiğköftecisi,8611083286
restoran,Moda Cağ Kebap,8611083288
restoran,Route Burger House Karaköy,8613551118
restoran,Mamikler Künefe Katmer,8617882890
restoran,Kardeşler Pide ve Döner Salonu,8637836972
restoran,Pınar Pide Börek,8637879293
restoran,Köfteci Şükrü,8738555916
restoran,Tunç Balık,8738603638
restoran,Adadan Balık,8738608711
restoran,Zilli Zurna,8738634634
restoran,Saray Kokoreç Midye Tava,8738636559
restoran,Evim Ocakbaşı,8738647080
restoran,Kuyubaşı Balıkçısı,8742320808
restoran,Köyüm Pide,8742332160
restoran,Sarıoğlu Büfe Patso Kuyubaşı-2,8742332161
restoran,Sıla-1 Mersin Tantuni,8742334231
restoran,Göztepe Dönercisi,8742338250
restoran,Çiğköfteci Sait Usta,8742551598
restoran,Üstat Köfte,8742563573
restoran,Sıla 3 Mersin Tantuni,8746213398
restoran,Müslüm Baba Kokoreç,8746214766
restoran,Koko Musti Tavuk Döner,8746235411
restoran,Burger@,8746237704
restoran,Haşmenler Pide Börek,8746248510
restoran,Dayı Kürek Lahmacun,8746255495
restoran,Meşhur Adıyaman Çiğköftecisi Ömer Aybak,8750415577
restoran,Mamabowl,8775329617
restoran,Ali Baba Et Mangal,8781238113
restoran,Kayıkhane,8841919217
restoran,Sulhi Kaptan Balık,8871767952
restoran,Hot Pot King,8871767970
restoran,Ülker Abla Ev Yemekleri,8871767971
restoran,Ataşehir Yemek Sermin'in Mutfağı,8871767974
restoran,Il Boccalino,8872610580
restoran,Kabadayı Burger,8886706200
restoran,Ciğerci Bahattin,8911720661
restoran,Müsaade Meyhane,8951324417
restoran,Öz Pide,8954144799
restoran,Dönerci Necip Usta,8956718286
restoran,Özlem Kebap,8956735035
restoran,Taka Balık Restorant,8963310884
restoran,Yeşil Cafe,8985772317
restoran,Taşova Kebap,8998667237
restoran,Tantunici Emmi,8998667245
restoran,Yakacık Gurme,9022649922
restoran,Tuzla Balikçisi,9041886917
restoran,Arapça Kafe,9043424918
restoran,Galata Lily Café,9080785017
restoran,Tarihi Leziz Pide Fırını,9090515189
restoran,Gözde Mersin Tantuni,9108110598
restoran,Tek Büfe,9108127506
restoran,Pilav Sarayı,9108136399
restoran,Ömer Aybak Adıyaman Çiğ Köftecisi,9108157182
restoran,Maydonoz Döner,9108193471
restoran,Öz Sarıyer Börek ve Pide Salonu,9108201775
restoran,Bolsos Döner,9108208533
restoran,Teksos Döner,9108208535
restoran,Anadolum Lokantası,9117495217
restoran,Akçaabat Köfte Salonu,9122244855
restoran,Saltbae,9127363519
restoran,Sanat Ocakbaşı,9127672445
restoran,Sissorotti Pasta,9127675083
restoran,Ethem Efendi Kahvaltı,9128780517
restoran,Gaziantep Lahmacun Pide,9139709817
restoran,Calzone Burger,9139890340
restoran,Nebioğlu Döner,9139890346
restoran,Beylerbeyi Köftecisi,9139890356
restoran,Adalı Kuzu Kokoreç,9139890358
restoran,Ehli Sac Ekmeği,9139890367
restoran,Konak Konya Etli Ekmek,9139890376
restoran,Kervan Pide & Börek Salonu,9139890382
restoran,Öz Adıyaman Çiğ Köfte,9139890400
restoran,Keban Börek,9142574311
restoran,ATM Burger,9142580457
restoran,Adışanlı Çiğköfte,9142582027
restoran,Öz Ciğerci Abe,9142586930
restoran,La Nostro,9143863850
restoran,Şifa İşkembe,9143877789
restoran,Çakır Büfe,9143882139
restoran,Öncü,9149459938
restoran,Dürümcü Bey,9149464814
restoran,Mürver,9171087887
restoran,Otantik Gusto,9180089081
restoran,Gabuk,9180089771
restoran,Burger House,9180095685
restoran,Ramiz +Plus,9180098871
restoran,Babuş Hatay Döner & Köfte,9180303911
restoran,Bazlama İstasyonu,9180314509
restoran,Kanka Zurna Dürüm,9180319564
restoran,Ateş Dürüm Evi,9180335657
restoran,Mert 33 Tantuni,9180339514
restoran,Chicker's,9180345727
restoran,Mirzabey Beyran Paça Evi,9180350519
restoran,Tarihi Mercan Dönercisi,9180350520
restoran,Memoş Tantuni,9183343428
restoran,HSB Sarıyer Börekçisi,9190535792
restoran,Fitçi House,9199266217
restoran,Otağ Kokoreç,9213640338
restoran,Papel,9221352280
restoran,Osi pizza & Pasta,9230743217
restoran,Seyithan İşkembe,9259654932
restoran,Pavlonya Meyhanesi,9267668617
restoran,Mario Balik Ekmek,9281173202
restoran,Livane,9286717646
restoran,Cheef Moses,9288097304
restoran,Cajun Corner,9288127453
restoran,Adanalı Şenol Kolcupoğlu,9288133111
restoran,Burger,9318036617
restoran,Biber Burger,9329838317
restoran,Pita Manti,9337361618
restoran,Balik Dürüm Mehmet Usta,9358556417
restoran,Akiloğlu Döner İskender,9360316827
restoran,Baysan Tat Lokantası,9360345760
restoran,Asır Erzurum Cağ Kebap,9360350602
restoran,Mesadin Restaurant,9364191017
restoran,Kotti’s Hotdog,9370066017
restoran,Falafella,9370066217
restoran,Borsam Taşfırın,9375681317
restoran,WIN,9375784917
restoran,Moda Ercan,9375785417
restoran,Akar,9383576823
restoran,Queb Lounge,9386536117
restoran,Eteist Burger,9391995580
restoran,Cocina Ev Yemekleri & Catering,9391995586
restoran,Vadi Döner,9391995587
restoran,Neşeli Mutfak,9391995589
restoran,Dingonun Ahiri,9392005524
restoran,Tikka Tavuk,9393809458
restoran,Umut Gurme,9393921517
restoran,Duble Muhabbet,9401953817
restoran,Fındıklı Yufkacısı,9446748034
restoran,Kent Restaurant Ocakbaşı,9452558332
restoran,Mis Tantuni,9452871481
restoran,Kızılkayalar Hamburger,9452888372
restoran,Adana İşi,9452914083
restoran,Yakamoz Balıkçısı,9452928595
restoran,Saroğlu Patso,9474144614
restoran,Adana Güneş Kebap,9480329226
restoran,Anadolu Huzur Lokantası,9481250106
restoran,Tanyel Döner,9481261207
restoran,Hadin,9484018544
restoran,Malibu's Buffet,9498224949
restoran,Granny's Waffles,9498224965
restoran,Ramiz,9498224987
restoran,GreenSalads,9498224995
restoran,Beylerbeyi Profiterol,9498235193
restoran,Krispy Kreme,9498241832
restoran,Asirlik Balik,9510419117
restoran,Kirpi,9524243917
restoran,Galata Balık,9524461017
restoran,Yaka Balık,9524461018
restoran,Galata Nergis Balık,9524461317
restoran,Yıldızlar Restaurant,9524467717
restoran,No.10,9534134571
restoran,Ataşehir Börek,9555654890
restoran,Pasaport Pizza,9555671691
restoran,Lokma rumeli,9580735017
restoran,Acar Büfe - Hocapaşa Menemencisi,9584848878
restoran,Alemdar Restaurant,9609786052
restoran,Şimşek Döner,9633721056
restoran,Maharet Kebap Lahmacun,9633741119
restoran,Cennet Gözleme Evi,9633741795
restoran,Monsh,9663251127
restoran,Hacıbey,9663275047
restoran,Schnitzel Landmann,9663281731
restoran,Ada Pide,9663282306
restoran,bykush sokak,9663355417
restoran,Ataşehir Kuru Fasulye & Ev Yemekleri,9685642374
restoran,Sevgi'nin Mutfağı Ev Yemekleri,9685663744
restoran,Barkod Gurme,9685671525
restoran,Guns n' Chicken Street Food,9687918686
restoran,Bozoğlu Çorba,9687955655
restoran,Benjamin,9687955657
restoran,Beyaz Ev Yemekleri,9687956122
restoran,Fuaye No 12,9689398018
restoran,Burger@ Tuzla,9690646279
restoran,Midyeci Ahmet,9690646280
restoran,Pişiköy,9697334017
restoran,Afsona,9697360017
restoran,Fiççi House,9697360117
restoran,Keniya cafe,9697360118
restoran,Tarihi kardeşler börek ve pideci,9722432917
restoran,Comedus şarap ve bira,9740954017
restoran,Zeynep Pide and Lahmacun,9763606420
restoran,Akoğuz Çiftliği,9769630444
restoran,Rumeli Vatan Lokantasi,9777725039
restoran,Green Garden Cafe,9782808313
restoran,Kayatas,9785245256
restoran,24/7 Kebap Salonu,9785325000
restoran,Aslan Bey,9785337807
restoran,Kadioglu Et Lokantasi,9785338497
restoran,Milano,9785345642
restoran,Fortunato,9785350780
restoran,Lezzet Koftecisi,9785354258
restoran,Lido,9785355318
restoran,Eden Büfe,9786517747
restoran,Tadıyaman Pilav,9786517750
restoran,Uzunlar,9786517759
restoran,Berke Dürüm Döner,9786517766
restoran,Leylak,9786517771
restoran,crep Street Food,9786517777
restoran,Tavuk's,9788198297
restoran,Noah handmade burgers,9792390210
restoran,Çorbacı Ali Usta,9800856859
restoran,White Burger,9811123481
restoran,SushiCo,9814351745
restoran,+852 Hong Kong,9821259942
restoran,Çiğköfteci Bilal Usta,9823730540
restoran,Hesap Dokumu,9833780518
restoran,Duygu Aile Salonu,9833781418
restoran,Uğur Büryan,9833781517
restoran,The Fat Boy's Pizza & Burger,9839782429
restoran,Çarşı Döner,9841332571
restoran,Elvan Sofrası,9841340587
restoran,Yenişehir Balıkçısı,9845554298
restoran,Buhara Ocakbası,9846134917
restoran,Gavaklık Kebabçı,9860884317
restoran,Kem Küm,9860981067
restoran,Farika döner,9862418217
restoran,Hane,9866939004
restoran,Çiya Sofrası,9869626517
restoran,Pilav Döner,9869851717
restoran,Tamamen Organik Toast,9871877583
restoran,Turp,9887152820
restoran,Sapa,9895157019
restoran,Terrace Mercan,9902429718
restoran,Angel Mercan,9902429817
restoran,Rönesans mercan,9902429818
restoran,Gönül Sofrası,9916878374
restoran,Zakirbey Cağ Kebap,9916878375
restoran,Asel'in Mutfağı,9916878380
restoran,Kaıköy Tantuni,9916911383
restoran,Bizim Dürüm ve Kanat Evi,9916939690
restoran,Adaturka,9921225101
restoran,Ceylan Cafe,9921240874
restoran,Meltem Büfe,9921265909
restoran,Kanatçı dayım,9931483746
restoran,Gül Ağacı,9935851121
restoran,Zirve Kebap,9935853505
restoran,Furkan Pide,9935856433
restoran,Pak Pide Pizza Salonu,9937320323
restoran,Gaziantepli Cumali Usta,9937499520
restoran,Deli Gönül,9937499525
restoran,Gündoğdu Cafe,9937499527
restoran,Muhteşem Börek,9937499530
restoran,Grand Restaurant & Bar,9937499539
restoran,Meşk-i Çeşme,9937509076
restoran,Vitamin Balık Izgara,9937509081
restoran,Menderes Usta,9937509090
restoran,Chef Ocakbaşi,9950496823
restoran,Tarihi hocapashe lokantalar,9950496829
restoran,Asmali durumcu,9950496918
restoran,Simit,9950497918
restoran,Khalkedon Fenerbahçe,9953401578
restoran,Kadıoğlu Kebap & İskender,9963650321
restoran,Neşeli,9980505750
restoran,Ada,9980505752
restoran,Barbayani,9980505753
restoran,Mavi,9980505755
restoran,Heyamola,9980505756
restoran,Erguvan,9980505759
restoran,Suadiye Balık,9980633096
restoran,Tike Suadiye,9980677581
restoran,The House Cafe,9980677596
restoran,Simit İnn,9982235293
restoran,Munis,9983876845
restoran,Oğuzhan Pide Lahmacun Kebap,9983964788
restoran,Çatkapı Köfte Mante,9983964794
restoran,Wayana,9988340617
restoran,Yildiz Pide Salonu,9990575242
restoran,The corner Heybeliada,9995036018
restoran,Balkan Lokantasi,9998872717
restoran,Kadıköy Simit,9999546763
restoran,Tost Akademisi,9999577350
restoran,Karaköy Gedikli,9999751863
restoran,Kawaii,10006248184
restoran,Bafra Pide,10017837893
restoran,Borsa Lokantası Caddebostan,10018154685
restoran,Pizzorroo,10018442785
restoran,Günaydın Kalamış,10029813243
restoran,Food House,10033110652
restoran,Sarıyer Börekçişi,10033127979
restoran,Söğüt Döner,10038520451
restoran,Kervan Restaurant,10038951817
restoran,BAP,10045617223
restoran,Moni Restoran Cafe,10049175173
restoran,Aslanbey Çiftliği,10058062677
restoran,Payidar galata,10086546422
restoran,Aseka Karakoy,10086548323
restoran,Dürüm Yiyelim,10087576517
restoran,Murat İskender,10111934862
restoran,Secret Garden,10114690118
restoran,Havva Hanım & Ballaturka,10114713653
restoran,Midyeci Yasin Maltepe,10120521545
restoran,Hacı Ali Ocakbaşı,10121169039
restoran,Kimyon,10121202117
restoran,Marina Balık,10123615185
restoran,Nezih Dokuz Ondokuz,10123811082
restoran,Şef Burger,10127897756
restoran,Vestan Dürüm 4,10132733405
restoran,Aile Et Lokantası,10132733410
restoran,Pınar 3 Kebap,10132733412
restoran,Paçacım,10133848230
restoran,Müdavim Ocakbaşı,10137386316
restoran,Lebap Restaurant,10142739775
restoran,Göztepe Piliç,10143161630
restoran,Ethem Et & Adana Kebap,10148000896
restoran,Bizim balıkçı,10148176918
restoran,Kasap Doner,10149337918
restoran,Mila,10149337919
restoran,Dali,10149341417
restoran,Şirin Lokanta,10154679422
restoran,Kümes Piliç,10154679447
restoran,Süttat,10158051900
restoran,Bizim Ev,10159956528
restoran,Seben Et Mangalbaşı,10159956602
restoran,Çalı Restaurant,10159956635
restoran,Bağlar Et Mangal,10160662890
restoran,Gürpınar döner,10168272601
restoran,Alfred,10168814817
restoran,Bu Ciğer,10172616996
restoran,Tandır Lavaş,10172634806
restoran,Mis Adana,10172634833
restoran,Ba Hane,10172634836
restoran,Ciğerci Ahmet Usta,10172634838
restoran,Sofyalı 9 Restoran,10174653450
restoran,Inegöl Köfte Salonu,10175242217
restoran,İzzet Paşa Kokoreç,10178032624
restoran,Köşe Ekspress Cafe,10178060342
restoran,Enbaba Kebap,10178410576
restoran,De Camondo,10178410578
restoran,Green,10178410586
restoran,Kumkapı Afrodit Restaurant,10178410598
restoran,Rasital,10178410602
restoran,Şato,10178410603
restoran,Kumkapı Hoş,10178410606
restoran,Kumkapı Saki,10178410607
restoran,Erciyes Cafe & Restaurant,10178410610
restoran,Buhara 93 Restaurant,10178410611
restoran,Kartallar Denizki Restaurant,10178410613
restoran,Kumkapı Evren Restaurant,10178410614
restoran,Neyzen,10178410616
restoran,Gölçek Restaurant,10178438617
restoran,Kırımızı Karides Balık Restaurant,10178438618
restoran,Kalem Restaurant,10178438628
restoran,İnci Teras Restaurant,10178438645
restoran,Kumkapı Albatros,10178438646
restoran,Çapari,10178438647
restoran,Akvaryum Restaurant,10178438648
restoran,Kadırga Cafe & Restaurant,10178438659
restoran,Nasip et Kebap,10178438660
restoran,Apollon Restaurant,10178438663
restoran,Bafetto,10180253570
restoran,Alaçatı Balıkçısı,10180253571
restoran,Lale Sultan,10206749532
restoran,Urfalı 63 Kasım Usta,10209383707
restoran,Dönerci Celal Usta - Ümraniye (Atakent) Şubesi,10218344387
restoran,Pars Büfe,10221471749
restoran,Nasip-Et kebap,10235736710
restoran,Adana Ocakbaşı Suadiye,10241122615
restoran,Bebe İçli Köfte,10241122617
restoran,Istanbul balik,10246192915
restoran,Mahmut Bey Döner,10271009806
restoran,Şaşkınbalık,10271313427
restoran,Vefalı Köfteci,10271725130
restoran,Han Restoran,10285694909
restoran,Antebi,10287302309
restoran,Best Bro's,10287706949
restoran,Adanalı Şehmuz Usta,10296439624
restoran,Bafra Pidecisi,10296706374
restoran,Cadde Kokoreç,10297886709
restoran,Doğalhane,10303975965
restoran,A.Ç.T DÜRÜM ve MEZE,10555428312
restoran,Rota,10556412800
restoran,Lahmacun Dükkani,10556466416
restoran,say cheese,10579892941
restoran,Kırıntı Moda,10579893041
restoran,Olive Garden,10583738805
restoran,Istanbul Anatolian cuisine,10589342905
restoran,Adam's Pizza,10597098752
restoran,Ciğerci Bulut,10605698210
restoran,Kırıntı,10611901475
restoran,İsot Lahmacun & Kebap,10648838087
restoran,Murat Kebap,10671810550
restoran,Metet Közde Döner,10680519395
restoran,Köşem Karadeniz Pide,10680519397
restoran,Tellioğlu Trabzon Pidecisi 1985,10681819229
restoran,Valibey Kebap & Künefe,10681819243
restoran,Pizz'ALL,10689105040
restoran,Ayvalık Fener Yolu Balıkçısı,10691172896
restoran,Lezzetli Döner,10708213960
restoran,tostçudede,10711119405
restoran,Çorbacıdyz,10718549154
restoran,Burger Pub,10718549160
restoran,Vezir Usta,10718549164
restoran,01 Ocakbaşı,10718549166
restoran,PizzaTeo,10721073980
restoran,Dönerci Cemal,10726697454
restoran,Kordonboyu,10741835936
restoran,Kitchenette,10743206721
restoran,Zeynel Gülkardeşler Kebap Salonu,10753245971
restoran,Felek Mangalbaşı,10757650601
restoran,Dönerci Metin Usta,10770503706
restoran,Tuzdan Balık Restaurant,10770679243
restoran,Seyit Ali Haydar,10770679244
restoran,House of B,10770972406
restoran,ayık çorba kebap,10771827405
restoran,Çilingir Sofrası,10772997209
restoran,Verdura,10775192006
restoran,İstasyon Börek,10775556305
restoran,Izgara Izgara,10778111590
restoran,Çiğköfteci Said,10793999693
restoran,Hacıbey Restorant,10795544944
restoran,Hacıbey Tatlıcı,10795544945
restoran,Kadikoy Midyecisi,10799745560
restoran,Moda Midyecisi,10799745561
restoran,Sultanbeyli Aydos Tesis,10817036105
restoran,Cadde İst'klal,10864146584
restoran,Koko Mustı Kelle Paça İşkembe,10879435973
restoran,Ada Saray,10886790308
restoran,Lezzet Sarıyer Börekçisi,10903231134
restoran,Luppen,10906269912
restoran,The Rua Suadiye,10910948901
restoran,Grillin'Guys,10910985464
restoran,Dostlar Sofrası 1986,10914321511
restoran,Kervan,10914321518
restoran,Avcının Yeri,10914321520
restoran,Midyeci Yasin,10914321521
restoran,Ye Tat Zurna Dürüm,10931266273
restoran,Pizza Lazza Kazasker,10940504551
restoran,Pizza Nene,10942468351
restoran,Şevketin Yeri Samsun Pidesi & Mantı,10983120203
restoran,SOİ Cadde,10992716780
restoran,The Salaş,10996758606
restoran,Palulu Cumali Adana Kebapçısı,10996790805
restoran,Galapera,10997993205
restoran,Fülâne,11002665634
restoran,Galapera Restaurant,11004093305
restoran,Mutlu Ayşe Gözleme Evi,11005832363
restoran,Beyaz Dürüm,11007645950
restoran,Bizim Ev Moda,11007645951
restoran,Direkli Köftecisi,11007666284
restoran,Yıldız 3 Köfte Salonu,11013733905
restoran,Good Fast Food,11014986608
restoran,Hardy's Burger,11014989355
restoran,Hayati Express,11015006362
restoran,Kadı Lokantasi,11015006364
restoran,Yeni Tavuk,11015034649
restoran,Octo,11025255305
restoran,Canyiğit Kebap & Pide,11031824965
restoran,Bütme Evi,11042866699
restoran,Saje Lounge Ataşehir,11042973900
restoran,Bizim Balıkçı,11046508416
restoran,Hacıaskerin Sofrası,11050970266
restoran,Burgerville,11053363521
restoran,Pide 44,11056437122
restoran,Pizza V,11066939498
restoran,Ikon Happy Moons,11069824305
restoran,Emay’s Cuisine,11080259919
restoran,Cluster Society,11080412500
restoran,Tadı Bafra,11091867697
restoran,Brox Burger,11092489491
restoran,Sakura Sushi Bar,11092509191
restoran,SALT Fried Chicken,11093325257
restoran,Palmiye Et Lokantası,11105783210
restoran,Tedaşın Ünlü Kokoreçiçsi Yakup Usta,11107728905
restoran,Karaköy Balikpapan Evi,11108162205
restoran,Emir Kasap Steakhouse,11109153605
restoran,Hayal Restaurant,11110306206
restoran,Dönerci Mehmet Usta,11111739761
restoran,Zoo,11113253079
restoran,Payyar Ocakbaşı,11113858506
restoran,Homemade,11113858508
restoran,Shake Shack,11116132154
restoran,Pizza Rucola,11118780205
restoran,Hook Balık,11118889470
restoran,Gardaş Cag Kebap,11118889496
restoran,Günaydın Köfte Döner,11118889497
restoran,İntiba Döner,11124621798
restoran,Üsküp Köfte,11137256800
restoran,Oşifa Çiğköfte,11139032789
restoran,Bedri Usta Çiftehavuzlar Pide & Lahmacun,11150680115
restoran,Koali,11162825207
restoran,Peninsula,11174876055
restoran,Banko Burger,11184219681
restoran,Bereket Büfe,11191249488
restoran,Çengelköy Börekçisi,11197840836
restoran,Bağdat Döner,11208978319
restoran,2'de 1 Köfte,11208983137
restoran,Han Atlas Üzbek Restaurant,11212829440
restoran,GALAKTION,11212846837
restoran,Adıyamanlı Çiğ Köfteci Burak Usta,11225236630
restoran,Ecem Büfe,11229886043
restoran,THE WOKSHOP,11237943437
restoran,Döngel Kebab,11238674205
restoran,Öz Namlı Bey,11253556929
restoran,Ünal Babanın Yeri,11253709351
restoran,Bayındır Restoran,11259838270
restoran,Küff,11260255003
restoran,Bizim Balık Evi,11261040563
restoran,Hasanpaşa Konağı Restaurant,11265105037
restoran,Bağdat Marmaris,11273099247
restoran,SushiCo zen,11279285879
restoran,Lagos,11279806832
restoran,Spenta Pizza Restaurant & Cocktail Bar,11286457669
restoran,Nur Kebap Lahmacun Pide salonu,11286458769
restoran,Ali Ocakbaşı,11293703185
restoran,Ken Sushi,11293703186
restoran,Günaydın Şaşkınbakkal,11293703191
restoran,Cotto Gastro,11293782714
restoran,Lena Restaurant,11296120256
restoran,Zurna Kadıköy,11296163216
restoran,Makchefs,11328319689
restoran,Muhabbet,11328980801
restoran,Golden Spoon,11331726870
restoran,Yanyalı Fehmi Lokantası,11335161041
restoran,Çiya Kebap,11336944895
restoran,Hani,11347258198
restoran,TX Burger,11349810608
restoran,Hisko,11364588038
restoran,Cozy Garden Restaurant Cafe,11375123135
restoran,Everyday pizza,11381918322
restoran,Vandal,11385598761
restoran,Kiva,11385598762
restoran,Cadde Gözleme Cafe,11391390631
restoran,Has Dürüm,11406398451
restoran,Olimpiyat Kokoreç,11417680316
restoran,Pidem Maltepe,11417680319
restoran,Bedri Usta Kalamış,11425110664
restoran,Mydonose Döner,11426591524
restoran,Börek Cafe Yelken,11431914369
restoran,Osmanoğlu Pide,11431961440
restoran,Konya Tadım,11438735171
restoran,Tarihi Maltepe Çorbacısı,11446173169
restoran,Burger Zade,11446204369
restoran,Değirmen,11446525241
restoran,Metet,11452129267
restoran,Sushi Manga,11453117251
restoran,Sensus,11453117252
restoran,Sintesi,11453211261
restoran,Maroof,11456226684
restoran,Gamze,11464728703
restoran,Konak,11464728706
restoran,Sembol Ocakbaşı,11476103170
restoran,Asya Kasap & Et,11494243071
restoran,Pablo Pizza,11494243075
restoran,Anka Mutfağı,11506468662
restoran,Pelikan Balık & Restaurant,11508561569
restoran,Hello Fires,11509562002
restoran,İBB Sultanbeyli Kent Lokantası,11528657992
restoran,İBB Pendik Kent Lokantası,11528657998
restoran,İBB Sultanahmet Kent Lokantası,11528657999
restoran,İBB Ümraniye Kent Lokantası,11528658000
restoran,İBB Üsküdar Kent Lokantası,11528658001
restoran,Natur'el Bahçe,11536245803
restoran,Van Kıymalımm,11652185269
restoran,Mekan Kokoreç,11653506935
restoran,Beeves,11670093054
restoran,Acıbadem Kokoreç Hakan Büfe,11690027743
restoran,Mylos Ayvalık Cunda Mutfağı,11690027750
restoran,Onion Cafè,11761226742
restoran,Çılgın büfe,11766458315
restoran,Bizim Lokanta,11778360933
restoran,Gaziantep Döner Salonu,11778382420
restoran,Fül Fül Çorba,11841764072
restoran,Nebyan,11844676371
restoran,Burger Yiyelin,11845209082
restoran,Has Titiz Kebap,11867436341
restoran,Coi Pizza,11879240834
restoran,Tiara’s Restaurant,11893151872
restoran,Gala Kokorec,11893467070
restoran,Tarihi Pasahan Konagi,11893467169
restoran,Halil Ustanın Sofrası,11917541958
restoran,Maison 39,11933506869
restoran,Tostbik,11933947429
restoran,Kalarmaria,11951357609
restoran,Çorbacı Gada,11951778131
restoran,Moston Cafe Restoran,11953804770
restoran,Matters Suadiye,11954270060
restoran,Razaki,11954306978
restoran,Et Dünyası,11956173069
restoran,The First Ottoman Lounge,11970900769
restoran,As You Sea Seafood & Kepab,11977690669
restoran,Doyuran Ev Yemekleri,11980521869
restoran,Ulusoy Cafe & Pastane,11980554269
restoran,Mola Garden,11982481293
restoran,Endam,11994005869
restoran,"Cook me, eat me",11994038469
restoran,Restohan,11998999269
restoran,Tarihi Fener işkembecisi,12004758169
restoran,Beyoğlu Çorbacısı Kurtköy,12015319969
restoran,Dostlar Kebap Salonu,12017212527
restoran,Hacı Kerimoğulları,12055650568
restoran,Murat Büfe,12055675470
restoran,Hazal Börek,12055675471
restoran,Burger Zamanı,12055675492
restoran,Doyuyo,12055675499
restoran,Aşikar Lokantası,12055675504
restoran,Dağlayan,12055675506
restoran,Dönerci Semih Ersoy,12058115578
restoran,Yesen Burger,12058115589
restoran,Lider Döner,12059879060
restoran,Kovan,12059879061
restoran,Kokoretsi,12063287139
restoran,Mutfak Koz,12063475848
restoran,Bizimkiler Ev Yemekleri,12064495108
restoran,Academy DöNER,12067076498
restoran,Oses Çiğ Köfte,12067076508
restoran,Kokobey Kokoreç,12067076571
restoran,Kokoreççi Uğur,12067076572
restoran,Beltur Plaj kiosk,12085122469
restoran,Pizzeria Al Dente,12088411750
restoran,Burgericos,12094726138
restoran,Emek saray,12098772701
restoran,Piri Piri Chicken,12108327264
restoran,Bi Porsiyon,12110427250
restoran,Adana Kebap,12114517369
restoran,Abdi Bey Lokantası,12126050084
restoran,Perri Karaköy,12126108375
restoran,Sblue Cafe & Bistro,12137605770
restoran,Nello's,12149730795
restoran,Brand Burger,12161659101
restoran,Hemşerim Dürüm Evi,12163107677
restoran,Çarşı Kebap,12163107692
restoran,Tantuni 'tan,12163107700
restoran,Köfteci Ziya Usta,12163120203
restoran,Yesilim,12163120213
restoran,Tavuk Fakültesi,12163120214
restoran,Zurnam Döner Elcin Sef,12163120216
restoran,Cook Aciktim,12163120221
restoran,Cigerci Saim,12163120224
restoran,Sampiyon Kokorec,12163120229
restoran,Pizza Pendik,12163120232
restoran,Doydum Döner,12163120233
restoran,Abooov Kebap,12163120236
restoran,Kadim Döner,12163120238
restoran,Elit Ciğer Kaburga,12163120240
restoran,Karina Balık,12163120241
restoran,Meşhur Köfteci,12172598697
restoran,Nuh Lokantası,12172598698
restoran,Hereke Dönercisi,12172737706
restoran,Nefis Ev Yemekleri,12172737708
restoran,Kale Dönercisi,12172737709
restoran,Beltur,12192668193
restoran,Susam Börek,12230717101
restoran,Adile Sultan Ev Yemekleri,12241613301
restoran,Suadiye et döner,12241634601
restoran,Pablo's Burger,12241637801
restoran,Via Romana Pizza,12260412101
restoran,Sancaktepe Kanatçısı,12265806197
restoran,Mimoza Yöresel Ev Yemekleri,12290338591
restoran,Derin Köfte&Burger,12302323401
restoran,Mutlu Et Döner ve Çorba,12304639691
restoran,Yavuzbey İskender,12304644904
restoran,MY Meşhur Balıkçı,12304644905
restoran,Patso Max,12304649152
restoran,Cömert,12304652659
restoran,Smoke Waffle & Kumpir,12304657557
restoran,Green Hill,12339920801
restoran,Sultanıa Restaurant,12347693531
restoran,Rose Amida Restaurant,12347693535
restoran,Ti Amo Bistro Cafe & Restarant,12347693538
restoran,Tarihi Sirkeci Dönercisi,12347693541
restoran,Nova Roma Restaurant,12347693549
restoran,Sirkeci Sultan Restaurant,12347693551
restoran,Sultan Sofrası İkram,12347693556
restoran,Hocapaşa Fish & Kebab,12347693558
restoran,Antep Kebap Lahmacun,12347693559
restoran,Hacı Beyaz Chef,12347693561
restoran,Kazım Usta Kebapçısı,12349005406
restoran,Bogenville,12353422803
restoran,Safir restaurant,12369747201
restoran,Ercan Pizza,12388868423
restoran,İsmail Usta Kokoreç,12409822579
restoran,Saca Marin,12427036312
restoran,Hasan Usta Kebap,12427098350
restoran,Bakıroğlu Gurme,12427169304
restoran,Della Fame,12438404894
restoran,Üstadlar Ocakbaşı,12450768901
restoran,Adana Ocakbaşı,12456137810
restoran,Sushi-G,12463303400
restoran,Suhan Kebap,12465124001
restoran,Pizzeria Positano,12470693915
restoran,Tok BBQ,12479408738
restoran,Safran Restsurant,12486432501
restoran,FABESCO CAFE & RESTAURANT,12486432502
restoran,Magnus,12486788411
restoran,Akoğuz Izgara ve Ev Yemekleri,12504254170
restoran,The St. Bernard Restaurant,12505488424
restoran,Bağlarbaşı Pide& Lahmacun,12509587477
restoran,Közde Kanat,12509743275
restoran,Öz Sarıyer Börekçisi,12512074970
restoran,Eksen Büfe,12512074971
restoran,Ayhan Köftecisi,12512074973
restoran,Hacı Usta,12512781229
restoran,Murat Muhallebicisi,12512830898
restoran,34 İstanbul Döner,12512830899
restoran,San Marino Balık Dürüm,12512830900
restoran,Kılavuz Döner,12512834707
restoran,Sofra,12512834712
restoran,Dem Balık,12512834715
restoran,Ma Fish Wrap,12512834717
restoran,Altınbaca Kebap,12512834722
restoran,Arif Bey Köfte,12512834729
restoran,Homeless Chef,12512834731
restoran,Chuck,12512834732
restoran,Camion,12512834733
restoran,Tükkan,12512834736
restoran,Sokak Karaköy Restaurant,12512834737
restoran,Mumhane Lokantası,12512834741
restoran,Galata Fish Mekan,12512834742
restoran,Mumhane Street Food,12512834743
restoran,Bonker's,12512834749
restoran,Turkuaz Balık Dürüm,12512834751
restoran,Golden Shish,12512834755
restoran,Ocean Fish House,12512834756
restoran,Galata Rıhtım Balıkçısı,12512834757
restoran,Assaggio,12512834761
restoran,Meşhur Karaköy Balık Dürümcüsü,12512834766
restoran,Yelkenci Karaköy,12512834774
restoran,Liman Karaköy,12512834776
restoran,Fish House Karaköy,12512834777
restoran,Street Food Karaköy,12512834778
restoran,Fanus,12512834779
restoran,Benden Karaköy,12512834781
restoran,Kosor Çağ Kebap,12523141369
restoran,Hanedan Ocakbaşı,12523141376
restoran,Öz Sarıyer Börek,12526575300
restoran,Kahuri Köfte,12568235159
restoran,Ferick Fried Chicken,12580048824
restoran,Paşahan Künefe,12592995303
restoran,Tombul Tavuk,12592995305
restoran,Hacıoğlu Lahmacun,12604081830
restoran,Emmioğlu Dürümcüsü,12604081841
restoran,Lahmacun Ali Usta,12658020468
restoran,Nakkaş Kebap,12666683501
restoran,Paşa,12666715276
restoran,Fırında Pizza,12666735718
restoran,Çiğ Köfte Dünyası,12666738532
restoran,Kokoreç'çi Veyis,12666739452
restoran,Yunus'un Yeri,12676959695
restoran,Bekir Usta Çiğ Köfte,12676979298
restoran,Davuuk Dürüm,12676979386
restoran,Cunda Balık,12677573284
restoran,Schinitzel Landman,12700478825
restoran,Borsam Taş Fırın,12700538524
restoran,Ciğerci Ahmet,12710239851
restoran,Günaydin,12722445107
restoran,Gina,12722445108
restoran,Derya,12729221281
restoran,Guido Pizza & Bakery,12730486076
restoran,Safran Pide Börek Salonu,12733778922
restoran,Burger Evim,12744786910
restoran,Yenimahalle Börekcisi,12750545601
restoran,Sos Döner,12750545701
restoran,Yavuz Burger,12751912002
restoran,Emre Et Döner,12751913402
restoran,Cadde Simit,12751913701
restoran,Şehzade Katık Dürüm,12752995226
restoran,Seyit Ali Haydar Usta,12765502989
restoran,Onurcan Et Tavuk Izgara,12784589539
restoran,Tokat Çamlıbel Pide Salonu,12790312026
restoran,Anadolu Lokantası,12792305427
restoran,Chef's Place,12803852974
restoran,Arsamiea Adıyaman Çiğköftesi,12803870625
restoran,Filo D'Olio,12804025401
restoran,Ferida,12804115793
restoran,Dudu Restaurant,12806059771
restoran,Gece Kokoreçcisi,12806080507
restoran,Kırk Fırın,12806261720
restoran,Antebin İçi,12806261721
restoran,Öz Urfa Ciğer Kebap,12806499721
restoran,Hero's Pizza,12809540191
restoran,Ha Bu Döner Gece Dönercisi,12817709773
restoran,Hünkar Pide&Börek,12826155787
restoran,Hunburger,12828689378
restoran,Life Cafe Restoran,12830321501
restoran,Tarihi Karaköy Fırını,12834570860
restoran,Güleryüz Balık Restaurant,12836488471
restoran,Furkan Patso&Burger,12840385507
restoran,Pide Nova,12840675763
restoran,Tarihi Demirci Döner Lokantası,12840796276
restoran,Haunt Cafe Restaurant,12865016785
restoran,Tostçu Sedat,12887257220
restoran,Dürüm Yerim,12887331871
restoran,Yeni Karadeniz pide,12898913052
restoran,Aydoğdu Döner,12919431630
restoran,Munhanie Restaurant,12954682301
restoran,Diva fish kebab restaurant,12954682801
restoran,Burger Blast Finans Şehir,12957795632
restoran,Göller Lokantası,12987937984
restoran,Hatay Dürüm,12987937985
restoran,Reyhan Restoran & Cafe,12990048112
restoran,Toros Tantuni,12994874638
restoran,Tuzla Köşem Döner,12997541245
restoran,Mercan Fast Food,12997541260
restoran,The Populist,13026605001
restoran,Neco Usta Ev Yemekleri,13041116608
restoran,The Hunger,13041160248
restoran,Pizza Bulls,13045410955
restoran,Mr. Hamza,13058035923
restoran,Pizza Linaras,13060105075
restoran,Fırıncı Han Pide Salonu,13060105078
restoran,Siyez Evi,13066527823
restoran,Taner Börek Cafe,13068625901
restoran,Pizza Valentino,13068646001
restoran,Üstün Kebap,13071889514
restoran,Sushi-G Asian Restaurant & Market Sancaktepe,13076820843
restoran,Bedir Kebap,13083638330
restoran,Beyler Restaurant,13095172482
restoran,88 Noodle,13104280601
restoran,Ağababa Döner & Yemek Restaurant,13109207101
restoran,Piya Thai,13133184160
restoran,Akali Suadiye,13134409712
restoran,Furkan Börek,13157653257
restoran,Subuco By Mosquito,13159725601
restoran,Burger Yiyelim - Şerifali,13167042850
restoran,Oses Çiğköfte Vefa,13204905930
restoran,İstinye Tavukçusu,13248353912
restoran,Tokyoya Japanese Cafe & Bistro,13248873501
restoran,youme smash burgers,13249332130
restoran,Bostancı Meydan Kokoreç,13259995353
restoran,Kilisli Ömer Usta,13264590147
restoran,Güloğlu Pide,13275815953
restoran,Beltur Mini,13281500863
restoran,Güneli Fırın,13305852360
restoran,Chicken Project,13306014861
restoran,Akarçay Kebap,13306352401
restoran,Vrelo Pizza,13308169301
restoran,Pizza Felicita,13308169401
restoran,Saray Et Lokantası,13311003602
restoran,Melita,13311249542
restoran,Mavi Kıyı Balıkçısı,13313898301
restoran,Always Waffle,13313914504
market,Grosper,278092416
market,PendikPark,410890002
market,Burda,530505822
market,Temur Hipermarket,530531330
market,Migros,530585311
market,Üstün Market,530589915
market,BİM,530595854
market,Mopas,530598243
market,Basaran Mini Market,566635087
market,CarrefourSA,656087302
market,Orka Süpermarket,656087305
market,Şok,656087308
market,Özkuruşlar,769894707
market,Namlı Market,803346133
market,Eroğlu Bakkal,883446860
market,Tövbe Market,883450228
market,Filiz Cam,899147548
market,Çin Pazarı,910629751
market,Çapa Home,910630185
market,Sezon Kuruyemiş,913578367
market,Namlı,932238572
market,Cem Açık Parfüm,963265000
market,Uludağ Kuruyemiş,963270751
market,Metroport AVM,976476011
market,Kadir Has Çocuk Dünyası,976476014
market,Kardeşler Süpermarket,976511683
market,Büfe,1045078950
market,Gökhan Gıda,1049805998
market,Uyum,1072758109
market,Birlik Market,1137609998
market,File,1313818249
market,Mis Market,1364277234
market,Meydan Market,1484074146
market,Macrocenter,1484074148
market,Üçler Süpermarket,1487268940
market,Gözde Market,1613977087
market,Diasa Gümüşpala,1654299805
market,Kazancı Mini Market,1657788196
market,Carrefour Express,1657788199
market,MMM Migros,1690847711
market,Maltepe Carrefour,1706382163
market,Çağrı,1725198437
market,Dia Market,1812686657
market,Harman Market,1833479784
market,Happy Center,1863280235
market,Gülbak Gıda Tic.Ltd.Şti MARKETİM,1863646182
market,Gülbak Gıda Şube1,1863666665
market,Gülbak Gıda Şube 2,1863667363
market,Çağrı Market Küçükyalı,1863735056
market,happycenter,1874202805
market,Özyer Gıda,1900126146
market,Madalyon Market,1905650502
market,Durak Tekel,1911783254
market,Seyran Büfe,1911783256
market,Şen Bakkaliyesi,1914160129
market,Hakmar,1914311714
market,Güçlü Tekel,1915390149
market,Kiler,1918917549
market,Kiler Hipermarket,1920176344
market,MM Migros Market,1920228460
market,Carrefoursa Express,1932215492
market,Onur Market,1932221743
market,Alp Gıda,1934478417
market,Peynirci Fatih,2048108072
market,Arı Lokum market,2048108626
market,A101,2258308745
market,Limon Market,2260490074
market,Migros Jet,2264181081
market,Sarıyer Market,2265092892
market,Ocakmar,2266985363
market,Köylüce Market,2268299455
market,Çağrı Market,2268511650
market,Özkuruşlar Hipermarket,2268511659
market,Uyum Süpermarketi,2277142833
market,Onur Hipermarket İnnovia,2277157502
market,Komşum Market,2277774145
market,5M Migros Torium,2282094683
market,HappyCenter,2355896459
market,Umut Gıda,2369580378
market,Emin Market,2383684644
market,Çağmar,2384524271
market,Sun Gıda 2,2384524273
market,Karmar Süpermarket,2391067388
market,ÖzVariş,2433671834
market,MM Migros,2437773354
market,Cansu Market,2457420491
market,Ideal,2514283841
market,UCZ Süpermarket,2629072138
market,Bülbül Gıda,2647741008
market,Metin Market,2656411265
market,Tower Shopping Süpermarket,2661350352
market,Ersin Bakkal,2693467943
market,Seker Market,2741792023
market,Sinem Market&Şarküteri,2785068787
market,Bayramoğlu Gıda,2828692190
market,Akçe Gıda,2828752891
market,Can Gıda,2829159188
market,İpek Şarküteri,2856474670
market,Ücler,2901974598
market,Bizim Toptan market,2903398019
market,Gönüller Diyarı Sivas Ürünleri,2994364636
market,Şanlık Süpermarket,3053093327
market,Derya Market,3053096118
market,Sen Market,3102598071
market,Erbaklar Süpermarket,3127672980
market,Kılıç Market,3127677374
market,Metro Selimpaşa Tesisleri,3139597589
market,Food store,3163584618
market,Mert Gıda,3205311080
market,Öz Uğur Hipermarketleri,3376514656
market,Balya Organik Health Food Store,3453781936
market,Green Store,3465585309
market,Papoğlu,3474488523
market,Kim,3499169432
market,Tadal Discount Market,3499231828
market,Çağrı Semt,3522182128
market,Peynir Durağı,3522192620
market,Ekomini,3522195707
market,Papoğlu Market,3522195708
market,Ucz Market,3597084433
market,Onur,3625637823
market,MOPAŞ Yenimahalle-1,3668361774
market,Kardeşler Market,4036810892
market,Lider Market,4044269475
market,Gür-Bak,4044269480
market,Nişantaşı Çiftliği,4044310885
market,Koska Market,4129048090
market,Biçen,4146432392
market,Uyum Market,4151128804
market,ortaköy ucuzluk pazarı,4161751297
market,fabrika satış mağazası,4161751299
market,Western Union,4161756613
market,Yıldız Bakkal,4225663690
market,Lider Süpermarket,4255743991
market,Polet Market,4265602189
market,Grup Gökkuşağı,4265602289
market,Özmen Hipermarketleri,4266427890
market,ALBI EXPRESS,4291283889
market,Başarı Gelişim,4296201794
market,Gri,4303106799
market,Shopping,4303107093
market,Fatih Kuruyemiş,4332159891
market,Harman Organik ve Yöresel Ürünler,4334049404
market,File Market,4342033389
market,Muhterem Market,4369815331
market,Teyyare Market,4387034489
market,Karday Süpermarket,4388338290
market,Elçin Tekel Shop,4388882294
market,Türkiye İş Bankası,4397197290
market,Tatbak,4397224162
market,Kayacik Market,4397235291
market,Bonveno,4416236590
market,Uyum Süpermarket,4416270791
market,İtimat,4426327093
market,7renk Tekeller,4435520395
market,Derecik market,4435521691
market,Şok Mini,4437334489
market,Akmar Hipermarket,4501635015
market,Erdoğan Market,4511215891
market,Erçağ,4511220204
market,Gap market,4511222511
market,Çankaya Tekel,4532624814
market,Koçtaş,4538589102
market,Bacanak Bakkal,4540062148
market,Yunus Market,4540063221
market,Mopaş Market,4540157009
market,Özlem Gıda,4543170711
market,Çiftliğinden Kahvaltı,4544846151
market,Yıldız Ambalaj,4544855567
market,Yörem Süt Ürünleri,4544874338
market,Yağmur Tekel Kuruyemiş,4544882500
market,Diyar Kuruyemiş,4544922105
market,Demkarlar Market,4544934307
market,Hanedaroğlu,4545352701
market,Ateş Market,4545402605
market,Kuruyemiş Tekel Bayi,4545553044
market,Shoko,4545679391
market,As Mini Market,4548349898
market,Ecemar,4551097587
market,Hider Gıda,4551308093
market,Arzum Gıda,4551339663
market,Sezgin Mini Market,4553378138
market,Candaş Tekel Kuruyemiş Şarkuteri,4557318097
market,Gönenli Peynircim,4557372528
market,Arzum Tekel Kuruyemiş,4557482307
market,Hakmar Express,4557498670
market,Aksu Şarkuteri Tekel Bayi,4558663626
market,Fatih Super Market,4558707680
market,Aslanlar Grup Ekonomik Halk Pazarı,4558707682
market,Metmar,4558707683
market,Aslan Market,4565002035
market,Dere Tekel,4565646123
market,Han Gıda,4567358866
market,Erarslan Market,4571551857
market,Ünsal Market,4572114075
market,Gimtaş,4572604672
market,Meriç Gıda,4573147345
market,Mopaş,4573327646
market,Karayolları Bakkal,4575518107
market,Eko market,4575752199
market,Ton Market,4575837861
market,UCZ Market,4575837879
market,Gross Market,4576829833
market,Fatoş Büfe,4576844337
market,Kaya Çiftliği,4577411912
market,Deniz Bakkal,4577945777
market,Carrefour Market,4579847813
market,özdilek hipermarket,4580161035
market,Ucz,4580351425
market,Çilli Tekel Şarküteri,4580351426
market,İnci Market,4580351459
market,Karadeniz Tekel,4580351486
market,Akasya Market,4580351495
market,Yıldız Tekel,4580466297
market,Doruk Büfe,4582592039
market,Beykoz Market,4583084720
market,Nar Şarküteri,4583755604
market,Kahvaltı Diyarı,4583816366
market,Mekke Kuruyemiş,4583816367
market,İstanbul Tekel,4583836908
market,İkizler Market,4584879576
market,Demir Market,4584879577
market,Show,4586675494
market,Bekiroğlu Market,4691931896
market,Elif Bakkal,4713280689
market,Van Bakkal,4713280790
market,Türkiye Tarım Kredi Kooperatif Market,4724570498
market,As Market,4732822046
market,Peynirci 2,4732822069
market,Avantaj,4810740977
market,File Süpermarket,4811206726
market,Servet Bakkal,4828918033
market,HAKMAR,4832891179
market,Çağrı Hipermarket,4845155648
market,Çağrı Hipermarketleri,4853250795
market,Sultanbeyli Balıkçısı,4853250803
market,Çayirlar Bakkal,4858343232
market,Ercan Bakkal,4858344026
market,Ugurlu Market & Tekel şarküteri,4869943222
market,efe,4872949479
market,Şeymar Market,4874791722
market,Kuruyemişçi,4874812921
market,Ay Gıda,4874823322
market,Tekel,4874834321
market,Kamalı Market,4887115923
market,Yeşilçam Manavi,4889069421
market,MJet,4909374659
market,Bicen,4945688053
market,Kasaroğlu Şarküteri,4952673546
market,Milyoncu,4957384345
market,Konak Market,4977352582
market,bakkal,5024176021
market,Bemsa Market,5025776029
market,Ertürk Kardeşler Market,5025787022
market,Kübra Market,5025795422
market,İnanlar Bakkal,5025900921
market,Diyar Market,5026104122
market,Sibebi Gıda Sooping,5026250722
market,Aydın Gıda,5026264021
market,Mert Market,5026264022
market,Akman Gıda,5026292023
market,Sarıkan Market,5030129223
market,Selim Hipermarket,5052121423
market,Giyas Tekel,5052121521
market,Uğurlu Pişmaniye,5056306224
market,Oğuz Market,5057716721
market,Kopa Market,5063859490
market,Kısmet Kuruyemiş,5064986924
market,Aziz Bakkal,5065006522
market,Canpolat,5067457507
market,Alahdab supermarket,5075929038
market,Senel gida,5075960990
market,ozaydin gida,5075961003
market,Moni hal,5075961012
market,Ecem supermarket,5075961016
market,Hatay gida pazarı,5075962028
market,marketim,5075962037
market,sagin hipermarket,5075962052
market,Vatan Market,5075993819
market,Yesil süt mamülleri,5076114615
market,Ikizler market,5076114619
market,Kemer su,5076115924
market,Hepşen bakkaliyesi,5076115928
market,Rammar supermarket,5076166154
market,Kıvanç Market,5076166161
market,Saka Gida,5081264671
market,Koç Yiğit Market,5081264674
market,Elaf Hipermarket,5081264688
market,Şirket Alahdab,5081264698
market,Bilad Elşam gida,5081264702
market,Alkan Supermarket,5081264704
market,Haci Bayramoğlu Supermarket,5081264709
market,Alrdvan Şirket,5081265941
market,Fuar Gida,5081265948
market,Burada supermarket,5081265973
market,Serahat Market,5081274084
market,Erciyes Büfe,5081442443
market,Aydın Süpermarket,5081442446
market,Aydınlar Gida,5081442464
market,Müzik Aletleri Çarşısı,5081442473
market,Beydağ Peynircilik,5081442481
market,Yeşil Gida,5081442502
market,Dağeri Gida,5081443123
market,Erkili,5081443126
market,Özbirlik Market,5081443127
market,Akpınar Gida,5081443128
market,Şahba Market,5081443139
market,Haydar Gida Market,5081443140
market,Elit Şarküteri Ve Tekel Bayii,5081445030
market,Ard Cevahirler Market,5081445037
market,Fatih Gida ve Tekel Bayii,5081445048
market,Zorlu Ticaret,5081445053
market,Çarşamba Süt ve Süt Ürünleri,5081445057
market,Şanlı Market,5081445114
market,Çağdaş Büfe,5081521121
market,Elif Büfe,5081521321
market,Sezer market,5081521322
market,Benimdünyam temizlik marketi,5081610919
market,Rahman gıda,5081610920
market,Yavuz gıda,5081610921
market,Yusuf gıda,5081610924
market,Özmar market,5081610925
market,Cemil bakkal,5081610927
market,Sırma shop,5081610929
market,Nur gıda pazarı,5081610930
market,Arapgir market,5081610933
market,Onur market,5081610934
market,Yusuf market,5081610935
market,Murat gıda,5081610937
market,Burak gıda,5081610946
market,S.turcel gıda,5081610952
market,Özkan market,5081610968
market,Derya bakkal,5081610971
market,Super market sho,5081616959
market,Şen Büfe,5083066522
market,Yunus Tuba Gıda,5086061045
market,Vefa Kuruyemiş,5086061049
market,Erkam Market,5086061094
market,3B Kardeşler,5086061095
market,Karadeniz Market,5086061097
market,Stan Market,5086061109
market,Yardımlar Market,5086061110
market,Mini Market ve Şarküteri,5086061113
market,Tadım Market,5086061118
market,Yunus Gıda,5086061120
market,Mercan Gida,5086062721
market,Kardeşler Gida Pazarı,5086062722
market,Akın gıda,5087168309
market,Mavtini bakkal,5087172351
market,Gri Ucuz satış,5087179436
market,Kule kuruyemiş,5087179446
market,Özcan Market,5087179451
market,MY shop,5087179454
market,Şeymar,5087179460
market,Şentürk Kuruyemiş,5087179464
market,Özcan şarküteri,5087179465
market,Gönen Gıda,5088190869
market,mo-su 10:00-22:30,5088190878
market,mo-su 08:00-21:30,5088190883
market,Ebubekir Market,5088190885
market,mo-su 09:00-21:00,5088190893
market,Kayalar Granit mermer Çimston Belenco,5088192740
market,su-sa 7:00-23:00,5088192746
market,su-sa 9:00-20:00,5088192764
market,Doğanlar,5088192767
market,Fuar-1 gida ve tekel,5088192770
market,Bağlar market,5088192774
market,Sağlıklı Gida,5088192777
market,Esmer firin malzameleri,5088192789
market,Altunışık kuruyemiş,5088192795
market,Köçyiğit Kuruyemiş,5088192814
market,Gökmen,5088194822
market,Şölen Kuruyemiş ve Tekel,5088194831
market,mo-su 08:00-20:00,5088194837
market,mo-su 9:00-20:00,5088194846
market,mo-sa 8:30-22:30,5088194850
market,Ümit Gıda,5088194881
market,Birsüt Yoğurt,5088194883
market,Ergün Market,5088194894
market,Yıldız market,5088194901
market,Pınar Gıda,5088194902
market,UCZ Komşu Market,5088194906
market,Durak şarküteri,5088197323
market,Enes Kuruyemiş,5088197333
market,Altuncu market,5088197336
market,Karadeniz bakkaliyesi,5099040167
market,Umut market,5099040168
market,Huzur Büfe,5099040181
market,Demir market,5099040189
market,Demir gıda,5099040192
market,Serhat temizlik ürünleri,5099040194
market,Sağlık gıda,5099040195
market,Sultan market,5099040196
market,Sözer market,5099056167
market,Turcel Market,5099056171
market,Özdemir şarküteri,5099056183
market,Ottoman tobaco shop,5099056185
market,Can gıda tekel bayii,5099056186
market,Kim Market,5099056190
market,Yıldız toptan temizlik ürünleri,5099056193
market,Akyüz Ticaret,5099056196
market,Siman gıda ve temizlik ürünleri,5099056200
market,Nehir Şarküteri,5099056204
market,Engin Büfe,5099056217
market,MRC 24 market,5099060690
market,Gökçek gıda,5099060698
market,Nazar market,5099062144
market,Kardeşler market,5099062158
market,Elmas market,5099065429
market,Marmary market,5099065432
market,Topuzoğlu Kuruyemiş,5099065451
market,Çınar Kuruyemiş Şekerleme Ve Kahve,5099065467
market,Batı Trakya Gıda,5099065474
market,Yıldız Mini Market,5099065475
market,Turcel Gıda,5099065484
market,Akasya su,5099065491
market,Kopuz besin pazarı,5099065496
market,Fatih mini market,5100823665
market,Huzur Gıda 2,5100823667
market,Dalbaz Gıda,5100823669
market,Şavranlar market,5100823671
market,Yildizlar Kuruyemiş,5100823676
market,Güneş gıda,5100823686
market,Bolu arslan büfe,5100823690
market,Turan gıda,5100823694
market,Erkoç şarküteri,5100825081
market,Topkapı gıda meşrubat,5100825094
market,Dağdelen şarküteri,5103810742
market,Sercan gıda,5103810749
market,Can büfe,5103810778
market,Çapa Büfe,5103810819
market,Efem tekel bayi,5105103824
market,Kamer Gıda,5106122308
market,Cansu peynircilik,5106122309
market,Şahba Gıda,5106122311
market,Özmar Market,5106122312
market,CanBaz Gıda,5106122316
market,Beyt Almona,5106122320
market,Mardin Kismet Market,5106122976
market,Sultan Market,5106122994
market,Seç Market,5106123749
market,Kürtüba gıda,5106123762
market,Karkar,5106123805
market,Doğal Peynircilik,5106123817
market,Anwar Alşam Gıda,5106125521
market,Alışveriş Dünyası,5106125523
market,Baharat Dünyası,5106125525
market,Nilay Otomotiv,5106125527
market,Lutuf Supermarket,5106127796
market,Bizim Market,5106127811
market,Keskin Market,5106127812
market,Atalay Market,5106131061
market,Alhaşami Market,5106131066
market,Kuzey Market,5106131067
market,Marketim Ağca Gıda,5106131086
market,Altun Supermarket,5106133701
market,Ortaklar Süpermarket,5106133712
market,Etik,5106135540
market,İdris Bakkal,5106135551
market,serhan gida,5106523030
market,Star Tekel,5106523031
market,Suriye Giza,5107243163
market,Dörtler,5107243168
market,Özpınar,5107243176
market,Sefa Gida,5107243186
market,Koçyiğit Büfe,5107243190
market,Aksu Gida Ve Şarküteri,5107243194
market,Sefa Market,5107243195
market,Sütçüler,5107243200
market,Orhun Oğlu Market,5107243202
market,Fırat Gida Kuruyemiş,5107245358
market,Kardeşler Şarküteri,5107245363
market,Şam Gida Maddeleri,5107245366
market,Murat Gıda,5107245370
market,Ahmet Gül Market,5107245374
market,Tugay Market,5107245375
market,Marketimm,5107245395
market,Caner Gıda Toptan,5107245408
market,Kanarya Kuruyemiş,5107245411
market,Silivrikapı Tekel ve Bakkal,5107245416
market,Mişmiş Malatya Pazarı,5107247530
market,Akyol Gida Pazarı,5107247535
market,B13 Ucuzluk Marketleri,5107247586
market,İLAYDA SÜPER MARKET ve TEKEL,5107305824
market,Mis gıda pazarı,5107305832
market,Aksaray Market Gıda ve Tekel,5107305835
market,Umut Market ve Şarküteri,5107305841
market,Ergin market,5107305844
market,Ömür şarküteri,5107305861
market,Altun kuruyemiş,5107305863
market,Aytuğ Market Tekel Bayi,5107305866
market,Fuat market,5107305875
market,Nesra Tekel ve Şarküteri,5107305883
market,Kızıl Büfe,5107305885
market,Ertaş Supermarket,5108308868
market,Furkan Market,5108308879
market,Milenyum,5108828000
market,Shop Market,5108843073
market,Güven Market,5108843085
market,Hilal Büfe,5108843106
market,Antik Büfe,5108843391
market,Murat Gida Shop,5108843524
market,Öz Şahinler Market,5108843751
market,Greens,5108843996
market,Yeni Tuna Büfe,5109654699
market,Nasip Ticaret,5110344564
market,Tadım büfe,5110344566
market,Demircan gıda,5110344589
market,Enes büfe,5110345106
market,Yavuzlar,5110345119
market,Çavuş büfe,5110345647
market,Öz vefa,5110347196
market,Sürgüçü gıda,5110347210
market,Mevlânâ büfe,5110347215
market,Bayramoğlu gıda,5110347221
market,Oskar,5111205413
market,Yilmaz,5111205416
market,Altay market,5111205420
market,Nur gida pazari,5111206134
market,Yeni Turcel Market,5111214074
market,Sifa market,5111214087
market,Suade,5111214112
market,Telci bufe,5111215125
market,Unsel,5111215143
market,Sercan Market,5111215159
market,Kocoglu,5111215191
market,Guven market,5111215219
market,Şahin Market,5112723899
market,İmamoğlu Turşuları,5112723917
market,Ender Market,5112725523
market,Emniyet Büfe,5112725527
market,Kelesoğlu Market,5112725542
market,Yusuf Tekel Shop,5112725545
market,Hiper Marketleri,5112725546
market,Özkan Market,5112725547
market,Evinç Gıda Pazarı,5112725549
market,Evinmar Market,5112725550
market,Site Bakkaliyesi,5112725553
market,Ekonim,5112725557
market,Sümbül Gıda Peynircilik,5112725562
market,Kardeşler Kuruyemiş,5112725567
market,Malatya Pazarı,5112725568
market,Hasköy Gıda,5112725570
market,SHOW Market,5112725579
market,Ayrılmaz Temizlik,5112725587
market,Özen Yufka,5112725593
market,Gündoğan 2 Halk pazarı,5112725599
market,Tolga Gıda,5112725607
market,Aygaz,5112725609
market,İbrahim Bakkal,5112725611
market,Tekmar market,5112725615
market,Şahin tekel mini market,5112725616
market,Sasonlular gıda,5112725617
market,Sempaş market,5112725618
market,UCZ,5112726721
market,Taşdelen gıda,5112726724
market,Beğen Büfe,5112728856
market,Paşa Gıda,5112728870
market,Orhan Market,5112732245
market,Deniz Gıda,5112732300
market,Faruk Güllüoğlu,5112736058
market,Medine Gıda,5112749107
market,Sıla Su,5112749739
market,Topuz Gıda,5112749741
market,Saray Bakkaliyesi,5112749751
market,Yeliz Gıda,5112749754
market,Çelik Gıda,5112749764
market,Özcan Gıda Su,5112749768
market,Lokman Market,5112749771
market,Topaloğlu Hipermarket,5112749778
market,Ovam Gıda Pazarı,5112750016
market,Ekem Gıda,5112750823
market,Pehlivan Gıda,5112750842
market,Saray Gıda,5112750843
market,Hakan büfe,5112834030
market,Emekçioğlu market,5112834060
market,Edirne gıda pazarı,5112834063
market,Sekizkardeşler,5112834064
market,Best market,5112834065
market,Yeşil Ilgaz kuruyemiş,5112834066
market,Petrol 5 büfe,5112966979
market,Erdem Tekel Bayii,5112966980
market,Koçyiğit market,5112967001
market,Fuar büfe,5112971829
market,Aksaray market,5112971837
market,Şimşek Tekel,5113125293
market,Kaya Gıda Ve Şarküteri,5113125296
market,Gülüm Kuruyemiş,5113125302
market,Dörtler Gıda,5113125956
market,Tolga Gida,5113125963
market,Paşa Turşuları,5113126684
market,İtimat Fabrika Satış Mağzası,5113126706
market,Tuborg,5113127755
market,Çevre Market,5113127756
market,Çalıklar Gıda,5113127759
market,Cem Gida ve Şarkuteri,5113127762
market,Kısmet Arslan,5113128073
market,Laleli İş Merkezi,5113128087
market,Kısmet Arslan Kuruyemiş,5113128243
market,İstanbul Büfe,5113128249
market,Karlı,5113465009
market,Mini halk pazarı,5113465248
market,Akkuş gida,5113465255
market,kale,5113465265
market,Serhat Süpermarket,5113470966
market,Yİğİt Gıda,5113470970
market,Malatya Arapgir Pazari,5113470973
market,Bereket Yufka,5113470983
market,İmam Yusuf,5113470990
market,Eren Büfe,5113470995
market,Evrankaya Market,5113471001
market,Sinan gida,5113471030
market,Market & şarküteri,5113471048
market,Sağlam Gıda,5113472202
market,Temal Market Show,5113472211
market,Berat gida,5113480912
market,Bozlu market,5113480918
market,Gülüm,5113481321
market,Bereket Gıda,5113481326
market,Selam,5113481331
market,Damak peynirci,5113481346
market,Rammar,5113481368
market,Ercan gida mini hal pazarı,5113481393
market,Özbirlik,5113481402
market,Happy center,5113481403
market,Pehlivan şarküteri,5113483394
market,Erzurum Gıda,5113483627
market,Malata,5113483633
market,Elşehba,5113483645
market,Market güven,5113483647
market,Damla gida,5113483694
market,Bereket,5113486728
market,Yıldırım büfe,5113486739
market,Adıyaman gida,5113486798
market,Süleymaniye gida,5113486799
market,Kardeşler,5113487024
market,Demircan gida,5113487029
market,Abuzer bey market,5113487682
market,Çamdalı tekel shop,5113487685
market,Uğur market,5113487702
market,Orange,5113487709
market,Sahra gida,5113495689
market,Ramadan gida,5113495700
market,Nasip kuruyemiş,5113495708
market,Girit gida,5113495714
market,Kardeşler mini market,5113495719
market,Elmedina market,5113495928
market,Gardenia şam gida,5113495940
market,Umut gida,5113495946
market,Durra gida,5113495947
market,Uğurlu gida,5113495953
market,Köşem gida,5113500237
market,Sultan ahmet mini market,5113500241
market,Show Market,5113500293
market,Ertan Mini Market,5113500310
market,Sevenler Super Market,5113590315
market,ALTUN,5113592156
market,Durok,5113598488
market,Doğuş supermarket,5113598494
market,Kismet market,5113599435
market,Efe market,5113599459
market,Sale Market,5113599508
market,Tadım kuruyemiş,5113609501
market,Alkan supermarket,5113610075
market,Nur market,5113610078
market,Kardeşler gıda,5113610081
market,Nargile satıcı,5113610096
market,Ali bakkal,5113610097
market,Amine kuaforu,5113610103
market,Elif super market,5113610107
market,Haslar bal,5113610108
market,Kahvecioğlu Kahvaltı Sarayı,5113610118
market,özdemir gida,5113611433
market,Tekin market,5113611445
market,Arslan kuruyemiş,5113611447
market,Komşu minimarket,5113611453
market,Şen market,5113611469
market,Kardeşler kuruyemiş,5113611472
market,elmelik,5113611477
market,Merve kuruyemiş,5113611492
market,Akkuş minimarket,5113611494
market,Şamlı gıdası,5113611500
market,Ayın gıda,5113611506
market,Kuzey Supermaermet,5113611511
market,Draman Kuruyemiş,5113611518
market,Şam günleri Gida,5113612632
market,Muhacee Bakkal,5113612633
market,Çum supermarket,5113615722
market,Ekem gıda,5113615726
market,GROSS,5113615733
market,İtimat gıda,5113615736
market,Uysal Gıda,5113620633
market,Aksu market,5113620701
market,Red shop,5113620708
market,Market isranbul,5113620715
market,Bilen Gıda,5113624625
market,Cankurtaran Mini Market,5113624626
market,İnce'nin yeri bakkal,5113624628
market,Arslan Şarküteri,5115933144
market,Mert Gida,5115933152
market,Elif market,5115933154
market,Doğan Kuruyemiş Şekerleme Kuru Kahve,5115933159
market,Ünlütaș Peynircilik,5115933160
market,mo-su 07:00-19:00,5115933172
market,Şerif Kuruyemiş,5115933175
market,Naturel Kuruyemiş,5115933187
market,Free Store,5115933209
market,Market,5115935405
market,Gida market,5115935406
market,Gelgör gida,5115935412
market,Köşem Şarküteri,5115935415
market,Peynir Evim,5115937191
market,Salih Kuruyemiş,5115937192
market,Ferda Yoğurtçuluk,5115937196
market,Karınca,5115937200
market,Sevil Kristal,5115937219
market,Alşark market,5115937327
market,Salman Pasajı,5115937339
market,Rami Karabağ,5115937345
market,Eylül Büfe,5115937353
market,Tokgöz Hipermarket,5115937356
market,Marketim,5115937380
market,Zengin Kuruyemis,5115937827
market,Deram Gıda,5115937836
market,Bal Gıda,5115937837
market,Kiratli Tekel,5115937843
market,Topaloğlu Hiper Marketleri,5115937844
market,Liman Market,5115937849
market,Davet Gıda,5115937850
market,Şehremini Çarşı,5115937851
market,Taşpınar Bakkaliye,5115937860
market,Resul Market,5115937967
market,Özan Temizlik Ürünleri,5115937978
market,Tünaydın,5115937982
market,Sultan Ahmet Market,5115938002
market,Demmar Hiper Market,5115938010
market,Balıkesir Gıda Tekel,5115938017
market,Güneydoğu Grup,5115938019
market,Soylu Avm,5115938130
market,Furkan gıda,5115939225
market,Ceylan Gida,5115939231
market,Gelgör Gıda,5115939241
market,Morkoç Gıda Market,5115939247
market,Kenan Gıda,5115939251
market,Alkan Süpermarket,5115939253
market,Doğuş Tekel Bayii,5115939258
market,KARDEŞLER MARKET,5115939269
market,İtimat Fabrİka Satış Mağazası,5115939277
market,Güler Kardeşler,5115939286
market,Bek-Mar Group,5115940953
market,Narin Market,5115940955
market,Eylül Gıda,5115940964
market,Yavuz Gıda,5115940969
market,Fuar Gıda,5115940982
market,Derikliler-2,5115940989
market,Öz Erciyes Market,5130434295
market,Bariş market,5137777421
market,Bakkal Hasan,5139013521
market,Barış Büfe & Tekel,5142556927
market,Güneş Büfe,5142556928
market,Gültekin Gıda,5146865024
market,Ekinoks Market,5147032664
market,Çiçek Kuruyemiş,5243945210
market,Sinan gıda pazarı,5243950218
market,Bayır gıda,5243950747
market,Mert bufe,5243950774
market,Alhiazi,5243950779
market,Hayat bal,5243950781
market,Tekmar,5243950797
market,Bazbazoj,5243950800
market,Derya,5243950806
market,Ziyafet aktar,5243950815
market,Metro Market,5243950925
market,Aslan,5243950930
market,Takhfidat,5243950952
market,Sirac,5243951019
market,Alwalid oghlu market,5243951381
market,Şarküteri Dünyası,5243951410
market,Gözde Tekel Bayii,5243951432
market,Sade Pazar,5243951509
market,Merkez yufka,5243951511
market,suryie carsesi,5243951534
market,dagistam guda,5243951537
market,Kardesler,5243951539
market,Sham market,5243951966
market,Her gun pazar,5243951967
market,Alfateh,5243951968
market,Mini-halk pazari,5243951970
market,Nurradin,5243952003
market,Capaliglu Market,5243952012
market,Aslan sut urenleri,5243952322
market,Alandolu shop,5243952632
market,bigic gida,5243952726
market,Gul-sal,5243952736
market,Gokturk,5243952740
market,Yufka,5243952741
market,Besr gida,5243952747
market,Beşir gıda,5243952748
market,Umit market,5243952751
market,Gül Kuruyemiş,5243952771
market,Sam market,5243952781
market,Vatan Büfe,5243952784
market,Ozarma Gıda,5243952791
market,Halal marketler,5243953340
market,Karakaş Gida,5244795907
market,Dilek,5244796161
market,Bereket Mini Market,5244801838
market,Mapavri Minimarket,5244801855
market,Mini Market Tekel Shop,5244801895
market,Ufuk Mini Market,5244801917
market,family Market,5244802001
market,Bereket Gida,5244802013
market,Paşa MiniMarket,5244803026
market,Peker Tekel Bayi,5244803042
market,Turna Büfe ve Tekel,5244807856
market,Kibar Market,5244809856
market,Taşkıran Gıda,5244810301
market,şıklar Büfe,5244810305
market,Altı Kardeşler Büfe,5244810308
market,Ramon Market,5244810313
market,Tay Büfe,5244810318
market,Üstünel Büfe,5244810601
market,Safran Büfe,5244810642
market,Cem Büfe Tekel Bayii,5244810645
market,AYAR GIDA,5244812074
market,Hocaogullari Gida Kuruyemis,5244812101
market,Karakus Ticaret,5244812114
market,Eren Gıda,5247681033
market,kebir kahvaltıcılık,5253587681
market,rammar,5253587696
market,Özlem Market,5254194074
market,Ayaz Gıda,5254672014
market,Al Caseba,5255840798
market,Nokta,5255962251
market,Çağmar Hipermarketleri,5255988090
market,Kaya Market,5255988092
market,İndirim market,5263301322
market,uyum,5263428032
market,Uğur Market,5263946553
market,Gümüş,5265578994
market,Enes Gıda,5265585613
market,Laz Bakkal,5265594637
market,ucz market,5268448036
market,Çıtır Gıda,5270245985
market,Karagül,5270316072
market,Halal,5270316088
market,Havana Tekel,5270316093
market,Sancak market,5270316094
market,İkizler Gıda,5270522116
market,Safari Tekel,5272473070
market,Yufkacı,5272473076
market,Cemre Mısır,5272473082
market,Hakpa,5272473084
market,Koska,5274052760
market,Kardeşler Gıda,5274083451
market,Turşucu,5274083458
market,Moonlight Tekel,5274083460
market,As Gıda,5275500553
market,BİM;Maltepe Verem Savaş Dispanseri,5275504494
market,Yeşilılgaz Market,5275505726
market,Öztürk Gıda,5275748428
market,Happy Center Süpermarket,5275995648
market,Gümüş Hırdavat,5279766090
market,Akdeniz Baharat,5280587237
market,Oruç,5280587290
market,Berka,5283466145
market,Köşem Tekel,5283704764
market,Kartal Market,5284675922
market,Cadde Market,5284690851
market,Makbul,5285760924
market,Küptepe Zeytin,5286468960
market,Şentürk Gıda,5286468975
market,Koçoğlular Market,5288242144
market,Emel Market,5289574365
market,KİM Market,5289936098
market,kurtuluş bakkal,5290364048
market,Doğal Süt,5291793659
market,Gökkuşağı,5291873156
market,Güney Yapı Market,5291873184
market,Tarhanlar market,5292618621
market,Özdağ yapı market,5292618624
market,Koçal inşaat malzemeleri,5292618625
market,Mevlana hipermarket,5292639167
market,Yusuf Market,5292675404
market,tatbak,5292675411
market,Atıcı market,5292675418
market,Ataman Tuhafiye,5292675624
market,Kayra giyim ve tuhafiye,5292675629
market,ASU iş elbiseleri,5292698143
market,Oto Furkan,5292698149
market,Koyuncular Süpermarket,5293754888
market,DİA,5293824452
market,MOPAŞ,5293882353
market,Durak Market,5293890886
market,Yılmaz Market,5293976369
market,Umut Tekel,5293976372
market,Şafaklar Market,5293976375
market,yiğit market,5294058872
market,Arı market,5294090633
market,Şeyda Gıda,5294091644
market,Can Market,5294611411
market,Yükseker süpermarket,5294611413
market,Ekomar,5294611416
market,Yıldız Market,5294611417
market,Çarşı Pazar,5294611419
market,Erenköy Yayla Market,5294684048
market,Köylü Market,5294684049
market,Anadolu Shop,5295117675
market,Ayder Market,5295118534
market,Yataş (Bedding) Adatepe,5295467543
market,İdeal Gıda,5295528432
market,Şehri Mini Market,5295857881
market,Yılmazlar,5295857890
market,Köyüm Market,5295857914
market,Çapanet,5295857917
market,Kafkas Market,5296343844
market,Cadde Tekel,5296377641
market,Aydınlar Market,5296448344
market,Doğan İnşaat Malzemeleri,5296448376
market,Kısmet kuruyemiş ve Şarküteri,5296534757
market,Beşminare market,5296534765
market,EKOMAR,5296534785
market,Akkaya İnşaat Malzemeleri,5296534788
market,özçakır gıda,5296542672
market,Güner Market,5296542689
market,Cadde Büfe,5296577681
market,Karabağ Market,5296577685
market,Selçuk Market,5296577691
market,Tarim Kredi kooperatif marketi,5297555780
market,onur market,5297777461
market,gül market,5297777509
market,Öztürk Market,5297777820
market,Cennet Market,5297777822
market,hacı bakkal,5297994072
market,Başar Gıda,5298383906
market,Mavi Market,5298383943
market,Şentürkler Market,5298403825
market,peynirci baba,5298487761
market,Özen,5300762910
market,Canlar Şarküteri,5300905371
market,Esen Yufka Şarküteri,5300905375
market,Ugur Market,5300961992
market,Dal Gıda,5303277770
market,Güvenal Market,5303277771
market,Emre Gıda ve Şarküteri,5303277773
market,Mazlum Gıda,5303352276
market,Hemşim Gıda,5303352533
market,Özen Hipermarketleri,5303378826
market,Oney Karadeniz Gıda,5303408661
market,Rüyam Gıda,5303716780
market,Kapadokya Ucuzluk AVM,5303724431
market,Aydınlar Gıda Pazarı,5303724454
market,Yılmar Market,5306208323
market,Ayyıldızlar Market,5306271322
market,ŞOK,5312681009
market,Onur Group,5313433543
market,Kartal Süpermarket,5314937439
market,Demtaş,5319184447
market,Akdağ Market,5329297611
market,ıstanbul Börekçisi,5329298038
market,Kenan Bulut,5329298042
market,Tatlıbak,5329298048
market,Gül Market,5329298059
market,Yşim Market,5329298063
market,Yenibirrlik Market,5329298073
market,Efe Market,5329298082
market,Ayturk Gıda,5329298090
market,İncivan Market,5329298100
market,Oruçoğlu Market,5329298104
market,Aziz Oğlu Market,5329298115
market,Arvas Hiper Market,5329298119
market,Yakut,5329298120
market,Aydın Market,5329298427
market,Öksüz Market,5329298443
market,Özgür Gıda,5329298446
market,Ali osman Mini Market,5329298452
market,Morkoç Gıda,5329298454
market,Yeni Pak Gıda,5329298458
market,Gülsah Mini Market,5329298466
market,Alim Gıda,5329298467
market,Pınar Market,5329298468
market,VE_ KA Market,5329298473
market,Doğa Çiftliği,5329298478
market,Metehan Kırtasiye Büfe,5329298480
market,Doğu Süp Ermarket,5329298482
market,Elit Market,5329298491
market,Elek Trik,5329298492
market,Alkan,5329298494
market,Dney Enfes Dondurma,5329298502
market,Baymar Hiper Market,5329298518
market,Ağam Holding,5329298825
market,Can Dostlar Market,5329310961
market,Melek Market,5329310965
market,Yığıt Market,5329310968
market,Onur Gıda,5329310984
market,Gül Mar,5329310988
market,Ayhan Mini Market,5329310995
market,Genç Market,5329310998
market,Vargün Gıda,5329311007
market,Kaya Bakkal,5329311011
market,Aktaş Gıda,5329311013
market,Süt Evi,5329311624
market,Akgün Market,5329311631
market,Alsafak,5329311634
market,Yiğit Gıda,5329311640
market,Aydınlar Gıda,5329311654
market,Anadolu Kahvaltı Dünyası,5329311657
market,Kaçkar Mini Market,5329311658
market,İncivan Hipermarket,5329311660
market,Can Tekel Kuruyemiş,5329311666
market,Karadeniz Gıda,5329311675
market,Oruç Hiper Market,5329311685
market,Beyza Hiper Marketler,5329311692
market,Genç Mini Market,5329311697
market,Öter Gıda,5329311698
market,Aksoy Gıda,5329311700
market,Sevkar Market,5329311707
market,Bilgirler Hipermarket,5329311714
market,Hanımeli Peynircilik,5329311716
market,Maşallah Bakal,5329311717
market,Çamlık Tekel,5329312230
market,Erzincan Gıda,5329312243
market,Öz Mini Market,5329312247
market,Yavuzlar Gıda,5329312249
market,Enfes Gıda,5329312255
market,Tosun Gıda,5329312257
market,YlLdlrm market,5329319356
market,Nisa Markit,5329319371
market,Merkez,5329319374
market,Ikra market,5329319377
market,Zeyrek,5329319387
market,Yanmaz glda,5329319391
market,Kanburoğlu,5329319393
market,Ali,5329319402
market,Rmf market,5329319411
market,Şafafk Market,5329319414
market,Epoğlu Glda,5329319415
market,Ebu Liss,5329319417
market,Even market,5329319527
market,Turanlar,5329319573
market,Elsa Market,5329319575
market,Display market,5329319576
market,Işıkmar Süpermarket,5329319592
market,Okurlar Market,5329319608
market,Tllmaz Glda,5329319829
market,Klasik,5329319832
market,Serd Aroğlu,5329319834
market,Demircanlar market,5329319835
market,Akin gida,5329319839
market,Ceyln market,5329319846
market,NEHİR MARKET,5329320525
market,Meleri nalbur,5329320526
market,Koçtan market,5329320530
market,ÖZASLANLAR,5329320539
market,Tek bilek market,5329320554
market,Gurme,5329320565
market,Yakut hipermarket,5329335340
market,Nur alhuda market,5329335345
market,Dilek market,5329335346
market,Bozkurt dondurma,5329335352
market,Halal dunya marketleri,5329335353
market,Adiyaman bitlis pazar,5329335371
market,Pak pikiç,5329335379
market,Doğan gün AVM,5329335381
market,Özermar,5329335382
market,Gaziantepli tatlıbak,5329335408
market,Sultan kuruyemiş,5329335413
market,Doluyurtlar market,5329335922
market,Keleşoğlu tatlıcılık,5329335931
market,Yildiz gida,5329335932
market,Demirbaş ambalaj,5329335937
market,Reisoğlu tütünu,5329335957
market,Altat kuruyemiş,5329335960
market,Merve market,5329335964
market,Gezer market,5329335965
market,Çağrı market,5329335977
market,İkizler süpermarket,5329335989
market,Aygün market,5329335991
market,Kahvaltı evim,5329335993
market,Sibel gida,5329335995
market,Ceba sobacılık,5329335997
market,Sultanbeyli ambalaj,5329336000
market,Kayalar gida,5329336020
market,Alem market,5329336524
market,Sempati,5329336525
market,Bizmar,5329336537
market,Nurs lokman hekim,5329336538
market,Yüzer kuruyemiş,5329336544
market,Harun mini market,5329336556
market,Mert food gıda,5329336557
market,Ozyilmaz gida ve giyim sanayi,5329336560
market,Balcioğlu market,5329336567
market,Umut tedarik gıda zinciri Tic,5329336569
market,UCZ Market karabag,5329336571
market,Nazar marketleri,5329336574
market,Karakaş mini market kuruyemiş,5329336582
market,Fark büfe,5329336600
market,Çerezcim,5329336608
market,Artım Gıda,5329336612
market,Altuncu büfe,5329336614
market,Bayraklar gıda,5329336921
market,Aksis perakende,5329336934
market,Kar kar kuruyemiş,5329336935
market,Ravzanur mini market,5329336946
market,Tokat gıda,5329336960
market,Beyza market,5329336970
market,Akbil dolum bayii mini bakkal,5329336974
market,Kervan dondurma,5329336976
market,Eski günlar,5329336985
market,Sultan kasap,5329336987
market,Arslan gıda,5329337003
market,Dadaş AVM,5329337005
market,Tütün ürünkeri,5329337438
market,Beni foods,5329337448
market,Komşu market,5329337450
market,Gurme kahvalti,5329337459
market,Fesleğen market,5329337477
market,Fulya çiçekçilik,5329337479
market,Tütüncü ismat,5329337482
market,Naz market,5329337493
market,Yunus market,5329337512
market,Tuna şarküteri,5329337515
market,Uğurlu A.V.M,5329337516
market,Filli boya,5329337520
market,Karabulut market,5329337921
market,Elit market,5329337926
market,Console plus,5329337932
market,Bektaşlar,5329337955
market,Antepden baklava,5329337957
market,Özer market,5329337961
market,Kardelen market,5329337962
market,Şamil oğlu market,5329337968
market,Künefe dünyası,5329337975
market,Gülüm market,5329337986
market,Bekçi,5329337994
market,Kafkas gida,5329337996
market,Karadeniz market,5329338003
market,Mahmoud mini market,5329338013
market,Özdemir mini market,5329338018
market,Alkheir market,5329338019
market,Has ambalaj,5329338128
market,İstanbul büfe,5329338129
market,Maria mini mall,5329338132
market,Özgür mini market,5329338138
market,Alamir,5329338146
market,Salloura öglu,5329338167
market,kazdal market,5329441165
market,abo athman,5344919557
market,Şenmar,5344919570
market,Eroğul Gıda,5344919576
market,Gormar,5344919592
market,Yıldız mini market,5344919593
market,koka kola,5344919599
market,Sezenler,5344919613
market,Eymen Gıda,5344921528
market,Özdiler kuruyemiş,5398284822
market,Zehra kuruyemis,5398297822
market,Babil Gıda,5408893138
market,Çamoluk Gıda,5423356163
market,Oktay Tekel,5450459393
market,Sihirli Çiftlik Ekolojik Market,5450494789
market,Karadağ Gida Şarküteri,5481292127
market,Seferi market,5485927624
market,Tezel gida,5514414877
market,Harpnt kabab,5542882971
market,Asaf kuruyemiş,5542882979
market,Tosun gıda,5542883005
market,Şahin,5542883007
market,Kekeç gida,5542883019
market,şifa Market,5542883136
market,Balci hiper,5542883149
market,Taşkın Market,5542883152
market,Yıldız süpermarket,5542883215
market,Cadde market,5542883216
market,Bayram gıda,5542883218
market,Yağit,5542883322
market,Has çiğköfte dunyasi,5542883339
market,Adam markete,5542883349
market,Başakmar Market,5542883358
market,Sondurak market,5542883371
market,Snowy Gross Market,5542883375
market,Kurvaz gıda,5542883376
market,SE mar,5542883420
market,Hert food,5542883544
market,Maasa Cida,5542883555
market,Akyazı gıda,5542883577
market,Rüya döner&çorba,5542883585
market,alhal,5542883590
market,Buğday unlu maymunları,5542883602
market,Kardeşler markete,5542883612
market,Eminel,5542883625
market,Hasmar süpermarket,5542883631
market,PAŞA CAFE,5542883638
market,Diatemsan,5542883644
market,Vural marker,5542883653
market,Durak döner,5542883655
market,Seval pastanesi,5542883658
market,Huzur gida,5542883676
market,buuap hmah,5542883688
market,Bereket hipermarketliyi,5542883698
market,Gaziantepli şalvarlıoğlu,5542883708
market,Fath mini market,5542883724
market,Güldür marketler,5542883732
market,Meral markete,5542883741
market,Demir markete,5542883770
market,Medet market3,5542883791
market,Yeltepe pastani,5542883803
market,Maya toplu yemek,5542884541
market,Kahvaltı dünyası,5542884552
market,Bayraktar,5542884553
market,Sefa Ekmek Unlu Mamülleri MAnav ve Şarküteri,5542884560
market,Lamazı bakkali,5542884593
market,Ebu yusuf,5542884600
market,Acar market,5542884604
market,Halk market,5542884605
market,Yıldız Gıda,5542884615
market,Birlik hipermarket,5542886338
market,Bizim toptan Market,5542886359
market,Fazlıoğlu Gıda,5542886361
market,Aydın bakkala,5542886373
market,Klas market,5542886394
market,Star market,5542886399
market,Ömür oğlu,5542887034
market,Poyraz doner,5542887038
market,İkizler Kuruyemiş,5542887042
market,Akkaya takset,5542887071
market,Snowy,5542887074
market,Baris Kuruyemis,5542887079
market,Nihat Kuruyemiş,5542887084
market,Kaykusuz Market,5542887088
market,Lezzet Mutfağı,5542887090
market,Markitgütok gıda,5542887094
market,Kasap erginler,5542887096
market,Mahmud Mini Market,5542887102
market,Vatan markete,5542887108
market,Hançer Market,5542887321
market,Göymen,5542887324
market,Tadım çiğköfte,5542887329
market,Kiliç market,5542887337
market,Medet Market,5542887344
market,Sultan,5542887350
market,Naçaroğlu market,5542887369
market,Tekin bufe,5542887389
market,Taşkın gida,5542887394
market,Grand Asya,5542887413
market,Aztek Baklava,5542887631
market,Eren et,5542887633
market,Azim Market,5542887636
market,EFE markete,5542887659
market,Manau,5542887713
market,özçelik,5542887717
market,Gıda,5542887929
market,Koç süpermarker,5542887936
market,Beyza,5542887937
market,Kasap Aydan,5542887941
market,Lays,5542887944
market,merket,5542887959
market,Boy market,5542887963
market,Pınar,5542887970
market,Morkoç,5542887978
market,Düzgün market,5542887983
market,Şefi,5542887984
market,Barakat,5542887987
market,Tayfun Market,5542887989
market,Karagöz,5542887995
market,Tekin balık,5542888000
market,Aksu Kuruyemiş Market,5542888003
market,Birlik market,5542888014
market,Hurun market,5542888921
market,Özkoç Market,5542888922
market,Anteplioğlu,5542888929
market,Nur,5542888930
market,Ulusal Gıda Kuruyemiş,5542888934
market,Akay market,5542888939
market,mismar market lalerı,5542888941
market,kara deniz bakal,5542888945
market,Karadağ,5542888954
market,Gaziantepli Hacı Bedir oğlu,5542888959
market,Ramazan,5542888960
market,Dadas Market,5542888965
market,Cihanbey Market,5542888972
market,Sarıoğlu market,5542888974
market,Melissa,5542888975
market,Başakamr markete,5542888977
market,Gazitanepli baklavaci,5542888985
market,Ucuzluk pazarı,5542888988
market,Köylüoğlu,5542888992
market,Findik su,5542888994
market,Coşkun,5542888997
market,Gökçe,5542889004
market,sahric,5542889008
market,Çiğköfteci ömer usta,5542889010
market,Ziyafet çiğköfte,5542889127
market,Yıldırım market,5542889128
market,Golf markete,5542889138
market,Beyaz konak,5542889143
market,Can markete,5542889152
market,alarabi,5542889154
market,Gök su,5542889155
market,Tadim markete,5542889159
market,Doğan markete,5542889165
market,Altınsoy,5542889178
market,Palamutlu Gıda,5542889186
market,yılbay,5542889190
market,Supir market,5542889198
market,İkra Market,5542889200
market,Tosunlar Market,5542889219
market,Ayoğlu mini,5542890224
market,Elbir gida,5542890236
market,Alameer,5542890240
market,Hasanpaşa pasta ve börek,5542890241
market,Florest,5542890244
market,Kerençiler Market,5542890248
market,Berat,5542890251
market,Özcan mini market,5542890254
market,Başkamar,5542890263
market,Canbaz,5542890265
market,Tur gıda,5542890271
market,ÖZ hatipoğlu markete,5542890277
market,Earth market,5542890280
market,Furkan kasap,5542890286
market,Ailem,5542890295
market,Alioğlu kebab pide lahmacun,5542890300
market,Kayahipermarket,5542890308
market,Zirve döner börek salonu,5542890309
market,Çığır gıda markete,5542891125
market,Seven markete,5542891126
market,Ikizler,5542891137
market,Sercan gida market,5542891143
market,Sevil,5542891149
market,Şafak Market,5542891157
market,Idris market,5542891172
market,Damla Gıda,5542891201
market,Özkaya market,5542891424
market,Mevsim balık,5542891431
market,Demircanlar,5542891456
market,Has çiğköfte,5542891463
market,Hoşgeldiniz,5542891467
market,Kardeşler geyda,5542891474
market,Naseem Market,5542891477
market,Altay dukan,5542891496
market,Hibe market,5542891502
market,Dilek Süpermarket,5570545286
market,Orsin Gıda Binbir Çeşit Toplu Tüketim,5583796210
market,BURDA MARKET,5642528322
market,Katis Market,5655490752
market,AKGÜL GIDA,5666800284
market,Kurtuluş Market,5666800293
market,Gezen Köy (Günlük Tavuk Yumurta Süt),5666800297
market,acar gida,5666800313
market,karasu market,5666801823
market,Yavuz Market,5666801830
market,Metin Gida,5666801842
market,mezaç gida,5666801846
market,ENES MARKET,5666801851
market,M-S MARKET,5666801863
market,ARSLAN KARDEŞLER YUFKA,5666801865
market,Maraş market,5666801878
market,Yöresel Market,5666801906
market,DK Maketleri,5666802326
market,İŞLER GIDA,5666802327
market,KENT MARKET,5666802337
market,YAŞAR MARKET,5666802348
market,sarmaşık,5666802349
market,Ucuz Nokta,5666802352
market,Hayat Kuruyemiş,5667618174
market,Hacı Muhammed Market,5667618177
market,SAM MARKET,5667618186
market,Al Wali Market,5667618324
market,GÜNG R GIDA,5667618406
market,Gök Bakkaliyesi,5667618642
market,Devir Market,5667619241
market,Şenlik Gıda,5667634434
market,Qri market,5667634437
market,Enes Market,5667634446
market,aslan market,5667634485
market,Buse,5667634494
market,ecrin market,5667634503
market,Beştelsiz Market,5667636227
market,Ovaçin Market,5667636235
market,semiz market,5667636238
market,Tadım Gıda,5667636246
market,KARADENİZ MARKET,5667636247
market,Gökhan Kuruyemiş ve Tekel,5667636258
market,Gündoğdu Kuruyemiş,5667636259
market,ak gida,5667636273
market,Yeşilçay Market,5667636278
market,Semiz GIDA,5667636298
market,özbek market,5667636312
market,Çağrı Gıda,5667636313
market,özgür halk market,5667636319
market,Met Emen alışveriş,5667637428
market,Çamlıça Gıda,5667637435
market,dilmar market,5667637457
market,AYDIN KURUYEMİŞ TEKEL BAYII,5667637461
market,KOÇ MARKET,5667637469
market,Ozan büfe & Market,5667637479
market,Özgür kardeşler gıda,5667637482
market,Erol Gıda,5667637493
market,Aydın gida pazarı,5667637496
market,Alibaba Gida,5667637509
market,Alaattin kuruyemiş,5667638722
market,Alshahbaa market,5667638727
market,Aydın gida,5667638729
market,ÖNDER BÜFE KURUYEMİŞ AND TEKEL,5667638743
market,Ehlen gıda,5667638770
market,golf market,5667640039
market,küçük kardeşler et ve gıda,5667640044
market,Civan market,5667640053
market,Yasmin alsham market,5667640067
market,Canet market,5667640075
market,haram store,5667640091
market,Üstüner Market,5667640094
market,Savcı Market,5667640095
market,Alkan Market,5667640096
market,Özdoğan,5667640723
market,Karadeniz gıda,5667640724
market,yıldırım,5667640729
market,ALP kardeşlar,5667640733
market,Rouz market,5667640739
market,Harput,5667640756
market,yılmaz Gida,5667640760
market,Murat Gida,5667640771
market,Efe süpermarket,5667640774
market,İdeal market,5667640782
market,Kardeş gıda,5667640796
market,Has mar,5667640805
market,MAKBUL,5667640812
market,DÜKKAN,5667640816
market,SARAYI HİPERMARKET,5667640818
market,Halep market,5667641521
market,Bul-tem market,5667641551
market,KARDEŞLER SÜPERMARKET,5667641552
market,ASLANLAR GIDA,5667641558
market,Ovaçin market,5667641565
market,Trakya market,5667641571
market,Hısar,5667641595
market,MALATYA PAZARI,5667641606
market,Ekonomik Pazar,5667641616
market,GÖZDE KURUYEMİŞ,5667642032
market,DEMİREL MARKET,5667642073
market,SARAYI MARKET,5667642075
market,MAVİŞ MARKET,5667642077
market,A.l01,5667642086
market,OĞUZMAR GIDA,5667642097
market,Çağır gıda,5667642926
market,GAZİANTEP GIDA,5667642933
market,Furati,5667642952
market,ANADOLU SUPERMARKET,5667642958
market,Tüzün gida,5667642971
market,Kısmet Mini Market,5667655633
market,Bahar Market,5667655636
market,FIRTINA,5667655654
market,Vitamin,5667655674
market,Kurtoğlu Kahvaltılık Bakliyat ve Kuruyemiş,5667655704
market,Kakar,5667657022
market,Tahmazlar Gıda,5667657031
market,Rozerin Market,5667657033
market,Ittifak Market,5667657052
market,Aras Market,5667657059
market,Miray,5667657061
market,Salanc,5667657067
market,Bulut Market,5667657074
market,Sonumcu Baba,5667657075
market,Top-Taş Gıda Market,5667657089
market,Seda Market,5667657102
market,Halk Süpermarket,5667657113
market,Murat Market,5667657119
market,Bereket Kahvaltı Dünyası Süpermarket,5667657726
market,Ekrem Gıda,5667657730
market,Elvan,5667657744
market,Sönmez Hipermarketleri,5667657748
market,Hallmark Gıda,5667657761
market,Pazarlı Market,5667657771
market,Kanuni Market,5667657807
market,swied kahve,5667657813
market,Meydan kuruyemiş,5667657815
market,hilal market,5667658231
market,şam gida,5667658238
market,Menemen,5667658242
market,Halep,5667658248
market,Sultan Kuruyemiş,5667658254
market,Gundo,5667658255
market,Hazimi Market,5667658261
market,Bakale,5667658269
market,güngen,5667658277
market,Ser yöresel market,5667658288
market,Convenience Elsaadet,5667658430
market,kent market,5667658435
market,Köşem Market,5667658437
market,Show market,5667658446
market,belkis market,5667658491
market,Aydoğdu gıda,5667658499
market,metin market,5667658511
market,talha hamza,5667659228
market,Badem grup,5667659247
market,tahan market,5667659264
market,Gele Süpermarket,5667659277
market,Berlik,5667659290
market,ihlas,5667659304
market,Akdeniz Gıda,5667659307
market,sadat ticaret,5667659314
market,özcanlar,5667659318
market,Köyüm Yufkacı,5667659623
market,Hazimi,5667659625
market,Gedelek Turşusu,5667659632
market,elmasım gida,5667659659
market,joy land market,5667659669
market,elmas kardeşler,5667659698
market,pamir market,5667659706
market,Hacıoğulları Gıda,5667659709
market,ekamini,5667659710
market,yeşil çay market,5667659715
market,alazizi,5667659720
market,Pamir,5667660229
market,Ümran Gıda,5667660246
market,rihan gida,5667660247
market,myshop,5667660252
market,qri,5667660258
market,alptekin,5667660262
market,cihan gida,5667660282
market,kahvaltı diyarı,5667660299
market,Qri,5667660309
market,Bizim Malatya Pazarı,5667660319
market,Alşam Market;Gamze Büfe,5667660822
market,İstanbul Market 2,5667660830
market,Toptaş Gıda,5667660836
market,Ornek,5667660893
market,Elmasım Kuruyemiş,5667660912
market,Damla Market,5667660917
market,Doğal Kanal Lezzet,5667660919
market,Cagri,5667661128
market,Kahvali,5667661149
market,Çelebi market,5667661150
market,Halkmar,5667661152
market,Memmar market,5667661155
market,Alaturka,5667661157
market,Yıldırım Market,5667661161
market,Deniz market,5667661162
market,Peynirci damak,5667661178
market,MED MARKET,5667661209
market,Uygun Market,5667661211
market,Karınca gıda,5667661335
market,Has Market,5667661343
market,Gül,5667661351
market,Yazıcılar Market,5667661363
market,Hilal Kahvaltı,5667661377
market,Koca Yusuf Çifliği,5667661390
market,Tutal Market,5667661407
market,Yörsel Gıda,5667661410
market,Seher,5667661725
market,Sumalak,5667661728
market,TOKSÖZ,5667661735
market,CANTÜRK GIDA,5667661741
market,SULAR GIDA,5667661756
market,SHOWPARK,5667661776
market,Sabah Çiçeği,5667661786
market,ALPETKİN MARKET,5667661806
market,HIRA MARKET,5667661808
market,HACIOĞLU,5667662129
market,ERENLER,5667662145
market,Ömer,5667662152
market,Özlem,5667662161
market,UCUZLUK GIDA,5667662172
market,Şafak,5667662175
market,SHOW,5667662183
market,Yeşiltepe Kuruyemiş,5667662206
market,Stad,5667662633
market,Golf Convenience,5667662636
market,Lale Market,5667662647
market,Hoca Mohyiddin Market,5667662654
market,Tayarre Market,5667662675
market,AYDINLIK,5667662676
market,Pakmar,5667668963
market,FAYZA,5667668975
market,Guney Market,5667668978
market,Ekol,5667668984
market,Artos Market,5667668986
market,Yages Market,5667668993
market,Demir gida,5667668997
market,koç market,5667669001
market,Huzur,5667669008
market,Tuğçe Gıda,5667669010
market,Irmak market,5667669012
market,Uğur Gıda Pazarı,5667669018
market,Yağmur Market,5667669924
market,Yaktaş,5667669937
market,Meryem Market,5667669941
market,Barış,5667669954
market,Selam Market,5667669960
market,Sur baharat,5667669965
market,Karadeniz,5667669967
market,Mehmet Market,5667669979
market,Acar Gıda,5667669982
market,Güven Al market,5667669984
market,Eymen market,5667669987
market,Simar,5667669991
market,Ekremoğulları,5667669996
market,Dilan,5667669998
market,TGS,5667670046
market,Maksat Gıda,5667670052
market,Merkez Kuruyemiş,5667670059
market,Fatih Market,5667670070
market,Hakan,5667670072
market,Boyla,5667670075
market,Deniz Market,5667671323
market,Ersan Gıda,5667671325
market,Malatya pazarı,5667672115
market,Elif Market,5667672270
market,Fırat market,5667672279
market,Damak gida,5667672286
market,GÜMÜŞKALE MARKET,5667672308
market,Cemil toptan gida,5667672311
market,Çelik gida,5667672622
market,İsmer market,5667672648
market,Menzil Gıda,5667672655
market,Azim Temizlik,5667672666
market,Atlay Market,5667672667
market,Farkmar Market,5667672677
market,Cihan,5667672681
market,Kamer,5667672684
market,Sönmez,5667672701
market,Sıla Market,5667672707
market,Özuğur Hypermarket,5667672716
market,PRATİK İŞLEM,5667672718
market,Umut,5667673325
market,İkram,5667673328
market,Asıl market,5667673340
market,Yılmazlar market,5667673350
market,Kardeşler gida,5667673353
market,Sütse,5667673357
market,Melisa kuruyemiş,5667673364
market,Hasanoğlu Market,5667673365
market,Yüzyıl,5667673374
market,İnal Market,5667673375
market,Rota,5667673380
market,Ay Mar market,5667673382
market,Dalyan mini market,5667673388
market,Akyol,5667673402
market,ÇEREZCİM,5667673421
market,Erzan Gıda,5667673423
market,Özkan Peynircilik,5667673424
market,Ahmetoğulları,5667673428
market,Gaziantep Yöresel Market,5667673430
market,Anatolya,5667673433
market,Öztunç gida,5667673437
market,Kılınç,5667673444
market,İkbal Gıda,5667673446
market,Gündüz,5667673459
market,Rezan,5667673465
market,Menteş Market,5667673472
market,Huzur Süpermarket,5667673474
market,Mutlu Market,5667673497
market,Akgüller Hipermarketleri,5667673506
market,Aygül,5667673507
market,YAYLA,5667673512
market,Altın,5667673519
market,Yeğenler,5667673547
market,Hisar,5667673550
market,Gamze Market,5667673561
market,Özmar,5667673575
market,Güleryüz Market,5667673590
market,Samed Ay,5667673602
market,Nur Gıda,5667673603
market,Dedeler,5667673614
market,Sayanalar Market,5667673921
market,Kartop,5667673926
market,Karadeniz Kuruyemis,5667673929
market,İsra Market,5667673934
market,Oral Gıda,5667673941
market,Anadolu Şarküteri,5667673958
market,Elezoğlu,5667673965
market,Miraç Market,5667673969
market,Kıyak Market,5667673972
market,Ucuz Satış,5667673973
market,Seçkin Market,5667673974
market,Hafizoğulları,5667673977
market,Pasta Park,5667673978
market,Mahmoud Mini Market,5667673981
market,Karanfil Market,5667673984
market,Elmoued,5667673987
market,Son durak,5667674007
market,Erdoğanlar,5667674015
market,Burak,5667674019
market,Tuncay,5667674423
market,Üstündağ Gıda,5667674424
market,Tek Yön,5667674432
market,Nisa Market,5667674441
market,Dinç Market,5667674446
market,İnan Market,5667674455
market,Bizim Kuruyemiş,5667674459
market,Sarıcanlar,5667674462
market,Koska Mamülleri Satış yeri,5667674465
market,Engin Market,5667674466
market,Ak Sağlam,5667674470
market,Caner,5667674478
market,Kayalar Gıda Pazarı,5667674489
market,Güngen,5667674493
market,Ay-Pa,5667674498
market,İşmar Market,5667674503
market,Akan Market,5667674513
market,Filiz Gıda,5667674514
market,Erdem Market,5667674950
market,Yasin Market,5667674963
market,Yakup Gıda,5667674987
market,Sağlam Market,5667674993
market,Tuzluca Market,5667675008
market,Koç Market,5667675012
market,Kerim Gıda,5667675014
market,Berat Market,5667675021
market,Umut Market,5667675024
market,Yıldız süper market,5667684445
market,Gümüş market,5667684457
market,Cavusoglu,5667684462
market,Bakaliye abu.nur,5667684474
market,Milka Mini Market,5667684482
market,Yildrim,5667684487
market,Özdemirler gıda pazarı,5667684500
market,Huzur market,5667684504
market,Yasin süper market,5667684520
market,Rammar süpermarket,5667686326
market,Can 2 Kuruyemiş ve Tekel,5667686351
market,Anar Kuruyemiş ve Tekel,5667686372
market,Yumurtacı,5667686376
market,MCM,5667686385
market,Arsalan mini market,5667686400
market,Çiftçi Kuruyemiş,5667686412
market,Uğur ekmek şarküteri,5667686415
market,Aristo Tekel,5667687531
market,Mekhzan Elselam,5667687547
market,Arden,5667687558
market,karrum market,5667687580
market,Çeşme market,5667687602
market,Öz kardeşler market,5667687607
market,hibetullah market,5667687610
market,Gul market,5667687612
market,Uygun gıda,5667687613
market,Uzay,5667687620
market,Emiroglu,5667688623
market,Kirazlı metro süper market,5667688632
market,Onlar gida,5667688642
market,Akyüz market,5667688644
market,Alafandi gıda,5667688652
market,Avşar market,5667688655
market,Lazım market,5667688661
market,Yeni site,5667688666
market,Çiğdem market,5667688679
market,Özge gıda,5667688690
market,Salmanlar market,5667688691
market,Tuna,5667688706
market,Sinam,5667688708
market,Tekel kuruyemiş,5667688717
market,Mini market meksume,5667688719
market,Gözde kuruyemiş,5667689724
market,Kaya kardeşler gıda pazarı,5667689728
market,Versay,5667689738
market,Beyçiftçiller,5667689743
market,Sabri gıda,5667689754
market,Birmar,5667689756
market,Safa market,5667689764
market,Uslu,5667689769
market,Ekici market,5667689780
market,Eröz baharat,5667689790
market,Royal Market,5667689795
market,İnce kardeşler,5667689796
market,Turan market,5667689798
market,Metin hipermarketleri,5667689800
market,Him market,5667689807
market,Mumcu kuruyemiş,5667689816
market,Nimet market,5667691024
market,Karadeniz kahvaltı dünyası,5667691027
market,Özgür gıda,5667691029
market,Bame süpermarket,5667691039
market,Yıldız Kuruyemiş & Tekel,5667691050
market,Sosyal Gıda,5667691058
market,Halkmar hipermarketleri,5667691064
market,Market şam,5667691067
market,Sude peynircilik,5667691072
market,Şahin Tekel Gıda,5667691099
market,Yaşar market,5667691105
market,makhzan jebel alzawia,5667691106
market,Unver,5667691107
market,Golden market,5667691110
market,Tedi,5667691114
market,Reyyan kuruyemişleri,5667692636
market,Çavuş Kuruyemiş Tekel,5667692637
market,Doğukan grup,5667699717
market,Efe,5667701525
market,Parmak,5667701533
market,Cobanoglu,5667701553
market,Ozcan,5667701556
market,Pasam,5667701565
market,Bullar market,5667701586
market,Kardelen,5667701589
market,Cadde,5667701607
market,Hekece Market,5667702733
market,İlhanlar,5667702741
market,Dadas market,5667702742
market,Emin süpermarket,5667702754
market,Yasir Gıda,5667702787
market,Spot market,5667702802
market,Alhadid,5667702808
market,Aksu Market,5667702814
market,Erdem market,5667703922
market,Ipek gida,5667703937
market,Akyuz gida,5667703940
market,Alarm,5667703946
market,Yalcin gida,5667703951
market,Bakalyie,5667703956
market,Yenimahalle,5667703973
market,Salincak,5667703977
market,Hanif gida,5667703981
market,Sozbir market,5667703994
market,Tunaylar Market,5667703999
market,Nur Market,5667704009
market,Kita market,5667704010
market,Hürol market,5667704018
market,Miray market,5667704019
market,Gokce market,5667705328
market,Mini martek,5667705340
market,YEĞENLER GRUP,5667705343
market,Güneşli Center,5667705369
market,Ozugur,5667705384
market,Mert gıda,5667705388
market,Gündoğdu gıda,5667705393
market,Anadolu alışveriş merkezi,5667705396
market,Algida,5667705399
market,Ovenc mini market,5667705400
market,Cagdas gida,5667705405
market,Kormaz,5667705411
market,Artan market,5667705418
market,Gunmar market,5667706123
market,Arsalan gida,5667706124
market,Al yusuf,5667706146
market,Firat,5667706171
market,Park cash and carry,5667706177
market,şener market,5667706183
market,Sezgin Gıda,5667719028
market,Al Shahba süpermarket,5667719031
market,Alican Market,5667719036
market,Cihan Kuruyemiş,5667719041
market,Ekinciler,5667719048
market,Kayalar,5667719049
market,Bulut market,5667719050
market,Özer Market,5667719051
market,TEKİN BİZİM MARKET,5667719052
market,Etik hipermarket,5667719056
market,Paşa,5667719062
market,BAME,5667719064
market,Maksul,5667722022
market,Karadoğanlar market,5667722023
market,Hacıhasanoğulları,5667722038
market,Nacioğlu Market,5667722040
market,KITAY MARKET,5667722056
market,Seren Gıda,5667722066
market,Yayla Grup Marketleri,5667722074
market,Berker Gıda,5667722075
market,Çelikler Shop,5667722078
market,Arafat Market,5667722080
market,Mega Tekel Shop,5667722085
market,El Walid,5667722099
market,Jan Marker,5667722106
market,CAN MARKET,5667723837
market,Birmar market,5667723841
market,Turhan Market,5667723844
market,SİTE MARKET,5667723858
market,EMİRPEN GIDA,5667723882
market,Şirin Gıda,5667723885
market,Akyüz Market,5667723896
market,A.K.S SÜPER MARKET,5667723898
market,Nisa Çerez,5667723911
market,Arslan,5667723916
market,Çakır Gıda,5667725825
market,KÖSE GIDA,5667725828
market,Yıldızlar Market,5667725853
market,TARÇAN,5667725858
market,Halepoğlu,5667725865
market,Şeker Can,5667725867
market,YÖREM,5667725871
market,Altun,5667725896
market,Cem Kuruyemiş,5667725898
market,Yılmaz market,5667725899
market,Ela gıda,5667727225
market,Kiraz Pazarı,5667727229
market,Kutay,5667727231
market,Mercanlar Market,5667727242
market,Meteor Matket,5667727244
market,Birmar hipermarketler,5667727245
market,Yıldız,5667727251
market,TANGÜV MARKET,5667727253
market,Doğa Gıda Ltd.,5667727260
market,Çınar Market,5667727265
market,Peynirci,5667727277
market,HASTAŞ MARKET,5667727292
market,NUR MARKET,5667727293
market,Zengin Gıda,5667727300
market,Sayısal Loto,5667727308
market,Tunç Market,5667728736
market,ALKAN,5667728747
market,Murat,5667745963
market,Güzelsu supermarket,5667745968
market,Nur alislam gıda,5667745969
market,Gür gıda,5667745970
market,Alicanlar hipermarket,5667745973
market,Sıfır market,5667745977
market,Alşahbaa market,5667745995
market,Tekay market,5667745997
market,bizim peynirci,5667746000
market,Atmaca süpermarket,5667746008
market,Aytuğ süpermarketleri,5667746017
market,Makbul kuruyemiş,5667747224
market,Yayla grup supermarketleri,5667747227
market,Bayt al usra gıda,5667747255
market,Altun süpermarket,5667747291
market,Metin hipermarket,5667747305
market,DOVİT MALATYA PAZARI,5667747314
market,Ozkardesler market,5667747317
market,Faik oğlu market,5667747933
market,Yağmur gıda,5667747955
market,Önderoğlu market,5667747959
market,Nur gıda,5667747965
market,İrmak Market,5667747969
market,Toros gıda,5667747988
market,Ormantepe Balıkçısı,5667748007
market,Kahvaltı Pınarı,5667748011
market,Yegenler grup,5667748627
market,Uşaklılar Gıda,5667748634
market,Mert gıda pazarı,5667748641
market,Akalan Kuruyemiş,5667748667
market,Bereket market,5667748668
market,Obal Gıda,5667748669
market,Gönül gıda pazarı,5667748670
market,UYUMLU,5667748686
market,Poyrazlar Süper Market,5667748692
market,the Market,5668626421
market,BERRAK MARKET,5675914621
market,Aydın Market Karadeniz ürünleri,5707210422
market,Suma Shop,5710046224
market,Namlı Hipermarketleri,5717693123
market,Çakır Bakkal,5729991774
market,Arden Hipermarket,5734761254
market,İmren Kuruyemiş & Kurukahve,5825422356
market,Arı Market,5834063885
market,IKRAM KURUYEMIS - öNAY NIBAT,5834063886
market,ÖZÇEÇEN MARKET - ABDURRAHMAN SAHIN,5834063985
market,Kaya gida 2 yasin bolta,5865491986
market,Gazi Market,5873943688
market,Selvi Gıda,5890030663
market,Köyüm,5890691118
market,Umut Özkul Gıda & Tekel,5891717092
market,Üçler Market,5895104221
market,Köksallar,5900400225
market,Deniz,5900475018
market,Şam Kahvasi,5903716071
market,Şam Ticaret,5903716072
market,Group Aydınlı,5904326090
market,Menzil Market,5913350811
market,Yonca AVM,5913552249
market,Gündoğdu Süper Market,5913552257
market,Alfiliş Gıda,5913552259
market,Işık Market,5913916790
market,Ceren Gıda,5915793389
market,Tatbak-Kurfalı,5928450635
market,Demircan Market,5928469566
market,Sabır Hiper Market,5928919490
market,Forka Hipermarket,5930703508
market,Şan Gıda Market,5969777761
market,Gürkan market,5971371509
market,Aydinlar gida pazari,5971451185
market,Turuncu Tekel Şarküteri,6080235406
market,Süper Bakkal,6080290308
market,Çarşı Tekel Kuruyemiş,6080343520
market,happy center,6080900905
market,Özen Market,6096414416
market,Ses,6121592182
market,Siteler Market,6127154435
market,Demar,6137599156
market,DEMAR Market,6141026950
market,Ichiban,6157809286
market,Meydan,6163017172
market,Doğan Tekel,6165275987
market,Emre Gıda,6165290886
market,Eray Şarküteri,6165290888
market,İndirim Market,6165291085
market,İlgaz kuruyemiş,6165291086
market,TELVE KURUYEMİŞ,6165291087
market,Örpa Market,6165291185
market,Şimşekler,6165560051
market,furkan gıda,6166336759
market,pelin,6166404691
market,eren tekel,6166937556
market,dilan market,6166937558
market,Demircioğlu Market,6171181595
market,Kolçak Gıda & Şarküteri,6172027501
market,Çelik Market,6172848728
market,Alem Market,6172848736
market,Back Shop Gurme Tekel,6183213965
market,Altıntürk Foto And Hediyelik,6185569127
market,Uzun Büfe,6186666295
market,Park Büfe,6188876331
market,ucz,6190404636
market,Boğaziçim Market,6190607539
market,İMAMOĞLU,6195586338
market,Kuruyemiş,6198004256
market,Saral Market,6213756246
market,Melekoğlu Grup Marketleri,6226001920
market,Taşkıran Market,6242720619
market,Gökçen Gıda Pazarı,6242720622
market,Yeditepe Kuruyemiş Market,6261943118
market,Altun Market,6264624390
market,Zevk Kuruyemiş,6264638485
market,Hakmar Market,6289675686
market,Yeşil Alan Market,6297856772
market,Cebiroğlu Büfe,6307825018
market,Orkide Market,6326679547
market,Gümüşdere Market,6326679548
market,Ocak Gıda Tekel,6326679551
market,Irmak Market,6326679556
market,Vino Tekel,6329059544
market,Antre Gourmet Shop,6329227433
market,Gözde Şarküteri,6329559885
market,Ersin Tekel,6330637396
market,Çağrı Süpermarket,6341277314
market,Yılman,6341277315
market,Seç Market Kazım Karabekir,6356641040
market,Yıldız Kuruyemiş,6383694910
market,Dervişoğlu İndirim Marketleri,6388874230
market,CarrefourSA Mini,6390107128
market,Uğur Büfe Tekel,6390136372
market,Çömert Market,6418141186
market,Hakan Tekel,6435244498
market,CarrefourSa,6447335085
market,Seç,6463570177
market,Zırhlıoğlu,6463787935
market,Ada Tekel & Şarküteri,6477203308
market,Karagöz Market,6478639191
market,İrem Et Şarküteri,6495058899
market,Barış Gıda,6513003429
market,Ilgaz Hipermarket,6518159832
market,Veral Şarküteri,6532153508
market,Meydan Efes Shop,6532153532
market,Hilal Gıda,6532153547
market,Yalıç Market,6535457086
market,çağmar,6550938676
market,Hoşgör Kuruyemiş,6554996804
market,Karaca Market,6569248516
market,Özgür Market,6586351468
market,Birlik Mini Maket,6586351469
market,Sadık Gıda,6586351471
market,Özdil Tekel Büfe,6590942980
market,Özsüt Şarküteri,6590945499
market,Furkan Gıda,6590955348
market,Murat Büfe,6590958887
market,OBAK-MAR,6630669626
market,Adalar,6640146050
market,Energy Market,6642219087
market,Tadem,6649911678
market,Semar,6650595920
market,Kılıç,6685247085
market,Carrefour,6726370586
market,Chefsepeti,6742268664
market,Net Market,6745265523
market,Tchibo,6751128046
market,anpa gross,6751128047
market,Karahanlar Market,6752791259
market,Miss Marketim,6767608047
market,Keskin,6767608048
market,Karakuş Market&Şarkuteri&Manav,6768749374
market,Barış Market,6782548948
market,Site Market,6783562051
market,Food Project,6785139400
market,Old Bazaar,6794082495
market,Mercan Gıda,6795273116
market,Çakıltaş Gıda,6818530562
market,Black Tekel Shop,6819809961
market,Tercan Süper Market,6819809962
market,T-Shop,6828675490
market,Koca Market,6829960619
market,Subay Gıda,6829965749
market,Korkmazlar Market,6829991403
market,Bilgin Market,6829991404
market,Güven Kuruyemis,6831046788
market,SULTAN CENTER,6833013488
market,Erdal Bakkal,6863607248
market,Sakarya Büfe - İstanbul Kart Bayii,6863703691
market,Öztürk Büfe Akbil Bayii,6863703696
market,Şişecam Büfe,6863703698
market,Cihangir GIda,6866813862
market,Simply Market,6873105639
market,www.taksesuar.com,6880633668
market,Kahraman Mini Market,6880898963
market,Halk Gıda,6883739884
market,Onur Grouo,6895243957
market,Kardeşler Tekel Büfe,6900269178
market,Kardeş Kuruyemiş,6900317594
market,Paşalı Market,6906966025
market,Bizim Tekel Shop,6920231380
market,Güloğlu Market,6928700288
market,Ay Market,6932944876
market,KİM,6936380286
market,TM KA AŞ,6948036469
market,Balcı Tekel,6948564437
market,Aydn Market,6950312383
market,Günay Gıda,6950332332
market,Sarı Köşe Market,6954506705
market,Dila Tekel Shop,6954521562
market,Ender Kuruyemiş,6961577878
market,Sembol 2 Tekel & Şarküteri,6961631294
market,Bilge Kuruyemiş,6961631298
market,Malibu Tekel,6961633924
market,Öz Polat Tekel Bayi,6964036671
market,Yeni Doğuş Market,6964036680
market,Doğuş Market,6964038040
market,Özmen Kuruyemiş & Tekel,6964055004
market,Öz Volkan Gıda,6964075888
market,Hasbel Kuruyemiş,6965383673
market,Afia Marketleri,6965465548
market,Yılmaz Büfe,6968397175
market,Sirkeci Market,6968661859
market,Yakut Çarşı,6979179370
market,Kemer Büfe,6986330885
market,Happy Market,6987283834
market,Emir Büfe,6990157496
market,Doğal Market,6990492106
market,Şirin Büfe,6994253487
market,Palmiye Kuruyemiş,7019826229
market,Nesil Büfe,7021158631
market,Özgür Tekel,7050183444
market,Mihraç Gıda & Şarküteri,7074170386
market,Zekeriyaköy Market,7131171494
market,Çağrı Market beylikdüzü,7132006285
market,Damarlı market,7174599163
market,Demir Gıda,7221490572
market,Doğan Market,7221496006
market,Hem incense Türkiye,7237363830
market,Snowy Süpermarket,7424833534
market,Hizmet Market,7424883590
market,Paşa Market,7458905149
market,Çağdaş Market,7483256074
market,Sezen Market,7483256076
market,Fener Market,7500739862
market,LİDER,7510487241
market,Ayan Büfe,7510487248
market,Safran Organik,7568902749
market,İkizler Tekel-Market,7572983673
market,Hasan Bakkal,7574935254
market,Demirhan MArket,7574984785
market,file marketi,7575506351
market,Gökkuşağı Market,7580394264
market,İspar,7590628647
market,Uğurlu Kuruyemiş,7591718334
market,Ateşoğlu Market,7591718355
market,Doğanlar Süpermarket,7592436092
market,Benim Market,7592484324
market,Çil Kardeşler Süpermarket,7592958759
market,Irmaklar,7592958760
market,Özkuruşlar Market,7593675936
market,Trendyol,7593728325
market,Avcioglu,7597161972
market,Mis Gıda,7625742314
market,Ata Süpermarket,7625742323
market,Bostancı Büfe,7626334095
market,Duygu Tekel ve Şarküteri,7635726128
market,Çağdaş Gıda,7635726132
market,Çekmecem Ekonomik Halk Pazarı,7651599813
market,Tuba Market,7651599815
market,Gümrük 23 Tekel,7651602447
market,Serpa Şarküteri,7651602509
market,İkram Kuruyemiş,7652687361
market,Şahbazlar Market,7654988099
market,Domino Tekel,7655001418
market,Demirciköy Market,7684214969
market,Kervan Market,7684214975
market,West Market ve Tekel,7695484921
market,Deniz Tekel,7740552153
market,Yağmur Gıda & Tekel,7743089425
market,Emir Gıda,7789612609
market,Berra Gıda,7793069392
market,Bilge Market,7816435088
market,Kaptan Büfe,7859598221
market,Karameşe Tekel Şarküteri,7889339059
market,Küçükkaya Market,7942378564
market,Sebzeli Market,7942378565
market,Esen Tekel & Kuruyemiş,7984110187
market,My Gross Market,7984110188
market,Esen Market,7984110197
market,Samoa,7989103086
market,İpekhanımın Çiftliği,7995526186
market,Osmanoğulları Kuruyemiş Dünyası,8027760324
market,Yeşil Ilgaz Kuruyemiş,8027760823
market,Otay Tekel,8027761476
market,Kervan Kuruyemiş,8043934577
market,Gültekin Tekel & Şarküteri,8043934578
market,Merkez Büfe,8043960801
market,Kader Kuruyemiş,8043960808
market,sarıcan gıda,8104077817
market,Bakkalım Market,8178569392
market,aydın,8227494199
market,Saray Gurme,8268411094
market,Pazar,8272896617
market,Çetinler Market,8296836114
market,Alibaba Çetin Market,8296836141
market,Ünlü Market,8306930595
market,Tekel İddaa Bayii,8310431286
market,Başarı Market,8310455098
market,Balıkçı Murat,8310455563
market,Tobak Marketing,8310460825
market,Kupaj Tekel,8310466946
market,Bereket Market,8310467599
market,Seçil Tekel Shop,8310471819
market,hayatpark market,8316248097
market,kule tekel,8316284017
market,Kuzeygrup Medikal Estetik Pendik Ofis,8333608377
market,Tuncay Market,8403439108
market,Çatalca Belediyesi Satış Standı,8403439134
market,10 Numara Çiğ Köfte & Büfe,8403439227
market,Erişyem Sözer Ticaret Yem Un Yağ Zahire,8403439229
market,Cadde 34 Tekel Shop,8403439233
market,Bakkalköy Balıkçısı,8489123837
market,Tarihi Eminönü Baharatçısı,8502412917
market,Makbul Süpermarket,8502426717
market,Mahsen 44,8510769966
market,Cold Shop Caddebostan,8520265341
market,Koçaklar Mini Market & Mini Hal,8520547951
market,Tuzla Tekel,8520557559
market,Sevgi market,8521306763
market,Gülen Tekel,8521506316
market,Erkam Dürüm Market,8562492878
market,Oğuzlar Büfe,8566310878
market,Meşhur Gedelek Köyüm Turşucusu,8572204602
market,Aydın Parke,8572204603
market,Akçin Gıda Kuruyemiş,8581425255
market,Botan market,8625244018
market,Avrupa market,8626698217
market,Arıcan Market,60166130
market,Yeni Besi Çiftliği,62674218
market,Tivmaş,122656934
market,Doruk Kuruyemiş,143822712
market,Polat Market,164637977
market,Yıldırım Süpermarket,308786223
market,Koray Outlet,308794734
market,Altunbilekler,441675303
market,Bakkal,449551298
market,Naz Gıda,501705655
market,Pinar Supermarket,615617602
market,Sim Market,615629961
market,Çağlar Büfe,664026519
market,GİMA,667441918
market,Tivmas,716755650
market,M&S Simply Food,824367598
market,Unal Gida,961273259
market,Cagdas Market,1198278034
market,Altınışık Market,1199425347
market,Yonca,1199426267
market,Binsa Gold Süpermarket,1199426678
market,Soykan,1199427943
market,Kiler Market,1339863749
market,Alnıaçıklar,1339887656
market,Coşkunsel Market,1339919264
market,Ceritler Market,1747932290
market,Erciyas Gıda,1863718069
market,Andaç Gıda,1893429329
market,Karşıyaka İş Merkezi,1997867118
market,Sözeri Market,2060843035
market,alisveris merkezi,2152114930
market,Çağdaş Süpermarket,2188610393
market,Bil Çağdaş Market,2228259003
market,Migros Beysupark,2293040735
market,Yunus Süpermarket,2315605382
market,Kardelen Büfesi,2324430378
market,EkoGross SüperMarket,2345221381
market,Yılmazlar SüperMarket,2345827766
market,Çağdaş Supermarket,2351200921
market,Mandalin Market,2351477794
market,Gimsa,2351614541
market,Turkuaz Ticaret Merkezi,2356120945
market,Bildirici,2387672087
market,Şekerciler,2397614809
market,Ünay Kuruyemiş,2402820846
market,Öğütler Market,2570368736
market,Ankamar,2629950935
market,Hülyam Market,2697660962
market,Halciler,2697660979
market,Meteksan Market,2726343718
market,Sözeri Büfe,2743935485
market,Berat Büfe,2794924061
market,Çağdaş,2852920718
market,Çiçek Market,2912892130
market,91 büfe,2995714958
market,Uğurcan Süpermarket,3121660777
market,Narlı Süpermarket,3150333298
market,Efem Market,3220361307
market,Yonca Market,3649274129
market,Akyurt,3649274131
market,Demirtaş Market,3666777712
market,Cihan Market,3709749271
market,Öğütler,3734358063
market,Yunus,3848987054
market,Kahveci Hacibaba (Kuruyemiş),3885069837
market,Suzan Market,3885083653
market,kuruyemiş,3885129781
market,Elmalı,3885153138
market,Lokman Hekim,3885155695
market,Doğal kuruyemiş,3889652964
market,Gökmar,3889660764
market,Afıyet Fırın,3889668946
market,Celikler,3889678633
market,Çagdaş,3889773500
market,Miliyoner,3890731033
market,EFOR,3892383009
market,minicity,3892404416
market,Emin ambalaj,3892422367
market,Lokman hekim,3892445500
market,Öztürk,3894150457
market,Milioncu,3895589359
market,binsa,3895622151
market,Dedem,3895902070
market,Nisa market,3895909845
market,Ekim Kuruyemiş,3932956782
market,yoresel mantı,3955892811
market,Bildirici Market,3956226077
market,AOÇ Fabrika Satış Yeri,4018753166
market,Kismet,4046794683
market,Erdemler,4074825586
market,Bim,4075148026
market,Ünal Market,4081123873
market,Tüğçe Market,4081699648
market,E Gross,4081700110
market,PURSAKLAR GROSS,4082990951
market,Ercan Market,4089547201
market,Altunbilekler Market,4092552318
market,İkizler Süpermarket,4102331461
market,Hobi Market,4110176689
market,Yaşam Market,4118698125
market,Buse Süpermarket,4129585902
market,Erdemler Sokak,4138406874
market,Makro,4149247551
market,Burak Süpermarket,4150472409
market,Elmacı,4151199615
market,Açıkel Market,4155427148
market,İncek Büfe,4181003766
market,Mini Market,4181136301
market,Başgimpa,4181143732
market,Gazi AVM,4196534568
market,Koçaklar Market,4202092064
market,Candan Süpermarket,4219083412
market,Ova Market,4224939597
market,Hilal Market,4225050807
market,Kılınçlar,4225096896
market,Başkent Market,4225171689
market,Taş Fırın,4225293297
market,İm Market,4231511307
market,isbir market,4232329493
market,Erler Market,4233726314
market,Beyza Süpermarket,4246044410
market,Doğa Gross,4252267534
market,Terzioğlu Market,4254194912
market,Altınışık Süpermarket,4276947117
market,Metropol Market,4292925496
market,Akyurt ,4296728990
market,Adese,4296788991
market,Işıklar Market,4304456792
market,CarrefourSA mini,4317474784
market,Koçak Market,4322775211
market,Bizim Toptan Market,4322899561
market,Bağbaşı Market,4326740854
market,Güngörler,4330703274
market,Antik Kuruyemiş,4331176292
market,Bol Çeşit Tekel Kuruyemiş,4331201192
market,Beğendik,4331201197
market,Taşpınar,4333414645
market,Cantürk Kuruyemiş,4343888790
market,Güneş Market,4343902924
market,Tarım Kredi Kooperatif Market,4362378009
market,Doğanlar Market,4388791390
market,Akyurt Süpermarket,4393576001
market,Japon Pazarı,4417261889
market,İmren Kuruyemiş,4417328752
market,Durmazlar,4421658529
market,Kayalar Market,4421700796
market,Şahinler Süpermarket,4421752789
market,Atik Gıda,4424286890
market,Çetiner Market,4424779792
market,Macit Market,4432154990
market,Erzincan Mandıra,4436250465
market,Yavuzoğulları Market,4451497558
market,Akdoğan Market,4453280110
market,Elvan Market,4453319662
market,Öztürkler Gıda,4456383993
market,Bitanem Kuruyemiş,4456411894
market,Hitit Market,4458182156
market,Toklar,4458182189
market,Kale Eczanesi,4488970389
market,Gümüş Market,4489857368
market,Soykan Market,4490129723
market,Altıntaş Market,4493799735
market,Kardelen Taş Fırın,4499203792
market,Tarım Kredi Koop Market,4500058582
market,ŞOK Market,4520287371
market,Süslü Market,4588987091
market,Yayla Market,4630097691
market,Kipa,4652806142
market,Güneyce,4692489235
market,Makromarket,4833030716
market,Beypazarı Yöresel,4833030721
market,Kazak Market,4833038202
market,Elizan Market,4833038203
market,Efes-Erdal Kuruyemiş,4833038205
market,Aksoy Market,4833043430
market,KAPLAN MARKET,4858450498
market,KAPLAN MARKET 2,4858455741
market,Seykon Gıda,4868041421
market,Muratoğlu,4886017507
market,Protokol Market,4930525022
market,Beyoğlu Kuruyemiş,5027288040
market,Ünal Kuruyemişçi,5213730155
market,Arda Mini Market,5365435108
market,Makro Market,5570276251
market,Ayaz Market,5906445986
market,keyfu tobacco tekel kuruyemiş,5960752337
market,Soykanlar,6089326685
market,Ankor Market,6096411585
market,Akyurt Gross Market,6132794990
market,Ünal Kardeşler Tekel,6205007552
market,Metinoğlu Unlu Mamüller,6205012196
market,Kırıntı Kuruyemiş,6205013583
market,Saimekadın Kuruyemiş - Tekel,6222363181
market,Kesimal Kuruyemiş - Kurukahve,6222366757
market,Karataş Market,6256002957
market,Arkadaş Market,6285168868
market,Expres Market,6308884642
market,Kaplanlar Market,6321568381
market,20 Nolu Tekel,6363469223
market,Banko Market,6943887474
market,Sedo Market,6982634621
market,zararsızlar gıda,6985802185
market,BIM,7099412789
market,Kooperatif Market,7111859183
market,ÜÇER SAKATAT,7223553479
market,Kardelen Market,7253073286
market,Filo Market,7253097985
market,kooperatif,7395427693
market,İvedik Büfe,7635748451
market,Salih market,7772020085
market,Çavdarlar Market,7787864122
market,Palmiye Market,7833876385
market,Alperen Market,8109422077
market,YILDIRIM BMW ŞAŞMAZ,8142331595
market,Başgimpa Express,8215220290
market,Tekkol Gıda Market,8442863685
market,Gönül Kuruyemiş,8442863703
market,İlke Market,8807727947
market,Tuna Market,8807727965
market,Soylu Market,8807727967
market,Arınan,9218310137
market,Doğrusöz Gıda,9315159151
market,Yuva Market,9318426307
market,Serüven Market,9318426313
market,Karaydın Gıda,9318510623
market,Ret-Kit Tekel & Kuruyemiş,9320777721
market,Tatlı Center,9392995129
market,Aydın Unlu Mamuller,9415338494
market,Alperen Gıda 2 Kuruyemiş,9421178835
market,inci büfe,9502777169
market,SEÇ Market,9503303827
market,Göl Gross,9505875424
market,AYFROST Fabrika Satış Mağazası,9509043081
market,damla kuruyemiş,9513222133
market,KENT GROSS,9514931082
market,Thai Asian Market,9572998818
market,YARAMIS GIDA,9572999117
market,Market Plus,9661819680
market,Berilya Alışveriş merkezi,9788849921
market,Ziraat Cafe,9794244517
market,göl gross,9815561222
market,Semt Market,9815561228
market,Göl gross,9815561231
market,Gülpa Kuruyemiş,9818011243
market,Torku,9903748344
market,Ustaoğlu Market,10013780962
market,Hacıoğlu Market,10013780964
market,Yazan Market,10013780970
market,Altın Gross,10117166400
market,TB Natürel Organik Market,10286155815
market,Kosmos Gıda Maddeleri,10286155864
market,İpek Hanım Çiftliği,10561866804
market,ALTUNBİLEKLER MARKET,10583169885
market,güreller süper market,10726161005
market,Umay Market,10892776951
market,yunus market Alsancak şubesi,10902305883
market,Akyurt Market,10989341868
market,Tarım Kredi Kooperatifleri Market,11037046314
market,Okyanus Market,11037139161
market,Begendik,11149483602
market,Can Can Süpermarket,11160753005
market,Tarım Kredi Kooperatif Yeni bayındır,11183003273
market,Tarım kredi Kooperatif Zerdalitepe,11183003275
market,Antep Doğal Gıda Pazarı,11203819541
market,Gençlik Kafe,11278366224
market,Adiloğlu Mini Market,11291537629
market,Migros 5M,11446165119
market,Ata Market,11586107116
market,Netiz Gross,11592590112
market,Sarıpınar Gıda,11843174583
market,Aktaş Kuruyemiş,11988971417
market,Avcılar Market,11988971418
market,Yeni Aker Market,12015473069
market,ANKA Gross,12083235304
market,Şafak Unlu Mamüller Market,12144470001
market,Cesur Büfe,12238756493
market,Ercanlar Süper Market,12358418784
market,Enfes Kuruyemiş,12361994549
market,Aybimaş Tanzim,12365119806
market,Has Küçükler Market,12469683101
market,İşler gıda,12569353184
market,Damla,12569353185
market,FRE,12645241640
market,Gazi Gross,12730739404
market,Ercanlar Market,12745991119
market,Erduran Market,12751771236
market,Cadde Cafe Market,12751771244
market,Bofferland,12752684465
market,Tekel Gross Efil Green,12815116576
market,Anka Gross,12833393401
market,Yasemin Market,12834940409
market,Uğur Tekel Market,12863345304
market,Görkem Mandıra,12998729601
market,Akan Kuruyemiş & Tekel,12998735701
market,Afiyet Fırın Market,13014887901
market,A. 101,13015037601
market,Nasip Mini Market,13078089950
market,Gündoğan,13094475024
market,Korsan Tekel,13100444836
market,Hanem Market,13120311897
market,Şok Market,13120342001
market,Erciyes Market,13171697854
market,Bal Market,13307806518
market,Çok Doğal Yöresel Ürünler,13370754990
market,Damla Süpermarket,13381869931
market,Atom Market,13480038402
market,Dalkılıç Tekel,13527199435
market,İnanç Tekel,13527199438
market,Öykü Tekel,13556681373
market,Bakanlık  Büfe Tekel,13582623574
market,Yunus Market Keçiören,13626613801
market,İncirli - Akyurt Süpermarket,13626752101
market,Öz Atalay Gıda,13626789050
market,Harman Kuruyemiş,13675925717
market,Ertürk Market & Kuruyemiş,13727018670
market,Sıfır 6 Tekel,13727058215
market,Bekir Kelkit Tobacco Shop,13727058229
market,Özdemir Market,13727058239
market,Son Çare Tekel Market,13727058253
market,Beliz Gıda,13734003391
market,İnci Su,13752864101
market,Gökkuşağı Büfe,13760914408
market,Aygünoğlu Süpermarket,13770850601
market,Yağız Market,13782790681
market,S&S Shop,13811129040
market,Güven Tobacco & Kuruyemiş,13811129062
market,İlhan Kuruyemiş,13811129067
market,30 Ağustos Tekel,13811129071
market,Cappadocia Market,13811129085
market,Sok,13907883701
market,Kuzenler Tekel Kuruyemiş,13913132536
market,Bildirci,13913141899
market,Güreller,13917829512
market,Goblet Kingdom,13918216835
market,Baynes Market,13918216843
market,Anka Market,13918216846
market,Fındıki Süpermarket,13918216847
market,Sarp Tekel,13918216874
market,Anıl 18,13938461998
market,Emre Kuruyemiş,13947821928
market,Tercan Market,13947821965
market,Koop,13953912902
market,Golden Gross,13980591958
market,Pırlanta Bakkaliyesi Manav Mandıra Tekel,13990309904
market,M Migros,14003630772
market,KentGross,14008190906
market,A 101,14020119501
market,Çınar mandıra,14021746659
market,Yusuf Efe İçecek Gross,14021746665
market,Işık Kuruyemiş,14021746677
market,Pehlivanoğlu,738825014
market,Alternatif Market,1747185389
market,ESKA Gıda,1747185699
market,Çağlayan Market,1823169764
market,Gürmar,2205769076
market,Başdaş,2624479347
market,Riba karşıyaka balık av malzemeleri,2831014472
market,TESPO KIPA,3609805888
market,Pehlivanoğlu Market,3796932629
market,Perla,3829925585
market,Melisa Market,3859633687
market,Urganlar Market,3859633688
market,Ali Pehlivanoğlu,3957456661
market,Malatya Anadolu pazarı,4427070190
market,Firdevs market,4441808389
market,Tereci Gıda Kahvaltı Salonu,4498986082
market,Tezeren 2,4628917621
market,Alternatif,4628917624
market,Market Basket,4724539677
market,Cici Market,4775786293
market,Yıllar Market,4823466022
market,Doruk Market,4825812822
market,Bostanlı AVM,4825812922
market,Petek Market,4850400512
market,Ada Market,4859672323
market,Shell Shop,5078998292
market,Atlantis,5120317541
market,EVKA5 BAKKAL ESKI BP,5213129622
market,AYIŞIĞI,5213129721
market,SERHAT BAKKAL,5213129722
market,Dursun Bakkal,5213912521
market,Orkide Bakkal,5213912522
market,Konak,5286093088
market,Yeni Çarşı,5286100432
market,Tuğba Kuruyemiş,5287393333
market,Sezen Tekel,5287436722
market,Dem Han Market,5287457681
market,Tuana Tekel,5287461156
market,Ali Baba,5287461173
market,Pekdemir,5290409245
market,Arslan Market,5364964478
market,Avcı Gıda 3,5460442809
market,Can Kardeşler Kuruyemiş,5702973715
market,Dalya Market,5702979487
market,Unkar Market,5717484832
market,Sadıcım,5744647446
market,Çakırlar Market,5939853277
market,Kısmet Market,5940633512
market,Çiftbağcı Market,6018435504
market,Ege Gross,6142010706
market,Mustafa Bakkal,6214856092
market,Sessiz Bakkal,6214861885
market,Türk -Al,6299226903
market,Altın Market,7004198754
market,Begüm Market,7015297327
market,Fırat Market,7015297331
market,Çağla Market & Tekel,7055237695
market,Efeler Market,7055237704
market,Yağmur AVM,7055237710
market,Acem Market,7126790486
market,Ege Tire Gıda,7126790487
market,Hanif Pehlivanoğlu,7126790498
market,Uygar,7154791725
market,Kanaat Gıda,7302937512
market,Fırat Tekel,7467328419
market,Barış Gross,7467328421
market,Bornova Fırını,7499446064
market,Olimpiyat Market,7733029675
market,Always,7814466288
market,Beyaz Köşe Tekel Bayii,7814490113
market,Haksever Kuruyemiş,7814490114
market,Şanslı Market,7814490123
market,Mini Gross,7817115554
market,Köşem Büfe & Tekel,7824886365
market,Sevimler Kuruyemiş & Market,8071567091
market,365 Organik,8077354551
market,Kaymaz Market,8086301243
market,Cem Market,8086301244
market,Alternatif Toptan Fiyatına Perakende,8088027491
market,Sude Market,8088027492
market,Seyidoglu Market,8090774095
market,ACEM,8120607166
market,Arzu Market,8238306786
market,Ti Market,8283658137
market,Arzu Süpermarket,8283658140
market,ÇOLO,8402873215
market,Halkmar Supermarket,8450426217
market,Düzgün Market,8615436365
market,Azra Market,8635324854
market,Kılıç Market 2,8635947224
market,Meydan Market & Tekel,8710402352
market,Kral Tekel,8710402369
market,Özmenler AVM,8769612803
market,Karacaağaç Market,8812301504
market,Akça Market,8863117453
market,Çardak AVM,8863797844
market,Duru Market,8866783237
market,Beşkardeşler,9004095269
market,Egepak Kuruyemiş,9004097836
market,Doğukan Tekel,9004106374
market,Saray Kuruyemiş & Market,9004213448
market,Nurhak Büfe,9004227118
market,Akmeşeler Tekel Bayi,9009632468
market,Ayaküstü Büfe,9009799030
market,Marina Tekel,9009804824
market,Ela Market,9554831411
market,Muharrem Pehlivanoğlu,9573108567
market,Ankara Kuruyemiş,9573108843
market,3G Tekel Bayii,9573111180
market,Adaş Gıda,9573120590
market,Çağatay Market,9610176439
market,Burçak Gıda & Tekel Bayii,9610176446
market,Tekel;Uncubozköy Mah. Muhtarlığı,9631903763
market,Mavi Market Tekel,9631911680
market,Promil Tekel Shop,9770629273
market,Özkoçlar AVM,9783566735
market,Cibaroğlu,9794864373
market,Caferoğlu Şarküteri,9804843394
market,Boşnak Enver,9805041221
market,Eto Tekel,9814444147
market,BİM Mini,9817091418
market,Şampiyon Tekel Shop,9833984784
market,Deniz Büfe,9838525163
market,Yağmur Kuruyemiş,9839390273
market,Glutensiz Nokta,9839415695
market,Mavi Köşe Market,9839417936
market,Yeni Ümit AVM,9843886017
market,Elvanlı Market,10088616440
market,Gençlik Büfe,10128661107
market,Bekir Market,10146649876
market,Banaz Yapı Market,10146649880
market,ACİL Market,10146712945
market,CarrefourSA Express,10586324143
market,Neşeli Fresh,10586324144
market,Buz-Ak Kardeşler Market,10697080308
market,Toramanlar Market,10697110564
market,Dilan Market,10702288648
market,Asya Market,10833447907
market,Spil Kuruyemiş,10833447916
market,Bediroğlu Kuruyemiş,10833447933
market,Topuz Kuruyemiş,10836793310
market,Okyanus Tekel,10836793311
market,Migros M,10860139293
market,Klas,10907504887
market,Kibaroğlu,10924991851
market,Çöpsüz Bakkal,10928099426
market,Çok Şanslı,11022467690
market,Görkem Büfe,11022526773
market,Sevimler Kuruyemiş,11022529345
market,Yağmur Tekel,11025924905
market,Bostanlı Büfe,11032822695
market,Tereci,11069630792
market,Cadde Üstü Market,11069631117
market,Öncel Market,11069631864
market,Levent Tekel Bayii,11069636354
market,Aslan Gibi Tekel,11069648773
market,Arzum Market,11069660314
market,Laz Market,11076364097
market,Köşem Çerez & Market,11076377394
market,Boncuk 2 Büfe,11076377398
market,Yöre Pazarı,11076377404
market,Demirel Market,11076393825
market,Kumsal Market,11126140690
market,Evka-2 Market,11130645222
market,Sultan Gıda,11141593978
market,Tekelika,11141626347
market,Yağbasan Şarküteri,11141628972
market,Ege Yükselen Kuruyemiş,11141640548
market,Değirmen,11244212338
market,Sec,11262134437
market,Seç-al,11264515869
market,Tariş,11425026987
market,Gım Gım Tekel,11431708964
market,Total,11518654717
market,Sönmez Tekel,11526070396
market,Küçük Esnaf Tekel,11526070405
market,Neo Market,11526070450
market,Gökhan Market,11527696306
market,Pera Shop,11549455776
market,opet fullmarket,11572067861
market,Peterson Market,11601268728
market,Pehlivanoglu,11695737026
market,Amaç Market,11828820684
market,Lotus Market,11828847532
market,Baba Süpermarket,11828847534
market,Çıtır,11828847539
market,Peynirim,11832531184
market,Şans Oyunları,11832551609
market,Ege Deniz Shop,11889025365
market,Peysaş,11903244759
market,Çamköy,11904325640
market,Meşhur Peynirciniz,11904325644
market,Nazem Baharat,11904325647
market,Köprü Tekel,11904325649
market,Peynircim,11904380379
market,Düzen Gıda,11942252730
market,Fırtına AVM,11953922258
market,Melisa,12009080163
market,Ozkan,12009099497
market,Akarsu Market,12066208708
market,Selçuk Büfe Tekel Bayi,12117979051
market,Anatolia Tekel Shop,12117979077
market,CarrefourSA Süper,12119732042
market,Sinem Market,12194492930
market,Semi Bakkal,12316645544
market,Tarım Kredi Market,12325369702
market,Deniz Tekel Bayii,12350533348
market,Botellon İçecek Market,12353627049
market,BSA Davutoğulları AVM,12353631518
market,Bal Tekel Shop,12353638279
market,Şükran Tobacco Shop,12353655420
market,Göztepe Kuruyemiş Baharat,12387822399
market,Alvin Petshop,12387822400
market,Egemar AVM,12445220793
market,1-A Ver Tekel Shop,12478442064
market,Seç-Al,12478857240
market,Sabah Güneşi Market,12484236180
market,Eski Foçalı Market,12612608546
market,Dapak Market,12742154551
market,Gündüz Kardeşler Unlu Mamüller Market,12745381656
market,5M MİGROS GAZİEMİR,12750526245
market,Meli Market,12801286701
market,İZMAR,12804463138
market,Ayçin Market,12985815019
market,AYMAR,13017254529
market,Yolcu Kardesler,13017259933
market,Plus 1 İmza,13048181387
market,Merhaba Büfe,13048195711
market,Elit Büfe & Tekel Bayii,13077693350
market,Soner Büfe & Tekel Bayii,13077696591
market,Doğan Kuruyemiş,13089637217
market,Özlem Market 2,13127826104
market,Yayla Mini Market,13127826109
market,Anıl Market,13127826119
market,Meydan Shop,13234909734
market,Özdemir Market 2,13234909744
market,Özkayalar AVM,13361087474
market,Ayhan Market,13383491643
market,Kılıç Tekel,13383491649
market,Dostlar Market,13383491655
market,Agora Market,13390099003
market,Ada Alcohol Center,13394756588
market,Halktan,13472854885
market,Mungan Tekel Bayii,13473069523
market,Kuzey Tekel Market,13473069535
market,Meydan Tekel,13473069544
market,Miray Mini Market,13473704029
market,Caferoğlu Kuruyemiş,13476187442
market,Nida Market,13535055523
market,Beylerbeyi,13626316258
market,Güzmar+,13626442868
market,Balatçık Tekel,13647346020
market,A•101,13662018616
market,Shell Select,13663064461
market,Divriği Tekel Bayii,13758878588
market,Şahinler Market,13758897292
market,As Kuruyemiş,13798350353
market,Kurkutlar Kuruyemiş,13798350355
market,Merkez Market,13798350356
market,Smyrna Kuruyemiş,13798350382
market,Öner Tekel Bayii,13798350389
market,Bahar Tekel,13830833481
market,Import Alcohol Center,13895951495
market,Tarım Kredi Koop,13926005918
market,Bahar Kuruyemiş,13926005928
market,İzgi Tekel,13926005930
market,Efecan Market,13950579801
market,Biz Bize Büfe,14038499667
market,Çelik Büfe,1829275259
market,yaren sp.,2280737990
market,Ayşem Kuruyemiş,2794625969
market,Özer Tekel Bayi,2796344225
market,Özdilek Özlüce,3002350104
market,Acar Market,3113449260
market,Akuğur,3498918202
market,Özhan Market,3694897020
market,d,4253555689
market,Demirci Migros Jet,4314738849
market,A101 depo,4472773817
market,Fsm tobacco,5009634223
market,Sev-Al AVM,5278499717
market,Mini Mart,5278501937
market,Hobby AVM,5278508923
market,Özhan,5409824122
market,Çardak market,5450433022
market,Aytı Market,5457050753
market,Paşam Tekel,6228978883
market,Ufuk Market,6419121605
market,Borsa bazaar,6725077585
market,Furpa,6789375790
market,Seyhan Express,6789514101
market,Seyhanlar,7131760323
market,Macro Center,8084082036
market,Emre Gıda Ve Kırtasiye,8151035708
market,Gelen Shop,8227333114
market,Uslu Market,8329475928
market,Şaypa Market,8589181094
market,Nilüfer Bostan,8609743610
market,Görükle Tekel,9101935256
market,Peynirci baba,9299915917
market,Akıncı market,9430717829
market,FURPA,9739762474
market,FILE,9752930761
market,A.D.N. Market,9752968826
market,Seyhan Ekspres,9762274433
market,KOOPERATIF,9776677547
market,Akyıl Market,10296568009
market,RIZA MARKET,10611620116
market,Furpa Market,10846242490
market,Uğur,10870032433
market,İzpaş,10889129757
market,Tunalı Market,10945699837
market,A-101,11078343941
market,Mikrogros,11078343942
market,Peynirci Baba,11176547460
market,Yılpaş Market,11176592684
market,Shell,11752128496
market,Zekai Market,11983951469
market,BIM Sırameşeler,12006076666
market,A101_Sırameşeler Şubesi,12006099257
market,FURPA Sırameşeler,12006127953
market,Furpa_Alemdar,12006136045
market,Miss Elitte,12075499811
market,OKCUBABA YAY,12121878805
market,Erman Aydın Ortaokulu Paketli Gıda Kantini,12585400093
market,Yilmaz market,12891369807
market,Özhanlar,13164913257
market,Buket Market,13197700737
market,Rossmann,13243910503
market,Yaşar Market,13525768236
market,Eryatlar Bakkal,13991184472
market,Rota Bilisim Computer,1235780702
market,Kervansaray Market,1711817548
market,Rasayana Natural and Organic and Wholefoods with Cafe,1794732493
market,Macrocenter Terracity,1800172032
market,Store / küçük market,1806322927
market,1e1 Market,2253379268
market,Balıkpazarı Market,2386838521
market,Sosyete Pazarı (Antalya),2673997429
market,Yildiz market,3503480701
market,Tahtakale Spot,3574830605
market,Sultan Shoes,4265823519
market,Termiz Büfe,4385274094
market,Gülgen Market,4571204692
market,Tivak,4601684165
market,Seymen Efe Market,4620847020
market,Tekel bufesi bakkal,4861252523
market,Karaman market,4890702121
market,Kemal Bey Çiftliği Şarküteri Yöresel Ürünleri,4982326121
market,Çarçamba,4990686221
market,Uğurcan Market,5026524086
market,Macro,5201431327
market,By Fecco Süpermarket,5250909523
market,Gün Market,5254019123
market,Liman market & manan,5297662934
market,Aksum Market,5336388122
market,Şükrü market 2,5344250544
market,Cengiz Market,5370913425
market,Tahtakale,5416796415
market,Tahtakale spot,5648985523
market,Gonca Market,5983350120
market,Çağlarsoy,6067867991
market,Ofis,6072074989
market,Evren Büfe,6072074992
market,Elmalı Market,6072077495
market,Carrefoursa,6085861592
market,Migros (bulk store),6088093391
market,File market,6138765385
market,Konyaaltı Market,6172504387
market,Bismil Market,6188159703
market,Mepaş,6216243685
market,Ayazbey Sigorta Ofisi,6297257872
market,Siemens Kapalıyol İnfak Ticaret,6297257873
market,Carfoursa,6342833504
market,MacroCenter,6533326083
market,Erdal Market,6541963170
market,Falez Market,6745773233
market,Demirhan Büfe,6805395322
market,"Erikli, Nestle Su",6805395329
market,İran Market,6817292876
market,Anna (Valet),6874132050
market,BiM,7244382365
market,Şelale Büfe Kafe,7660316358
market,Flora Market,7707658255
market,Cumhuriyet Market,7972692563
market,Gaziantepliler,8077092519
market,Valet,8104230517
market,URFALIM BAHARAT AKTAR,8180065049
market,CarrefourSA Antalya Uncalı Şubesi,8296817213
market,Atılım Teknik,8321446289
market,Kasap,8434389818
market,Kafkaslar Market,8663199417
market,Tuğra 58 Market,8665731220
market,Hotel shop,8725212140
market,Mignos,8919537318
market,unknown,8960965509
market,Malatya Pazarı Palancı Antalya,9174586062
market,Astana Market,9179502681
market,Demir TARIM,9209562453
market,Coskun kuruyemis,9212352507
market,Mutlu,9212353935
market,Zumrut market,9212375187
market,Gulveren market,9212411690
market,Star avm,9212419474
market,Small convenience store,9341013417
market,Karma Organic,9348838117
market,İlay Gürme Market,9444745819
market,DOSTLARIN MARKET,9590932652
market,Akdeniz,9734991017
market,Oğur süpermarket,9735585718
market,bahçe market,9735585819
market,Omar Market,9735586019
market,acil market,9739103723
market,MiGROS,9774833006
market,Kiliç,9798175707
market,Tan & As Market,9802470515
market,7.7.7 Market,9802500583
market,Selvim Market,9802506724
market,Nokta market,9802534678
market,Iki iki market,9807170141
market,Mergu market,9807200379
market,5A market,9807215802
market,Tut Supermarket,9868766570
market,Arisoy Market,9870200779
market,Ozyildirim market,9870664405
market,Maviş Market,9874989084
market,Birkan's market,9883484949
market,Özgül Market,9891365455
market,Denizim Market Kuruyemis,9891931989
market,Market 7/24,9891931992
market,Kerem market,9904393573
market,Moon market,9934297101
market,Ailem market,9934325244
market,Akyel market,9934335007
market,Yildirim market,9953159369
market,Kooperatif,9953191010
market,Kirmizigul market,9953193068
market,Ugur market,9953204447
market,Bay yuce market,10006563274
market,Eylem Tekel Büfe,10113798117
market,Carrefour mini,10130086097
market,Batuhan market,10147353114
market,Çelebi Market,10154841687
market,Özsaygin market,10208814617
market,Ilay Gurme,10209421565
market,Akcan Market,10209444573
market,Kepez Alışveriş Merkezi,10210765517
market,Yağmur market,10214195472
market,Cantürk,10217247784
market,Akarsu Gıda Tekel Bayii,10218335960
market,Sur Melek Market,10218335977
market,Altın Büfe,10218336001
market,Polatçı Tekel Shop,10218345439
market,Çavuş Büfe,10218345454
market,Camel Büfe,10219505796
market,Serhat Market,10219528185
market,King Eren Market,10219528192
market,Gizem Market,10219528197
market,Muratpaşa Market,10219528214
market,Evrens Gıda,10219528220
market,Çevreci Market,10219528274
market,Mert Büfe,10219528276
market,Onur Büfe,10220067923
market,Enişte Market,10220067953
market,ATM,10228903740
market,AkGross Market,10238263215
market,Durmaz AVM,10241971809
market,Karizma Süpermarket 2,10290086209
market,Emel,10676302042
market,Peynircioğlu,10763717047
market,index group gayrimenkul,10908155426
market,Orkide,11072932340
market,Uncalı Migros MMM,11099580149
market,Akinci Market,11181847415
market,Onal Market,11253430594
market,Ruzgar market,11293353500
market,Aktuğ Market,11298812300
market,Güloluk market,11387734169
market,Volmar,11459402683
market,Ezgi Tekel Bayi,11739786469
market,Carrefour Super,11939825369
market,Akançay Market,11957702954
market,Denver,12211664261
market,Aspendos Tekel,12236467874
market,Ayazağa Çiftliği,12237401837
market,Tuana Market,12241779436
market,Class Market,12241808845
market,27 Aslan Market,12241885181
market,Ezgi Market,12241906025
market,Alya,12241910566
market,Daily Needs Market,12241911346
market,Çağan Premium,12245976979
market,Umudum Tobacco Shop,12246641738
market,Çiko Büfe,12246699248
market,Kaldan Market,12248466481
market,Yeşilbahçe market,12248505431
market,Pars Market,12248742838
market,Çağlarsoy şarküteri Gold,12248769115
market,İnci Market Şarküteri,12248782546
market,Hayka Market,12248803024
market,Köksal Market,12250659332
market,Anadolu Tekel Shop,12250666870
market,Çağrı büfe,12250730350
market,Öz Yaman Market,12255673722
market,Gürbüz Market,12255694316
market,Efe Büfe,12255733696
market,Ayışığı Market,12255733698
market,Kuzca market,12271643466
market,Karakaş market,12278281730
market,Köy Pazarı,12278666098
market,Star Supermarket,12278933724
market,Ulaş Süpermarket,12282115316
market,Doyran Market,12339734901
market,Mertcan Market,12383599854
market,Yiğitcan Market,12422500300
market,Alya Market,13033965867
market,ses premium tekel bayi,13050966852
market,Duvar Kağıdı Marketi,13100391327
market,Modern Market,13149315933
market,Kahraman Market,13270216543
market,Bizim market,13326210101
market,Marketim Market,13808410455
market,Carrefour express,13815455879
market,Simply Vegan Market,13849857501
market,Galeria,1166667310
market,Groseri,3727395774
market,Boztuğlar Kuruyemiş,4362492793
market,Groseri Market,4362808689
market,Taç Market,4539400990
market,Göçeroğlu Market,4539466593
market,Ceylan Market,4539479589
market,Kar Market,4540881889
market,Paşa-Jön Market,4541057593
market,Eski Kurttepe,4541083501
market,Emniyet Merkez Kantin,4541108098
market,Adana mar,4541140993
market,Atakent Lojman,4541211891
market,Seyhan Market,4544616797
market,Kolordu,4544616799
market,Polis Okulu Kantin,4544637492
market,seç Market,4544637690
market,Maya Market,4544639392
market,Karen Market,4572798494
market,İlk Adana Market,4572798495
market,Gül Gıda,4572802590
market,Ceylan-Mar,4572802591
market,Yugi Market,4572802594
market,Pelin Market,4572809494
market,İrem Market,4572809495
market,Serfa Gıda,4572809496
market,CanCan Market,4572809497
market,İlkmar Market,4572809499
market,Ayhan Market (Mehmet Nuri),4572809500
market,Saklıköy Market,4572824290
market,KUZEY TEKEL BAYİ,4572824291
market,Emiroğlu Market,4572824292
market,Emir Han Market,4572824293
market,Özyaşar Market,4572824315
market,Öz Ceylan Market,4572830692
market,Odak Market,4572830693
market,Yalçın Market,4572830696
market,Taner Market,4572830697
market,Doğukoç Market,4572830700
market,Bilir AVM,4572830714
market,Çamaltı Market,4572830790
market,Denli Market,4572830791
market,Turgutlar Market,4572832289
market,Emniyet Kantini,4572832290
market,Çalışır Market,4572832489
market,Karakaya Market Ömer,4572832492
market,Bayramoğlu Market,4572855297
market,Özyeşil Market,4572858991
market,Barak Gıda,4572988795
market,Genç Oğuz Market,4572988837
market,Bereket Market Serdar,4572988838
market,Kars Market,4572988839
market,Ceylan Market Nihat,4572988840
market,Şen Yılmazlar Market,4572991191
market,Özkayalar Market,4572991404
market,İzem Market,4573020398
market,Salih Market,4573020401
market,3 Kar Market,4573041493
market,Ebru Market,4573041494
market,Denizler Market,4573041496
market,Özlale Market,4573041546
market,Sinan Market,4573041590
market,Polatoğlu Market,4573041591
market,Şahan Gıda,4573041592
market,Enes Toptan,4573041692
market,Çınaraltı Market,4573041693
market,Erkan Market,4573060290
market,Bartev Market Umut,4573060292
market,Yücesu Market,4573079789
market,Karakaya Sedat,4573080789
market,Bartev Market Selim,4573080791
market,Öncü Market,4573080827
market,Öten Market,4573080828
market,Haypa Market,4573080829
market,Arkadaşlar Market,4573081390
market,Akdeniz Market,4573081410
market,Kent Market,4573081411
market,Yaşar 2 Market,4573081412
market,Ceylan 6 Market,4573083598
market,Kerem Market,4573083663
market,Acıoğlu Pizza Turizm vb.,4573088605
market,Deveci Market,4573089495
market,Aysa Market,4573089556
market,Doğ-Mar Market,4573089557
market,Dağ Market,4573125945
market,Reyhan Market,4573189054
market,Makara Market,4573189056
market,Babaoğul Market,4573197220
market,Demiroğlu Market,4573205648
market,Cemal Market,4573205649
market,Umut Ulaş Market,4573205650
market,Sümer Market,4573205654
market,Özgün Market,4573205655
market,DMar,4573215203
market,Melisa Temizlik,4573215204
market,Odak,4586673203
market,Emiroğlu,4586815891
market,dmar,4586821089
market,haypa,4586825789
market,Melisa market,4586825791
market,Sinan market,4586836591
market,Üstünel,4586836592
market,öz lale,4586836689
market,Karadaş Market,4587728489
market,Fulya market,4590618389
market,Başsoy Market,5278870521
market,Gizerler,5732023880
market,Sema Market,5933577286
market,Arzu Bakkal,6208946685
market,Gök Market,6643524583
market,İpek Market,6815000725
market,Atcı Market,6815789385
market,Erko Market,6831484252
market,Çalıkuşu Market,6854671595
market,Dörtler Hiper Market,7417383952
market,Uğur Gıda,7473577317
market,Gültekin Market,7473577318
market,aran oto aksesuar,8418566201
market,Gap Gross,9963227510
market,Özkar Ticaret,10133750043
market,3A - Dilara Market,10597446023
market,Emre Supermarket,10708269132
market,Piyu,10708515069
market,Ekoroma,10708536412
market,Ugurcan Bufe,10708590967
market,Burak Market,10709091952
market,Oztas Market,10709121641
market,Adıguzel,10734687872
market,Anakur,10734693793
market,Kaya Sebze Meyve,10734733580
market,Guvenc Market,10734737056
market,Uvek Market,10734740112
market,Sena,10734758871
market,Yeni Adamar Market,10734760974
market,Pasam Market,10734781379
market,Dallar Market,10734781380
market,Yaprak Market,10734806250
market,My Market,10734826116
market,Altunısık Market,10751453043
market,Yigitler Market,10752712803
market,Budak Market,10770431099
market,Danıs Market,10770787098
market,Güderler Market,10771779736
market,Hasan Dinc,10803991571
market,Zafer Market,10804486583
market,5A - Çerçi Yusuf,10956012587
market,Baykanoglu Market,10961013589
market,Anafartalar Gıda,10961014517
market,Topbaslar Bufe,10961021193
market,UveK,10967843920
market,A Alısveris Merkezi,10992495550
market,Kozanoglu Market,10992495551
market,61A - A101,11118382872
market,57A - Şok,11118382873
market,Birleşmiş Marketler,11215930375
market,Defne Market,11286207891
market,Migros Ticaret A.Ş.,11328021235
market,Hamidiye Market,11521273465
market,Ketre Gurme,11707592344
market,8F - Sot Organik,11707596475
market,4A - A101,12579272318
market,Mügem Minİ Market ve Tekel Bayii,12620987997
market,Fehat Gıda,12818930901
market,Miray Market,13507597356
market,Elif Nur Market,2900525339
market,Adesem,2979204687
market,Cenk Market,3652684624
market,Pima,3652703326
market,Çılgın AVM,3693227593
market,Can Büfe,3702327260
market,Ova AVM,3702828768
market,Akçaoğulları AVM,3702921699
market,Göktürk AVM,3706474132
market,Asfa Market,3706487430
market,Bozkırlılar Mismar,3706539007
market,Zafer Adese,3707525492
market,My Gross,3713114786
market,Kocaman Market,3737930803
market,Sincap Market Zinciri,3737990072
market,Gross 42 Market,3738023790
market,SütGross,3812891710
market,Öz Buhara Market,3812891711
market,Mesrur Market,4034264270
market,Mavcılar Market,4342722289
market,Çelikkayalar AVM,5112770422
market,Asfora,5112770423
market,Sedirler Pazar Yeri,5114844723
market,Özçelikkayalar AVM,5114853621
market,Adnan Menderes Toptancı Hali,5117278121
market,ŞEN ORTAKLAR MARKET,5922125229
market,Zambak Market,6090469486
market,Otogar Market,6955017585
market,Sögütlü Gross,8071642480
market,Kardesler Market,10204149966
market,Kayserili Bakkal,10737005552
market,Bizim Market'im,11197603987
market,Furkan market,11313894269
market,Sarılar Market,11482467924
market,TEKNİK DESTEK KONYA,11915675833
market,Burç Market,12057305569
market,Çelikkayalar,12099348601
market,Nur Gross,12335789508
market,Emin,12520558765
market,Bak Bu Gross,12560896562
market,Pınar Kuruyemiş,13819497167
market,Gülhanım Gurme,13819497168
market,Sürümzade,13819497169
market,Lades,3509592964
market,Yeşil Market,4493293289
market,Cergibozanlar market,4658799290
market,OLi,4787818521
market,Hepmar,5418075421
market,Winmar,5584510822
market,Damla market,5743660122
market,macro center,10069306612
market,Gulmus Center,10708194738
market,Sonmez Kardesler,10708218404
market,Bahce,10708308282
market,Gurme Market,10708322233
market,Gulmus,10708577678
market,Kardelen Mini Market,10708609665
market,Doganlar Market,10708625945
market,Sembol Center,10709109071
market,Cergibozanlar,10709114176
market,Cemre Market,10709155373
market,Oli Center,10709156050
market,Akmar Alısveris Merkezi,10717532200
market,Haksal Sekerleme,10769880632
market,Winmar Karatas,10769981661
market,Hocaoglu,10769990077
market,Aktar Gani,10770068728
market,Yalcın,10770078034
market,Barıs Market,10770770137
market,Tok Bakliyat,10770785222
market,KAYA BÜFE,10771807317
market,Dogcan Market,10804114878
market,Cergi Bozanlar,10804481665
market,Oz Aslan Market,10960968983
market,Oz Akay Gıda,10961011787
market,Cagla,10961021699
market,shop = grocery  name = Nizam Gıda  phone = +903423608260  addr:district = Gaziantep  note = Deniz Mah.  source = SafeGraph  check_date = 2023-02-12  fixme = resurvey after recovery,10980050216
market,Cetinkaya,10992510765
market,Güneşmar Market | Saçaklı Mah.,11195471006
market,Güneşmar Market | Fıstıklık Şubesi,11195492142
market,Güneşmar Market | Merinos Şubesi,11195513296
market,Güneşmar Market | Basra Şubesi,11195514107
market,Güneşmar Market | Merveşehir Şubesi,11195528723
market,Fırsat AVM,12010091133
market,Kıratlı Gross,12577069766
market,Ocak Pasajı,12717897906
market,Tanrıkulu Ticaret,12717903503
market,Sayısal Tekel,12719182001
market,Kayra Market,12786654202
market,Haydi,13188397202
market,D'Green Organic,13198496016
market,Ulaş Market,13347649702
market,Cergibozanlar Düztepe Şube,13909441601
market,Genç Gross,14004325801
market,Mermar Market,3989449876
market,Lider Gedikler,4127541198
market,fruits and vegetables ,4227727391
market,Forum mall,4227737992
market,Toros Market,4376873952
market,Penny Market,4380333989
market,Çetinkaya,4385155391
market,Aykanat Market,4391439691
market,Baba Market,4391439892
market,Aksan Market,4391487736
market,Özbaşak Market,4393103398
market,Kevser Antik Tespihçilik,5481368448
market,Yayla Gıda,6003331955
market,Çavuşoğlu,6132626208
market,Akdoğan AVM,6276367408
market,Turgut Market,6305438946
market,Meriş Alışveriş Merkezi,6310517562
market,Görallar Market,6851258687
market,İstasyon Market,6852449373
market,Özmen Market,6852454795
market,Avşarlar Kuruyemiş,7036855814
market,Toptan Marketim,8916557836
market,Bayar Market,9197445048
market,Duracco Family,9505185986
market,Duracco 96 Liquor Shop,9505185987
market,Ulaş Tekel Market,9684900217
market,Ela market,9792400895
market,Nursa Market,9796400608
market,Seç Marketleri,9796461695
market,Çalşkan Market,10118356074
market,Demircanlar Gurme,10765519624
market,Tarım Kredi Kooperatif Marketi,11257559540
market,Özcanlar Kuruyemiş,11294886821
market,Bakkal- Denizkızı A.Ş.,11886488166
market,Burak Gıda,12450084201
market,Güney Market,12450921984
market,Esenler Market,12450921985
market,Orkinos Balıkçılık,13298877000
market,Emirler Orman Parkı Market,13326119401
market,Kahramanlı Market,13866861001
market,Migall,2664776721
market,Portakal Market,2666984909
market,Başyazıcı,3769841757
market,Şehzade,3918139321
market,Şah Mar,3925369089
market,Gross38,4440395111
market,Shahzada,4770846826
market,Kilo Market,4876453047
market,DÖRTYOL MARKET,4876558124
market,D&R MARKET,4876570152
market,BEĞENDİK,4877248245
market,Başyazıcı Center Mimsin,5366999123
market,Almer şube,5673418523
market,Şehzade Market,6412299587
market,Kilo,6413975785
market,Develi Bakkal,7124288492
market,Kayseri Gross,9252805483
market,FİLE,10240361095
market,savaş market,10570357252
market,Şahin Büfe,11077419749
market,İpek Büfe,11077419750
market,Tarım Kredi,12424773449
market,Kayseri Gross Erkilet,12657912701
market,Aktif Gross Market,12718365904
market,Savaş Market,12740944201
market,Divan Market,12962339301
market,Tuğra Market,13834000285
market,Gross 38,14023789967
market,POLOmarket,4191798534
market,Özbesin,4760636519
market,Esmar,4792472560
market,Günaylar Market,5277777725
market,Can Tekel,5277791770
market,Neslihan Market,5296609328
market,Ponçik Büfe,5296609380
market,Alish Tekel,5296609395
market,Neşeli,5298103927
market,ESMAR,6173593963
market,Yüksel Tekel & Market,6173674049
market,Hadim,6173674699
market,Çağlar Market,6249966395
market,Ermar,6375573570
market,Kamer Market,6545172691
market,Ekmek Diyarı,6547632116
market,Yaşar Tekel,6547632144
market,Atlas Tekel Market,6552510260
market,Tuana Yemcilik ve Av Malzemeleri,6552510262
market,Çilem Tütün,6552510263
market,HD Et Center,6611938815
market,Polis Kantini,7025754362
market,Rasyonel Market,7115723388
market,Çilek Market,7166281301
market,Şok market,8901405633
market,Sefa Gross,8933259820
market,Ege Büfe,9733288561
market,Hamamyolu büfe,9733291713
market,Defne Bakkal,9948927112
market,Demirbilek Büfe,10860059689
market,Cadde Shop,11058161538
market,Esin Mini Market,11061247205
market,Emir Market,11061491934
market,TEKMAR,11707187269
market,Leylek Market,12139184116
market,Sülo Dayı Market,12139184122
market,Dumanlar 3 Market,12142070699
market,Batı Tekel Shop,12142079079
market,Yiğit Market,12142103517
market,Yiğit Tekel & Market 2,12142123453
market,Sevda Market,12142130742
market,Efsane Tekel,12142130744
market,Tekin Tekel & Telekom,12143394045
market,Seç Market Tepebaşı Ülkü Gıda,12143415847
market,Dağoğlu Market,12143444441
market,Küçük Esnaf Market,12143444860
market,Ege & Ece Market,12145187354
market,ON 7/24,12145191693
market,Batuğ Market,12955064989
market,Balkoon Tekel (Ekomini),13075884456
market,Gizem Tekel & Market,13249046180
market,Cevat Market,13385953363
market,SütYum Doğal Ürünler Çiftliği,13615475754
market,Rim Al,1823531973
market,ŞENGÜL TİCARET,2840531604
market,KAHVALTI DÜNYASI,2840548677
market,ÇETİN PUB,2841415975
market,TAHSİN KURUYEMİŞ,2841426811
market,ÇİÇEK MARKET,2841427170
market,Opet Fullmarket,3700588467
market,Kasarcı market,4124136398
market,Nizamettin Çetin,4212303093
market,Altemur Market,4294584393
market,Kesmar Market,5858680686
market,Rimal Market,7400899443
market,Organikgurmem,8439998716
market,Kaptan Market,8507924817
market,Yenişehir Tobacco store,8510785132
market,Orka Gross,8512178040
market,İhsan Kuruyemiş,8512211025
market,Kar-pa Hiper Market,8512766118
market,Bağdat kuruyemiş&Aktar&Büfe,8512779617
market,Marmara Market,8512779718
market,üzmezler kitap kırtasiye,8512781918
market,Şifa Baharat,8512782322
market,Nur Öztürk Gıda,8512787421
market,Özmar Gıda,8512935921
market,Karagözler Tarım Ve Gıda Ürünleri,8512942497
market,Örnek Gıda,8512951455
market,TÜGVA -KARTEPE BELEDİYESİ,8512962917
market,Kartepe Gross,8898286886
market,UYSAL MARKET,9280307527
market,Ataman Gıda,9388497456
market,Tarım Kredi Kooperatifi,9388497604
market,Damla Tekel Shop,9388539640
market,Yuvam Huzur Mini Market,9444493131
market,Ramazan Market,9560635778
market,Yeşilova Yılmaz Market,9575161212
market,Otantik Gurme,9580454784
market,Çakmak Market,9580454793
market,Kostaş,9583788838
market,Östek Market,9586660815
market,Duru Mini Market,9621069443
market,Yenişehir Market,9621106171
market,NivGross Toptan Market,9643002516
market,Akkaya Market,9645859522
market,Ankara Market,9687711493
market,Mıstık Market,9690705071
market,Baydem Market,9721670090
market,Her Market,9822296094
market,Emin Mini Market,9830995078
market,Nokta Market,9836675881
market,Emirler Market,9836676675
market,Sabah Büfe,9848156035
market,Egemen Market,9957782662
market,Köşe Market,9966466701
market,Candan Bakkal,9966473040
market,Melih Market,9966473048
market,Akar Market,9966473094
market,Park Kuruyemiş,9993343448
market,Ekonomi Pazarı,9993343516
market,Park Market,9993347726
market,Akmar Market,10040472035
market,Günkay Market,10045374601
market,Dostlar Süpermarket,10053356261
market,Özdilek Süpermarket,10649933083
market,Malatya Kuruyemiş,10679353699
market,Kupon Market,10679421709
market,Türkiye Tarım Kredi Kooperatifleri,10679421726
market,Yüksel Gross Market,10679421777
market,Lemar,10695303776
market,Mapa Kuruyemiş,10695303779
market,Özpay Grossmarket,10735354933
market,Ersan Vip Gross,10735386794
market,Mertay,10751257977
market,Hertat,10751257980
market,Makbul Kuruyemiş,10776669568
market,Tarım Kredi Kooperatifi Market,10776669597
market,2M Migros,10795174716
market,Hacı Baba Bal ve Reçel Dünyası,10819622133
market,Maşukiye Market,10819713337
market,Sarıdayılar Tekel Shop,10820177281
market,Şark Gross,10834463443
market,ARTI Market,11104553239
market,Bedesten Market,11156153532
market,AKIN MARKET,11156153541
market,Rimal,11747833662
market,Kesmar Maran,11747833663
market,Ferit Bakkal,11796042187
market,Dede Market,11812475734
market,Öznur Tekel,12084454307
market,ARYAPI Mermer,12092308088
market,Bayburt Kuruyemiş,12214659923
market,Derin Market,12214659926
market,Özpaş,12739054030
market,Sarıkaya Market,13152887797
market,Osman Bakkal,13896436801
market,Murat Bakkal,13896437101
market,Bim MARKET,14002308580
market,Alkolsuz Carrefour,1189860879
market,Küçük pazar,1919167634
market,Bahar Avm,4603876289
market,Opet-Orhan Acar Petrol,4699018983
market,İcabet Market,4942521267
market,Limon,4964580499
market,Adalet Kuruyemiş,5285940689
market,Elitt,5470737705
market,İstiklal Market-Manav,8267223428
market,Prestij,8605541979
market,Atamark,8605542002
market,5M Migros,10034672750
market,Abdik İkizler,10034880244
market,Bahmar,10086954696
market,Bahar Şarküteri,10086954697
market,Aloha,10087100913
market,Gökmar Market,10281127715
market,Bahar,10284415097
market,Esenevler Market,10297714943
market,Zengin Market,10297714944
market,Çaylak Şarküteri,10606643208
market,KooperatiF market,10611922005
market,Atakum gross,10611922205
market,Akkaya market,10655228947
market,Turk-is,10748000135
market,Pazarcı,10815942012
market,Halk Market,13569104999
market,AnpaGross,1762746999
market,İlhan Bakkal,2465804771
market,Poyraz Market,2465807174
market,Kan Market,3765265226
market,Pekdemir Kınıklı,3767902316
market,Çıtır Kuruyemiş,3773311991
market,Pekdemir Market,3773409915
market,Samet Market,3773456714
market,Kukuroğlu Market,3773632156
market,Efe Büfe Tekel Bayi,3773669570
market,Bayır Büfe,3775294663
market,Bardakçıoğlu Market,3775730491
market,Eyice Market,3775753057
market,Çiftlikoğlu Şarküter,3780907960
market,Doğa Şarküteri,3780933481
market,Pekdemir Çiftliği Market,3780933482
market,Saraç Büfe,3786704276
market,Yükseller Market,3787600913
market,Atılgan Market,3787613690
market,Merve Market,3788945265
market,Yüksektepe Market,3791230378
market,Memişoğlu Market,3791238477
market,Alp Süpermarket,3791691522
market,Yudum Büfe,3791691530
market,Erşafak Gıda & Şarküteri Market,3791691532
market,Ender Süpermarket,3791691535
market,A101 Market,3799275904
market,Bilgin Süpermarket,3799275909
market,Ekmel Gross Market,3817331720
market,Nail Bakkal,3817334396
market,Başarırlar Kırtasiye,4331385249
market,Tuğba Kırtasiye,4331459746
market,Saraçoğlu Market,4403303690
market,Adaköy Bakkal,4771956321
market,pekdemir süper marketleri,5303635210
market,ÇETİN TEKEL BAYİ,5303636535
market,ERŞAFAK MARKETLERİ,5303636536
market,ALP MARKET,5309245940
market,YÜKSEKTEPE GIDA,5312559565
market,Özlem Tekel,5938936750
market,Kampüs Büfe,5938936762
market,Tefenlili,5938936767
market,Balcı Büfe,5938936993
market,şaşkın bakkal,6558290985
market,YİĞİT Market,6558290986
market,Yükseller Süpermarket,6558291085
market,Pekdemir Çiftliği AVM,8098405197
market,Eren Market,8342439652
market,Hazar Petrol Süpermarket,9302619414
market,Can market,10033842024
market,Atalay,10551680648
market,Aliverin Gari - 2,10551680649
market,Ata ekmek,10554279028
market,Kampus,10554315681
market,Umul,10555253661
market,10 line,10556653118
market,Çamlıoğlu,10568606124
market,Yayın,10584065471
market,Selda Merkat,10588927431
market,Tirbuşon shop,10606769309
market,Cool drink tekel,10615422370
market,Tiryaki Shop,10638197445
market,Eva,10648800881
market,Nirvana,10648800885
market,İnci tekel,10648837777
market,Bon Jardin,10648845928
market,Öner,10649004860
market,Alperen,10655618174
market,Dnc Tekel,10716632314
market,Ufuk,10737543214
market,Karakaya,10745139714
market,Mahzen Market,10789650766
market,Rüzgar,10807524571
market,Paşa market,10836999182
market,Derici shop,10836999183
market,Pekdemir Çiftliği,12368139022
market,Berkant Mobilya,13503795237
market,Ata Fırın/ AVM Şemikler Şubesi,13931555897
market,Gün Vakti Süpermarket,13975776352
market,Yeta Süpermarket,13978705098
market,Çanakoğlu Market,13984018294
market,Şanmar,4348368897
market,seç,9469555319
market,7/11,10703781492
market,Ismar Marketler Zinciri,10751463913
market,Sanmar,10752645925
market,Yilmaztekin Market,10939062336
market,Oyan Gida,10939062367
market,Market Bab Alhara,10939064916
market,Ider-Mar Gida,10939064920
market,SABIR MARKET,10939064922
market,KiRAZ MARKET,10939064923
market,Abu Emin Market,10939064924
market,Yildizli Market,10939064926
market,Sarıgül Market,10939064943
market,El Humsi Market,10939064944
market,Eyüpkent Gida Toptan Ve Perakende Gida Satişi,10939064946
market,Beyazgül Market,10939064947
market,Gümüştaş İmamoğuları,10939064948
market,Sanmar Alısveris Merkezi,10961020088
market,Ekonomi,11162502905
market,Doğa Market,11162503005
market,Erdoğan AVM Süp.Market,3329679996
market,Dizmar,3619127746
market,Çarmar,3619127769
market,Faruk AVM,3738586370
market,Rohat Market,3740443038
market,Armina Market,3740464620
market,Öz Deniz Market,3741143741
market,Esila Market,3741672166
market,Mansur Gross,3742237864
market,Baran,3743146946
market,Armar,3743146947
market,Tek Market,3744065742
market,Pelda Market,3744163747
market,Bubya AVM,3745187766
market,Mega Star Market,3745548639
market,Seven Market,4061619787
market,Tülay Market,4062914573
market,Goldroom AVM,4062914574
market,Çağdaş AVM,4062914587
market,Çakır Market,4063007356
market,Işık Mini Market,4064676032
market,Kiraz Market,4064752331
market,Pirinçlik Market,4064816905
market,Nupelda Market,4064816908
market,Şinda Market,4065065245
market,Sönmez Market,4065193461
market,Mezopotamya Gıda,4066340078
market,City AVM,4066340330
market,Taşkın AVM,4071141809
market,Marka AVM,4071141834
market,Saray Market,4361471017
market,Armina,4523822489
market,Royal AVM,4707868788
market,Megastar Market,5008791025
market,Evim Market,5357234314
market,Mega Market,5366399726
market,Yılmaz AVM,5500469624
market,Zagros AVM,5586330922
market,Todem Toptan Satış Mağazası,6813797885
market,Metropol Tezgel Market,7208046319
market,Dimaş AVM,8244903846
market,Şölen Market,8245194261
market,Armen Market,10696888861
market,Canbey Market,10722718602
market,Dark Kuruyemiş,10722718806
market,Turuncu Kuruyemiş,10722764605
market,Kom,10723346717
market,Defne AVM,10725061818
market,Turuncu,10725385975
market,Big Gross,10732520515
market,SOK,11276913962
market,Sati Market,12172516501
market,Tez Gel,12365083811
market,Panorama Market,13130927205
market,Aram Market,13690545071
market,Akranlar,3806370676
market,Esenlik Market,4704701698
market,Çarşı Market,4812209021
market,Kaysıcı Hüseyin Efendi,6832259715
market,Esenlik,8145156506
market,Magim,8145192436
market,Esenlik Supermarket,10708294266
market,Yazıcıoglu Market,10708590427
market,Pazar Supermarket,10721637661
market,Pazar Süpermarket,10734237753
market,Akgedik Market,10734571621
market,Carsı Market,10769972978
market,Canan Market,10770152474
market,Malatya Gross,10771638859
market,Makro Market 3 Battal Gazi,10771753926
market,Yıldız Büfe,10771758419
market,Kernec Helva ve Kayisi Market,10771769498
market,Elmas Gida,10771780045
market,Özyıldız Ticaret,10771803564
market,Yeşil Malatya Market,10771812860
market,Esenik supermarket,10771814693
market,Halal Dunya Marketleri GiMDES,10771815281
market,Emin Süt Bakkalyesi,10771818900
market,Doğan Bakkaliyesi,10771822958
market,Nisa Gıda,10771822959
market,GROSSM MARKET,10771858322
market,Esenlik Süper Market Yeşilçam Şubesi,10771863626
market,Bol Market 3,10771881128
market,Efsane Gıda,10960981961
market,Ozpolat Kuruyemis,10973834156
market,shop = supermarket  name = Bim  phone = +902165640303  addr:district = Malatya  note = Toplu Konut Sahası İş Merkezi  source = SafeGraph  check_date = 2023-02-12  fixme = resurvey after recovery,10980051595
market,Genc Bufe,10992507714
market,Bakkal Suluköy,12682134203
market,Yentürkler Market,12958938701
market,KTM Toptan Market,13257375901
market,Grossm Market,13464905773
market,A101 Bezirgan Şubesi,13464915038
market,Akmansoy Market,3510652893
market,Akmansoy,5643688421
market,Zeytinliler Market,5658141133
market,Özçam,5673498615
market,İsmar,5691553132
market,Ali Marketler Zinciri,6186110020
market,Lord Market,7159568910
market,Yamaç Market,7159589139
market,Lider Toptan Market,7160665483
market,Sarıgül Tarhana/Firik,7173204364
market,Ayranpınar Market,7191989549
market,Marvit Gross,7192041886
market,Balakan,7639987988
market,Sirin Market,10708300005
market,Kamiloglu Aycekirdegi,10736175182
market,Arıkanlar Market,10770506788
market,Fidan Kardesler Market,10804016619
market,Huzur Market,10961010063
market,Dogan Market,10967806386
market,Güvendik Market,3627194417
market,DENİZLİ TİCARET (ÇAYKUR BAYİİ),4357465291
market,Düzgün AVM,5064967821
market,Cimilli,5064968121
market,TEMA AVM,5071930408
market,Tema,5074947817
market,Gündoğdu Market,5075530747
market,MiGROS jet,6358084789
market,Bizim,10092487817
market,Dolaz Gıda,4617914389
market,Maxi,5058226367
market,6N Market,5096983151
market,Esra Market,5387690122
market,Acar Büfe,5482530911
market,Güngördü Bakkal,5490234917
market,Bim A.Ş.,5490237926
market,4AS Market,5498178119
market,Baygül Market,5498752921
market,Demir Büfe,5504545504
market,BP Shop,5624255652
market,Uğur Büfe,5647040252
market,4AS,5701795821
market,Kösem Tekel,5756298834
market,Yörmar Market,5817135164
market,Bim Market,5817135169
market,Eymen Tekel Shop,5898537532
market,Tuğra Gıda,5903271255
market,Tunç Büfe,5978247561
market,Aziz Tekel Shop,6004328997
market,Mutlular Market,6038452895
market,Promil Tekel,6043371379
market,İlker Büfe,6062850858
market,Güler Market,6105115402
market,Tespo Cash Toptan ve Perakende Satış Alışveriş Merkezi,6136730491
market,Boduroğlu Market,6277957079
market,Şener Market,6390259797
market,Hismar,2272307966
market,Aytaş,4911126039
market,Gökkuşaği,5277907136
market,Saadet Market,5280576121
market,DMR Market,5280577122
market,Organik Köy Ürünleri,5605433731
market,Çınar Gıda,5806715472
market,Cem Kızılırmaklı Hipermarket,5812305148
market,Demir Süper Market,5812305150
market,Tekel Shop,5818580990
market,Cem Hipermarketleri,5859003580
market,Tanrıöver,5859003581
market,Bankacılar Market,6204628002
market,Hayri Market,6388213838
market,Elvan Gıda,6388220108
market,Okyanus Tekel Market,6388220110
market,Ay Büfe,6388220115
market,Yaşar Ekonomik Market,6388220193
market,Tezcan Büfe,7777134167
market,Gönül Büfe,8166740003
market,Akpınar Market,8676398055
market,İnce Süpermarket,8974212995
market,Ayaz Süpermarket,9177250274
market,Ece Market & Tekel,9879120256
market,ŞOK Supermarket,9892512096
market,Anıl Market Tekel Bayii,9938796318
market,Selen Gıda & Sayısal Loto,9941036556
market,Cem Hipermarket,9942201341
market,Aysu Market,9942426715
market,Alper Süpermarket,9942449045
market,Özgen Market,9968794576
market,Alkan Büfe,10000718010
market,Bereket Büfe,10000732683
market,Budak Büfe,10000734910
market,Algönül Tekel Bayii,10000757248
market,Sergen Market,10000759422
market,Shot Tekel,10000765817
market,Texas Tekel,10030509108
market,Hatipoğlu Market,10030522395
market,Kumsall Market,10968315100
market,Brakya Tekel,11093044605
market,D6 Büfe Tekel,11093044615
market,Genç Tekel Şans Oyunları ve İddaa Bayi,11093044623
market,Bahtiyar Büfe,11146983414
market,Ayas Büfe,11541204223
market,Yemek Sepeti Market,11556739761
market,Sevgi Büfe,11556748981
market,Dila Market,11556767308
market,Efsane,11623667831
market,No.1 Büfe,11699151403
market,Vefa Market,12356421788
market,Temiz Gıda,12356434296
market,Mes Büfe,12356434481
market,AG Tekel Bayii,12836783443
market,Çankaya Market,12980821345
market,Kurt Market,12988970846
market,Mavi Büfe,12988970857
market,Çetinler Gıda,12998131739
market,Tek-Pa 2. Büfe,12998153385
market,Hürriyet Market,12998163829
market,+1 Noktası Premium Tekel,13002622319
market,Balçay Market,13026891969
market,Gökçil Süpermarket,13026891971
market,Arzum Supermarket,4164850190
market,Tansa,4215211990
market,Oba Market,4406280199
market,Üni-Mar,4408804191
market,Neşe Market,4413888984
market,İsmar Market,4415137010
market,İSMAR,4596239321
market,Diriliş Gıda,4596239326
market,Market 24,4596239328
market,Kilpa,4617359023
market,İpa,4622727132
market,Ay-Mar,4774068931
market,Fatih AVM,4774068932
market,Güntaş AVM,4911618042
market,Arda büfe kahvaltı,5006358322
market,YZC,6002617093
market,Dere Ici Market,6319381507
market,Moramar Market,6411941063
market,Yesil Mandira,6606323986
market,FİLEMAR MARKET,6687537653
market,Kadir Market,7220789943
market,Fanus Organik,7540260937
market,Toprak Gıda,8523512662
market,ipa,9626822958
market,Farmers Market,10033904108
market,Uygun Avm,10033904110
market,Helat Et Gida,10033992754
market,Öztürk Mini Market,10255668354
market,Sepet,10255668396
market,Örseloğlu Gıda,10862823880
market,Afrodit Büfe,10862823893
market,Ayjet,11012308775
market,İsaoğlu Market,11015714685
market,Acısu Market,11025665987
market,Güntaş,11085003666
market,N-Yıldız,11100238287
market,Kilpa Baguna,11107581869
market,Mekan Market,11279694671
market,Emin Büfe,11279963432
market,Bekaroğlu Gıda,11279963435
market,Cüreoğulları Ekmek,11279963463
market,Bulut Sarküteri,11773390582
market,Şok Marketler,12605196529
market,YZC Market,12608626172
market,Asya,12608629175
market,Cömert Market,12609650249
market,Okyanus,12609650263
market,Gülbahar Market,13070890101
market,Yardım Market,13070890201
market,Seis Bakkal,13070890202
market,Ambar Yöresel,13070890702
market,Pehlivanoğlu Supermarket,1936888457
market,Sakmar,3820121070
market,Karmar Karaul Süpermarket,4753693426
market,Essen Market,4753715526
market,Çetin Ticaret,4803945991
market,Abaza Bakkal,5328927606
market,Belinler Market,5426911403
market,Vagon Market,6004819426
market,Essen AVM,6004819445
market,Palmiye Büfe,6005574742
market,Yeşilyurt Market & Manav,6005574748
market,Demirkol Gıda,6005574749
market,Adadakiler,6761407054
market,Bizim Toptan Satış Market,7087535959
market,Koru Doğal Yaşam,7156905765
market,Mıtıncık Market,7636294962
market,Nazar Kuruyemiş,8937457325
market,Yeşiller Kuruyemiş,8937480507
market,Pelinler Market,8937482319
market,Çolak Kuruyemiş,8937484965
market,Şans Büfe,8937485470
market,Cio Market,9033794984
market,Adalılar Kuruyemiş,9075412868
market,Mevsim Kuruyemiş,9075613179
market,Park Büfe Gazete Bayii,9075636901
market,Beer Shop,9086647861
market,Kuzey Kuruyemiş,9087853845
otel,Yiğitalp Oteli,262396496
otel,Tepebaşı,269507773
otel,W Hotel,269523672
otel,Hotel Grand Yavuz,275600519
otel,Senator Hotel,277139847
otel,Mavi Guesthouse,278004998
otel,Divan Hotel,278615640
otel,Euro Plaza,292561278
otel,Aşkin Hotel,415156587
otel,Blue House Hotel,415156588
otel,Titanic Hotel,423207446
otel,Hürriyet,500060394
otel,Taksim Yufa Suites,513386309
otel,Villa Blanche Hotel,687472217
otel,Fuar,732308107
otel,Turquhouse Hotel,765883045
otel,Hotel Occidental Taksim,792556744
otel,Grand Hotel de Londres,803325001
otel,Hotel Aziyadé,904611372
otel,Vardar Palace,939122974
otel,Telia,952160695
otel,Güleç Konak Hotel,1000021823
otel,Sumengen Hotel,1106083650
otel,Obelisk Hotel - Best Western,1106083653
otel,Arts Hotel Taksim,1161228099
otel,Acra Hotel,1249920994
otel,Hotel Peninsula,1251645280
otel,Nobel Hostel,1325246139
otel,Armagrandi Spina Hotel,1325246155
otel,istanbul port hotel,1343734824
otel,Mövenpick Hotel Istanbul Bosphorus,1365841276
otel,Point Hotel Barbaros,1365850199
otel,Sheraton Istanbul Ataköy,1394802743
otel,Anatolia Suites Sultanahmet,1473034819
otel,Hotel Sapphire,1496713040
otel,Taksim Star Hotel,1604780631
otel,Ahmet Efendi Evi,1632647865
otel,Park156,1661078600
otel,Emex Hotel,1661083022
otel,Point Hotel,1690329824
otel,Ağaoğlu MyVillage Residence Hotel,1694213619
otel,Sultan’s Inn,1762083460
otel,Weingart Hotel,1770234334
otel,Olimpiyat Hotel,1784912021
otel,Yasmak Sultan Hotel,1784912033
otel,Cheers Port House,1789464100
otel,Ottoman Hotel,1807703795
otel,Faros Hotel,1839561313
otel,Avantgarde Hotel,1863234779
otel,Zeynep Sultan Hotel,1885894932
otel,5 Boutique Hotel,1885900109
otel,Butik Otel,1905650500
otel,Otel Hüseyinağa,1905650509
otel,Fors Hotel,1908677117
otel,The Central Palace,1909658609
otel,Crystal Hotel,1912881339
otel,Almina Otel,1914160114
otel,Antis Hotel,1914160116
otel,Avicenna Hotel,1914160117
otel,Azade Hotel,1914160118
otel,Divalis Hotel,1914160121
otel,Hotel Sphendon,1914160122
otel,Tashkonak Hotel,1914160127
otel,Shamrock Hotel,1915390152
otel,Tempo Hotel,1934480228
otel,Titanic Port Hotel,1935264363
otel,Hotel Arcadia Blue,1937914694
otel,Finch Apartments,1957446183
otel,EPOS Hotel,1969992644
otel,HürremSultanKonağı,1974373971
otel,Turvan,1995185644
otel,Gezilist House Residence,2126619167
otel,Serrac Hotel,2129678506
otel,HHK Hotel,2201796690
otel,Celine Hotel,2239749973
otel,Lausos,2242576003
otel,Hotel New House,2242576040
otel,Golden Crown,2242576057
otel,DoubleTree by Hilton Hotel Istanbul - Avcilar,2279801636
otel,La Piano,2300981485
otel,New Pera Suites,2313688959
otel,İstiklal St House,2322306553
otel,The Marmara Taksim,2329194005
otel,Bereket Apart Hotel,2343698950
otel,Iskele House Flats,2348218021
otel,Çınar Otel,2360893118
otel,Boutique Hotel Riva,2378122621
otel,Anibal,2379571788
otel,Atasayan,2379571796
otel,Holiday Inn,2379571807
otel,Aura Apart Hotel,2379706608
otel,Hotel Byzaz,2433913439
otel,Eysan Hotel,2449446059
otel,Parpali Otel,2449446065
otel,Güneş Otel,2482928508
otel,Gulhane Corner Hotel,2517174561
otel,Dedem Boutique,2519859560
otel,Kupeli Hotel,2519859561
otel,Santa Sophia,2519859562
otel,Sultan Ahmet Palace,2524535697
otel,OBA HOTEL,2527036032
otel,Hotel Torun,2599968945
otel,Diamond Hotel Taksim,2634934647
otel,Dualis Hotel,2647384355
otel,Best Western Antea Palace Hotel & Spa,2647416439
otel,The Peak,2754513956
otel,Taximist,2760118495
otel,Levni Hotel & SPA,2768450499
otel,Darkhill Hotel,2894123842
otel,Ağaoğlu My City Hotel,2902932721
otel,Orka Royal Hotel,2927878650
otel,Hotel Ottoman Luxury,2934568249
otel,Corner Suites Taksim,2959736391
otel,Mernat Otel,2990375618
otel,Istanbulsuites,2999748088
otel,Mergen Apart,3017634833
otel,Hotel Tulip House,3075182583
otel,Ay Otel,3105263317
otel,Romance Hotel,3105292588
otel,Liza Grand Hotel,3131825230
otel,Tarabya Oteli,3137359050
otel,Hotel Grand Zentrum,3143473543
otel,Pera Rose Hotel,3153813247
otel,Beylikdüzü Günlük Kiralık Daireler ve Evler,3157937952
otel,The Haze Hotel,3184138914
otel,Art Nouveau Galata,3188737340
otel,AC Hotel İstanbul Maçka,3201096937
otel,Paris hotel,3209386501
otel,Witt Istanbul Hotel,3273342882
otel,Kocasinan Airport Hotel,3304405265
otel,Hilton Garden Inn Istanbul Ataturk Airport,3344150209
otel,DoubleTree by Hilton Istanbul Gayrettepe,3374869261
otel,Nișantașı My Residence Hotel,3405207448
otel,Hotel Nordstern Galata,3457405618
otel,Amisos Hotel,3457689618
otel,Hotel Sultania,3457689621
otel,Degirmen,3494619972
otel,Ramada;Ramada Old City hotel,3499085051
otel,Otel Kaya,3499086341
otel,Golden Hill,3499092954
otel,Hotel Empire Palace,3499219842
otel,Hotel Belde,3499232358
otel,Metro Hotel,3499250060
otel,Dedem Hotel,3505761546
otel,Katelya Hotel,3507067083
otel,Gulhanepark Hotel,3556260143
otel,Wyndham Grand Istanbul Levent,3560449761
otel,Tuana Hotel,3569069194
otel,duo galata hotel,3583733293
otel,DoubleTree by Hilton Istanbul - Tuzla,3650315740
otel,black birde hotel,3672552825
otel,Vialand Palace Amusement Park Hotel,3701196101
otel,Hotel Birol,3702768867
otel,Yaztur Hotel,3763136995
otel,Galata 1875 Suites,3780724830
otel,Hotel Aslan İstanbul,3806646230
otel,Darussaade Istambul Hotel,3825504460
otel,DoubleTree by Hilton Istanbul - Piyalepasa,3844335665
otel,Elan Otel,3877230353
otel,Devman,3877233633
otel,Bristol,3880776519
otel,Monopol,3884918056
otel,AİRPORT İNCİ HOTEL,3898100603
otel,Karakoy Aparts,3982597451
otel,Hampton by Hilton Istanbul Atakoy,4007731411
otel,Yıldızlar Hotel,4040300226
otel,Uygulama Oteli,4053680401
otel,Akmerkez Residence,4059035327
otel,Marmara Guesthouse,4086861008
otel,Pullman Istanbul Airport Hotel & Convention Center,4126338427
otel,Renaissance Istanbul Polat Bosphorus Hotel,4126599189
otel,Dinar Otel,4129023491
otel,Antik Kugu Otel,4129048092
otel,Naz Otel,4129048789
otel,Albinas Hotel Old City,4134080244
otel,Dosso Dossi Hotels Downtown,4144148890
otel,Bosphorus Hotel Suit,4161579228
otel,Hotel Princess,4162021182
otel,ÇENAR KONAK Butik Otel,4178471933
otel,Aslan Apartments Istanbul,4180502255
otel,galata life,4201594689
otel,Rumours Inn,4208931398
otel,The Marmara Pera,4209024092
otel,Klas,4232293590
otel,Vizyon City,4232298894
otel,Sehir Hotel,4248233899
otel,Cankurtaran Öğretmenevi,4249014893
otel,White House Hotel,4251738052
otel,Adahan Hotel,4252364989
otel,Fener Motel,4258380027
otel,Grand Hotel,4258939891
otel,Menendi Beach Club,4260198191
otel,Hotel EPHESUS,4261376327
otel,The coach,4264495899
otel,hotel wiva,4265867792
otel,Loor,4266037890
otel,Yeni Köşk Orman,4269569189
otel,Airport Hotel,4271076495
otel,best2,4290840993
otel,best point hotel old sity,4290862890
otel,Radisson President Beyazit Istanbul,4291021796
otel,Madrid Hotel,4299450592
otel,GLK Premier Mansion suites and spa,4299628509
otel,Nizam butik otel & bistro,4308655789
otel,Çağyigit otel,4311617193
otel,ALF HOTEL,4312139789
otel,Rox Hotel,4317993994
otel,Mercure Hoteles istanbul BOMONTI,4353781521
otel,hotel hilarium fabric,4366207690
otel,Rainbow 48,4367630393
otel,Lider OTEL,4382435195
otel,Ramada Hotel & Suites,4391565090
otel,Boom Palace,4409284592
otel,Holas apartment,4416164098
otel,occidental pees hotel Istanbul,4419028247
otel,Dilens Bosphorus Hotel,4441171893
otel,Grand Hotel Avcılar,4454906590
otel,My room,4457620690
otel,Otel Prima,4459920989
otel,Alhambra Residence,4488013690
otel,Carina Hotel Istanbul,4488034089
otel,Seminal Otel,4527688899
otel,Erboy Hotel,4528413792
otel,De pera,4545845291
otel,Ambassador,4607420714
otel,Luce Suites Taksim,4621010192
otel,Nomade Hotel,4623531590
otel,Ag Şişli Hotel,4679301981
otel,The Elysium Istanbul MGallery by Sofitel,4686516718
otel,Metinhan Hotel,4780999497
otel,Peak Star Hotel,4781043737
otel,Miesha Ottoman Palace,4785763258
otel,Melek Hotels Moda,4785763262
otel,Prestige,4786066473
otel,Otel Sahinler,4786093130
otel,Arts Hotel,4786905538
otel,Ramada Plaza,4786933543
otel,Jazz Hotel,4787192051
otel,Harbiye Subay Orduevi,4812382923
otel,Juliet,4815998149
otel,Serene Hotel,4872302959
otel,Hilton Garden Inn Istanbul Beylikduzu,4891500804
otel,DoubleTree by Hilton Istanbul Umraniye,4907289133
otel,Basileus Hotel,4917337921
otel,Hotel Zakkum,4928329121
otel,Taşhan Hotel,4992588942
otel,Walton Hotels & Spa Nisantasi,4997279663
otel,Elite World Business Hotel,5015370234
otel,Ufuk otel,5015370235
otel,Koç Otel,5016175921
otel,Sürmeli İstanbul,5038978821
otel,Mercure Hotel Topkapı,5048599926
otel,best nobel hotel,5073094763
otel,Golden Hill hotel,5075929021
otel,Kaya otel,5075929026
otel,pianoforte hotel,5075960997
otel,Tugra hotel,5075961005
otel,Hotel Licus,5075962050
otel,city hotel,5075962054
otel,hotel prime,5075962056
otel,Romeo Hotel,5075993813
otel,Queen seagull hotel,5076115929
otel,Bern Hotel,5081264681
otel,Green Anka Hotel,5081264694
otel,Golden Tahir Hotel,5081264695
otel,All Season hotel,5081264718
otel,Grand Anka Hotel,5081265938
otel,Grand Vatan Hotel,5081265955
otel,Star City hotel,5081265958
otel,Ottoman Life Boutique Hotel,5081265965
otel,Hotel Canan,5081274112
otel,Kaya Madrid hotel,5081274119
otel,Hotel Fatih,5081274120
otel,Hotel Ceren,5081274324
otel,Hotel Melita,5081274325
otel,Hotel Seren,5081274331
otel,Hotel Ümit,5081274332
otel,Hotel Metropol,5081274333
otel,Hotel Troya Balat,5081445081
otel,Lotus Hotel Istanbul,5086061052
otel,Yılmazlar Hotel,5086061059
otel,İslamoğlu Hotel,5086061065
otel,Yalçın Hotel,5099040178
otel,Yüksel İstanbul Yenikapı,5099056205
otel,Otel Avlonya,5099060691
otel,Otel fuar,5099060692
otel,Mekke otel,5099060697
otel,Hotel ay istanbul,5099060707
otel,Baran hotel,5099060710
otel,Hotel tura,5099060711
otel,Hotel karaman,5099060714
otel,Grand oruç hotel,5099062122
otel,Otel hobby,5099062125
otel,The port hotel,5099062126
otel,Hotel bilir,5099062128
otel,Hotel life,5099062129
otel,Hotel öz villa,5099062135
otel,Hotel ümit 2,5099062149
otel,Alahan hotel,5099062152
otel,Rouge noire hotel,5099062156
otel,The city hotel,5099062157
otel,Hotel Doğan,5099062159
otel,Günay Hotel,5099065421
otel,Lal Hotel,5099065424
otel,Esen Palas Hote,5099065430
otel,Hotel Nayla,5099065431
otel,Flamingo Hotel,5099065435
otel,Hotel Kayışı,5099065452
otel,LA GARDEN HOTEL,5099065457
otel,Hotel Nice,5099065460
otel,Hotel The Ferah,5099065470
otel,Hotel Surucu,5100825069
otel,Hotel özvural,5100825079
otel,Hayat hotel,5100825080
otel,Hotel Ozvural,5103810755
otel,Hotel Golden gate,5103810756
otel,Hotel Yuvam,5103810757
otel,Otel Dünya,5103810765
otel,Hotel Ruya,5103810766
otel,Doğruyol Hotel,5103810767
otel,Otel Pelda,5103810768
otel,Torun Hotel,5103810769
otel,Yavuz Hotel,5103810770
otel,Huzur Otel,5103810775
otel,Pamir Otel,5103810779
otel,Reis Otel,5103810783
otel,Topkapi Inter Istanbul Hotel,5103810791
otel,Topkapı Sabena Hotel,5103810792
otel,Hanna Hotel,5103810794
otel,City Wall Hotel,5103810799
otel,Eresin Hotels - Topkapı,5103810800
otel,Durah 3 Aparthotel,5103810811
otel,Hotel Sorriso,5106111906
otel,Zalel Hotels Old City,5106111920
otel,Hotel Mosaic,5106112121
otel,Grand Hotel Gülsoy,5106112124
otel,Bulvar Palas Hotel,5106112129
otel,Falay Yavuz Hotel,5106112134
otel,Grand Durmaz Hotel,5106112137
otel,Corner Hotel,5106112138
otel,Hotel tokyo,5106118223
otel,Lyon hotel,5106118224
otel,Tilia hotel,5106118225
otel,Hamidiye hotel,5106118227
otel,Carlton hotel,5106118230
otel,Beethoven hotel,5106118233
otel,Grand medya hotel,5106118234
otel,Hotel Grand Washington,5106118238
otel,Liberty Hotel,5106118242
otel,Zagreb Hotel,5106118245
otel,Hotel yiğitalp,5106118247
otel,Hotel Hivaş,5106118248
otel,Elysion Hotel,5106118251
otel,Hotel erdem,5106118254
otel,Hotel çağyiğit,5106118255
otel,Hotel Seren-2,5106118256
otel,Hotel Kamer,5106118257
otel,Misa Hotel,5106118258
otel,Hotel Dowos,5106118259
otel,Merdan hotel,5106118262
otel,Hotel Kurban,5106118263
otel,Hotel Metrolux,5106118264
otel,Sultan Otel,5106118266
otel,Grand Laleli Hotel,5106118267
otel,Hotel Büyük Keban,5106118268
otel,Hotel Büyük Levent,5106118270
otel,Beyaz Kuğu Hotel,5106118271
otel,Hotel Büyük Şehzade,5106118272
otel,Hotel Büyük Hamit,5106118273
otel,Blak Bird Hotel,5106118279
otel,Hotel seven Alp,5106118280
otel,Hotel Öncü,5106118281
otel,History Hotel,5106118282
otel,Ramada Hotel,5106118283
otel,Bisetun Hotel,5106118284
otel,Grand Pamir Hotel,5106118286
otel,Hotel Budo,5106118287
otel,Mirilayon Hotel,5106118288
otel,Birbey Hotel,5106118289
otel,Gözde Hotel,5106118293
otel,Hotel Aksaray,5106118294
otel,Aspalace Hotel,5106118295
otel,Alpin Hotel,5106118296
otel,The Meretto Hotel,5106118298
otel,Hotel Beyce,5106118299
otel,Hotel Grand Dilara,5106118300
otel,Laleli Blue Marmaray Hotel,5106118301
otel,Ak Hotel,5106118302
otel,Hotel The Niw,5106118303
otel,Has Hotel,5106118304
otel,Denizli Hotel,5106118306
otel,Parmada Hotel,5106118311
otel,Otel Sinan,5106121856
otel,Hotel Yeşil Park,5106121857
otel,Grand cüneyt otel,5107305617
otel,Hotel Orkide,5107305825
otel,Hotel Diva,5107305838
otel,Hotelium,5107305850
otel,Sinem Otel,5107305851
otel,Örün Hotel,5107305855
otel,Hotel Best Ömer,5107305856
otel,Simer Hotel,5107305858
otel,Hotel Pamir,5107305884
otel,Hotel Saray,5107305886
otel,Yunus Hotel,5107305895
otel,Daylight Hotel,5107305898
otel,Glamour Hotel,5108827986
otel,Septimum,5108827991
otel,Sirkeci Mansion Hotel,5108827993
otel,Hotel Black Tulip,5108828001
otel,Harmony Hostel,5108828008
otel,İlkay Hotel Istanbul,5108828009
otel,Orient Express Hotel,5108828010
otel,Lalahan Hotel,5108828011
otel,HOTEL ŞAMİL,5108828019
otel,Maywood,5108828623
otel,Yeni Hotel,5108828627
otel,DoubleTree by Hilton Hotel Istanbul - Sirkeci,5108828628
otel,Gülhane Park Hotel,5108828633
otel,Hotel Amara Old City,5108828634
otel,Diamond Royal Hotel,5108828635
otel,Bosphorus Old City Hotel,5108828640
otel,Esen Hotel Sirekeci,5108828641
otel,Elanaz,5108828642
otel,Mr. Bird,5108828643
otel,Sultan Hotel,5108828644
otel,Villa Sweet Hotel,5108828646
otel,Best Town Hotel,5108828648
otel,Hotel Fahri,5108828650
otel,Hotel Akçınar,5108828651
otel,Hotel Hürriyet,5108828652
otel,Askoç,5108828657
otel,Barbera Boutique Hotel,5108828659
otel,Dream Bosphorus,5108828663
otel,Hotel Emek,5108828664
otel,Golden Horn Istanbul,5108828665
otel,Tayahatun Hotel,5108828666
otel,Bosphorus Family Old City Hotel,5108828667
otel,Sayeban Gold,5108828669
otel,Meg Hotel,5108828671
otel,Yasmak Comfort,5108836340
otel,Sirkeci Ersu Hotel,5108836342
otel,Neda Hotel İstanbul,5108836343
otel,Pamphylia Hotel,5108836352
otel,Hypnos Design Hotel Istanbul,5108836353
otel,Sude Konak Hotel,5108836355
otel,Raymond Hotel,5108836356
otel,Hotel Yaşmak Sultan,5108836358
otel,Romance İstanbul Hotel,5108836362
otel,Best Western Empire Palace,5108836371
otel,Gülhane Corner Hotel,5108836373
otel,Best Nobel Hotel Sirkeci,5108836374
otel,Sirkeci Park Hotel İstanbul,5108836376
otel,Hotel Gülhane,5108836380
otel,Le Petit Palace Hotel,5108836381
otel,Hotel Evsen,5108836382
otel,Konak Apart Hotel,5108836387
otel,Agan Hotel Sirkeci,5108836390
otel,Golden Horn Hotel,5108836391
otel,Viva Deluxe Hotel,5108836393
otel,Erbil Hotel,5108836394
otel,Asur Hotel,5108836395
otel,Hotel Centrum İstanbul,5108836396
otel,Just inn Hotel,5108836398
otel,Flower Palace Hotel,5108836399
otel,Brako Hotel,5108836400
otel,Seres Hotel,5108836401
otel,Neorion Hotel,5108836403
otel,Old City Viva Hotel,5108836404
otel,Turvan Hotel,5108836405
otel,İPEK PALAS HOTEL,5108836408
otel,Eurostars Hotel Old City,5108837434
otel,Nea Suites Old City,5108837453
otel,Viva Royal Hotel,5108838381
otel,Levni Hotel and Spa,5108838382
otel,Meserret Oteli,5108838391
otel,Tan Otel,5108843030
otel,Arsenal Hotel,5108843034
otel,ESRA SULTAN PETROL HOTEL,5108843037
otel,Hotel Million Old City,5108843052
otel,Istanbul Hotels Nomade,5108843054
otel,The Ambassador Hotel,5108843055
otel,Sura Design Hotel and Suites,5108843061
otel,Sura Hagia Sophia Hotel and Spa,5108843075
otel,Ares Hotel Sultanahmet,5108843087
otel,Star Holiday Hotel,5108843100
otel,Sunlife Oldcity,5108843337
otel,Albatros Hagia Sofia,5108843362
otel,Arden Park Hotel,5108843365
otel,Arden Cıty Hotel,5108843367
otel,Agora Life Hotel,5108843381
otel,Bentley Hotel,5108843512
otel,Arife Sultan Hotel,5108843516
otel,The Million Stone Hotel,5108843523
otel,Hagia Sophia Hotel İstanbul Old City,5108843528
otel,Sultanahmet Hotel Han,5108843529
otel,Kybele Hotel,5108843531
otel,Istanbul Queen Apart Hotel,5108843533
otel,Adamar Hotel,5108843536
otel,The Istanbul Hotel,5108843538
otel,Merial Hotel,5108843541
otel,Hotel Istanbul Inn,5108843542
otel,Dosso Dossi Hotels,5108843543
otel,Hotel Aquarium,5108843544
otel,Bon Hotel,5108843545
otel,Istanbul Violet Apartment,5108843547
otel,Anadolu Hotel Istanbul,5108843548
otel,Celal Sultan Hotel,5108843553
otel,The And Hotel,5108843557
otel,Modern Sultan,5108843578
otel,Gulhane Suites,5108843585
otel,Minel Hotel,5108843587
otel,The Print House,5108843588
otel,Le Safran Suite,5108843589
otel,Faros Hotel Old City,5108843726
otel,Old City Hostel,5108843734
otel,Aldem Hotel,5108843735
otel,Ayasultan Hotel,5108843736
otel,Antusa Palace Hotel,5108843738
otel,Anthemis Hotel,5108843739
otel,Atlantis Hotel,5108843745
otel,Akdeniz Hotel,5108843758
otel,Miniature Hotel Istanbul,5108843962
otel,Rain Apart Hotel,5108843965
otel,White House Hotel Istanbul,5108844012
otel,Old Mile Suites,5108844014
otel,Aybar Hotel,5108844019
otel,Nowy Efendi Hotel,5108844426
otel,Edibe Sultan Hotel,5108844429
otel,Subrosa Hotel,5108844433
otel,Station Hostel 34,5108844434
otel,Great Fortune Hotel,5108844436
otel,Hal hotel,5110344558
otel,Sea star hotel,5110344560
otel,Otel Pehlivanlar,5110344593
otel,Legacy Ottoman,5110345261
otel,Yazar hotel,5110345629
otel,Manesol hotel,5110347275
otel,Monarch,5111205417
otel,Kaya hotel,5111206132
otel,Kral mert otel,5111206135
otel,Cağrı hotel,5111215136
otel,Hotel emg,5111222040
otel,Nanda hotel,5111222041
otel,Bekdaş Hotel,5111222042
otel,Akgun hotel,5111222043
otel,Momento hotel,5111222044
otel,Karasu hotel,5111222045
otel,Grand beyazit,5111222046
otel,Golden rain,5111222047
otel,Newport hotel,5111222048
otel,Antik Hotel İstanbul,5111222050
otel,Viore hotel,5111222051
otel,Nezih hotel,5111222056
otel,Piran hotel,5111222057
otel,Embol hotel,5111222058
otel,Hotel Niles,5111222060
otel,Ercyis hotel,5111222061
otel,Hotel evin,5111222062
otel,Comfort hotel,5111222064
otel,Sarajevo,5111222066
otel,Hotel balin,5111222067
otel,Grand Rosa hotel,5111222072
otel,Beyazsaray hotel,5111222080
otel,Emporium hotel,5111222085
otel,Sky kamer hotel,5111222087
otel,Kent hotel,5111222093
otel,Montinegro hotel,5111222107
otel,Gold hotel,5111222109
otel,Venera hotel,5111222112
otel,Yoksel hotel,5111222113
otel,Buyuk sehinler hotel,5111222114
otel,Nida hotel,5111222115
otel,Yaztor hotel,5111223223
otel,Hotel oral,5111223248
otel,Laleli Günen Hotel,5112724619
otel,Hotel Berlin,5112724620
otel,Hotel Zurich,5112728851
otel,Hotel Hikmet,5112728854
otel,Hotel Reşitpaşa,5112728879
otel,Hotel Visa,5112728881
otel,Hotel Mati,5112729008
otel,Hotel Klas,5112729015
otel,Orhan Hotel,5112729019
otel,Polanin Hotel,5112732221
otel,Hotel Özsa,5112732222
otel,Maycan Hotel,5112732225
otel,Hotel Kaya,5112732229
otel,Hotel Falcon,5112732230
otel,Genova Hotel,5112732241
otel,Crowne Plaza - İstanbul Old City,5112732288
otel,Hotel Pisa,5112732290
otel,Hotel Keçik,5112732292
otel,Bosna Hotel,5112735224
otel,Metrohill hotel,5112735237
otel,Hotel Eyfel,5112735263
otel,Samir Hotel,5112735292
otel,Hotel Süreyya,5112735299
otel,Ebru hotel,5112833315
otel,Hotel özbek,5112834023
otel,Konuklar hotel,5112834024
otel,Pluton hotel,5112834025
otel,Hotel comfort,5112834028
otel,Otel hakan,5112834029
otel,Hotel akkuş,5112834035
otel,Prens hotel,5112834037
otel,Hotel real life,5112834046
otel,Hotel ender,5112834050
otel,Hotel metropoli,5112834051
otel,Hotel bilal,5112834069
otel,Hotel palarmo,5112834072
otel,Imga hotel,5112834078
otel,Hotel grand ömer,5112834093
otel,Erciyes hotel,5112966974
otel,Avrasya Queen Hotel,5112966981
otel,Hotel ova,5112966995
otel,Fly hotel,5112966997
otel,Pelican house otel,5112966998
otel,Hotel akyıldız,5112967005
otel,Marmara Place Hotel,5112967018
otel,Grand ant,5112971821
otel,Hotel adler,5112971822
otel,Hotel grand istanbul,5112971845
otel,Grand Madrid Hotel,5113127910
otel,Tanin Hotel,5113127912
otel,Büyük Paris Hotel,5113128031
otel,Malkoç Hotel,5113128035
otel,Hotel Sahinler,5113128055
otel,Prestige Hotel,5113128057
otel,Martinenz Hotel,5113128060
otel,The Time Hotel Old City,5113128083
otel,Eskar Hotel,5113128096
otel,Amethyst Hotel,5113128108
otel,River Hotel,5113128109
otel,Istanbul Trend Hotel,5113128223
otel,Hotel Arsemia,5113128246
otel,Otel Erciyes,5113462473
otel,Fatih reşadiye hotel,5113465003
otel,Holiday Inn Istanbul City,5113470958
otel,Aksu Hotel,5113470959
otel,Güven Otel,5113480881
otel,Saba hotel,5113487649
otel,Sultan house hotel,5113487650
otel,Daphne hotel,5113487651
otel,Stone hotel,5113487652
otel,Otto hotel,5113487653
otel,Miman Hotel,5113497119
otel,Leyenda hotel,5113497120
otel,Hotel California,5113500221
otel,Grand Naki Hotel,5113500223
otel,Golden crown hotel,5113500224
otel,Recital Hotel,5113500229
otel,İnnova,5113500231
otel,İstanbul comfort hotel,5113500235
otel,Blue istanbul hotel,5113500236
otel,Ferman sultan hotel,5113500239
otel,Gloden Horn Hotel,5113500252
otel,Hotel turkoman,5113500257
otel,İbrahim Paşa Otel,5113500258
otel,Heritage hotel,5113500261
otel,Lausos hotel,5113500263
otel,Sultan park hotel,5113500265
otel,Burçkin hotel,5113500269
otel,Hotel halı,5113500270
otel,Hotel nena,5113500273
otel,Rast hotel,5113500274
otel,Hotel sultanhan,5113500276
otel,Antea hotel,5113500277
otel,Mina Hotel,5113500279
otel,Güleç hotel,5113500280
otel,Aprilis hotel,5113500289
otel,Peyk Hotel,5113500296
otel,Hidden Garden Sultanat,5113500300
otel,Hotel Perula,5113500306
otel,Optimist hotel,5113500319
otel,Hotel Grand Ümit,5113590307
otel,Alfa Hotel,5113590310
otel,Hotel La White,5113590320
otel,Realstar Hotel,5113592200
otel,YAD Hotel,5113599499
otel,Kariye otel,5113615117
otel,Charm hotel,5113620590
otel,Apple Tree Hotel,5113620621
otel,Kaftan Hotel,5113620622
otel,Historia Hotel,5113620623
otel,Ferman Hotel,5113620624
otel,Hotel Gül Sultan,5113620632
otel,Hotel Zeugma,5113620636
otel,Magnaura House Hotel,5113620637
otel,Millennium Suites,5113620642
otel,Byzantium Hotel,5113620650
otel,GLK PREMIER Regency Suites,5113620651
otel,Hotel Broken Column,5113620652
otel,Senatus Hotel,5113620659
otel,GLK PREMIER Acropol Suites,5113620662
otel,Merih Hotel,5113620687
otel,Romantic apart hotel,5113620698
otel,Med Cezir Hotel,5113623081
otel,Seven Hills Hotel,5113623083
otel,Aristocrat Hotel,5113623086
otel,Four Seasons Hotel,5113623097
otel,Hotel Uyan,5113623098
otel,Park Hotel,5113623100
otel,Cosmopolitan Park Hotel,5113623102
otel,Cem Sultan Hotel,5113623103
otel,Best Island Hotel,5113623108
otel,Aşkın Hotel,5113623115
otel,The Magnaura Palace,5113623118
otel,Big apple hotel,5113623120
otel,Osman han hotel,5113624621
otel,Bahaus hostel,5113624622
otel,Amiral palace hotel,5113624624
otel,Dekor Hotel,5115504876
otel,Grand Asiyan Hotel,5115504882
otel,Grand Ons Hotel,5115504883
otel,Yalta Hotel,5115504884
otel,Dal Hotel,5115504890
otel,Hotel Geneva,5115504911
otel,Hotel Kalkan,5115504915
otel,Karven Hotel,5115505440
otel,Mozart Hotel,5115505441
otel,Emin Hotel,5115505454
otel,Art Hotel,5115505462
otel,Saray Hotel,5115505466
otel,zalelhotelslaleli,5115505468
otel,Hotel Bosfor,5115505471
otel,Vert Hotel,5115505474
otel,Alyon Hotel,5121887021
otel,Basra Hotel,5130434263
otel,Grand Gara Hotel,5130434267
otel,Hotel Boulevard,5130434270
otel,Hotel Rio,5130434274
otel,Hotel Polatdemir Istanbul,5130434277
otel,Istanbul Royal Hotel,5130434291
otel,Nobel Hotel,5130434293
otel,Aspen Hotel,5130434305
otel,Ahi Hotel,5130434308
otel,Hotel Ephesus,5130434309
otel,Delta Hotel Istanbul;Hotel DELTA,5130434314
otel,Seven Dreams Hotel,5151427257
otel,Erden Sarayevo Hotel,5161483858
otel,Sirinpalace,5184249023
otel,Konak,5238088225
otel,Berr Hotel,5243950206
otel,Fatih hotel,5243951406
otel,Emine Sultan Hotel,5244801832
otel,Sarnıç Hotel,5244801839
otel,Sultan Palace Hotel,5244801847
otel,Four Doors Hotel Istanbul,5244801848
otel,Art City Hotel,5244801849
otel,Huxley Hotel Old City,5244801852
otel,Sıltans Hotel,5244801858
otel,Dom Hotel,5244801871
otel,Arena Hotel,5244801872
otel,Dara Otel,5244801873
otel,Aleph Hotel,5244801875
otel,Sultanahmet Çeşme Hotel,5244801876
otel,Ayasofya Hotel,5244801878
otel,Garden House Hotel,5244801880
otel,Rose Garden Suites,5244801881
otel,Sokullu Paşa Hotel,5244801882
otel,Bachos Hotel,5244801883
otel,Serenity Hotel,5244801885
otel,Alice Ottoman Palace,5244801887
otel,Peteks Hotel,5244801898
otel,Artefes Hotel,5244801901
otel,Mari Time Hotel,5244801903
otel,Bucoleon Palace Hotel,5244801905
otel,Cheers Lighthouse,5244801906
otel,Deniz Houses Hotel,5244801907
otel,Albatros,5244801910
otel,Sultans Royal Hotel,5244801913
otel,Asmalı hotel,5244801914
otel,Walton Hotel,5244801968
otel,Saruhan Hotel,5244801969
otel,Turkuaz Hotel,5244801970
otel,Dualis Otel,5244801971
otel,Holiday Time Hotel,5244801977
otel,Pasha Hotel,5244801978
otel,Siesta Hotel,5244801979
otel,Harmony Hotel İstanbul,5244801981
otel,Nova Roma Hotel,5244801982
otel,Walnut Shell Hotel,5244801983
otel,Sefa Hotel,5244801984
otel,Hotel Amira Istanbul,5244801985
otel,Ribad Hotel,5244801986
otel,Hotel Coliseum Istanbul,5244801987
otel,Erguvan Hotel,5244801988
otel,Family Istanbul,5244801992
otel,Sultanahmet Suites,5244802723
otel,Sur Hotel,5244803023
otel,Antique Hotel İstanbul,5244803024
otel,Hotel Buhara Family,5244803027
otel,Istanbul Holiday Hotel,5244803030
otel,Abella Hotel,5244803032
otel,Sultan Mehmed Hotel,5244803036
otel,Eresin Crown Hotel,5244803039
otel,Hotel Rose Bouquets,5244803041
otel,Adasultan Hotel,5244803049
otel,Antik Konak Otel,5244803051
otel,Pera Sultan House,5244803058
otel,Yacht House,5244803059
otel,Ottoman Hotel Cagaloglu,5244805845
otel,Ottoman Aydinlar Hotel,5244805873
otel,Vault karakoy,5244806799
otel,Fer Hotel,5244806817
otel,Sipahi Hotel,5244806820
otel,Hotel Grand Mark,5244807840
otel,Skalion,5244807842
otel,Ciwan Hotel,5244807845
otel,Loor Hotel,5244807846
otel,Gedikpaşa Konağı,5244807854
otel,Alpinn Hotel,5244807899
otel,The President Hotel,5244807900
otel,Harran Hotel,5244807905
otel,Kestrel Park Hotel,5244807906
otel,Hotel Beyazsaray,5244807910
otel,Divani Ali Hotel,5244809869
otel,Bizim Hotel,5244809900
otel,Hotel Padova,5244809918
otel,Hotel Yasmin,5244810302
otel,May Hotel,5244810304
otel,Doppio Hotel,5244810309
otel,Grand Bazaar Hotel,5244810641
otel,Enderun Hotel,5244810643
otel,golden ottoman hotel,5247591823
otel,Yunus Emre Hotel,5247862321
otel,Umit İstanbul otel,5272095922
otel,Rhiss Hotel,5283721184
otel,Blue Life Otel,5287958773
otel,North Star,5293735516
otel,ParLA VIENS,5293735517
otel,Bayramoğlu Resort OTEL,5293735518
otel,Bayramoğlu Paradise İsland Resort,5293754895
otel,City Light Otel,5293882354
otel,Cuci Hotel di mare-Bayramoğlu,5293882356
otel,Hotel Hegsagone,5293882357
otel,Asia City Hotel,5310577663
otel,Hotel irmak,5329335412
otel,Marmaray Hotel,5381944622
otel,The Empress Theodora,5480475142
otel,Altun,5482975732
otel,Istasyon park hotel,5492935521
otel,Grand Rosa Hotel,5494133921
otel,Ağan hotel,5504959936
otel,Vault Karaköy,5506388682
otel,Divas Hotel,5516504221
otel,Otel Mete,5542883399
otel,Erslıfeotel,5542887961
otel,8 Istanbul Suites,5573716981
otel,Carvan Hotel,5595815746
otel,Piart Boutique Otel,5622442521
otel,Kupeli,5636816221
otel,Cihangir Ceylan Suite,5655491366
otel,Ravouna Suites,5663532968
otel,Aston hotels,5663541124
otel,No11 Hotel & Apartments,5666507222
otel,İBİS hotel,5667660863
otel,Radisson Blu Hotel Istanbul Ottomare,5667661136
otel,Novotel hotel and resorts,5667661780
otel,Qua Hotel,5667669009
otel,Clarion Hotel,5667669925
otel,My Boutique Hotel,5691728921
otel,Nossa Hotel,5710046234
otel,Hotel Vicenza,5711438723
otel,Mini Harem Hotel,5713600224
otel,Maxwell Hotel,5715219621
otel,Bonne Sante Hotel,5715722125
otel,Hotel Au Pera,5720977423
otel,Dolphin,5729753221
otel,faza,5814692954
otel,Çavuşun Yeri,5820078759
otel,Hotel Ada,5834657986
otel,Grand Unal Hotel,5840178087
otel,Berk Guesthouse - Grandma's House,5851116635
otel,Ranax Hotel,5870512162
otel,Prenset Pansiyon,5871532186
otel,Darkhill,5873815187
otel,ALL INN,5880598066
otel,Istanbul Dora,5880598068
otel,Radisson Blu Hotel & Spa,5899212638
otel,Büke Otel,5911735787
otel,Crowne Plaza,5915299285
otel,Loka Suites,5920354476
otel,Gorrion,5932445802
otel,Cheers Hostel,5939165085
otel,Kad,5967069585
otel,Asya Park Hotel,5977531091
otel,Deniz,6022831685
otel,Emirtimes Hotel,6055765891
otel,Holiday Inn Express Istanbul - Atakoy Metro,6082958853
otel,Otel Gül,6146365507
otel,Yotel Istanbul Airport (Landside),6153093769
otel,Sunlife oldcity Hotel,6161372126
otel,Beyoğlu Öğretmenevi,6181118417
otel,"Palazzo Donizetti Istanbul, Tapestry Collection by Hilton",6185559951
otel,pera,6185559953
otel,Richmond Hotel,6185569129
otel,tulip,6185570325
otel,the pera hill,6185570327
otel,Sureyya teras,6185570331
otel,Grand Hotel de Pera,6185570333
otel,Rixos Pera Istanbul,6185582261
otel,DUO Galata hotel,6185772344
otel,Vita Suites Karakoy,6185937317
otel,Kosovo,6190364287
otel,Courtyard by Marriott Istanbul West,6201091985
otel,Etiler Yurt,6206687285
otel,Radisson Blu,6243945486
otel,Arma Residence,6246079855
otel,Saas,6265083085
otel,Galata Hotel Istanbul - MGallery by Sofitel,6288692210
otel,Yotelair Istanbul Airport (Airside),6313204370
otel,Durusu Club Airport Hotel,6388844507
otel,Corinne,6400141963
otel,Elite World Europe Hotel,6424090393
otel,Dencity,6425793424
otel,Chez Boré,6430595385
otel,Social House Istanbul,6432744585
otel,Aslan Home Apart,6448606495
otel,New Taksim Hotel,6484299686
otel,Wyndham,6501076874
otel,Riva's Moda,6567031757
otel,White Cihangir Apart,6567382585
otel,karaman hotel,6571330685
otel,Linfer hotel,6578141086
otel,Hilton Garden Inn Kocaeli Sekerpinar,6596338817
otel,Sweet Home Taksim Otel,6687402447
otel,Elite Hotel,6707691582
otel,Pablo Di Pera,6708917733
otel,ByOtell,6720648586
otel,Odda,6729536263
otel,The Purl Hotel,6734741115
otel,merter polisevi,6757896186
otel,Crowne Plaza Istanbul - Florya,6761742290
otel,Rios Edition Hotel,6807274529
otel,Sed Hotel,6823015885
otel,My Home Sultanahmet Hotel,6823338285
otel,Grand Hilarium Hotel,6828668585
otel,Nice Royal Otel,6862325205
otel,İstasyon Hotel,6903351875
otel,Grand Seigneur,6903431218
otel,The Golden Pera’s Hotel,6916528489
otel,Viyana,6968438694
otel,The Constantine Hotel,6968663233
otel,Grand Istanbul Airport,7065494820
otel,Mirilayon,7071567587
otel,Mall Of Tem Suit Hotel,7077595279
otel,Black Hotel,7099260385
otel,Soho House,7112399773
otel,Taxim Express,7118748277
otel,Cumbau Plaza,7127698490
otel,Molton Bentley,7151297660
otel,Box Hotel,7151297662
otel,hotel antusa,7162138785
otel,Lamp Hotel,7196887786
otel,DELTA DELUX,7217316485
otel,Hit Suites Otel Avcılar,7553966286
otel,Hampton by Hilton Istanbul Kurtköy,7589801815
otel,Taxim Hill Hotel,7626011231
otel,T.Square,7775068985
otel,Redstone Hotel,7789595437
otel,Place F,7902337385
otel,Tryp by Wyndham Taksim,7952531286
otel,Loc’ada Büyükada,8116245517
otel,Vander Valk İstanbul Hotel,8226852509
otel,Hotel Kleopatra Açık ve Kapalı Havuz,8403439037
otel,Blue Sea Hotel,8520257205
otel,Bossuite Hotel Kadikoy,8584978720
otel,Sur 2 hotel,8625244017
otel,Grand Milan Hotel,8625244217
otel,reydel hotel,8644261517
otel,Newemin,8812268717
otel,CNR İNCİ OTEL,8862200517
otel,Holiday Inn Express Istanbul Airport Hotel,8887895690
otel,The Westist Hotel&SPA,9043479123
otel,The Wings Hotel,9045001119
otel,Sanai Hotel,9045062718
otel,Hotel diamond,9045263317
otel,Istamburg efes hotel,9045309517
otel,Pera Capitol,9045692718
otel,Hotel Öz Villa,9051987017
otel,Boutique California,9073766200
otel,Miller,9100018026
otel,Slam place,9112740217
otel,Sancak Hotel,9128771407
otel,Marnas Hotels,9141477168
otel,Hidden Hills Istanbul Airport Hotel,9149907005
otel,Teknosports Otel,9160957247
otel,nish,9171025817
otel,Otel Lebon Old City,9260480917
otel,Kuzen Otel,9261957617
otel,Grand Oral Hotel,9271413402
otel,Dem istanbul Hotel,9277127466
otel,Mövenpick Hotel,9281630596
otel,Days Hotel by Wyndham Istanbul Maltepe,9281658341
otel,Orientbank Hotel Istanbul,9283646105
otel,Alba Hotel,9283719361
otel,Emirtimes,9286064618
otel,Kervansaray,9286064619
otel,Mini house,9393008311
otel,Buem Hotel Koşuyolu,9442223096
otel,Hotel Ruby,9446684898
otel,Silivri Öğretmenevi,9473441461
otel,Zimmer Hotel Bosphorus,9480291371
otel,Dora Pera Hotel,9480316702
otel,Taksim Square Hotel,9480622920
otel,Corner Hot Hotel,9514870369
otel,JW Marriott Istanbul Bosphorus,9526234127
otel,Apart Hotel Büyükada-Karadağ Apart,9545367795
otel,Amida house,9547534017
otel,Amida,9547538717
otel,Skylon Airport Hotel,9547540517
otel,Şirin Han Hotel,9560644978
otel,Taxim Starlight Hotel,9577060031
otel,Hotel Santa Hill,9580096792
otel,Grand Peninsula hotel,9665262887
otel,The House of Tulpan,9668725391
otel,MaCity Otel,9674017917
otel,Hotel Otağ,9677054205
otel,Febor Park İstanbul Levent Hotel,9682323953
otel,Cityloft 24 Suites,9687928264
otel,Tryp by Wyndham Ataşehir,9687953826
otel,Tüyap Palas Hotel,9708691130
otel,iNALENS AİRPORT HOTEL,9721856317
otel,Molton,9724924870
otel,Titanic,9730932579
otel,Lampa,9731794905
otel,Grand FM Hotel,9766050017
otel,Galataport Hotel,9766767647
otel,Galata Hill,9766779935
otel,The Halich Hotel,9767567060
otel,Hotel Vavien,9767571443
otel,Taksim Maya Hotel,9769607305
otel,Tango Hotel,9769618669
otel,Panda Residence,9769627390
otel,HAN 1772 HOTEL,9775466857
otel,Basilisis Hotel,9783089122
otel,Modern Sultun Hotel,9783089123
otel,Büyük Ada Princess Hotel,9785322172
otel,Mom Hotel,9785325001
otel,Yali Butik Otel,9785352320
otel,Airsplanet,9785354063
otel,Rodion Hotel,9800192234
otel,Ferah,9800214504
otel,MAGNOVA STUDİOS,9825316753
otel,Tryp By Wyndham Istanbul Basin Ekspres,9833059996
otel,Crowne Plaza Viaport Marina,9857946817
otel,Radisson Residences Avrupa TEM Istanbul,9901946630
otel,Cihangir Palace,9911103562
otel,My Dream Istanbul Hotel,9920492532
otel,Özdemir Pansiyon,9921277029
otel,BayMari Suites Florya Istanbul,9924887517
otel,Nova hotel,9934164217
otel,Moonlight hotel,9934164218
otel,İstanbul life hotel,9934164219
otel,İshak Paşa Palace by Signature Hotels,9934399617
otel,Istanbul Sydney hotel,9946577218
otel,Novus Pera Hotel,9956262617
otel,Blue Plus Hotel,9968264269
otel,Pera Luna Hotel,9969638094
otel,Cartoon,9969838662
otel,Santa Lucia Hotel,9972976496
otel,Senator,9975515899
otel,Taksim Leon's Hotel - Spa & Cafe,9975515900
otel,A'ija Hotel,9975899012
otel,Pansiyon,9983964797
otel,Linfer Hotel,9988276718
otel,Heybeliada Pansiyon,9994973785
otel,Begonvil Aparthotel,9995067922
otel,Mara İstanbul,9998608674
otel,Gözler Hotel,10019952341
otel,Loop Hotel Bosphorus Istanbul,10024742417
otel,Orka Taksim,10037977217
otel,Aycan Sultan Apart Hotel,10066765016
otel,Diamond City Hotels Yenikapı,10082183195
otel,Taksim story residence,10086696650
otel,Meroddi,10100003382
otel,Hacibayram Hotel,10103816403
otel,Zoom Hotel,10124740626
otel,Hotel Rina,10132744934
otel,Çakmak Hotel,10132744935
otel,The Ritz-Carlton,10155275984
otel,CITYLOFT,10170675617
otel,Golden Sand Hotel,10178410608
otel,Four-G Hotel,10178438621
otel,Sultanahmet Olimpic Hotel,10178438629
otel,Germenicia Hotel,10178438642
otel,Zem Hotel,10178438649
otel,Hotel Fehmi Bey,10178438653
otel,Kadırga Antik Hotel,10178438654
otel,Imagine Istanbul - Sultanahmet,10178552790
otel,White Palace Hotel,10183104128
otel,Tavra hotel,10183104129
otel,Four Points by Sheraton,10210006319
otel,Taksim asteria appart,10219410189
otel,Sidonya Hotel,10221471757
otel,Nearport Hotel,10296706362
otel,Primero hotel,10541943909
otel,Cronton,10556440309
otel,Jaff hotel & spa nisantasi,10558928909
otel,Peradays,10578453541
otel,Bilek Hotel,10592098861
otel,Volens Hotel,10694848150
otel,Depiero Hotel Karaköy,10704484505
otel,Verna,10717363775
otel,Fide,10717363776
otel,Costera Hotel,10722632605
otel,Hampton,10752285405
otel,Galata Dream Hotel,10765839005
otel,Guest Suites,10787145816
otel,The Fox Hotel,10799787875
otel,Leta Sandalye Hotel Cafe Restaurant,10816101198
otel,Lysa Hotel,10879342226
otel,Volens hotel,10914321519
otel,Eyuboglu Hotel,10980808016
otel,Roof Haliç Hotel,11019688505
otel,Aram Otel Business &Luxury,11032095405
otel,Hallmark Hotel & Spa,11050608657
otel,Çınar Caddesi,11053319158
otel,The Nest Hotel,11068477805
otel,La Wisteria Boutique Hotel Istanbul,11078323126
otel,Broyt Suites,11093337780
otel,Opera House Hotel,11105529305
otel,TempoSuites,11111325905
otel,Four sides beyoĝlu,11111847317
otel,Istanbulates,11143524204
otel,Aysem sultan,11143548125
otel,Eliza Hotel,11173610037
otel,Faf suite home,11175957240
otel,Story,11178432472
otel,Hotel Naumpasa Komagi,11187141137
otel,KA Hotel & Suites,11257712537
otel,Seyri,11279164200
otel,Istanbul Marriott Hotel Pendik,11290373938
otel,Cetinport,11341589706
otel,Garlon Residence,11380905269
otel,Graziella Gold Hotel,11384540169
otel,Lenora Airport Hotel,11394492319
otel,Meshk Airport Hotel,11395923636
otel,Costa Karaköy Hotel,11403687169
otel,Plus Hotel,11493392669
otel,Dervish Han Boutique Hotel,11613065369
otel,aprilis deluxe hotel,11658068569
otel,Downtown Sirkeci Hotel,11694384222
otel,Lucky Hotel Istanbul,11732284670
otel,Halikarnas Butik Otel,11771482769
otel,Moja City Hotel,11802260270
otel,Pera Center Hotel,11811873069
otel,Hampton by Hilton Istanbul Sirkeci,11816727569
otel,Bomonti Arjaan by Rotana,11869606126
otel,Üsküdar Sahil Otel,11896805568
otel,Vesta Resort Butik Hotel,11900967069
otel,Next house hotel,11914880842
otel,Marin hotel,11919753138
otel,Sile butik hotel,11919761838
otel,Kumbaba otel,11919761839
otel,Nova Plaza Pera,11923768018
otel,Verseca Hotel,11935187569
otel,Arts hotel estanbul,11944222269
otel,Linda Port Hotel,11944791570
otel,Sofitel,11958990835
otel,Golden Stone Hotel,11966140369
otel,Lalinn Hotel,11966785507
otel,Kumbaracı Apartments & Suites,11984144469
otel,AVA Boutique,11985009369
otel,FAMA Boutique Hotel,11988037069
otel,Ramada Encore by Wyndham Istanbul Kartal,12019728341
otel,Ore Pera Suite,12023278469
otel,The Havana Residence,12031242969
otel,Wilson Galata Hotel,12035343061
otel,taxim cool,12038055269
otel,Mercan Aile Pansiyonu,12040730667
otel,Skymoon Airport Hotel,12067400569
otel,Elysian Airport Hotel,12110063082
otel,GEN PLUS HÔTEL,12143531301
otel,Elite Hotels Istanbul Airport,12156783903
otel,The Artisan MGallery Istanbul,12180166901
otel,Ruby Royal,12180580815
otel,Şiva Pera,12181011001
otel,Roa Airport Hotel,12188546301
otel,Sultan Tugrha Hotel,12192660501
otel,The Gate Hotels Kadıköy Downtown,12196758542
otel,Marlon Hotel,12209532701
otel,Hanedan Hotel,12227834301
otel,Hotel Aslan,12244963502
otel,Avcilar Garden Hotel,12244963503
otel,Safir hotels Silivri,12244964003
otel,Golden Lounge,12244965502
otel,Miss Suite,12253154501
otel,Express Plus Hotel,12286327601
otel,Xenia,12319472058
otel,Goden Stay,12332002075
otel,Central Hotel,12338777501
otel,Old Port Hotel,12347693511
otel,Centrum Suites Hotel,12347693534
otel,Hotel Levni Plus,12347693539
otel,Asilzade Hotel,12347693542
otel,Sirkeci Family Hotel,12347693550
otel,4 Angel's Hotel,12347693552
otel,Seres Old City,12347693565
otel,EA Exclusive Hotel,12348584338
otel,Brown Mansion Oldcity,12353408260
otel,Element Pera Residence,12357644979
otel,Dugi,12358420922
otel,Mytra Hotel,12369186601
otel,Novelty Hotel Istanbul,12395938402
otel,Grand Hamit,12398553585
otel,Tuzla Pars Otel,12423371497
otel,Tuzla Garden Hotel,12423383032
otel,Yoga Butik Otel,12423393504
otel,Efzen Hotel,12437918802
otel,Nos Hotel,12475644802
otel,Tevetoğlu Hotel,12492125755
otel,Hotel Avrupa,12510981389
otel,Pekin & Pekin,12510981393
otel,Midtown Hotel,12510981395
otel,Germir Palas Hotel,12510981397
otel,Hotel Riva,12510981399
otel,Crestium Hotels Prime Square,12510989001
otel,Lamartine Hotel,12510989003
otel,Nova Plaza Orion Hotel,12510989004
otel,Hotel La Villa,12510989007
otel,Taksim Cuento Hotel,12510989014
otel,Feronya Hotel,12510989019
otel,Elite World,12510989024
otel,Elite World Comfy,12510989025
otel,Mineo Park Hotel,12510989026
otel,Mineo Hotel,12510989028
otel,Rayelin Hotel,12510989031
otel,Business Hotel İstanbul,12510989033
otel,Fidan City Hotel,12510989037
otel,Ess Hotel,12510989038
otel,Long Stay Istanbul,12510989053
otel,Pera Line Residence,12510989056
otel,Taksim Twin Hotel,12510989058
otel,Taksim Line Hotel,12510989059
otel,Kartal Palace Hotel,12510989061
otel,The Now Hotel,12510989069
otel,Four Points Express by Sheraton,12510989071
otel,Taksim Gönen Hotel,12510989073
otel,Impera International Hotel,12510989096
otel,CVK Taksim Hotel,12510989103
otel,Taxim Robin Hotel,12510989106
otel,Çiğdem Boutique Hotel,12510989107
otel,Three Apples Suites,12510989109
otel,Yellow Mansion Hotel,12510989112
otel,Taksim My House Hotel,12510989113
otel,Long Stay İstanbul,12510989114
otel,Invictum Residence,12510989116
otel,Peri Hotel,12510989122
otel,Hotel Galata Palace,12512834706
otel,The Wolf Hotel,12512834719
otel,Port Hotel,12512834726
otel,Center Port Hotel,12512834727
otel,Royal Tophane Hotel,12512834740
otel,Triada Hotel Karaköy,12512834750
otel,Galata's Liman Hotel,12512834758
otel,Root Karaköy,12540355801
otel,Siesta Hotel Bakirkoy,12549596201
otel,Taksim Triada Hotel,12663182138
otel,Cevvo,12666249668
otel,Cihangir Hotel Bosphorus,12669549201
otel,Cheya Hotel & Suites Beşiktaş,12705575952
otel,Yellow Bull İstanbul Hotel,12735239158
otel,Azure the Bosporus,12735992244
otel,Melas Hotel İstanbul,12750557245
otel,The Tango Hotel Taksim,12752950701
otel,Sultan Süleyman Palace,12753658153
otel,Musk Hotel,12760514571
otel,Aram Nenessa Hotel,12763289501
otel,Solomon's Mansion Hotel,12769362201
otel,Good Night Hotel,12786379006
otel,Koçak Pansiyon,12787318496
otel,Taxim Hotel,12787984699
otel,AR Suite hotel,12788083647
otel,Luce Suites,12788092396
otel,Selectum City Ataşehir,12791899558
otel,Taksim Home,12831868437
otel,Royal Suites Hotel,12833627305
otel,Bali Star City Hotel,12840955566
otel,Biter Hotel,12840982297
otel,Taksim Antique Hotel,12841012816
otel,Sweet Hotel Istanbul,12884126301
otel,Sirkeci Quietness Hotel,12913966273
otel,Galatahan,12914134001
otel,Fly & Stay Airport Hotel,12919397801
otel,Musk hostel,12951663401
otel,Walton,12974799533
otel,Galata Greenland Hotel,12974799534
otel,CIP Hotel,12995428095
otel,Istport Hotels,12997997802
otel,G-Han Hotel,13023187401
otel,Airport forest room,13043112601
otel,Blue Gilroy Hotel,13058706444
otel,Zendy Suite,13067346101
otel,Acar Airport Hotel Plus,13075841501
otel,World House Boutique Hotel,13078038301
otel,Ramada by Wyndham,13087162801
otel,İpekyolu Otel,13109094293
otel,Sultanahmet Coşkun Hotel,13109409503
otel,Triada Hotel Büyükada,13132540501
otel,World Class Airport Hotel,13132752301
otel,Gardan Bungalov,13147757178
otel,Doruk Palas Hotel,13167691001
otel,"Radisson Blu Hotel, Istanbul Pera",13175673094
otel,Lion City Hotel Istanbul,13186052359
otel,Le Petit Maison,13186922861
otel,Hotel Sultan Hill,13186922866
otel,Blue Ottoman Hotel,13186922883
otel,3. istanbul,13190683201
otel,Juno Taksim Hotel,13200993801
otel,Raimond Hotel,13204568901
otel,Grand Hotel Palmiye,13248077596
otel,Hotel Meretto İstanbul,13249285924
otel,La Fortuna Hotel Taksim,13276731000
otel,Rhythm Hotel,13286970301
otel,Lokalist Taksim,13290120980
otel,Operla Airport Hotel,13296803938
otel,Forty Nişantaşı Hotel,13311228065
otel,The Moss Hotel,13311609701
otel,Pyrgos Otel Restaurant,13316250345
otel,Çankaya,13324827560
otel,Hotel Ivy,13324854732
otel,Triada,13324914219
otel,Nabu Hotel Karaköy,13339494501
otel,Ahmet Efendi,13366676001
otel,The Hezar,13396860934
otel,Dream Inn Hotel,13396860937
otel,Dedeman Bostancı Hotel & Convention Center,13404016722
otel,Park Dedeman Bostancı,13404016723
otel,Reise Inn Hotel,13435955967
otel,Independent Hotel,13464849301
otel,Nippon Hotel,13506899101
otel,Mein Hotel,13535335901
otel,Casafra,13587048311
otel,Canopy by Hilton Istanbul Taksim,13633685330
otel,The City Suites,13640324255
otel,Pera Parma Hotel,13675062401
otel,Taksim Bosphorus Hotel,13720131502
otel,The Laila Hotel,13739197284
otel,Grand Gross Hotel,13745067653
otel,Nishant Boutique,13764560524
otel,Best Hotel Pendik,13815605869
otel,Marriott Tema World,13817443191
otel,Ibis otel tuzla,13855953601
otel,Turvan hotel,13860345801
otel,Arsisa Hotel Suit,13867325741
otel,Hotel Avcılar City,13869089624
otel,EÜAŞ Misafirhanesi,13869235790
otel,Lantis Otel,13869256035
otel,Aria Palace Taksim Hotel,13882574456
otel,The Peninsula Istanbul,13895628817
otel,Viaport Süit Hotel,13910125047
otel,Yelkenkaya,13912032201
otel,Silvana,13926071267
otel,Farina Otel,13947771647
otel,Mari Suites Hotel,13954003317
otel,Bird Nest Suites,13954180494
otel,Mona Bosphorus Hotel,13954224432
otel,Nex Hotel,13954279651
otel,Istanroom By KEO,13954314398
otel,Vicolo Moda,13954624047
otel,Elephant in the room,13954703079
otel,QUINNOVA HOTEL,13959435601
otel,NarPera Boutique Hotel,13968029301
otel,Galata İstanbul hotel,13970522633
otel,Spinel Hotel,13972678501
otel,Metropolitan Bosporus Hotel,14007997901
otel,Emirhan Guesthouse & Suites,14018201101
otel,Radisson Hotel Istanbul Harbiye,14028287901
otel,Authentic Turkish Home Studio Room,14042142002
otel,Mega Hotel Residence,75324309
otel,Best Apart Hotel,79429822
otel,Merit Altınel,305072554
otel,Akar International Hotel,310402834
otel,İlci Residence,390956851
otel,Umit Pembe Kosk,394922377
otel,Bilkent Hotel,529107571
otel,Aymini Hotel,1501262081
otel,Ostimpark Business Hotel,4086122101
otel,Sonno,4112434189
otel,"Rota Bulvar Otel

",4299345389
otel,"Gurkent Otel

",4299347489
otel,Segah Otel,4307116991
otel,Asm in Otel,4307189589
otel,Başkent Otel,4307189689
otel,Pino Otel,4320163490
otel,Esila Hotel,4639694321
otel,Göksu Ant Hotel,4639694349
otel,Sevecen Otel,4828826908
otel,Büyük Anadolu Termal Hotel,4960524094
otel,Yavuz hotel,5119663222
otel,ERK Otel,5164458422
otel,Peracity Hotel,5590665721
otel,Başkent Konukevi,5611503822
otel,Sila Otel,6127926289
otel,Otel Sema,6168052838
otel,Etiler Orduevi,6553307185
otel,Stay City Hotel,6977575485
otel,Izz ötel,7182505985
otel,King Hotel Çankaya,7878357590
otel,Agate Hotel,8280409817
otel,Onyx Business Hotel,8495040634
otel,Hotel Cinnah,8604906311
otel,The Ankara Hotel,8849120395
otel,Otto City,8971443869
otel,Anatolia Luxury Hotel,8971443870
otel,TBB Litai Konukevi,9160516786
otel,ATGV Ankara Hakimevi,9163084906
otel,Otel Risis,9315159150
otel,Kayahan Hotel,9315159166
otel,Erik Hotel,9315159190
otel,Hotel Kayra,9320777720
otel,Hotel Kocatepe,9320777732
otel,Grand Silay Hotel,9320777745
otel,Latifoğlu Hotel,9321226803
otel,Raymar Hotel,9321226804
otel,Pak Otel,9502384863
otel,Yeni Bahar Otel,9796930727
otel,Atrium Suites Gölbaşı,9836641190
otel,Divan Ankara Çukurhan,10778181412
otel,Hotel Mithat,10867298105
otel,Asrin,10965328505
otel,Reda Palas,11008039210
otel,Etap Mola,11201496276
otel,Holiday Inn Express,11846160919
otel,Cihan Palas,12198620601
otel,HM Commerce Hotel,12745991133
otel,Dab Hotel Ulus,12839666918
otel,Viva Nova Suit Hotel,13020115121
otel,Shelter Inn,13184746505
otel,abro hotel,13197496901
otel,SKY HILL HOTEL,13227546801
otel,İbis Hotel,13276832240
otel,DoubleTree by Hilton Ankara Incek,13304155075
otel,Otel Palan,13365623968
otel,The Rose Hotel,13714976701
otel,Alegria Business Hotel,13724520158
otel,Mövenpick Hotel İzmir,1921876588
otel,Renaissance Izmir Hotel,2544578968
otel,Volley Hotel,2824443113
otel,Hotel Baylan Yenişehir,2985570690
otel,Kaya Izmir Thermal,3180607370
otel,Kilim Otel,3651278223
otel,Anemon Otel,3797370692
otel,Arma Otel,3970062981
otel,Lucid Hotel,3978322054
otel,KOÇAKHANE,4131250890
otel,Konak Astsubay Orduevi Ek Tesis,4192095893
otel,Bulvar Otel,4192131790
otel,Svalinn Hotel,4256040289
otel,DoubleTree by Hilton Hotel Izmir Airport,4563645299
otel,Albatros 9  blok,4749995322
otel,Palm City,4795375921
otel,Hotel Marla,4800340445
otel,Kordon Subay Orduevi,4812357621
otel,Konak Subay Orduevi,4812365421
otel,Spilos,5079043030
otel,gurel tower residence,5286077171
otel,egitim ve dinlenme tesisi,5287446177
otel,Ege Palas Business Hotel,5287457686
otel,Ibis,5287460073
otel,Akpınar hotel,5296992121
otel,TCDD Misafirhanesi,5418690125
otel,Kordon Otel Çankaya,5428988727
otel,Mini Hotel,5483569570
otel,DoubleTree by Hilton Izmir - Alsancak,5787301453
otel,Oba,5911706385
otel,Elara Hotel,6122748924
otel,Best Western Karşıyaka,6122750307
otel,wç,6981510585
otel,Emen's Hotel,7004375386
otel,Otel Ocakoglu,7864826585
otel,OFURO WORLD HOTEL SPA,7938202185
otel,Anemon Manisa Otel,7968485848
otel,Park Inn by Radisson,8046288185
otel,Kordon Hotel Pasaport,8046288186
otel,Looks,8697782084
otel,İzmir Palas,9009800385
otel,Pier Pasaport Hotel,9009804082
otel,Marriott,9009805072
otel,özel deniz yıldızı yükseköğrenim kız öğrenci apartı,9176130717
otel,Yesilyurt Residence,9360732775
otel,Armis hotel,9766411717
otel,Konan City Hotel,9910059201
otel,Antikhan hôtel,9936866117
otel,Myhotel,9981852183
otel,En Hotel,9981865053
otel,Zeniva,10015581763
otel,Piano Hotel,10032145070
otel,Hotel Tanik,10032145071
otel,Konak Saray Hotel,10224603739
otel,Helen inn,10860094785
otel,Majura Hotel,11084280805
otel,Ada Apart Hotel,11096452687
otel,L'Agora Old Town,11241252637
otel,İbos Hotels izmir,11330391642
otel,Restway Hotel,12119695565
otel,AYVAZ OTEL TORBALI,12770824336
otel,Susuzlu Atlantis Otel,12803070501
otel,Antikhan Hotel,13103407715
otel,Bahçeli Güven Otel,13112556327
otel,Reşat Otel,13112556328
otel,Yeşil Palas Otel,13112556329
otel,Gümüş Palas Otel,13112556331
otel,Otel Toros,13112556332
otel,Olimpiyat Otel,13112556333
otel,Öz Malatya Oteli,13112556334
otel,Aslan Oteli,13112556335
otel,Ege Palas Otel,13112556336
otel,Değerli Palas,13112556337
otel,Onurum Otel,13112556338
otel,Kervensaray Otel,13112556339
otel,Alav Hotel,13112556344
otel,Merkez Otel,13112626658
otel,Istanblu Hotel & Spa Izmır,13112626673
otel,Otel Yayla,13112626674
otel,Lıfe Corner Hotel,13112626675
otel,Villa levante Otel,13114577787
otel,Yeni Sadık Bey Oteli (Uşakızade Köşkü),13121280136
otel,Limonlu Konak,13152626363
otel,In House Hotel and Hostel,13164950020
otel,Titan House Hostel,13164950021
otel,Laguna Hause Hostel,13164950022
otel,Şen Otel,13164959658
otel,Otel Enka,13164959659
otel,Otel Yeşil Bitlis,13164959660
otel,Hotel Siba,13188962601
otel,Canopy by Hilton Izmir Bomonti,13342248010
otel,city hotel Izmir,13546321149
otel,Anemon Bursa Otel,369686822
otel,Montania Special Class Hotel,1468350897
otel,Bursa Palas Hotel,2281546944
otel,Çelik Palas Thermal Spa Hotel,2794515659
otel,City Hotel,2892179677
otel,Onuncu Köy Hotel,3294065367
otel,Güneş,5414406022
otel,Montania Town Hotel,6554572451
otel,Tahta Kale Konağı Hotel,9226083366
otel,Çamlıbel Otel,9226083367
otel,Torunlar Hotel,9226083368
otel,Saray Otel,9761089961
otel,Kayhan City Hotel,9762260702
otel,Kar Beyaz,10061047717
otel,Lal Otel,10595671602
otel,Kent Hotel,10595671603
otel,Şehit Abdullah Tayyip Olçok Uygulama Oteli,10608881164
otel,Artıç Otel,10734990429
otel,Blue Mudanya,10918441405
otel,Waha Otel,11170449137
otel,Ramada,12156783904
otel,Bursa Şahin Hotel,12247800801
otel,DD Hotel,12253835501
otel,"Ceylan Splend'or, Uludağ",12488496666
otel,LeVor Hotel,12767981801
otel,Green Max Hotel,262182707
otel,Falcon,300876649
otel,Hotel Frankfurt,530098775
otel,BELCONTI RESORT HOTEL,869951688
otel,Kaya Belek Hotel,897383953
otel,Calista Luxury Resort,920059974
otel,Larissa Beldibi,945156266
otel,Hotel Club Magic Life Waterworld Imperial,1241732627
otel,Alp Paşa Hotel,1280250536
otel,Ring beach,1304838596
otel,California Dream,1376172950
otel,Oscar Boutique,1486003008
otel,Portobello Hotel,1584867163
otel,UpOn Hotel,1654133400
otel,Sea Life family Resort Hotel,1675145608
otel,Crystal Tat Beach Golf Resort & Spa,1706852027
otel,Kozan Hotel,1710776982
otel,Patio Hotel & Restaurant,1711817368
otel,Bacchus Hotel,1711817370
otel,Hadrianus Boutique Hotel,1711817378
otel,Urcu Hotel,1761078734
otel,Hotel Mevre,1806190931
otel,Tugce Pansyon,1826874035
otel,Hotel Delphin Diva Premiere,1852010185
otel,Miracle Hotel,2029595164
otel,Delphin BE Grand Resort,2029595170
otel,Erkal pansiyon,2047973306
otel,Sera Hotel,2134998873
otel,Lara World Hotel,2156604164
otel,Limak Arcadia Sport Resort,2266976150
otel,Selectum Luxury Resort,2286502655
otel,TUI Magic Live Masmavi,2286505367
otel,Altis Resort Hotel & Spa,2286505686
otel,Innvista Hotels Belek,2286514995
otel,Papillon Hotels Belvil,2286518721
otel,Rixos Downtown Antalya Hotel,2291851186
otel,Ant Royal,2300063902
otel,Hotel Kayalar,2300063915
otel,Golden Sun,2392396301
otel,Susesi Luxury Resort,2481992726
otel,Hotel Blue Sea Garden,3073573850
otel,Ersoy Hotel,3574829970
otel,Mia Boutique Hotel Antalya,3623376901
otel,Puding Marina Residence,3623376904
otel,Eski Masal Hotel,3623376905
otel,Atelya Art Hotel,3623393754
otel,Grand Erken Butik Hotel,3623393755
otel,Mediterra Art Hotel,3623393756
otel,Life Hotel,3951817907
otel,Eliz hotel,4224939392
otel,Transatlantic beach hotel,4230034589
otel,Prime hotel,4231642089
otel,Latanya Palm & Spa Hotel,4285200889
otel,Kivrak Otel,4299641195
otel,Marka Otel,4299792190
otel,Mera Park Otel,4299794490
otel,"The LifeCo Antalya Well-Being Detox Center and Vegan Hotel

",4299862389
otel,Denizhan hotel,4323036791
otel,Hotel Awen,4330917609
otel,Kaya Palazzo Golf Resort Belek,4422677292
otel,Selin Otel Spa Belek,4526785482
otel,Adress Residence,4586532190
otel,Grand Kayalar Hotel,4754033123
otel,Alkan,4816939821
otel,Mavi & Ani Pansiyon,4820007518
otel,SANTAmarina hotel,4866060921
otel,Trendy Lara,4936468027
otel,ninova,5007676924
otel,Konyaaltı Hotel,5138144580
otel,Sky kamer,5223207325
otel,Endam Hotel,5304625267
otel,View Kemer Hotel,5304625268
otel,Hotel Beltur,5304625269
otel,Club Palm Beach Hotel,5304625270
otel,Selçukhan,5304625282
otel,Sultan Beldibi,5304625283
otel,Balmy Foresta,5308751056
otel,Nirvana Mediterranean Excellence,5308751057
otel,Rios Beach,5308953235
otel,Onkel hotel beldibi resort,5308953320
otel,imperial Palace hotels,5308953321
otel,Dosinia Luxury Resort,5308953381
otel,Hotel Janina,5308953470
otel,Club Marakech Beach hotel,5308953471
otel,Zel Hotel,5342826320
otel,Elit Başaran Otel Antalya,5369186570
otel,Barut Akra V Otel,5369319739
otel,Sky Business Hotel,5369319975
otel,La Paloma Hotel,5462490032
otel,Sarp Bike Hotel Belek,5575037550
otel,Bizimköy Tatil Sitesi,5575037557
otel,Castle park hotel,5611823221
otel,Santana,5615945321
otel,TUI MAGİC LİFE Belek,5628060822
otel,Hotel Marin,5630578122
otel,Alexius Beach,5676717524
otel,Akasia resort,5676717525
otel,Tal Hotel,5676717526
otel,Marine Hotel,5676717527
otel,Asel Hotel,5676721621
otel,Catamaran,5686540893
otel,Milenium Palace,5724256121
otel,Döşemealti Hotel,5862116585
otel,Şehir hotel,5864893186
otel,Zara Tunc Hotel,5894804086
otel,Kaleiçi Marina Hotel & Restaurant,6076067032
otel,elit otel,6134695185
otel,Hotel White,6165706187
otel,Urartu,6168976887
otel,Real Esen Hotel location,6418227128
otel,Mayroom Hotel,6426781168
otel,Far Life,6511669986
otel,Attalos Smart Lara Star Hotel,6550660285
otel,Aydibey queen's palace & spa,6573804685
otel,Atalla Hotel,6591275785
otel,Larissa Mare Beach,6591968593
otel,Ozer Park Hotel,6602020385
otel,Magic Sun,6611904416
otel,Eva Butik Otel,6633132388
otel,Ekin Aile Pansiyonu,6634168702
otel,Sercan Pansiyon,6634168704
otel,Ipsos,6634402285
otel,Belpoint Beach,6660273785
otel,Bilgehan Otel,6721056288
otel,trua hotel,6738600087
otel,marrakesh,6738605285
otel,melodi hotel,6738605287
otel,Latte Beach,6738605289
otel,Belrose Beach,6738605291
otel,Begonia Hotel,6738605294
otel,Kromer Hotel,6738605295
otel,sun shine,6738605297
otel,Ipsos Hotel,6738605685
otel,Hemhet otel,6793060102
otel,Bel Sun Hotel,6817342485
otel,Latte beach hotel,6901322185
otel,Held Hotel,6932523685
otel,Regnum Carya Hotel,7090240290
otel,Antalya,7206780186
otel,muratpasa pansiyon,7324630985
otel,Villa Granada Hotel,7383511785
otel,Luna Boutique Hotel,7835079186
otel,Antalya Inn Hotel,8051803785
otel,Türkay hotel,8734856721
otel,Ersoy Ikiz hotel,8757424651
otel,Aspendos Seaside,8906596522
otel,London Otel,8937522517
otel,Elysium Green Suites,8958034655
otel,Corendon Hotels & Resort,8960532606
otel,Tema Martılı Apart,8960532609
otel,Laralya apart,8960532613
otel,The Suit Apart Hotel,9051099517
otel,Efsali Hotel,9132729917
otel,Huma Elite Hotel,9248839617
otel,Piyes Otel,9331410526
otel,Özgür Hotel,9348576517
otel,Uyar palace,9747775706
otel,Opera Boutique Hotel,9868683132
otel,OPERA Suits,9868683134
otel,Beyond,9872650213
otel,Volkii Hotel & Apart,9877084561
otel,Mango Suite,9877096026
otel,The Blue Life Apart,9877118498
otel,Send Apart & Otel,9887418706
otel,Güleryüz,9946406317
otel,Ring Downtown Hotel,9955599524
otel,The Easy Rooms,10010753017
otel,Lily town botique,10119430738
otel,Gizli Koy,10216684034
otel,Guler Butik,10216684035
otel,Saye,10218335946
otel,The Suite Apart Hotel,10218335947
otel,Cedrus Hotel,10218335949
otel,Kaleiçi Hotel,10218335950
otel,Palmen Haus,10218335956
otel,Elegance East Hotel,10218336008
otel,Famous Family Hotel,10219505784
otel,Necip Bey Hotel,10219505789
otel,Giges King Boutique Hotel,10219505791
otel,Ruin Adalia Hotel,10219505800
otel,Cicerone Lodge Hotel,10219505804
otel,Casa Sur,10219505815
otel,Minyon Hotel,10219528130
otel,Royal Hayat,10219528142
otel,Blue Paradise Boutique Hotel,10219528157
otel,Little Prince Boutique Hotel,10219528163
otel,Villa Citronella Hotel,10219528164
otel,Sarı Konak,10219528198
otel,Hotel Lykia,10220058988
otel,Hotel Konak,10220058989
otel,Tu Casa Linda Hotel,10220058990
otel,Sun Rise Hotel,10220059004
otel,Kaleiçi Butik Otel,10220059008
otel,Kısa Otel,10220067922
otel,Otel Twenty,10220067930
otel,Sun Anatolia Hotel,10220067932
otel,Kauçuk Residence,10220067938
otel,Orana Resort,10220067952
otel,Grand Nergiz Otel,10220439412
otel,White Country Boutique Hotel,10632555505
otel,Pacco,10676264701
otel,Acropol beach,10676302046
otel,Mene city hotel,10725632997
otel,İsinda Hotel,10763684241
otel,Sare beach Hotel,10763684242
otel,Sava Hotel,10763756935
otel,Saye Konak hotel,10856467370
otel,Basel Otel,10936703705
otel,Castle Inn Boutique Hotel,11117249705
otel,Grand Güllük Hotel & Spa,11158852907
otel,Afflon Loft City Hotel,11158852908
otel,Lara Suite's,11279735282
otel,Grand Friends Butik Otel,11725204537
otel,Hisarçandır Otel,11802660769
otel,Olbia Residence Hotel,11972474698
otel,Isnova Hotel,12088376969
otel,COMFORT BAŞARAN OTEL,12104211224
otel,Alice hotel,12149890577
otel,Ay Otel 2,12317268853
otel,Just Inn City,12467496338
otel,Mille Kaleiçi,12481085601
otel,Belenli Resort Hotel,12684722285
otel,Red Flag,12995292063
otel,7inn,13041113901
otel,Nest Hotel,13138085301
otel,regA hotel,13147435601
otel,Toprak City Hotel Antalya,13172843001
otel,Seron Hotel,13176180710
otel,Wind Of Lara Resort & Spa,13257030693
otel,Adria Inn,13319501752
otel,apa Mountain Lodge,13514201694
otel,Bonnie City Hotel,13519368201
otel,Bone-best Otel,13903044880
otel,Sirene Belek Hotel,13926809901
otel,River Park Lara,13942643601
otel,Grand Lavin,14023820301
otel,Adana HiltonSA,1982060896
otel,Park Royal Hotel,2923497497
otel,Adana Anemon Otel,4303204803
otel,Adana Merkez Öğretmenevi,4405005989
otel,Le Grand,4885744067
otel,sirin park hotel,4976188421
otel,Konak Oteli,5210666022
otel,Divan,5825242454
otel,Otel Türkay,6815088050
otel,Edi's Premier Otel,6854626984
otel,Hosta Otel,9238338975
otel,Çetinel Hotel,9320285417
otel,Saydam Otel,10307225409
otel,Aksoy hotel,12151785550
otel,Panorama Suit,12637153791
otel,Hotel Bosnali,12832441501
otel,Akkoç Butik Otel,12841498204
otel,Mevlana Otel,3282507667
otel,Hacı Bey Otel,3919397468
otel,Dündar Otel,4323391691
otel,Hotel Usulan Guesthouse,4441241593
otel,Mevlana Sems hotel,4795550022
otel,Bera Otel,5109185730
otel,NOVOTEL,5114987230
otel,Hotel ney,9099886617
otel,Eser Palas Otel,12806201038
otel,Firat,13353140901
otel,ibis otel,13699008200
otel,Mercan Hotel,679755652
otel,Gaziantep Uğurlu Otel,4485305091
otel,Tuğcan Otel,4485345789
otel,Güzel hotel,4999051922
otel,TOMYO Uygulama Oteli,5271369241
otel,Kule,5694723269
otel,Hotel Burak,5774531453
otel,Gazişehir Rezidans Otel,6781342386
otel,Met gold,8440485017
otel,Rahmibey Konagi Butik Hotel,10595761905
otel,Arif Bey Konagi Butik Hotel,10601116806
otel,Naksiye Hanim Konagi,10601121105
otel,Ali Bey Konagi,11102054105
otel,Gökhan Bey Konağı,11254518408
otel,Levissi Boutique Hotel,12126335335
otel,Gazişehir Gold Hotel & Spa,12151769571
otel,Shimall Deluxe Hotel,12717670001
otel,Koçak Residence,12718973201
otel,Park Yalçın Otel,4348899789
otel,Ayseli,5177940113
otel,Ramada Otel,6288950272
otel,Liva otel,6448669386
otel,Burhanoğlu Konağ,6561379488
otel,Liparis 7,6578863386
otel,Wonasis Resort & Aqua Spa,6681075986
otel,Otel Özkar,6710133405
otel,Zorbaz Otel ,6853138340
otel,Atlıhan Oteli,7022244577
otel,Noax Hotel,7045449485
otel,Othello Hotel,9217815117
otel,WOM Hotel,9649782317
otel,Marde Hotel,9922271104
otel,Gondol Oteli,10696689534
otel,Navona Oteli,10736452741
otel,Hotel Yasar,11094149506
otel,Dorel The Hotel,12059996470
otel,Park Dedeman Mersin Marina,12186071341
otel,Metros Hotel,13115377601
otel,Aria Plus Ev Otel,13120239693
otel,Mola Mersin Bungalow,13332249720
otel,Divan Otel,13472867003
otel,Solia Hotel,13988700531
otel,Selçuk,1491172718
otel,Wyndham Grand Kayseri,2666984906
otel,Hunat Hotel,2666984907
otel,Ibis Kayseri,2713167561
otel,Park Otel,3274596461
otel,Otel Alba,5254277032
otel,Crowne Plaza Kayseri,6013774441
otel,PRIME INN,6223435185
otel,Fier,6413975887
otel,Hotel Talaslioğlu,10240361079
otel,Fier Life Center,13115964301
otel,Radisson Blu Hotel Kayseri,13739875501
otel,Real House Hotel,13887243001
otel,Prime Inn,13896760202
otel,Ramazan Plaza by Wyndham,3882431309
otel,Castillo Otel,5216164187
otel,Olcaylar Otel,6722367250
otel,manzara otel,8791564520
otel,Hotel Soyiç,9914764218
otel,The Breeze Otel,10001289763
otel,Defa termal otel,10134545517
otel,Leto City Hotel,10572333455
otel,Yenilik Suit,11058167256
otel,Modernity ****,11059910051
otel,Lost Angels Residence,11061192442
otel,Sam Royal Hotel,12768629940
otel,Inn Town Hotel,13765475302
otel,Sessiz Ev Çiftlik Otel,2906431733
otel,Güner Hotel,2912984096
otel,Dedeman Kartepe Kocaeli,5861013386
otel,Mox Hotel Welness & Spa,9032550862
otel,Aileena Hotel,9610413561
otel,Otel Altınnal,9777844533
otel,Kastarcı Otel,9933682809
otel,Göl Otel,9966489042
otel,Teona Otel,9987700429
otel,Otel Efebey,9993298516
otel,Özgür Otel,9993304525
otel,İpekyolu Hotel,10000278571
otel,Emex Otel,10123727120
otel,Room Room Hotel,10802569485
otel,Gardenya Bungalov,10820177344
otel,Babil Bungalow Hotel,10822278594
otel,Lilyum Bungalows,10823675491
otel,Kestane Dağ Evleri,11166972387
otel,Vital Göl Sapanca,11656242714
otel,Blue Pier Hotel,12015897819
otel,Sapanca Fine Deluxe,12142165801
otel,Azkoroz Otel,12246717801
otel,Sapanca Resort Hotel,12912857560
otel,ZERAY ESİL  KARTEPE,13898817301
otel,Ferhat Otel,2883951301
otel,Kadhırga Otel,3824808850
otel,Favzy çakmak,4967922722
otel,Taşhan Otel,5838196239
otel,Aripsas hotel,6644840885
otel,B&C HOTEL,6651603285
otel,Otel Necmi,9904687817
otel,Anemon Samsun Otel,10034672734
otel,Simisso Kasaba,11141716805
otel,Grand Delux,12015346476
otel,My House otel,12068674769
otel,Pişkin Otel,1603596887
otel,Venus Hotel,1811621015
otel,Aspawa Hotel,2464143758
otel,Hotel Kervansaray,2471267728
otel,Hotel Pamukkale,2513873093
otel,Özbay Hotel,2567998829
otel,Esin Otel,2901897043
otel,Hiera City Hotel,3080260146
otel,Otel Yildirim,3755965120
otel,Grand Sevgi Otel,3771241231
otel,Pamukland Aqua Park,3771254616
otel,Göreme Hotel,3771254617
otel,Allgau Otel,3786704264
otel,Beyaz Kale Otel,3786704265
otel,Özen Türkü Pansiyon,3786704268
otel,Şahin Pansiyon,3786704273
otel,Teras Pansiyon,3786704274
otel,Koçak Otel,3786706035
otel,Yıldızhan Hotel,3786706036
otel,Traverten Otel,3786706037
otel,Öz Star Otel,3786706038
otel,Bellamaritimo,4196650516
otel,Anemon Denizli Otel,5066049715
otel,Park Dedeman Denizli,5068216264
otel,Melrose Viewpoint Hotel,5893060740
otel,Sunrise Aya Hotel,6590587287
otel,Kaleotel,6717776685
otel,Konfor palas,6797073885
otel,Adempira Thermal Otel,7037002491
otel,Hotel Eyüpoğlu,7947409596
otel,Orient hotel,7955003294
otel,Vista Royal,10557116069
otel,Golden Residence,10568386261
otel,Pamukkale Apart,10584050474
otel,Elit Residence,10615493009
otel,Leman,10737767759
otel,Dort Mevsim Hotel,11084151505
otel,Laodikya Otel,11915741414
otel,Grand Denizli Hotel,11983800683
otel,Venus Suite Hotel,12484404197
otel,Hotel Sinter Terasse,13923047409
otel,Anya Suit Otel,13975776339
otel,Grand Otel Keskin,13975776383
otel,Manici Hotel,1995181457
otel,El-Ruha Otel,2016709520
otel,Harran Otel,4303129991
otel,Gülizar Otel,4303129992
otel,Edessa City Otel,4303133089
otel,Uludağ hotel,6620436297
otel,Tessera,10102394117
otel,Otel Ugur,10235673209
otel,Otel,3747550261
otel,Aslan palas,5701811037
otel,Hotel Demir,9554305517
otel,Hotel Büyük Kervansaray,10704280656
otel,Avio Hotel,13638520420
otel,Movenpick Malatya,2824430608
otel,Akademi Residance,4687316989
otel,Anatolia Hotel,12680889502
otel,Pırlanta Hotel,12680919101
otel,Ramada Hotel Kahramanmaraş,2399410822
otel,Hampton by Hilton Kahramanmaras,2906216058
otel,Kahramanmaraş Öğretmenevi,4995530323
otel,Kalaycıoğlu otel,5000146321
otel,Ada suite otel,12829819617
otel,Grand VAV Hotel,12829831343
otel,Dedeman Palandöken,4041340489
otel,Yeni Çinar Oteli,4549312750
otel,Bahar Otel,5620936989
otel,Otel Esadas,5879253687
otel,Bayburt otel,6221756285
otel,Saray otel,6758604985
otel,Atlas Otel,10147941917
otel,Otel Büyük Doğu,12823954701
otel,Hilton Garden Inn Erzurum,12951822137
otel,Otel Asya,13915172501
ofis_tedarik,Enza Home,1690847717
ofis_tedarik,Öğretmenim Kirtasiye,2514258628
ofis_tedarik,Nokta,2514268415
ofis_tedarik,Defter Sepeti Kırtasiye,3009902020
ofis_tedarik,Uno Kırtasiye,3793822521
ofis_tedarik,Elsa Ofis Mobilyaları,3874533745
ofis_tedarik,Hür Kırtasiye Terzi Kimya Turizm San. Tic. Ltd. Şti.,4147497823
ofis_tedarik,Kırtasiye Meva,4161751293
ofis_tedarik,MASKO Mobilya Kenti,4217220489
ofis_tedarik,Sandalye Fabrikası,4225543990
ofis_tedarik,Koçtaş Fix,4229604186
ofis_tedarik,Uzunoğlu Mobilya-Aksesuar,4544868294
ofis_tedarik,Gelişim Mobilya,4544933899
ofis_tedarik,Kadiroğlu Mobilya,4549810622
ofis_tedarik,Akbulut Koltuk,4553382167
ofis_tedarik,Raylı Dolap,4557017415
ofis_tedarik,İrem Kırtasiye,4557189682
ofis_tedarik,Umut Kırtasiye,4557521985
ofis_tedarik,Ezgi Kırtasiye,4560544440
ofis_tedarik,İstikbal,4567386921
ofis_tedarik,Güven Mobilya,4567458488
ofis_tedarik,Ev Yapar AVM,4569124386
ofis_tedarik,Mondi,4570895273
ofis_tedarik,Kelebek,4571511893
ofis_tedarik,Kilim,4571512108
ofis_tedarik,Doğtaş,4571512600
ofis_tedarik,Bellona,4578170880
ofis_tedarik,Mobilya Dünyası,4578701204
ofis_tedarik,Bilgiç Mobilya,4580351421
ofis_tedarik,Balhome,4580351498
ofis_tedarik,çilek,4583084734
ofis_tedarik,Cemşen Toptan Kırtasiye,4978881522
ofis_tedarik,Dekaş Mobilya,5032149567
ofis_tedarik,Star Evim Alışveriş Merkezi,5076166156
ofis_tedarik,Adar Sarküteri,5081443138
ofis_tedarik,Altus Beko,5081445056
ofis_tedarik,Özgün Mutfak ve Banyo,5081445063
ofis_tedarik,KırOğlu Dekorasyon,5081445106
ofis_tedarik,Melek 2. El Mobilya,5081610975
ofis_tedarik,Siemens,5086061078
ofis_tedarik,Atay mobilya,5087172341
ofis_tedarik,İstanbul çarşı,5088190899
ofis_tedarik,Ayhan Kırtasiye,5088190906
ofis_tedarik,Kardeşler Spot 3 Eskidi,5088192811
ofis_tedarik,Danış Ti-icaret,5088194828
ofis_tedarik,mo-su 07:00-19:00,5088194836
ofis_tedarik,Kardeşler Mobilya,5088194912
ofis_tedarik,Sergen spot,5099056169
ofis_tedarik,Evset,5106123774
ofis_tedarik,Bayram oğlu,5106123778
ofis_tedarik,Özel Halı,5106123780
ofis_tedarik,Karaca çeyiz,5106123784
ofis_tedarik,Evdiz,5106123794
ofis_tedarik,Çilek Odası,5106131098
ofis_tedarik,Mavi Kırtasiye,5106134546
ofis_tedarik,ErOğlu Ticaret Tefal,5107243177
ofis_tedarik,Özalp Spot,5107243185
ofis_tedarik,Dizayn,5107243191
ofis_tedarik,Orhan Spot,5107243203
ofis_tedarik,Kale,5107245405
ofis_tedarik,Ümit Ticaret,5107247559
ofis_tedarik,Koyunlu Mobilya,5107247572
ofis_tedarik,Aktaş Mobilya ve Çeyiz,5107247581
ofis_tedarik,Hilal Çeyiz,5107247584
ofis_tedarik,Sağlam Züccaciye,5107247596
ofis_tedarik,Almıra Plastik,5107247599
ofis_tedarik,Alfombras De Estambul,5108843120
ofis_tedarik,Üçel Kırtasiye ofis malzemeleri,5108843517
ofis_tedarik,Akseren,5110342128
ofis_tedarik,ser floor,5110342129
ofis_tedarik,Dodanlı,5110345328
ofis_tedarik,Eşref eketi,5110345330
ofis_tedarik,Rome home collection,5110345331
ofis_tedarik,Ay perde,5111211796
ofis_tedarik,Home collection,5111211797
ofis_tedarik,Tac,5111211801
ofis_tedarik,Gundamah,5111214109
ofis_tedarik,Berk Mobil,5111214111
ofis_tedarik,Sergan,5111214116
ofis_tedarik,Tasdemir,5111215193
ofis_tedarik,Prestig,5111215730
ofis_tedarik,Tefal,5111215732
ofis_tedarik,Isparta,5111215747
ofis_tedarik,Arslan Mobilya,5112723904
ofis_tedarik,Eyvaz Mobilya,5112723907
ofis_tedarik,Atabey Perde,5112723910
ofis_tedarik,Burcu Mobilya,5112723916
ofis_tedarik,Wenge Mobilya,5112725598
ofis_tedarik,Zeki Mobilya,5112725603
ofis_tedarik,Muharrem Mobilya,5112725619
ofis_tedarik,Lera Home,5112732233
ofis_tedarik,Volga,5112735239
ofis_tedarik,Dinar Home,5112735251
ofis_tedarik,Valen Perdeleri,5112735266
ofis_tedarik,Gül Mefruşat,5112736044
ofis_tedarik,Nurdoğan Mefruşat,5112736046
ofis_tedarik,TAÇ,5112736051
ofis_tedarik,Doğruluk Mefruşat,5112736053
ofis_tedarik,Taner A.S.,5112736054
ofis_tedarik,Punt Perde,5112744229
ofis_tedarik,Brilliant Home,5112744231
ofis_tedarik,Beyza Tekstil,5112744232
ofis_tedarik,Yazıcıoğlu,5112744236
ofis_tedarik,Şendoğan,5112744237
ofis_tedarik,Troy Home,5112744238
ofis_tedarik,Erda,5112744240
ofis_tedarik,Aksoy Tekstil,5112744243
ofis_tedarik,Gold Home Collection,5112744245
ofis_tedarik,Mert Çeyiz,5112744247
ofis_tedarik,Özdilek,5112744248
ofis_tedarik,Popartcı,5112744250
ofis_tedarik,Karaca Home,5112744251
ofis_tedarik,Aksan Tekstil,5112744252
ofis_tedarik,Yılmaz,5112744253
ofis_tedarik,Öz Yürek Tekstil,5112744254
ofis_tedarik,Genç Tarmanlar,5112744255
ofis_tedarik,Ercan Mefruşat,5112744256
ofis_tedarik,Esa Home Perde,5112744258
ofis_tedarik,Vivaldi Concept,5112744259
ofis_tedarik,Manifatura Mefruşat,5112744260
ofis_tedarik,Mert Home Collection,5112744261
ofis_tedarik,Demorhome,5112744263
ofis_tedarik,Demirtaş Mobilya,5112750909
ofis_tedarik,Burcu Hom,5113125298
ofis_tedarik,Ülküler Mobilya,5113125316
ofis_tedarik,İrfan Home,5113125318
ofis_tedarik,Ayyılmaz Alışveriş,5113125961
ofis_tedarik,OPA34,5113127750
ofis_tedarik,İpek,5113465246
ofis_tedarik,Angora halı,5113465247
ofis_tedarik,Saray halı,5113465256
ofis_tedarik,Paşabahçe,5113471024
ofis_tedarik,Zırhoğlu Mobilya İmaļathane,5113472205
ofis_tedarik,Gülşah ve Berkan Home,5113473734
ofis_tedarik,Evce ev gereçleri,5113480882
ofis_tedarik,Emin züccaciye,5113480896
ofis_tedarik,Gürdamar,5113480900
ofis_tedarik,Özkan mefruşat,5113480905
ofis_tedarik,Tuğra hali,5113480914
ofis_tedarik,Nur çeyiz,5113481323
ofis_tedarik,Brillife,5113481324
ofis_tedarik,Tufekci züccaciye,5113481343
ofis_tedarik,Yaren,5113481352
ofis_tedarik,İlgi sanat evi,5113481353
ofis_tedarik,Tuğra halı,5113481364
ofis_tedarik,Menekşe çeyiz,5113481367
ofis_tedarik,Matar,5113481408
ofis_tedarik,Selçuk halı,5113483391
ofis_tedarik,Özdemir perde,5113483398
ofis_tedarik,Elrahman,5113483666
ofis_tedarik,Laressa yatak,5113483692
ofis_tedarik,Korkmaz,5113485068
ofis_tedarik,Koçal,5113485081
ofis_tedarik,Dünya kristal,5113485090
ofis_tedarik,Depa,5113485091
ofis_tedarik,Kütahya,5113485092
ofis_tedarik,Mercan pazarı,5113485102
ofis_tedarik,Uğurlu dekoratif ayna,5113485105
ofis_tedarik,Kastamanu,5113485111
ofis_tedarik,Çelik ayna,5113485119
ofis_tedarik,Hisar,5113485120
ofis_tedarik,Empera,5113486748
ofis_tedarik,Altus,5113486763
ofis_tedarik,Yilmazlar,5113486783
ofis_tedarik,Çiçek züccaciye,5113486787
ofis_tedarik,Baycar,5113486788
ofis_tedarik,Ay yıldız,5113486789
ofis_tedarik,Oguz,5113486790
ofis_tedarik,Can halı,5113487656
ofis_tedarik,Baran,5113487657
ofis_tedarik,Sh selçuklu hali,5113487658
ofis_tedarik,İnsaf kurayşi hali,5113487659
ofis_tedarik,Öztürk,5113487660
ofis_tedarik,Güleç Halı,5113487661
ofis_tedarik,Mimar sinan,5113487687
ofis_tedarik,Cevahir,5113495957
ofis_tedarik,Şimşek halı,5113500222
ofis_tedarik,Tütüncü halı,5113500230
ofis_tedarik,Altan halı,5113500247
ofis_tedarik,Magnaura palace,5113500249
ofis_tedarik,Sah,5113500259
ofis_tedarik,Alhashmey,5113500266
ofis_tedarik,Tepe halı,5113500268
ofis_tedarik,Galeri barbaros,5113500271
ofis_tedarik,visko love,5113592149
ofis_tedarik,Şark Halı,5113592183
ofis_tedarik,Şafak kirtasiye,5113599457
ofis_tedarik,Fatih tepe kirtasiye,5113609487
ofis_tedarik,Kitap-kırtasiye,5113609932
ofis_tedarik,Bilgisayar kırtasiye,5113610110
ofis_tedarik,Cafe,5113610115
ofis_tedarik,Fırat kırtasiye,5113611486
ofis_tedarik,Sağlam mobilya,5113612638
ofis_tedarik,Gül kırtasiye,5113612644
ofis_tedarik,Muharrem,5115933185
ofis_tedarik,Atay Mobilya,5115933191
ofis_tedarik,İrfan home gallery,5115933198
ofis_tedarik,Seçkin Kırtasiye,5115937193
ofis_tedarik,Garden,5115937360
ofis_tedarik,Sait Mobilya,5115937854
ofis_tedarik,Baba Oğul Spot,5115937980
ofis_tedarik,Konfor Uyku Uzmanı,5115937981
ofis_tedarik,Ahşap Mobilya,5115937999
ofis_tedarik,Furniture,5115938016
ofis_tedarik,Güneş Kırtasiye,5115939274
ofis_tedarik,Kurt Mobilya,5115940995
ofis_tedarik,Mio Sedia,5122230335
ofis_tedarik,Vivense,5229809108
ofis_tedarik,Serender Ahşap - Masif Panel,5238545123
ofis_tedarik,English Home,5243945192
ofis_tedarik,TK Kırtasiye,5243950193
ofis_tedarik,Enzahome,5243950202
ofis_tedarik,Mennan,5243950760
ofis_tedarik,Jsbir,5243950762
ofis_tedarik,Butaş,5243950764
ofis_tedarik,Kemal Ajans,5243950792
ofis_tedarik,Merve mefrushat,5243951360
ofis_tedarik,ozeim dosheme,5243951388
ofis_tedarik,sweet life,5243951525
ofis_tedarik,Marie life,5243952643
ofis_tedarik,Myss life,5243952644
ofis_tedarik,TIO Tasarim,5243952646
ofis_tedarik,Stil dusheme,5243952651
ofis_tedarik,Yılmaz ticaret,5243953346
ofis_tedarik,Bonjela,5244796135
ofis_tedarik,Nur Perde,5244796136
ofis_tedarik,Nakkaş,5244801893
ofis_tedarik,Çukurova Home Collection,5244811451
ofis_tedarik,Volkan Emaye Soba Mangal,5244812099
ofis_tedarik,Atölye Kafası,5244812107
ofis_tedarik,Beyaz Kırtasiye,5260622730
ofis_tedarik,Ankara Mobilya,5262246774
ofis_tedarik,Winaldi,5262246778
ofis_tedarik,Zirve Kırtasiye,5272471216
ofis_tedarik,Özgür Kırtasiye,5279814608
ofis_tedarik,Arzum Mobilya,5285760841
ofis_tedarik,Mavi Lale Kırtasiye,5285760842
ofis_tedarik,Kardeş Kırtasiye,5285760847
ofis_tedarik,Alkan Mobilya,5289936626
ofis_tedarik,MRC Home,5291873139
ofis_tedarik,Evkur,5291873149
ofis_tedarik,Evseren,5291873150
ofis_tedarik,Kilim - Sultançiftliği Şubesi,5291970748
ofis_tedarik,enzaHOME,5291970750
ofis_tedarik,Elif Mobilya,5291970766
ofis_tedarik,Barış Kırtasiye,5292675406
ofis_tedarik,Mobilya,5295857862
ofis_tedarik,Evim mobilya mağazası,5296534754
ofis_tedarik,Doğan Mobilya,5296534766
ofis_tedarik,Çiftçi Kırtasiye,5296534769
ofis_tedarik,Şengül Mobilya,5296542686
ofis_tedarik,Arzu Kırtasiye,5300905385
ofis_tedarik,Özgedik Mefruşat,5329298021
ofis_tedarik,Dilay Çeyiz,5329298036
ofis_tedarik,Ertaş Spot,5329298049
ofis_tedarik,Günay Bilgisayar,5329298078
ofis_tedarik,Polisan,5329298079
ofis_tedarik,Aktüel Mobilya,5329298081
ofis_tedarik,Marshall,5329298098
ofis_tedarik,Morkoç Ticaret,5329298103
ofis_tedarik,Naas Çanta,5329298110
ofis_tedarik,Raf Sistemleri,5329298422
ofis_tedarik,Özdumanlar Soba,5329298428
ofis_tedarik,Adopen,5329298436
ofis_tedarik,Habaş,5329298460
ofis_tedarik,Gedık Nefruşat,5329298479
ofis_tedarik,Bahar Çeyiz Piko,5329298495
ofis_tedarik,Rabia Naklş,5329298503
ofis_tedarik,Nazlıgül,5329298504
ofis_tedarik,Sezer Halı Ve Züccaciye,5329298506
ofis_tedarik,Nur Manifatura,5329298519
ofis_tedarik,Sütçü Mustafa,5329310959
ofis_tedarik,Kurgen,5329310962
ofis_tedarik,Fıratpen,5329310964
ofis_tedarik,Sekiler Mobilya,5329310972
ofis_tedarik,Özgür Metal,5329310978
ofis_tedarik,Laçin Perde,5329310986
ofis_tedarik,Gül Kırtasiye,5329311004
ofis_tedarik,Limon Bilgisayar,5329311008
ofis_tedarik,Çaydanlık Tencere Tamiri Yapılar,5329311625
ofis_tedarik,Harman Mobilya,5329311629
ofis_tedarik,Bayrak Mobilya,5329311645
ofis_tedarik,Pasinli Endüstriyel Mutfak,5329311656
ofis_tedarik,Altınel Metal,5329311661
ofis_tedarik,Işık Tuhafıye,5329311662
ofis_tedarik,Kunstherm,5329311678
ofis_tedarik,Hisar Mühendislik,5329311683
ofis_tedarik,Turgud Halı,5329311686
ofis_tedarik,Özgedik Perde,5329311695
ofis_tedarik,Eraş Alüminyum,5329311696
ofis_tedarik,Beyaz Perde,5329311706
ofis_tedarik,Emre Elektrik,5329311712
ofis_tedarik,Choyang,5329311720
ofis_tedarik,Emik Elektrik,5329312244
ofis_tedarik,Isı Danışma Merkezi,5329312248
ofis_tedarik,Mery Perde,5329312252
ofis_tedarik,Akdoğanlar,5329319357
ofis_tedarik,Ceylanlar,5329319397
ofis_tedarik,Kardeşler,5329319398
ofis_tedarik,Aklm Elektrik,5329319413
ofis_tedarik,Özerler,5329319560
ofis_tedarik,Safak metal,5329319590
ofis_tedarik,Cemre perde,5329319594
ofis_tedarik,GÖKÇE akustik,5329319618
ofis_tedarik,Studlo Sanat,5329319821
ofis_tedarik,Hedef,5329319845
ofis_tedarik,Sultan perde,5329320555
ofis_tedarik,Gürbüz çeyiz,5329320567
ofis_tedarik,Zafer Kırtasiye,5329320568
ofis_tedarik,Fermanioğulları,5329320579
ofis_tedarik,Ber eket tent,5329320607
ofis_tedarik,Ankara perde,5329335338
ofis_tedarik,Vestel,5329335357
ofis_tedarik,Evkur alisveris merkezi,5329335377
ofis_tedarik,Ihlas store,5329335394
ofis_tedarik,Nüans dekor,5329335398
ofis_tedarik,Winhouse,5329335926
ofis_tedarik,Koyunlu hali,5329335938
ofis_tedarik,Bilgi kırtasiye,5329335946
ofis_tedarik,Del ka mobilya,5329335950
ofis_tedarik,Penta banyo keyfi,5329335967
ofis_tedarik,Arda mobilya,5329335979
ofis_tedarik,Elif mobilya,5329335985
ofis_tedarik,Nişantaşı mobilya,5329335986
ofis_tedarik,Kayalar Kırtasiye,5329335996
ofis_tedarik,Ak elektrik,5329336003
ofis_tedarik,Bizim çeyiz,5329336011
ofis_tedarik,Sümer elif perde,5329336541
ofis_tedarik,Günerler perde,5329336558
ofis_tedarik,Beşikçi bebe izzet gündoğdu,5329336568
ofis_tedarik,Tuğra çeyiz,5329336581
ofis_tedarik,Şam koltuk takımı,5329336927
ofis_tedarik,Cilek room,5329336951
ofis_tedarik,Öz kervan mobilya,5329336952
ofis_tedarik,Aktaş ticaret,5329336957
ofis_tedarik,Selahattin perde,5329336963
ofis_tedarik,Hocaoğlu halı mobilya,5329336965
ofis_tedarik,Inci perde dikim evi,5329336992
ofis_tedarik,Perde dünyası,5329337012
ofis_tedarik,Modelli,5329337425
ofis_tedarik,Kiliçlar madeni mutfak eşya,5329337432
ofis_tedarik,Alican tekal,5329337440
ofis_tedarik,Penta banyo,5329337446
ofis_tedarik,Istanbul züccaciye A V M,5329337453
ofis_tedarik,Erezoğulları mobilya,5329337454
ofis_tedarik,Gülsan,5329337460
ofis_tedarik,Şirin tuhafıye,5329337471
ofis_tedarik,Grup baby,5329337480
ofis_tedarik,Berat mobilya,5329337488
ofis_tedarik,Zebra corner,5329337499
ofis_tedarik,Arçelik,5329337509
ofis_tedarik,Brillant mobilya,5329337928
ofis_tedarik,Güven perde ve oto kiralama,5329337950
ofis_tedarik,Öz Fidan kırtasiye,5329337995
ofis_tedarik,Tac saray perde,5329338020
ofis_tedarik,Ilhanlar hali mobilya,5329338121
ofis_tedarik,Köşk perde,5329338144
ofis_tedarik,Genç dekorasyon,5329338145
ofis_tedarik,Çeyiz dünyası,5329338169
ofis_tedarik,Esma perde,5329338175
ofis_tedarik,Ucuzluk Pazarı,5344919547
ofis_tedarik,altus,5344919620
ofis_tedarik,Kerem mobilya,5344921536
ofis_tedarik,Metin dekorasyon,5542883013
ofis_tedarik,Red mobilya tasarim,5542883122
ofis_tedarik,Best hali Mobilya,5542883162
ofis_tedarik,Yılmaz ardeşler lastik,5542883181
ofis_tedarik,Nikah şekeri Sultanbeyli,5542883195
ofis_tedarik,Kur ofis büro mobilyaları,5542883213
ofis_tedarik,Alsecare,5542883321
ofis_tedarik,Duo,5542883385
ofis_tedarik,Mercek kırtasiye,5542883414
ofis_tedarik,Kaplan Dekor,5542883535
ofis_tedarik,Yalçin Ticaret,5542883545
ofis_tedarik,Burak kırtasiye,5542883566
ofis_tedarik,bianca,5542883609
ofis_tedarik,Aksayapı,5542883668
ofis_tedarik,Özdemir Spot,5542883704
ofis_tedarik,Güney perde,5542883756
ofis_tedarik,Günışığı,5542883817
ofis_tedarik,Gündoğdu,5542884521
ofis_tedarik,Tasarım perde ev tekstili,5542884544
ofis_tedarik,Nida hediyelik,5542884551
ofis_tedarik,Muhamed çeyiz perde,5542884563
ofis_tedarik,Aydemir Kırtasiye,5542884571
ofis_tedarik,Boyabatlılar ticaret,5542884590
ofis_tedarik,Gümüş yapı mobilya,5542886343
ofis_tedarik,Tatar apt,5542886357
ofis_tedarik,Ambalaj,5542886371
ofis_tedarik,Abana,5542886388
ofis_tedarik,Güven,5542886391
ofis_tedarik,edan,5542886407
ofis_tedarik,Tema Alümınyum,5542887023
ofis_tedarik,arçelik,5542887029
ofis_tedarik,Pelin mobiliya,5542887041
ofis_tedarik,Nail oğlu,5542887044
ofis_tedarik,Yerinde temizlik,5542887085
ofis_tedarik,yiğitoto,5542887099
ofis_tedarik,Hali spot,5542887101
ofis_tedarik,Bilgili mobilya,5542887115
ofis_tedarik,Taşdemir,5542887322
ofis_tedarik,Ktef Mobilya,5542887331
ofis_tedarik,Erpen,5542887332
ofis_tedarik,Harman Mobilya Market,5542887346
ofis_tedarik,Anadol Spot Mobilya,5542887347
ofis_tedarik,Dumanoğlu,5542887352
ofis_tedarik,Muaz Mobilya,5542887358
ofis_tedarik,Beysam çeyiz,5542887367
ofis_tedarik,Fabrika satış mağazası,5542887396
ofis_tedarik,Şahinler Mibilya,5542887416
ofis_tedarik,Flratboru satış Noktası,5542887671
ofis_tedarik,Avcılar,5542887694
ofis_tedarik,Ddemirdöküm,5542887703
ofis_tedarik,Design ofis Mobilya,5542887923
ofis_tedarik,Sihirli organizasyon,5542887942
ofis_tedarik,Akrimask,5542887945
ofis_tedarik,Arçelik yataklı servis,5542887952
ofis_tedarik,Bektaşoğlu mobilya ve dekorasyon,5542887954
ofis_tedarik,polisan,5542887964
ofis_tedarik,A-taç (perdeler),5542887976
ofis_tedarik,Yıldırım spot,5542887981
ofis_tedarik,Wagner,5542887993
ofis_tedarik,İletişim,5542887999
ofis_tedarik,Kanz,5542888002
ofis_tedarik,Canlar,5542888004
ofis_tedarik,okçular,5542888018
ofis_tedarik,NU ans,5542888933
ofis_tedarik,Dardason,5542888938
ofis_tedarik,Güneş,5542888956
ofis_tedarik,Can verir,5542888962
ofis_tedarik,Ümit çeyiz ev taksitli,5542888976
ofis_tedarik,Güvenler mobilya,5542888986
ofis_tedarik,Unal mermer& mobiliya,5542888991
ofis_tedarik,Doğan,5542889020
ofis_tedarik,Niğdi Mobilya,5542889133
ofis_tedarik,Başari,5542889156
ofis_tedarik,İhlas yetkili servis,5542889157
ofis_tedarik,Ev tamirat,5542889166
ofis_tedarik,Onc,5542889172
ofis_tedarik,Vistil,5542890221
ofis_tedarik,Ybyatrok perde,5542890239
ofis_tedarik,Azim spot,5542890252
ofis_tedarik,Aziz,5542890276
ofis_tedarik,Elit Mobilya,5542890279
ofis_tedarik,Zafer Mobilya,5542890282
ofis_tedarik,Istanbul food,5542890291
ofis_tedarik,Brilent,5542890303
ofis_tedarik,Kartallı,5542890307
ofis_tedarik,Turgud mobily,5542890311
ofis_tedarik,Poli spotçular çarşısı,5542890320
ofis_tedarik,Ozcan glass balcony,5542891133
ofis_tedarik,Göben,5542891136
ofis_tedarik,hat mutvak,5542891141
ofis_tedarik,Halk ucuzluk pazarı,5542891148
ofis_tedarik,Kardeşler kuruyemiş,5542891179
ofis_tedarik,Kuryap grup,5542891180
ofis_tedarik,Nilay çeyiz evi,5542891200
ofis_tedarik,Tasarım ofis,5542891204
ofis_tedarik,Hacioğullare,5542891426
ofis_tedarik,Showroom,5542891483
ofis_tedarik,Şivan,5542891507
ofis_tedarik,IKEA,5598526332
ofis_tedarik,EYÜP OĞLU DÖŞEME,5666800309
ofis_tedarik,TEKEŞ MOBİLYA,5666801908
ofis_tedarik,abu camal,5666802325
ofis_tedarik,GÜRBÜZ MOBİLYA,5666802365
ofis_tedarik,KIRTASIYE,5667618201
ofis_tedarik,Gürbüz Mobilya,5667618205
ofis_tedarik,Taha Kırtasiye,5667618333
ofis_tedarik,Süper Ofis Kırtasiye,5667618355
ofis_tedarik,Güçlü Kırtasiye,5667618666
ofis_tedarik,Emfa Kırtasiye,5667618724
ofis_tedarik,Papell,5667618789
ofis_tedarik,Çilingiroğlu Mobilya,5667618805
ofis_tedarik,Üç Kardeş Mobilya,5667618806
ofis_tedarik,Şark Home,5667634489
ofis_tedarik,Yavuz Kırtasiye,5667636224
ofis_tedarik,Gümrük pazarı,5667636315
ofis_tedarik,özcan spot,5667637424
ofis_tedarik,Kocatürk kırtasiye,5667637448
ofis_tedarik,Engin hali ve mobilya,5667637477
ofis_tedarik,Yüksel Kırtasiye,5667640031
ofis_tedarik,Koşar mobilya,5667641532
ofis_tedarik,Çayırlı mobilya,5667641534
ofis_tedarik,Eraslan,5667642107
ofis_tedarik,KIRTASİYE,5667642972
ofis_tedarik,Nuryağdı İthalat Oda Tekstil,5667655622
ofis_tedarik,Volkan Kitap Kırtasiye,5667655641
ofis_tedarik,Kara Spot 2. Eşya,5667655649
ofis_tedarik,Gökçen Halı,5667655696
ofis_tedarik,Kırtasiye Fotokopi,5667657044
ofis_tedarik,Taç,5667657095
ofis_tedarik,Çolaklar Saray,5667657111
ofis_tedarik,Birdem,5667657114
ofis_tedarik,Weltew Mobilya,5667657743
ofis_tedarik,Merinos,5667657749
ofis_tedarik,Fleks Home,5667657753
ofis_tedarik,Halıcı Ahmet,5667657767
ofis_tedarik,Butik,5667657779
ofis_tedarik,Berrman,5667657781
ofis_tedarik,Kiraz,5667657785
ofis_tedarik,Exclusive,5667657794
ofis_tedarik,Zebra Market,5667657798
ofis_tedarik,Merve Mefruşat,5667657801
ofis_tedarik,Edeler Spot,5667658247
ofis_tedarik,Kare kırtasiye,5667658249
ofis_tedarik,exclusive,5667658252
ofis_tedarik,Niğde Spot Eşya,5667658266
ofis_tedarik,göksel,5667658271
ofis_tedarik,ak mefruşat,5667658276
ofis_tedarik,Aldora,5667658280
ofis_tedarik,Poyraz halı,5667658290
ofis_tedarik,ahmet spot,5667658294
ofis_tedarik,Sergen,5667658310
ofis_tedarik,gökbil kırtasiye,5667658422
ofis_tedarik,modesan,5667658433
ofis_tedarik,öğretmenim,5667658464
ofis_tedarik,huzur mefruşat,5667658471
ofis_tedarik,erzincan mobilya,5667658493
ofis_tedarik,Çaki Spot Eşya,5667659225
ofis_tedarik,afgan türk spot,5667659265
ofis_tedarik,İpek Dekorasyon,5667659273
ofis_tedarik,viziyon kırtasiye,5667659289
ofis_tedarik,2.El Eşya Alış Satış,5667659302
ofis_tedarik,Merinos Halı ve Mobilya,5667659622
ofis_tedarik,Mert,5667659624
ofis_tedarik,abc mobilya,5667659630
ofis_tedarik,aldora,5667659650
ofis_tedarik,Novel Mobilya Dekorasyon,5667659661
ofis_tedarik,ezgi kırtasiye,5667659670
ofis_tedarik,hisar kırtasiye,5667660230
ofis_tedarik,homevs,5667660278
ofis_tedarik,Dekorcu,5667660313
ofis_tedarik,Tess,5667660876
ofis_tedarik,Gazzaz,5667660889
ofis_tedarik,Büro Kural Mobilya,5667660894
ofis_tedarik,Sultan,5667660899
ofis_tedarik,Sedef mobilya,5667661176
ofis_tedarik,Ekşioğlu Ev Tekstil,5667661214
ofis_tedarik,Sanat,5667661220
ofis_tedarik,Bambi Mobilya,5667661392
ofis_tedarik,POEM,5667661420
ofis_tedarik,AMOB,5667662191
ofis_tedarik,Hoşver Mobilya,5667662207
ofis_tedarik,Elif Mobile & Dekorasyon,5667662214
ofis_tedarik,Çağrı kirtasiye,5667669922
ofis_tedarik,Beksa,5667669929
ofis_tedarik,Sahin Kirtasiye,5667669933
ofis_tedarik,Rüya Mobilya,5667670001
ofis_tedarik,Eren,5667670044
ofis_tedarik,İmkan Kırtasiye,5667670051
ofis_tedarik,Doruk,5667670060
ofis_tedarik,İnçe Çelik Eşya,5667672273
ofis_tedarik,Berkan Döşme,5667672274
ofis_tedarik,Maveran mobilya,5667672297
ofis_tedarik,Duman spot 2. el,5667672647
ofis_tedarik,Ladin Mobilya,5667672710
ofis_tedarik,Maveran,5667673344
ofis_tedarik,Çeyiz,5667673384
ofis_tedarik,Görmez,5667673395
ofis_tedarik,Lima,5667673483
ofis_tedarik,Seçkin Mobilya,5667673498
ofis_tedarik,Ünal,5667673563
ofis_tedarik,Sarı Çiçek,5667673570
ofis_tedarik,Akşen mobilya,5667673584
ofis_tedarik,Gül Mobilya,5667673927
ofis_tedarik,BERKAN MOBİLYA,5667673988
ofis_tedarik,Azim Mobilya,5667674427
ofis_tedarik,Okuyanlar Spot Mobiliya,5667674436
ofis_tedarik,MERT MOBİLYA,5667674468
ofis_tedarik,Akın Kırtasiye,5667674923
ofis_tedarik,Furkan Kırtasiye Tuhafiye,5667674982
ofis_tedarik,Çelik mobilya,5667674995
ofis_tedarik,Emin Kırtasiye,5667684453
ofis_tedarik,Kırmızıoğlu Çeyiz & Ev Tekstil,5667686362
ofis_tedarik,Enes Perde,5667686368
ofis_tedarik,Dekoline Ofis Mobilya,5667686397
ofis_tedarik,Gözde kırtasiye,5667686417
ofis_tedarik,Onur Halı ve Mobilya,5667687548
ofis_tedarik,Big House Perde & Çeyiz,5667687557
ofis_tedarik,Özgür kırtasiye,5667687571
ofis_tedarik,Aygül,5667687614
ofis_tedarik,Has mobilya,5667688707
ofis_tedarik,Divan,5667689730
ofis_tedarik,Öz Sivas halı mobilya,5667689733
ofis_tedarik,Raektif,5667689787
ofis_tedarik,En-bam kırtasiye,5667691090
ofis_tedarik,Sefabella,5667691096
ofis_tedarik,İstanbul Ofis Malzemeleri,5667691101
ofis_tedarik,Saygin,5667699719
ofis_tedarik,Acildik,5667701528
ofis_tedarik,Zuhre,5667701541
ofis_tedarik,Karar Mobilya,5667701583
ofis_tedarik,Akyev,5667701612
ofis_tedarik,Festa,5667702727
ofis_tedarik,Polat,5667702735
ofis_tedarik,Bereket,5667702749
ofis_tedarik,Wallas,5667702759
ofis_tedarik,Marka dünyası,5667702792
ofis_tedarik,Selcuklu teksit,5667702803
ofis_tedarik,Suvari,5667702806
ofis_tedarik,Yakamoz,5667702816
ofis_tedarik,Kurtulus Mobilya,5667702817
ofis_tedarik,Alceyiz,5667703939
ofis_tedarik,Hitit nazar,5667703983
ofis_tedarik,Karahanli,5667704006
ofis_tedarik,ÇETİNLER DÖŞEME,5667705327
ofis_tedarik,AKKUŞ MOBİLYA,5667705333
ofis_tedarik,Soral,5667705344
ofis_tedarik,EMİN MOBİLYA,5667705346
ofis_tedarik,Asas,5667705349
ofis_tedarik,Cafali,5667705364
ofis_tedarik,Steel home,5667705378
ofis_tedarik,Hali fuari,5667705380
ofis_tedarik,Eva evim,5667705408
ofis_tedarik,Brillant,5667705414
ofis_tedarik,Evimiss,5667705417
ofis_tedarik,Kilimci,5667706141
ofis_tedarik,Güven mobilya,5667706162
ofis_tedarik,Coco hassan,5667706164
ofis_tedarik,Öz Kırtasiye,5667706169
ofis_tedarik,Azra mutfak,5667719091
ofis_tedarik,Hilal kitap kırtasiye,5667719102
ofis_tedarik,OMS,5667722058
ofis_tedarik,Nazar,5667723866
ofis_tedarik,Ağa Mobilya,5667723878
ofis_tedarik,Nacioğlu Mobilya,5667725851
ofis_tedarik,Kardelen kırtasiye,5667725856
ofis_tedarik,Gürsoy Mobilya & Beyaz Eşya,5667725903
ofis_tedarik,Kardelen Kırtasiye,5667725920
ofis_tedarik,Mobilyam,5667727227
ofis_tedarik,B&E KOLTUK TASARIM,5667727288
ofis_tedarik,Sakoy,5667727299
ofis_tedarik,KANEPECHİ,5667728729
ofis_tedarik,Reyyan kırtasiye,5667745965
ofis_tedarik,Ilkay kırtasiye,5667747246
ofis_tedarik,Semercioğlu mobilya,5667747254
ofis_tedarik,KARDELEN KIRTASİYE,5667747943
ofis_tedarik,Dilek Halı,5667748018
ofis_tedarik,Aymini Bebek Odası,5667748654
ofis_tedarik,Şirvan,5667748672
ofis_tedarik,Koltukcu,5667748678
ofis_tedarik,RF Mobilya,5730531508
ofis_tedarik,İlhanlar Halı Mobilya,5745196924
ofis_tedarik,Yenidoğanlar Masa & Sandalye,5799568356
ofis_tedarik,Yaşam Mobilya,5890103992
ofis_tedarik,Gökhan Spot,5900475029
ofis_tedarik,Tasarım Mobilya,5900475031
ofis_tedarik,İkizler Moblya,5902637246
ofis_tedarik,Onur Dizayn,5902637249
ofis_tedarik,Uzun Çarşım,5903191079
ofis_tedarik,Alkoçlar Mobilya,5933418998
ofis_tedarik,Hece Kırtasiye,6137602352
ofis_tedarik,Aysan Mobilya,6172848754
ofis_tedarik,selale kirstasiye,6185570317
ofis_tedarik,Bulut Mobilya,6261499588
ofis_tedarik,Nazay Kırtasiye,6264596586
ofis_tedarik,Florya Kırtasiye,6264767488
ofis_tedarik,Ali Kırtasiye,6274672990
ofis_tedarik,Gümüşdere Kırtasiye,6326679566
ofis_tedarik,Oğuz Kırtasiye,6374154907
ofis_tedarik,Sercan Kırtasiye,6374154908
ofis_tedarik,Enza (Yataş),6447317386
ofis_tedarik,Sah Galery,6461470094
ofis_tedarik,Kalem Kitap Kırtasiye,6478604378
ofis_tedarik,Hakan Kırtasiye,6508582533
ofis_tedarik,Evyap Mobilya,6518078055
ofis_tedarik,Clandıras Mobilya,6518573916
ofis_tedarik,Almila Mobilya,6518573917
ofis_tedarik,Eyvan Mobilya,6518573918
ofis_tedarik,Çetmen,6518573932
ofis_tedarik,Yeditepe Mobilya,6518573934
ofis_tedarik,Cadde Stil Mobilya,6532153523
ofis_tedarik,İkon Mobilya,6632294985
ofis_tedarik,Goldsit,6684098649
ofis_tedarik,Erman Kırtasiye,6685246787
ofis_tedarik,Yener Kırtasiye,6767608026
ofis_tedarik,Onur Mobilya,6807218809
ofis_tedarik,Sıla Kırtasiye ve Tuhafiye,6866813864
ofis_tedarik,Çağrı,6878268010
ofis_tedarik,Güney Mobilya,6922027274
ofis_tedarik,Beykoz Çanta Oyuncak Kırtasiye,6934302122
ofis_tedarik,Pasifik Kitap & Kırtasiye,6954521556
ofis_tedarik,Özlem Kırtasiye,6959391230
ofis_tedarik,Renk Kırtasiye,6961633923
ofis_tedarik,Sema Kırtasiye,6965465572
ofis_tedarik,Hacivat Kırtasiye,6980221485
ofis_tedarik,Bürotime,7077582918
ofis_tedarik,İder,7153690174
ofis_tedarik,Erman Ofis,7167524082
ofis_tedarik,Doğtaş Mobilya,7168051724
ofis_tedarik,Copy Center & Kırtasiye,7179034773
ofis_tedarik,Evmob Mobilya,7221482556
ofis_tedarik,Liva Mobilya,7221496009
ofis_tedarik,Nurev Mobilya,7486268953
ofis_tedarik,Ozan Kırtasiye,7574935258
ofis_tedarik,Emek Kırtasiye,7590628626
ofis_tedarik,Eskidji Bazaar,7592436108
ofis_tedarik,Özselçuk Mobilya,7592512221
ofis_tedarik,Gonca Mobilya,7592512243
ofis_tedarik,Kıygınlar Mobilya,7628729527
ofis_tedarik,Pano,7635726136
ofis_tedarik,Panel,7740134566
ofis_tedarik,Köseoğlu Mobilya,7740519283
ofis_tedarik,Engin Ev,7740563137
ofis_tedarik,Luna by Vivense,7740569789
ofis_tedarik,Semra Kırtasiye,7791753044
ofis_tedarik,Modoko,8071560956
ofis_tedarik,DK Koltuk Tasarim,8071590119
ofis_tedarik,Nokta Kırtasiye,8146854679
ofis_tedarik,Erdinç Kırtasiye,8310465672
ofis_tedarik,Südor kırtasiye,8322015967
ofis_tedarik,JENNAH mobilya,8361093851
ofis_tedarik,Yeniçağ Kırtasiye,8489123823
ofis_tedarik,Visko Love,8504036645
ofis_tedarik,Hamm,8520254824
ofis_tedarik,Si-si-n Baby,8520260880
ofis_tedarik,Kargılı Mobilya,8520559650
ofis_tedarik,İnci Kırtasiye,8554084575
ofis_tedarik,Melek Kırtasiye,8554084589
ofis_tedarik,Tezcan Kırtasiye,8566310881
ofis_tedarik,Cemre Kırtasiye,8581425218
ofis_tedarik,Mosso Home Design,8581425220
ofis_tedarik,Violet Exclusive,8581425221
ofis_tedarik,Divanev,8581425245
ofis_tedarik,Baraca Mobilya,8611074046
ofis_tedarik,Cihan Kırtasiye,8637913552
ofis_tedarik,Bretz,8738577477
ofis_tedarik,Yücel Kırtasiye,8740482213
ofis_tedarik,SofaLine,8742332799
ofis_tedarik,EvLine,8742551600
ofis_tedarik,Weltew Home,8742559954
ofis_tedarik,Doğa Mobilya,8742559956
ofis_tedarik,Effe Rosso Home,8746246335
ofis_tedarik,Kitap - Kirtasiye - Oyuncak,8804440343
ofis_tedarik,Hilal Mobilya Banyo Mutfak Yemek Odası,8829488127
ofis_tedarik,Barker,8872603955
ofis_tedarik,Macitler Mobilya,8872606487
ofis_tedarik,Doğtaş Exclusive,8872606942
ofis_tedarik,Natuzzi,8872610579
ofis_tedarik,Rapsel,8872612243
ofis_tedarik,Statu,8872612746
ofis_tedarik,Basınköy Kırtasiye,8884099786
ofis_tedarik,ARS Möbel GmbH,8907042908
ofis_tedarik,Cengiz Mobilya,8907438076
ofis_tedarik,Özgür,9108119446
ofis_tedarik,Özlem Mobilya,9126625927
ofis_tedarik,Senanur Mobilya,9139890387
ofis_tedarik,Şark Odaları Mobilya,9141634465
ofis_tedarik,Öz Okutur Kırtasiye,9142544237
ofis_tedarik,Orion Kırtasiye,9164320470
ofis_tedarik,Kırtasiye,9164320498
ofis_tedarik,Rooms,9180055221
ofis_tedarik,KSC Fotokopi Kırtasiye,9180345474
ofis_tedarik,Öykü Kırtasiye,9190535787
ofis_tedarik,Decorsan Mutfak & Banyo,9228696978
ofis_tedarik,Alternatif Kırtasıye,9269571324
ofis_tedarik,Set Raf,9360349934
ofis_tedarik,Efe,9446698637
ofis_tedarik,Ermanlar Ofis Mobilya,9446703841
ofis_tedarik,Fusta,9446709130
ofis_tedarik,Kurban Mobilya,9473418656
ofis_tedarik,Bykepi,9481169188
ofis_tedarik,Eren Ofis Kırtasiye,9481267959
ofis_tedarik,Simge Kırtasiye,9500858806
ofis_tedarik,Alfemo,9534551801
ofis_tedarik,Kaya Kırtasiye,9550928911
ofis_tedarik,Muti Kırtasiye,9550933531
ofis_tedarik,Yılmaz Mobilya,9554917287
ofis_tedarik,Besnik-Saray,9682931990
ofis_tedarik,Doğuş Kırtasiye,9694947975
ofis_tedarik,Hakikat Kırtasiye,9758222446
ofis_tedarik,Nedim Kırtasiye,9786517748
ofis_tedarik,ABC Kırtasiye,9790960743
ofis_tedarik,Emir Mobilya,9811123491
ofis_tedarik,Masko,9848201641
ofis_tedarik,Harema,9911117938
ofis_tedarik,Sevgi Kırtasiye,9916878381
ofis_tedarik,Turhan Mobilya,9916878390
ofis_tedarik,Tuğra Kırtasiye,9916885913
ofis_tedarik,Ümit Mobilya,9916885914
ofis_tedarik,Çakır Mobilya,9916885915
ofis_tedarik,Zirve Kitap & Kırtasiye,9933684912
ofis_tedarik,Mim Copy Center,9933684913
ofis_tedarik,Roots Proje Tasarım,9933685722
ofis_tedarik,Nur Kırtasiye,9935472153
ofis_tedarik,Ormancı Kırtasiye,9939299548
ofis_tedarik,Ormancı,9939299590
ofis_tedarik,Cesur Kırtasiye,9939299592
ofis_tedarik,Evidea,9973385854
ofis_tedarik,Kupon Mobilya,10002129827
ofis_tedarik,Güneş Mobilya,10019952340
ofis_tedarik,Çamlıca Büro Mobilyaları,10029619984
ofis_tedarik,Badem Ofis,10029625525
ofis_tedarik,Büşra Mobilya,10031717806
ofis_tedarik,Kardeşler Kırtasiye,10104661385
ofis_tedarik,Taşkın Home,10104670457
ofis_tedarik,Çınar Mobilya & Dekorasyon,10104719889
ofis_tedarik,Kılıçoğlu Mobilya Bambi Yatak,10104720014
ofis_tedarik,Referans Kırtasiye & Oyuncak Bijuteri,10110158062
ofis_tedarik,Outlet,10110158211
ofis_tedarik,Bada Home,10110158242
ofis_tedarik,Tree House,10132744932
ofis_tedarik,Nisan Kırtasiye,10154679433
ofis_tedarik,Öztürkler Kırtasiye % Oyuncak,10159076315
ofis_tedarik,Nünü Kırtasiye,10159083799
ofis_tedarik,Craft International,10159956620
ofis_tedarik,Lineadecor,10159956622
ofis_tedarik,Mopa,10159956623
ofis_tedarik,Tekce Kaşe,10178019799
ofis_tedarik,Üçler Kırtasiye,10178092232
ofis_tedarik,Altın Kırtasiye,10209369438
ofis_tedarik,HİSAROFİS MOBİLYALARI,10269372509
ofis_tedarik,Kırtasiye Dünyası,10297572171
ofis_tedarik,Modeon,10301911093
ofis_tedarik,Spot Kırtasiye ketapevi oyuncak,10570475162
ofis_tedarik,Cansev Kırtasiye,10580181505
ofis_tedarik,Koleksiyon,10599369438
ofis_tedarik,Elit Kırtasiye,10709319835
ofis_tedarik,Serhat kitapevi,10722078032
ofis_tedarik,Özseda Giyim ve Kırtasiye,10929828567
ofis_tedarik,Emin Ticaret,10931266264
ofis_tedarik,Ceren Kırtasiye,10941593905
ofis_tedarik,Fratelli Mobilya & Dekorasyon,10992689133
ofis_tedarik,KYS Design,10992689136
ofis_tedarik,Atlas,11013891235
ofis_tedarik,Kök Mobilya,11014851362
ofis_tedarik,Şebnem Kırtasiye,11015019828
ofis_tedarik,Mahir Mobilya,11015020922
ofis_tedarik,Umut Mobilya,11015023445
ofis_tedarik,Birlik Store,11076847732
ofis_tedarik,İnegöl Mobilya,11111646153
ofis_tedarik,Sem Collections,11146333161
ofis_tedarik,Stressless,11148311726
ofis_tedarik,Barker Oyuncak Kitap Kırtasiye,11148311727
ofis_tedarik,Gussi,11154419874
ofis_tedarik,NAR Kırtasiye,11192330191
ofis_tedarik,Erenler Mobilya,11245144700
ofis_tedarik,Boz Ticaret,11273259962
ofis_tedarik,Ofismer,11279914769
ofis_tedarik,Degotti,11329855368
ofis_tedarik,Zeynep Kırtasiye,11413392663
ofis_tedarik,Engince Mobilya,11418055479
ofis_tedarik,Lidya Mobilya,11435520135
ofis_tedarik,Nill's,11472779569
ofis_tedarik,Akın Usta Mobilya,11645557406
ofis_tedarik,Eylül Kırtasiye,11694802846
ofis_tedarik,Fuga Mobilya,11744767124
ofis_tedarik,Sandalyeci,12198605701
ofis_tedarik,Marmara Ofia Kırtasiye,12249257303
ofis_tedarik,Tertip 2 Kirtasiye,12269309481
ofis_tedarik,Adel,12304644903
ofis_tedarik,Tertip Kırtasiye,12304649149
ofis_tedarik,Sinerji Kitap Kırtasiye,12304655228
ofis_tedarik,Septay kırtasiye,12317355501
ofis_tedarik,HG Copy Center,12438821672
ofis_tedarik,Kervan,12472988000
ofis_tedarik,Toprak Kırtasiye,12512781222
ofis_tedarik,Can Collezione,12621300069
ofis_tedarik,İhya Design,12666545451
ofis_tedarik,Enginev,12666547037
ofis_tedarik,Mustafa Göktan,12666555005
ofis_tedarik,Üsküdar,12666556762
ofis_tedarik,Genç Design,12666560391
ofis_tedarik,Voyage,12666564824
ofis_tedarik,Marca Home,12666565011
ofis_tedarik,Mesut Göktan,12666565012
ofis_tedarik,Gizemev,12666565145
ofis_tedarik,Atasoy,12666569123
ofis_tedarik,Elamir,12666736732
ofis_tedarik,Ekin,12666749819
ofis_tedarik,Cengiz Erkan,12666758501
ofis_tedarik,Seyit Kırtasiye,12724843094
ofis_tedarik,Akbal Kırtasiye,12751997601
ofis_tedarik,Emek Mobilya,12765922327
ofis_tedarik,Ell Concept,12809117901
ofis_tedarik,Nezih Kırtasiye,12819119252
ofis_tedarik,Bosart mobilya,12824158768
ofis_tedarik,İkizler Kırtasiye,12832933420
ofis_tedarik,Dörtler Kırtasiye,12844258377
ofis_tedarik,Nişancı Kırtasiye,12848796176
ofis_tedarik,Taşkın Çeyiz,12921399833
ofis_tedarik,Ece Kitap&Kırtasiye,12947057362
ofis_tedarik,Yiğit AVM,12980713445
ofis_tedarik,Yıldız Kırtasiye,12999573097
ofis_tedarik,Gazi Kırtasiye,13040341185
ofis_tedarik,Mert Kırtasiye,13092785689
ofis_tedarik,Ercan Ofis & Kırtasiye,13144738957
ofis_tedarik,Kırtasiyeci,13270120192
ofis_tedarik,Çantaylar Kitabevi,13336830732
ofis_tedarik,JYSK,13343879887
ofis_tedarik,Şafak Kırtasiye,13434018302
ofis_tedarik,Özkardeşle Mobilya,13444868259
ofis_tedarik,Nare Kırtasiye,13453347801
ofis_tedarik,Masal Kırtasiye,13481486085
ofis_tedarik,Sagist,13572939505
ofis_tedarik,Piramit Kırtasiye,13607393088
ofis_tedarik,Furkan Toptan Kırtasiye,13607404093
ofis_tedarik,Daşlar Kırtasiye-Kitap,13607404095
ofis_tedarik,Özkan Kırtasiye,13607404096
ofis_tedarik,Mea Garden Bahçe ve Balkon Mobilyaları,13621438815
ofis_tedarik,Sevilla Mobilya,13638422835
ofis_tedarik,Ünlü Kitap Kırtasiye,13641491219
ofis_tedarik,Taha Kırtasiye Oyuncak,13641491220
ofis_tedarik,Ege Kırtasiye,13692287021
ofis_tedarik,İrem Mobilya,13694924703
ofis_tedarik,Eminev Mobilya,13697920670
ofis_tedarik,Galapars Kırtasiye,13697966744
ofis_tedarik,Luzeni Home,13698675480
ofis_tedarik,Eymen Halı Mobilya,13698743728
ofis_tedarik,Rahi Mobilya,13700646814
ofis_tedarik,Özer Mobilya,13703940408
ofis_tedarik,Yalın Kırtasiye,13704935902
ofis_tedarik,Bilen Kitap,13706038361
ofis_tedarik,Bilal Hızarcı Mobilya & Aksesuarları,13706480604
ofis_tedarik,Ünlü Kırtasiye,13709105833
ofis_tedarik,Golden Mert,13719238318
ofis_tedarik,Nilly Mobilya,13753337983
ofis_tedarik,Çilek,13761412746
ofis_tedarik,Almila,13761412747
ofis_tedarik,Newjoy,13761412749
ofis_tedarik,Ergül Mobilya,13761422171
ofis_tedarik,Metin Göktan,13769163326
ofis_tedarik,Çetin Göktan,13769163327
ofis_tedarik,Aslan Kırtasiye,13849396655
ofis_tedarik,Eda Home,13849831454
ofis_tedarik,Erdoğan Yenihayat,13857677679
ofis_tedarik,Murat Kırtasiye,13898777906
ofis_tedarik,Görkem Kırtasiye,13904688224
ofis_tedarik,Moda Life,13910125100
ofis_tedarik,Öğretmenim Kırtasiye,13947568178
ofis_tedarik,HERCAİ KIRTASİYE,13950008465
ofis_tedarik,Özgür Mobilya & Dekorasyon,13963880174
ofis_tedarik,Flekssit,14021099192
ofis_tedarik,Zeynep Kırtasiye & Oyuncak,14022234083
ofis_tedarik,A mobilya,62673841
ofis_tedarik,Desen Kırtasiye,62674129
ofis_tedarik,casa mobilya,100096837
ofis_tedarik,Lamphouse,122563646
ofis_tedarik,İsmet Mobilya,122563690
ofis_tedarik,Hikmet Ev Ofis,122563712
ofis_tedarik,Türkerler Kırtasiye,164625493
ofis_tedarik,İpek Mobilya,667442771
ofis_tedarik,İnci Tunçel,825864128
ofis_tedarik,Binzet,825864131
ofis_tedarik,Ali Köse Moble,1942783972
ofis_tedarik,Meteksan,2526652236
ofis_tedarik,Aksu,3890713731
ofis_tedarik,Yunus Emre Kitap Kırtasiye,3890764040
ofis_tedarik,Erkanlar,3895563321
ofis_tedarik,Yılmaz Kırtasiye,4073049915
ofis_tedarik,Hakikat Kitap Kırtasiye,4116177136
ofis_tedarik,Moda,4149247566
ofis_tedarik,New Saloni,4149247571
ofis_tedarik,Halı Dünyası,4225050808
ofis_tedarik,Bostan's,4225089493
ofis_tedarik,Solenne,4230329595
ofis_tedarik,Gökhan Kırtasiye,4231511216
ofis_tedarik,Gamzenur Mobilya,4271033732
ofis_tedarik,Edessa Tasarım İç Mimarlık ve Dekorasyon,4318763092
ofis_tedarik,Tufan Kırtasiye,4361559742
ofis_tedarik,Hazer Kırtasiye,4362649934
ofis_tedarik,Reel Kırtasiye,4405921601
ofis_tedarik,Özbay Mobilya,4488208904
ofis_tedarik,Kampüs Kırtasiye,4622983579
ofis_tedarik,Koçtaş,4663712033
ofis_tedarik,Bilinçsel Kitap Kırtasiye Oyuncak,4818501320
ofis_tedarik,İder Mobilya Siteler,5101117636
ofis_tedarik,Hacıoğlu Mobilya,5103013475
ofis_tedarik,Özcan Möble,5103046143
ofis_tedarik,Orhan Mobilya,5103123252
ofis_tedarik,Ofis Net,5104007144
ofis_tedarik,Büro On,5104007145
ofis_tedarik,Tepe Home,5578806379
ofis_tedarik,Harikalar Kırtasiye,6132686898
ofis_tedarik,Yılmazlar Kırtasiye,6132741188
ofis_tedarik,Savaş Demirel Koltuk & Kanepe,6139337465
ofis_tedarik,Ofis Teknik Mdk Kırtasiye,6316068210
ofis_tedarik,MF Kırtasiye,6407900598
ofis_tedarik,Karakalem,6556984816
ofis_tedarik,Garden Bambu,7074597686
ofis_tedarik,Han Kırtasiye,7074604285
ofis_tedarik,Ünverdi  Mobilya,7787922736
ofis_tedarik,İstikbal ALİ TEL MOBİLYA,8490040437
ofis_tedarik,Adore,9164514625
ofis_tedarik,Best Kırtasiye & Kitabevi,10286155828
ofis_tedarik,Ayba Kırtasiye & Kopyalama,10286155868
ofis_tedarik,Soho Concept,10548625283
ofis_tedarik,Enka Copy Kırtasiye,11225127749
ofis_tedarik,XDrive Oyuncu Koltukları,11595118340
ofis_tedarik,Esme Mobilya,12051506355
ofis_tedarik,Demet Mobilya,12144723168
ofis_tedarik,Güvenay Kırtasiye,12265877307
ofis_tedarik,Yuva Kırtasiye,12320001001
ofis_tedarik,Temiz Kırtasiye,12320001101
ofis_tedarik,Vizyon Kırtasiye,12358424515
ofis_tedarik,Moda Sefa Mobilya,12361989494
ofis_tedarik,Özdemir Halı ve Mobilya,12361990647
ofis_tedarik,Yıldız Mobilya,12365095989
ofis_tedarik,Ercan Kırtasiye,12365119805
ofis_tedarik,Eymen Kırtasiye,12365120505
ofis_tedarik,Rengi Alem,12640696572
ofis_tedarik,Göktaşlar Mobilya,12640702174
ofis_tedarik,Alperen Kitap & Kırtasiye,12640711067
ofis_tedarik,Bengi,12640726313
ofis_tedarik,Vivons Home & Living,12640755325
ofis_tedarik,Ev Shop,12645241627
ofis_tedarik,Bizim Market & Kırtasiye,12657145478
ofis_tedarik,Uni Kırtasiye,12705637502
ofis_tedarik,Bianos,12745991126
ofis_tedarik,ETA Kırtasiye,12745991128
ofis_tedarik,Teknofis,12745991140
ofis_tedarik,Ofis Kırtasiye,12751771231
ofis_tedarik,Morova Kırtasiye,12816860242
ofis_tedarik,Kırtasiye Kitap-Oyuncak,12820930844
ofis_tedarik,MODA Life Fabrika Satış Mağazası,12950689438
ofis_tedarik,La Perla Koltuk Tasarım,12993403297
ofis_tedarik,Derinözler Mobilya Showroom,13015346301
ofis_tedarik,Yelken Kırtasiye,13043266222
ofis_tedarik,Harman,13072559059
ofis_tedarik,SİN İNŞAAT MOBİLYA DEKORASYON,13078128260
ofis_tedarik,Hakikat Sanat Kitap Kırtasiye,13171763524
ofis_tedarik,Eray 2 Kırtasiye,13171807984
ofis_tedarik,Yalı Home Mobilya,13273741601
ofis_tedarik,Doğtaş Outlet,13385724596
ofis_tedarik,Öğretmenler Mobilya,13385807943
ofis_tedarik,Sehpa Dünyası,13389284534
ofis_tedarik,Capilon Mobilya,13527199483
ofis_tedarik,Mert Mobilya,13527199492
ofis_tedarik,Ünver Web Kırtasiye,13543462157
ofis_tedarik,Vionsa Mobilya,13556096098
ofis_tedarik,Ekol Mobilya,13556121897
ofis_tedarik,Eray Kırtasiye,13556681370
ofis_tedarik,Kent Mobilya,13626789004
ofis_tedarik,Başkent Kırtasiye,13626789039
ofis_tedarik,Özel Kırtasiye,13650551501
ofis_tedarik,Uludoğan Mobilya,13675925724
ofis_tedarik,Eymen Mobilya ve Spot,13683020459
ofis_tedarik,Batuhan Mobilya,13727018664
ofis_tedarik,Evim Dizayn Furniture,13727058225
ofis_tedarik,Gür Ozalit Kırtasiye,13764812701
ofis_tedarik,Dessoni | Franke,13808605649
ofis_tedarik,Ankara Köşe Koltuk Borsası,13811129029
ofis_tedarik,Yıldırım Mobilya,13811129054
ofis_tedarik,YS Mobilya Köşe Takımları,13811129074
ofis_tedarik,Malatya Mobilya Mağazası,13912981371
ofis_tedarik,Ladin,13912981377
ofis_tedarik,Baymedo Mobilya,13918216817
ofis_tedarik,A Mobilya & Dekorasyon,13918216824
ofis_tedarik,Can Koç Mobilya,13918216863
ofis_tedarik,Destan Döşeme,13918216876
ofis_tedarik,Drm Ofis Kırtasiye,13938461999
ofis_tedarik,Ünsal Mobilya,13947804388
ofis_tedarik,Anıl Kırtasiye,13947821920
ofis_tedarik,Paraşüt Kitap Kırtasiye,13947821946
ofis_tedarik,Çidem Mobilya,13980591976
ofis_tedarik,Özşah Koltuk & Mobilya,14020121804
ofis_tedarik,Kılıç Kırtasiye,14023991901
ofis_tedarik,Konfor Çiğli Mağazası,5277545221
ofis_tedarik,orne home,5286077165
ofis_tedarik,teka,5287446170
ofis_tedarik,Cellini masajkoltugu,5287447539
ofis_tedarik,yorgancioglu,5287460081
ofis_tedarik,Çetmen Mağazaları Şemikler,5310193421
ofis_tedarik,Çetmen Mağazaları Eskiizmir,5310284821
ofis_tedarik,Çetmen Mağazaları Bayraklı,5311811222
ofis_tedarik,Şirin Kırtasiye,5325505859
ofis_tedarik,Hamiyet Kırtasiye,5695489500
ofis_tedarik,Sarıgül Mobilya,5814778554
ofis_tedarik,Mudo.concept,5836995388
ofis_tedarik,Kuzenler Kırtasiye,6194883902
ofis_tedarik,MOBİLYACI,6256626985
ofis_tedarik,Çiftçioğlu Ticaret,7055237683
ofis_tedarik,Ademoğlu Mobilya,7055237712
ofis_tedarik,Deniz Kabuğu,8068713361
ofis_tedarik,Ikizler Binbir Cesit Dunyasi,8140536297
ofis_tedarik,Dekortaş Şömine,8544455679
ofis_tedarik,Ayasofya Kırtasiye,8602951109
ofis_tedarik,Özballar Mobilya,8635324829
ofis_tedarik,Paper Plus,8710402370
ofis_tedarik,Demir Kırtasiye,8866783238
ofis_tedarik,Level Mobilya,9009611108
ofis_tedarik,Cemil Yılmaz,9009617586
ofis_tedarik,Zett,9009620954
ofis_tedarik,New York Concept,9009628064
ofis_tedarik,Türkcan Mobilya,9009635173
ofis_tedarik,Classi,9009635174
ofis_tedarik,İlerideco,9009639094
ofis_tedarik,Ndesign,9009640085
ofis_tedarik,Fuga,9009640230
ofis_tedarik,Elba Kırtasiye,9573124415
ofis_tedarik,Bozköy Kırtasiye,9631905515
ofis_tedarik,Utku Kırtasiye,9672060410
ofis_tedarik,35,9776730054
ofis_tedarik,Ege Sanatsal Kırtasiye,9935454712
ofis_tedarik,Kurşun Kalem Kitap Kırtasiye,10311961419
ofis_tedarik,Genç Aygül,10833447905
ofis_tedarik,West Kırtasiye,11069630548
ofis_tedarik,Anadolu Mobilya,11076393815
ofis_tedarik,Bingöl Mobilya & Dekorasyon,11294843821
ofis_tedarik,Lina Kırtasiye,11407319384
ofis_tedarik,Başak Kırtasiye,11407354891
ofis_tedarik,Peker Kırtasiye,11424986018
ofis_tedarik,Tunaylar Mobilya,11526070393
ofis_tedarik,Başaran Grup,11526070400
ofis_tedarik,Odina Mobilya,11526070414
ofis_tedarik,ATN Life Mobilya,11526070440
ofis_tedarik,Ergin Mobilya,11527696308
ofis_tedarik,Başaran Mobilya,11601294864
ofis_tedarik,Atlı Mobilya Tasarım,11601747722
ofis_tedarik,Poy-Er Kırtasiye,11813341058
ofis_tedarik,Laser Bilgisaya,11888927485
ofis_tedarik,AR Ben,11889025362
ofis_tedarik,Serabed,11898939859
ofis_tedarik,Eray,11903244765
ofis_tedarik,Mimart,11904333174
ofis_tedarik,Obbi,12005964449
ofis_tedarik,İnal Kırtasiye,12066311381
ofis_tedarik,Alfa,12475849312
ofis_tedarik,Meroni Home Furniture,12478442072
ofis_tedarik,Arke Kırtasiye,12518303766
ofis_tedarik,Çetmen Ayrancılar,12651179201
ofis_tedarik,Modalife Çiğli,12745382759
ofis_tedarik,Carino Mobilya Mağazası,13100280717
ofis_tedarik,Bürotime Oklay Ofis,13382833705
ofis_tedarik,Eda Kırtasiye,13473177790
ofis_tedarik,Cemdağ Kırtasiye,13473372009
ofis_tedarik,Karataş Kırtasiye & Kitap,13476187448
ofis_tedarik,BaşkenT Mobilya DÜNYASI,4586874989
ofis_tedarik,Bernardo,5103391425
ofis_tedarik,Porland,5104009025
ofis_tedarik,Tuba Sandalye,5108573821
ofis_tedarik,Gündoğdu Mobilya,5278499695
ofis_tedarik,Gümüşhan Mobilya,5278499711
ofis_tedarik,Mobi Mobilya,9998256952
ofis_tedarik,FSM Kırtasiye,10654341505
ofis_tedarik,Bi Kalem Kırtasiye,10754433351
ofis_tedarik,Filiz Kırtasiye,10831844071
ofis_tedarik,Nur Kırtasiye ve Tuhafiye,11078343944
ofis_tedarik,Elmas Kırtasiye,11078343945
ofis_tedarik,Modamob Akıllı Mobilyalar,11716976169
ofis_tedarik,Minnoş Dükkan,13121266102
ofis_tedarik,BAMBUSS İnegöl Mobilya,13164936904
ofis_tedarik,Değişim Kırtasiye,13525768232
ofis_tedarik,Yalı kırtasiye,4395126255
ofis_tedarik,Form Mobilya,5254326834
ofis_tedarik,Tamer Kırtasiye,5405398424
ofis_tedarik,Mondial,5831903694
ofis_tedarik,Karnaval Kırtasiye,6036137850
ofis_tedarik,Sitare Mobilya,6089509085
ofis_tedarik,Akdeniz Kırtasiye,6180714949
ofis_tedarik,Ahatli spot evkur,8434351222
ofis_tedarik,Madame Coco Antalya Land Of Legends Avm,8960532607
ofis_tedarik,Kalem & Kitap,10218345426
ofis_tedarik,Özgün Copy,10219528231
ofis_tedarik,Yağmur,10219528269
ofis_tedarik,Karayel Ofis Büro Malzemeleri,10304410245
ofis_tedarik,Kitap Kırtasiye Kardelen,10763717044
ofis_tedarik,Evim Turkuaz Mobilya,12236467875
ofis_tedarik,İnegöl Mobilyası,12236467878
ofis_tedarik,Melodi Kırtasiye,12241793861
ofis_tedarik,Bambahçe,12242182547
ofis_tedarik,Sette Garden,12244122400
ofis_tedarik,By Özcan Kırtasiye,12249804990
ofis_tedarik,Büro Koç,12252216656
ofis_tedarik,Ahenk Büro Mobilya,12252228090
ofis_tedarik,Pi Ofis Mobilyaları,12252241749
ofis_tedarik,Özgür Mobilya,6815011851
ofis_tedarik,Kalsan Mobilya,6815011854
ofis_tedarik,Simpa,6815011855
ofis_tedarik,Havuz Genç Odası,6815011856
ofis_tedarik,Laressa,6815011857
ofis_tedarik,Beyaz Perde Ev Tekstili,6835220023
ofis_tedarik,ider,6849084962
ofis_tedarik,Rapsodi,6849131163
ofis_tedarik,Casa Mobilya,6854626976
ofis_tedarik,İlayda Kırtasiye,7903234424
ofis_tedarik,Özer Kırtasiye,7907446865
ofis_tedarik,Kerem Ticaret Tekstil San. ve Paz. Ltd. Şti.,13446860101
ofis_tedarik,Eylül Mobilya,3692778282
ofis_tedarik,Cardin,3693381614
ofis_tedarik,Konak Mobilya,3706487431
ofis_tedarik,Adnan Kırtasiye,4249787095
ofis_tedarik,Doğtaş Karınca Halı Mobilya,4638643415
ofis_tedarik,Erşanlı Kırtasiye,5117607321
ofis_tedarik,Zirve Dekor -Mobilya Dekorasyonu,8198172774
ofis_tedarik,Nihle,10081576338
ofis_tedarik,AGT,11085084844
ofis_tedarik,Yaren Kitap Kırtasiye,11197603951
ofis_tedarik,Colores Mobiya,8000517336
ofis_tedarik,Tekin Mobilya,10867029841
ofis_tedarik,Black Home İnegöl Consept,13161522054
ofis_tedarik,IKEA Gaziantep,13606586670
ofis_tedarik,Modalife,3989449941
ofis_tedarik,İstiklal,4380333488
ofis_tedarik,Mavi Mobilya,6276369687
ofis_tedarik,Günay Kırtasiye,6276383513
ofis_tedarik,Mesa Mobilya,7887783492
ofis_tedarik,Adalar Mobilya,7891909283
ofis_tedarik,Seray Mobilya,7891910782
ofis_tedarik,Sandık Odası,7891933894
ofis_tedarik,Abla Kırtasiye,7895683970
ofis_tedarik,Vallini Concept Mobilya,8355577017
ofis_tedarik,Karakaya Mobilya,9517557068
ofis_tedarik,Tartarlar Bellona,9649716417
ofis_tedarik,Ergül Mobilya Mezitli,10290846592
ofis_tedarik,Ergin's Copy Center,10980270205
ofis_tedarik,Officetech,13848478603
ofis_tedarik,SDF Home,2664916051
ofis_tedarik,Girne Kırtasiye,6412300085
ofis_tedarik,Anadolu Kırtasiye,5215025443
ofis_tedarik,Alkan Kırtasiye,5215052537
ofis_tedarik,Genç Copy,5296609417
ofis_tedarik,Şimşek Kırtasiye,5298103697
ofis_tedarik,F&K KIRTASİYE,6422912245
ofis_tedarik,Balkan Kırtasiye Tuhafiye,6539919531
ofis_tedarik,İksir Kırtasiye,6612020530
ofis_tedarik,Cenani Usta Kırtasiye,6804622745
ofis_tedarik,Kültür,9732628306
ofis_tedarik,Kahraman,9947283535
ofis_tedarik,Erkan Mobilya Dekorasyon,11068056258
ofis_tedarik,Efor Mobilya,11068056262
ofis_tedarik,Albero Mutfak & Mobilya,12145147970
ofis_tedarik,Aydınlar Kırtasiye,13482613125
ofis_tedarik,Boyut Kitabevi Copycenter,13765478802
ofis_tedarik,DİLOŞUM SPOT,2840519391
ofis_tedarik,FİLİZ SPOT,2840519989
ofis_tedarik,DİLOSUM OFİS ESYALARI,2841427479
ofis_tedarik,CEVAT SPOT,2841433112
ofis_tedarik,CULFA SPOT,2841433196
ofis_tedarik,Areme Mobilya,8510770918
ofis_tedarik,AYDIN ALÇI DEKORASYON,8512149420
ofis_tedarik,Doğuş Kerestecilik,8512160917
ofis_tedarik,Ahmet Kurtuluş Perde Tasarımları,8512167917
ofis_tedarik,Rengarenk Mobilya Tasarım,8512171717
ofis_tedarik,ÖZGÜ MOBİLYA,8512172217
ofis_tedarik,Kaşmir Halı,8512190319
ofis_tedarik,Ulus Mobilya,8512194417
ofis_tedarik,Aydın Saray Halı Mobilya,8512194418
ofis_tedarik,Inegol Mobilya,8512194817
ofis_tedarik,Çiftçioğlu Mobilya,8512204217
ofis_tedarik,Home Concept,8512204218
ofis_tedarik,Best Mobilya,8512206717
ofis_tedarik,Hitit Mobilya,8512206719
ofis_tedarik,KÖRFEZ MOBİLYA,8512206720
ofis_tedarik,ŞAHNCONSEPT,8512207717
ofis_tedarik,MAS-SAN SANDALYE,8512208618
ofis_tedarik,Hacioǧullari Mobilya,8512209117
ofis_tedarik,Özyıldırım Halı Mobilya,8512209118
ofis_tedarik,venüs mobilya,8512210648
ofis_tedarik,Körfez Halı Mobilya,8512210843
ofis_tedarik,Çilek Odası  İzmit,8512211026
ofis_tedarik,Okumuş Mobilya,8512211027
ofis_tedarik,Dekonur mobilya,8512211032
ofis_tedarik,Baştürk Perde,8512211033
ofis_tedarik,ÖZANADOLU MOBİLYA,8512211034
ofis_tedarik,Damla Perde Perdeci,8512211344
ofis_tedarik,Göllüce halı,8512211430
ofis_tedarik,Manolya Sandalye & Masa,8512222317
ofis_tedarik,Perdex Perde,8512782317
ofis_tedarik,Erbay Ofis,8512782318
ofis_tedarik,Kolsuzlar Mobilya,8512784721
ofis_tedarik,Sembol Mobilya,8512787417
ofis_tedarik,Deniz Halı Mobilya,8512787418
ofis_tedarik,Deniz Mobilya,8512787420
ofis_tedarik,Arçelik Mağazası,8512968017
ofis_tedarik,Körfez Mobilya,9577968496
ofis_tedarik,Ekin Kırtasiye,9690699135
ofis_tedarik,Atalay Kırtasiye,9721690058
ofis_tedarik,Çamlıca Kitap,9848156017
ofis_tedarik,Hüner Kağıt,9965949067
ofis_tedarik,Coşkun Kitap & Kırtasiye,9993058373
ofis_tedarik,Arma Kırtasiye,9993343447
ofis_tedarik,Ahtera Kaşıbeyaz,9993343483
ofis_tedarik,RB Ev & Ofis,10045374589
ofis_tedarik,Sıpka,10152061268
ofis_tedarik,MK Mobilya Dekorasyon,10152061302
ofis_tedarik,Kartepe Mobilya,10679421832
ofis_tedarik,Tepe Mobilya,10695303778
ofis_tedarik,Mobilike Mobilya,10713155710
ofis_tedarik,Formofis Büro Mobilyaları,10713155714
ofis_tedarik,Han Mobilya,10733696817
ofis_tedarik,Bahar Kırtasiye,10733745221
ofis_tedarik,Bizim Sümer,11158041620
ofis_tedarik,Gönençler Mobilya,12057013557
ofis_tedarik,Sevdiz Mobilya,12063028138
ofis_tedarik,Can Mobilya,12091636739
ofis_tedarik,Exxen Home,13152844288
ofis_tedarik,Kandemir Mobilya,13152888591
ofis_tedarik,Buket Mobilya,13866262069
ofis_tedarik,Elif Kırtasiye,13896436701
teknoloji,Bilgisayarcı,1045079162
teknoloji,BilişimBil Bilgisayar,1907444316
teknoloji,InfoCenter Bilgisayar,2266991207
teknoloji,Netcad - İstanbul Bölge Müdürlüğü,2271418665
teknoloji,Eksen Bilgisayar,2274989172
teknoloji,MediaMarkt,2277590886
teknoloji,Rahman Elektrik,2459586186
teknoloji,Bosch,3053097249
teknoloji,SDD Bilgisayar,3127871256
teknoloji,Altınok,3455638963
teknoloji,Samsung,3455638968
teknoloji,Teknosa,3671734273
teknoloji,Apple Store,4102678989
teknoloji,met otomasyon,4277696889
teknoloji,Sentra AŞ,4296602190
teknoloji,teknoloji teknik servis ve Bakım,4370295598
teknoloji,Özcan Elektrik,4400523289
teknoloji,Ekson Otomasyon A.S,4405036890
teknoloji,Doğubank İş Hanı,4420598389
teknoloji,ALTUĞ ELEKTRONİK,4485047691
teknoloji,Panasonic Klima,4533882439
teknoloji,Electroplus,4544876468
teknoloji,Özgür Elektronik,4544930485
teknoloji,Elektronik,4545402607
teknoloji,Network,4557740249
teknoloji,Next&Next Star-Astel Elektronik,4558672921
teknoloji,Alpa Elektronik,4559092319
teknoloji,Digitürk,4562247245
teknoloji,Yurdal,4567458477
teknoloji,Aytepe Elektronik,4573354402
teknoloji,Eurosport,4583712195
teknoloji,porzec(Tuna),4664184091
teknoloji,QANS Bilişim,4691931856
teknoloji,Eliton Tardi,4785823428
teknoloji,dikomsan kantara nr19,4792929521
teknoloji,Vatan Bilgisayar,4960234835
teknoloji,HAN Bilgisayar ve Danışmanlık Hizmetleri,4978902480
teknoloji,Akyol Dijital Ölçüm Cihazları,4993230921
teknoloji,Naature Teknoloji,5038181321
teknoloji,Ufo kumtel yetkili servis,5076114612
teknoloji,Dostlar Elktroniks,5081264678
teknoloji,Gold Sat,5081265944
teknoloji,Kaya Elktronik,5081265947
teknoloji,Permolit,5081274117
teknoloji,Hilal Elektrik,5081442504
teknoloji,Cen ve Er Elektrik ve İnşaat Malzemeleri,5081445055
teknoloji,Televizyon hastanesi,5081610973
teknoloji,Avrupa elektric,5081610980
teknoloji,Televizyon uydu kamera,5087172349
teknoloji,Deniz Plazma ve LCD,5088190903
teknoloji,su-sa 9:00-21:00,5088192780
teknoloji,Naz elektrik,5088192800
teknoloji,Özgüven Spot,5088194878
teknoloji,Wo elektronik,5099065437
teknoloji,Erce Bilgisayar,5099065481
teknoloji,Tr Bilgisayar,5100823698
teknoloji,Ase Teknoloji,5103810740
teknoloji,URS bilgisayar,5103810743
teknoloji,Dogan Oto Elektrik,5106121852
teknoloji,MCE,5106122299
teknoloji,Sertaç Elektronik,5106122301
teknoloji,Casper store,5106123804
teknoloji,Yazıcı elektronik,5106127813
teknoloji,Vestel,5106129543
teknoloji,Metro Elektronik,5106131069
teknoloji,Fatih Elektronik,5106131084
teknoloji,Bilişim Teknoloji,5106133702
teknoloji,Arı Elektrik,5106134523
teknoloji,Maviş Bilgisayar,5106134539
teknoloji,Murat Elektrik,5106134540
teknoloji,Ecem Bilgisayar,5106134543
teknoloji,Siemens,5106135553
teknoloji,Netelsan,5107243183
teknoloji,ER-AL Elektrik,5107243197
teknoloji,Akademi Elektronik,5107243209
teknoloji,A Plus Digital,5107245404
teknoloji,ADM Bilgisayar,5107247547
teknoloji,Aygün Elektrik,5107305849
teknoloji,Ergin Ticaret,5107305869
teknoloji,Deha bilgisayar,5107305879
teknoloji,Yiğit Soğutma,5107305906
teknoloji,ÖZGÜL Digital ve Technophoto,5108828018
teknoloji,NET FOTO,5108837445
teknoloji,macro foto,5108837446
teknoloji,Babataş Fotoğrafçılık,5108837447
teknoloji,Refleks Fotoğrafçılık,5108837448
teknoloji,Hayyam Foto Teknik,5108837451
teknoloji,ORYOX,5108838357
teknoloji,ML Bilgisayar Yazılım Donanım ve Danışmanlık Hizmetleri,5108843333
teknoloji,Kartal Elektrik,5108843744
teknoloji,Viko,5110342722
teknoloji,Tefal Rowenta,5110345277
teknoloji,Aydınlar elektrik,5110345631
teknoloji,Stilis,5110345649
teknoloji,Eraysan,5110345650
teknoloji,Hamle,5110345651
teknoloji,Badir makinaları,5110347217
teknoloji,LG,5110347252
teknoloji,Er fa elektrik,5111214081
teknoloji,Oto elektrik,5111214098
teknoloji,Hotpoint,5111215170
teknoloji,Moroğlu Market,5112725583
teknoloji,Sultan Elektrik,5112725606
teknoloji,Murat Elektronik ve Aksesuar,5112749730
teknoloji,Tarlacılar outlet center,5112834100
teknoloji,Aysel Elektrik,5113125954
teknoloji,Burcu Avm,5113126643
teknoloji,Dergah,5113471027
teknoloji,Meb,5113483665
teknoloji,Ed son,5113485084
teknoloji,Power way,5113485112
teknoloji,Vld,5113485115
teknoloji,Sunix,5113485116
teknoloji,gritti,5113485117
teknoloji,Schafer,5113486762
teknoloji,Ünlü elektirik,5113487693
teknoloji,Çiçek,5113598517
teknoloji,uğur elekitrik,5113599451
teknoloji,Etkin bilgisayar,5113609515
teknoloji,Bilgisayar tamiri,5113611465
teknoloji,Beder Elektrik,5113611468
teknoloji,Baron Elektrik,5113611509
teknoloji,Acıbucu beyaz eşya,5113615739
teknoloji,Veriform bilgisayar,5113615741
teknoloji,A.R.M Bilgisayar,5115933182
teknoloji,Naz Digital Uydu Sistemleri ve Bilgisayar,5115933211
teknoloji,Casper,5115933216
teknoloji,Bilgisayar Market,5115935409
teknoloji,Nur spot,5115937348
teknoloji,Corner Bilgisayar,5115937373
teknoloji,Arçelik Mağazası,5115937842
teknoloji,Fatih klima servisi,5115937983
teknoloji,Kayra Bilişim,5115940954
teknoloji,Şen Bilgisayar ve Elektronik,5115940967
teknoloji,Ticaretgroup,5115940986
teknoloji,Evkur,5243949964
teknoloji,Dağıstan Elektrik,5243950729
teknoloji,pioneer,5243950961
teknoloji,Peksan,5243951368
teknoloji,Bayraktar elektrik,5243951516
teknoloji,Aydin,5243951560
teknoloji,İklim,5243951978
teknoloji,Efsane elektrik,5243952630
teknoloji,Eksen,5243952634
teknoloji,Akilli teknoloji,5243952744
teknoloji,Şahintürk,5243953366
teknoloji,Öz Doğan Elektronik,5244795863
teknoloji,Altıner,5244795866
teknoloji,Boss Tech,5244795899
teknoloji,Vega Bilgisayar,5244795900
teknoloji,Oztas Ithalat,5244795914
teknoloji,Deniz Elektronik,5244796138
teknoloji,BOĞAZ Bilgisayar,5244796143
teknoloji,Ze elektronik,5244796144
teknoloji,Global Bilgisayar Ofis,5244796192
teknoloji,Antik Elektrik,5244803045
teknoloji,Goldtech and Mettler Toledo,5244805703
teknoloji,Tez ayar evi,5244806744
teknoloji,Teknosis Bilişim ve Yazıcı Bakım Onarım Hizmetleri,5244807941
teknoloji,Demsan Tartı Sistemleri,5244812073
teknoloji,dokunmatikci,5244812104
teknoloji,ÇARŞI ELEKTRONİK,5244812116
teknoloji,İkizler Aydınlatma,5275609350
teknoloji,Apple Teknik Servisi,5279910974
teknoloji,Apple Teknik Servis,5289269952
teknoloji,Elektro city,5292675396
teknoloji,Vestel Yetkili Stış Mağazası,5293915435
teknoloji,Arte Bilgisayar,5294090630
teknoloji,Akademi Bilgisayar,5296542676
teknoloji,Teknomar Elektronik,5296577689
teknoloji,İphone Aksesuar,5297414223
teknoloji,Pchome Bilgisayar,5303408353
teknoloji,Bebsa Elektrik,5329298068
teknoloji,Beşir Elektronik,5329298080
teknoloji,Demir Elektrik & Elektronik,5329298445
teknoloji,Mono Electric,5329311000
teknoloji,Huzur elektronik,5329311673
teknoloji,Bilgisayar Elektronik Yazılım,5329312240
teknoloji,Next Next star,5329319541
teknoloji,Next star,5329319586
teknoloji,Gozüm Elektrik,5329319593
teknoloji,Uzman Kömbe teknik,5329335349
teknoloji,Ak teknik,5329335350
teknoloji,Toner büro makinalari teknik servisi,5329335928
teknoloji,Marcom,5329335942
teknoloji,Yıldırım iletişim,5329336527
teknoloji,Çağdaş Elektronik,5329336586
teknoloji,Aztek bilişim teknolojileri,5329336588
teknoloji,Fen elektrik san,5329336942
teknoloji,Selam elektronik,5329337423
teknoloji,Viko elektrik,5329337470
teknoloji,Mobil tech elektronil,5329337473
teknoloji,TKA Bilişm yazilim donanim ve bilgi işlem sistemleri,5329337496
teknoloji,Nur elektrik ve elektronik,5329337934
teknoloji,NT,5329337974
teknoloji,Polat bilgisayar,5329338155
teknoloji,Uzmanlar teknik servis,5542882998
teknoloji,Ayka elektrik,5542883352
teknoloji,Bec Elektrik,5542883549
teknoloji,Ayteknik,5542883569
teknoloji,Nextstar,5542883696
teknoloji,Dopinc hosting,5542883751
teknoloji,Poyraz Elektronik,5542883762
teknoloji,Bilgisayar Teknik Servisi,5542883766
teknoloji,ayaşar elektronik,5542883780
teknoloji,Elif Elektronik,5542883794
teknoloji,Next nextstar,5542886350
teknoloji,Foxnet,5542886354
teknoloji,Sultanbeyli Vestel klima servis,5542886355
teknoloji,Saygın bilgisayar,5542886367
teknoloji,Onur elektrik,5542886374
teknoloji,Mutlu san elektrik,5542886384
teknoloji,hailoğlu,5542887033
teknoloji,Õzdevinç elektrik,5542887064
teknoloji,Karabulut Elektronik,5542887093
teknoloji,Fubay,5542887362
teknoloji,Güven elektrik,5542887688
teknoloji,Sultanbeyli teknik servis,5542887708
teknoloji,Vedat elektronik,5542887718
teknoloji,Konuk elektrik,5542887924
teknoloji,Bikgisayar (güvanlık sistemler&ekran uydu),5542887933
teknoloji,Ózdel elektrik,5542888990
teknoloji,Altindağ,5542889148
teknoloji,Acar,5542889161
teknoloji,Bilgisayar elektrik,5542889173
teknoloji,Ay Işığı Elektrik,5542889174
teknoloji,Empisan yelek ettirerek pano,5542890242
teknoloji,Sabuni,5542890253
teknoloji,Asya Bilgisayar,5542890293
teknoloji,Erol Elektrik,5542891490
teknoloji,Stil Bilgisayar,5643684622
teknoloji,Özlem Elektrik,5666801825
teknoloji,kılavuz elektrik,5666801910
teknoloji,As Elektrik,5667618714
teknoloji,Mega Mühendislik Otomasyon,5667618731
teknoloji,Navitech,5667618769
teknoloji,Lider Rezistans,5667618799
teknoloji,Gazi oğlu,5667634516
teknoloji,Akyüz Bilgisayar,5667637423
teknoloji,ARES,5667637476
teknoloji,Açelik,5667637478
teknoloji,Teknik elektrik,5667637494
teknoloji,intech güvenlik,5667638778
teknoloji,Flash Bilgisayar,5667638813
teknoloji,Alarrab laptop mobile,5667640066
teknoloji,Elektrikçi,5667640078
teknoloji,Akyüz bilgisayar,5667640113
teknoloji,Kumanda,5667640116
teknoloji,hicret elektrik,5667640752
teknoloji,Bilgisayar hastanesi,5667641561
teknoloji,Hicret Elektrik,5667643004
teknoloji,Barış Elektronik,5667655627
teknoloji,Poyraz,5667655630
teknoloji,Karagoz,5667655657
teknoloji,Seda elektrik ve elektronik,5667655667
teknoloji,Yetkili Servis,5667657104
teknoloji,Yelser Elektrik,5667657729
teknoloji,Fakir-Nilco Yetkili Servis,5667658281
teknoloji,Hindawi Computer Telephone Teknik Servis,5667658444
teknoloji,Aslan Elektrik,5667658500
teknoloji,Makro servis,5667658502
teknoloji,casper,5667658503
teknoloji,servis bilgisayar,5667658504
teknoloji,öztürk elektrik,5667658507
teknoloji,Şafak Computer Bilişim Teknolojileri,5667658510
teknoloji,Fantom Yetkili Servis,5667659257
teknoloji,Erdağ Elektrik,5667659697
teknoloji,Regal Elektrik,5667659704
teknoloji,itimat elektrik,5667660243
teknoloji,adalılar,5667660260
teknoloji,Elektrik Mühedislik,5667660859
teknoloji,Himeris Elektrik,5667660860
teknoloji,Teknopenk,5667660907
teknoloji,Dogan,5667660918
teknoloji,Data,5667661124
teknoloji,ZAFER,5667661779
teknoloji,Tuğçem İletişim,5667662136
teknoloji,Özgelişim Ticaret,5667662624
teknoloji,Bilal Aksu,5667662645
teknoloji,Mercan Bilişim Bilgisayar ve Fatura Ödeme,5667662650
teknoloji,Vecton technique,5667669955
teknoloji,Yusuf oğlu,5667669999
teknoloji,Nurs,5667670019
teknoloji,Serkur Otomotiv,5667670065
teknoloji,Fatih elektronik,5667670069
teknoloji,Uzun,5667670079
teknoloji,Emir,5667670084
teknoloji,Özdoğan,5667670112
teknoloji,Elitemiz,5667670118
teknoloji,Sevinçler,5667671322
teknoloji,Polat,5667671337
teknoloji,Sevinç pazarlama,5667671352
teknoloji,Sedef Dijital,5667671355
teknoloji,Zafer elektrik,5667672275
teknoloji,Yerli Elektrik,5667673356
teknoloji,Bilişim Bilgisayar,5667673399
teknoloji,Gökre elektrik,5667673417
teknoloji,Nazlı Elektrik,5667673419
teknoloji,Kocayunus Bilişim,5667673565
teknoloji,Uzman Elektironik,5667673617
teknoloji,Şahin Elektrik,5667673940
teknoloji,Beyaz Eşya,5667675027
teknoloji,Yunus,5667686327
teknoloji,Caliskan,5667687556
teknoloji,Bilgisayar malzeme,5667691056
teknoloji,Haydar oto,5667699718
teknoloji,Star,5667701595
teknoloji,Bekiroglu,5667703941
teknoloji,Erdal elektrik,5667703968
teknoloji,Deniz,5667703991
teknoloji,Etka bilgisayar,5667705381
teknoloji,Altus,5667706148
teknoloji,CRYSTAL BİLGİSAYAR,5667706153
teknoloji,Bogazici,5667706160
teknoloji,Bilgisayar,5667719078
teknoloji,Next & Next Star,5667719079
teknoloji,Koşar elektrik,5667719080
teknoloji,KOŞAR,5667722044
teknoloji,Asya Hi-Fi,5667723846
teknoloji,YAZAR KASA POS,5667723900
teknoloji,Benim Ev,5667723912
teknoloji,Eltes Elektrik,5667725854
teknoloji,Berke,5667728732
teknoloji,Ece sound,5667745993
teknoloji,Lider elektrik,5667747281
teknoloji,Netelsan elektrik,5667747302
teknoloji,Behamo,5667747315
teknoloji,Sunny,5667747995
teknoloji,Yap yap elektrik,5667748632
teknoloji,Malta Bilgisayar,5667748648
teknoloji,Merve Elektronik,5667748671
teknoloji,Hedef Elektrik,5667748679
teknoloji,Nebim,5687096022
teknoloji,Elemeta Electric,5710046223
teknoloji,Hız Elektronik,5768667856
teknoloji,Özay Ltd,5853592185
teknoloji,İm-Ko Bilgisayar,5900400224
teknoloji,Aytel İletişim Elektronik,5933922379
teknoloji,Nova,5969777732
teknoloji,multivision,6185578560
teknoloji,kervan,6185578573
teknoloji,Gold Master Dijital Uydu Alicilari,6185937298
teknoloji,Seyhanlioglu,6185937299
teknoloji,Eksen Yudu,6185937310
teknoloji,Eksen Uydu,6185937319
teknoloji,Bisem Elektronik,6185937320
teknoloji,Electro,6185937322
teknoloji,Ece Uydu,6185937327
teknoloji,Ultra Bilgisayar,6188867880
teknoloji,Haikon,6684365406
teknoloji,Vatan,6754151956
teknoloji,Özdemir İletişim,6863703694
teknoloji,İdil Elektronik,6866813858
teknoloji,Özdemir Elektrik&Elektronik,6880898955
teknoloji,Daikin,6928631741
teknoloji,Kaya Bilişim,6965466892
teknoloji,Exeline Bilgisayar Teknik Servis,7221495999
teknoloji,10K Elektronik,7912947601
teknoloji,Balak Bilgisayar,7960985672
teknoloji,Supermax uydu,8322015952
teknoloji,Barış elektronik,8322015954
teknoloji,Kamasonic,8322015956
teknoloji,Çözüm Kombi Klima/Servis ve Satış,8483013673
teknoloji,Silverline Beyaz Eşya,8502426617
teknoloji,Yalı Saat,8505774517
teknoloji,Ensa Dtm,8520541596
teknoloji,Hollywood DVD,8566310876
teknoloji,Ayba Bilgisayar,8581429269
teknoloji,Castek,8611074071
teknoloji,Turkuaz Toner,8742332803
teknoloji,Mert Bilgisayar,8742563574
teknoloji,Miele,8872601585
teknoloji,Elektronik ve faturalar için Suha mağazası,8935136717
teknoloji,A1 Bilgisayar,9108181356
teknoloji,Res Bilgisayar,9139890395
teknoloji,Antik Teknik,9263150717
teknoloji,Gratis,9343120517
teknoloji,Pioneer,9481125440
teknoloji,Özaltın Bilgisayar,9550928877
teknoloji,Anıl Elektronik,9685629290
teknoloji,Digitech Drone Tamir Servisi,9714176117
teknoloji,OTO Ergin Navimex,9782808311
teknoloji,İlker İletişim,9786517761
teknoloji,Yazıcı Kirala,9823730580
teknoloji,Roket Bilişim,9917474256
teknoloji,Sony,9918221217
teknoloji,Planet Bilgisayar Hastanesi,9933683901
teknoloji,Tekno Bilişim,9939299552
teknoloji,Intel Elektronik Direnç.net,9993776129
teknoloji,Go Tri̇bord Bi̇li̇şi̇m Teknoloji̇leri,10100735917
teknoloji,Esa Bilgisayar,10132742265
teknoloji,SG alüminyum,10224232117
teknoloji,Özdeş Bilgisayar & Teknik Servis,10540402962
teknoloji,Mesa Elektrik,10563559495
teknoloji,Netbil Bilgisayar | Computer,10695120959
teknoloji,Elektronik Kart Tamiri,10762089606
teknoloji,Ulusal Elektronik,10796633126
teknoloji,Netsa Elektronik,10914321539
teknoloji,A.G ELEKTROMETAL,11096986456
teknoloji,Gönül Ticaret,11197840828
teknoloji,Atom Bilişim,11296151565
teknoloji,Motto Telsiz Haberleşme,11296170593
teknoloji,Gaming.Gen.TR,11333060389
teknoloji,Biltek Bilgisayar,11426831527
teknoloji,Ataser Bilgisayar,11446077769
teknoloji,Çelebi Elektronik,11582838677
teknoloji,Gama Elektromarket,11875778285
teknoloji,CityElektrik Alarm&Kamera,11876043319
teknoloji,EV Shop,12055675477
teknoloji,Philips,12067076486
teknoloji,Burçin Elektrik,12067076540
teknoloji,Giscom Bilgisayar,12230647802
teknoloji,ÖZEL BİLGİSAYAR VE GÜVENLİK SİSTEMLERİ,12230663501
teknoloji,Mertinko Yazılım Hizmetleri,12230663502
teknoloji,Prosmart Teknoloji,12230709801
teknoloji,Sen Tech Elektronik,12553829955
teknoloji,YRD ELEKTRONİK,12621511602
teknoloji,DigiTech / DJI Servis (Özel Servis),12624016877
teknoloji,Voltaj.Net,12703281547
teknoloji,Monster Kartal İnovasyon Merkezi,12706612081
teknoloji,Öztaş Elektrik,12833872212
teknoloji,Gizem Elektronik,12833873179
teknoloji,Kartal Bilgisayar Servisi,12836404507
teknoloji,Onsa Bilgisayar,12836963499
teknoloji,Kortikoğlu Elektronik,12843951763
teknoloji,Rasyonel Bilgisayar,12843981170
teknoloji,Volkan Ekektronik,12844242772
teknoloji,Bionik Bilgisayar,12920059566
teknoloji,Güray Isıtma Mühendislik,12926613889
teknoloji,Mino Bilgisayar,12949203875
teknoloji,Şener Elektronik,13001168962
teknoloji,Pos Start Barkod Sistemleri,13052269071
teknoloji,Bap Elektronik,13084266137
teknoloji,Bilen Bilgisayar ve Güvenlik Sistemleri,13111890938
teknoloji,Data Bilgisayar,13316933452
teknoloji,Game Garaj,13366986001
teknoloji,Bekir Elektronik,13526266822
teknoloji,HB Vortex,13647154971
teknoloji,Emre Elektrik,13910125041
teknoloji,Uzman Elektrik,13910125046
teknoloji,Garanti Elektrik,13910125049
teknoloji,POS Pazarı Bilişim,13910125090
teknoloji,Netrocs Bilişim ve Otomasyon Teknolojileri,13963879929
teknoloji,Asbimsan Bilgisayar,247208807
teknoloji,Işık Bilgisayar,247617785
teknoloji,May Bilişim Hizmetleri,2918380425
teknoloji,Baytekin Teknik Cihazlar,3016089651
teknoloji,Merkur Design Digital Web Solutions,3093574412
teknoloji,Atisoft,3093676279
teknoloji,Ltr Bilgi Teknolojileri,3131288280
teknoloji,Computer Repairy Place,3889729424
teknoloji,Makrosoft Bilgisayar,4073049920
teknoloji,Noktacom Bilgisayar,4087946746
teknoloji,Sıla-2 Elektrik,4224985090
teknoloji,Arçelik Cantürk,4225089500
teknoloji,Oracle Corp.,4269561863
teknoloji,Güven Bilgisayar,4330703290
teknoloji,Komple Elektrik,4331134791
teknoloji,Atapark Bilgisayar,4343889089
teknoloji,Vatan Computer,4409333690
teknoloji,Hürsoft,4512028992
teknoloji,GENMAK,4553404566
teknoloji,Güreller,4627366926
teknoloji,Ascrom Elektrik&Elektronik,4798664123
teknoloji,Manas Enerji Yönetimi San ve Tic A.S,4815668221
teknoloji,Keçiören Arçelik Servisi,5162976222
teknoloji,Mamak Arçelik servisi,5162976821
teknoloji,Start Elektronik,5365434002
teknoloji,NEO-SER,5563884843
teknoloji,RECEPOĞLU,5563976358
teknoloji,TEMPAR LTD.,5564071120
teknoloji,MEBİ A.Ş.,5564092633
teknoloji,KARTON LTD.,5564436225
teknoloji,NANOTEK,5564647002
teknoloji,AYDEM LTD.,5564647003
teknoloji,LDS ELEKTRONİK,5564647008
teknoloji,A.T.S. GRUP,5568565953
teknoloji,Milsoft Sistem ve Teknoloji Sanayi ve Ticaret A.Ş.,5699729184
teknoloji,Rüzgar Bilgisayar,6354446912
teknoloji,Tak-Sim Elektronik Taksi Malzemeleri,9421173082
teknoloji,Özyapı Elektronik Taksimetre Muayene İstasyonu,9421173084
teknoloji,Deniz Bilgisayar,9421178841
teknoloji,Arel arçağ elektrik,9776324317
teknoloji,Teta Elektronik,10292121240
teknoloji,Doğuş Grup Hidrofor,10302645297
teknoloji,İhsan Bilgisayar,10892776905
teknoloji,Cebeci Bilgisayar,11333227048
teknoloji,Wunjo Aydınlatma,11339598196
teknoloji,Robo90 Elektronik ve Teknoloji,11741363579
teknoloji,Gökçe Elektronik,12361987094
teknoloji,Asena Bilgisayar,12361990436
teknoloji,Teleskop Bilgisayar,12547118201
teknoloji,Teldata Bilişim,13247774205
teknoloji,Star Bilgisayar,13543749847
teknoloji,ÇNR Enerji,13556681381
teknoloji,Demirdöküm,13626789016
teknoloji,Özsel Elektronik,13675871588
teknoloji,Teknomevo,13727018689
teknoloji,Panda Bilgisayar,13811129016
teknoloji,Powistech Bilişim ve Güvenlik Sistemleri,13918216852
teknoloji,Hedef Bilgisayar,13947804366
teknoloji,Çelik Elektronik,13947821912
teknoloji,lamps and cables,743303843
teknoloji,Vip Iletisim,1664363366
teknoloji,AYMER Kaya İletişim,3968159925
teknoloji,Kubilay dijital,4068493088
teknoloji,RENNOVA OTOMASYON,4326605239
teknoloji,Aslan Humic,4447336490
teknoloji,Teknofaks Panasonic Ses ve Görüntü Sis.,5277737623
teknoloji,Tekno Pluss,5287381411
teknoloji,Cep Aksesuar,5287387841
teknoloji,rcon,7752719585
teknoloji,alisverisdukkani,7752719586
teknoloji,Philips Siemens,8181673592
teknoloji,Arçelik,9004096308
teknoloji,Gold Bilgisayar,9296220244
teknoloji,Ertan Elektrik,10918415177
teknoloji,Step Computer Center,11069648774
teknoloji,Dr. Phone,11526070445
teknoloji,Manisa Bilgisayar ve internet hizmetleri,11748999469
teknoloji,Delta Bilgisayar,11924753776
teknoloji,Promega Bilişim Teknolojileri San. ve Tic. Ltd. Şti.,12455647312
teknoloji,Gusto Teknoloji,12750468396
teknoloji,Profilo,13077713715
teknoloji,Temur Bilgisayar,13394768755
teknoloji,Troy,13473613369
teknoloji,Siemens Kahvecioğlu,13758897293
teknoloji,yesilova elektrik,2592518786
teknoloji,AR Bilişim,4315678131
teknoloji,Matriks Bilgisayar Sistemleri San Ve Tic Ltd Şti,4935956022
teknoloji,Saat&Saat,5104009026
teknoloji,LG Brand Shop,6840288935
teknoloji,ENERSER ENERJİ,9916847517
teknoloji,Bimeks,1304981005
teknoloji,Apple-Troy,5180033726
teknoloji,Tvt Elektrik Elektronik,5180093221
teknoloji,Apple Service,5198326221
teknoloji,Antalya Bilgisayar - Pekernetwork Tamir merkezi,5418444264
teknoloji,Teknoloji. Kartuş dolum,5983014185
teknoloji,Star Elektronık,5985580185
teknoloji,Vatan Computer Kepez,6079043385
teknoloji,Bidana Döner,6789351565
teknoloji,notebook service,8065922786
teknoloji,Vatan computer,11289273761
teknoloji,antalya oto ses sistemleri,11974795342
teknoloji,Yenigün Elektronik Servis,12383599856
teknoloji,Beko,13752015988
teknoloji,MT BİLGİSAYAR,13974769957
teknoloji,Media Markt,3581454003
teknoloji,Elektro Adana - SüperOnline,4414803589
teknoloji,Aşan Elektronik,10219382156
teknoloji,8C - Bosch,11510751090
teknoloji,11D - RSI Bilişim,11510751093
teknoloji,URUN ELEKTRONİK,12017425669
teknoloji,Elmacık Bilgisayar Bilişim,13265284301
teknoloji,3A Bilişim Teknolojileri,3012389576
teknoloji,Taşkın Telekom ve Güvenlik Sistemleri,6660592750
teknoloji,Modern Bilgisayar,12750727428
teknoloji,Ayıntap Elektronik,8459321817
teknoloji,More TR Elektronik Cihaz ve Aksesuarları,12993810229
teknoloji,Dijital Elektronik,6852449377
teknoloji,Efe Güvenlik Sistemleri,7799373661
teknoloji,Gürgençler,8922845349
teknoloji,Garanti Belgisayar,10118550432
teknoloji,Dora Mekatronik & Bilişim,10173402345
teknoloji,Penguen Bilgisayar,11271014170
teknoloji,Adres Bilgisayar Ltd.Şti.,3202976061
teknoloji,FPV Drone Center,12869145718
teknoloji,Aksar ELEKTRONİK,13568297177
teknoloji,Midas Bilgisayar,8186463277
teknoloji,BT Bilgisayar,13075884447
danismanlik_firmasi,Sentez Bilişim Web Hizmetleri,1424677670
danismanlik_firmasi,Startup Kitchen,2407709322
danismanlik_firmasi,NT Marka,2901994826
danismanlik_firmasi,IBM,3325389118
danismanlik_firmasi,KPMG,3461488876
danismanlik_firmasi,Midnet Bilişim Avcılar Web Tasarım,3632428168
danismanlik_firmasi,InfoSec Bilgi Teknolojileri,4202193720
danismanlik_firmasi,Digitürk,4571512722
danismanlik_firmasi,Bisar Bilgi Teknolojileri,4944052725
danismanlik_firmasi,ArcumSoft,5163281124
danismanlik_firmasi,Nearloc Teknoloji AŞ.,5543015606
danismanlik_firmasi,Webcad Bilgi ve Enerji Teknolojileri,5822233281
danismanlik_firmasi,Simurg Bilişim,5910277490
danismanlik_firmasi,Ankageo Bilgi Teknolojileri,5910277491
danismanlik_firmasi,Gece Yazılım Hizmetleri,5931162672
danismanlik_firmasi,Unite Bilgi Teknolojileri,5938915958
danismanlik_firmasi,Boston Consulting Group,6176565834
danismanlik_firmasi,Asm Enerji,6188876332
danismanlik_firmasi,QuantUp,6285740545
danismanlik_firmasi,McKinsey & Company,6535199253
danismanlik_firmasi,Metadiag,6715760789
danismanlik_firmasi,İTÜ Bilgi İşlem Daire Başkanlığı,7215401837
danismanlik_firmasi,İTÜNOVA,7215401841
danismanlik_firmasi,NEBULA,7677119380
danismanlik_firmasi,Matris Bilişim Teknolojileri,8520711028
danismanlik_firmasi,SyberCode Bilişim Teknolojileri A.Ş,8579301872
danismanlik_firmasi,Invictus Computer security,8675072832
danismanlik_firmasi,Prodaft Cyber,8675081762
danismanlik_firmasi,Netlojistik Bilisim Hizmetleri,8693604114
danismanlik_firmasi,Nexa bilişim,8693614019
danismanlik_firmasi,Edu Vizyon Yurtdışı Eğitim,8719957690
danismanlik_firmasi,Kazlıçeşme,8793927550
danismanlik_firmasi,Tekprosis Bilgisayar,8806557111
danismanlik_firmasi,Okul Destek Danışmanlık Bilgisayar Hizmetleri,8911720650
danismanlik_firmasi,A Plus Bilgi Teknolojileri,8911720663
danismanlik_firmasi,Zentech,9391936459
danismanlik_firmasi,Asistt Info Tech,9528501443
danismanlik_firmasi,Kiva Teknoloji,9610671096
danismanlik_firmasi,VeNIT Lab,9695400541
danismanlik_firmasi,Brain Center İstanbul,9727969488
danismanlik_firmasi,Ömer Teknoloji,9857720992
danismanlik_firmasi,Kripton Bilişim,9933684910
danismanlik_firmasi,Biruni Üniversitesi Teknopark,10080285763
danismanlik_firmasi,Model Bilgi İşlem,10603472272
danismanlik_firmasi,City Turizm,11080194319
danismanlik_firmasi,Nitra Yazılım LTD ŞTİ,11226399364
danismanlik_firmasi,Gamelab İstanbul,11237071450
danismanlik_firmasi,Cevatpaşa Birlik Meskent Kentsel Dönüşüm Tanıtım ve İrtibat Ofisi,11427612759
danismanlik_firmasi,Airties,11634094404
danismanlik_firmasi,Şişli İlçe Milli Eğitim Müdürlüğü,12292807303
danismanlik_firmasi,ICI Tech Teknoloji A.Ş.,12345771378
danismanlik_firmasi,Sipay Elektronik Para ve Ödeme Hizmetleri A.Ş.,12736738663
danismanlik_firmasi,Global Trust Campus,12737059859
danismanlik_firmasi,Bridge,12786765470
danismanlik_firmasi,Visapratik - Vize Danışmanlık Hizmetleri,12813698335
danismanlik_firmasi,Teknobeylik,13092785782
danismanlik_firmasi,Valven,13193590545
danismanlik_firmasi,Morethanpanel,13287732308
danismanlik_firmasi,Kanaltim Altyapı Teknolojileri,13444868238
danismanlik_firmasi,Endeks Bilişim,13444868251
danismanlik_firmasi,SHN Teknoloji ve Mühendislik,13444868252
danismanlik_firmasi,Karan Teknoloji - Sharp Doküman Sistemleri,13444868264
danismanlik_firmasi,Turuncu Soft,13444970381
danismanlik_firmasi,Truemap - Dijital Haritalar Kontrolümüz Altında,13516859856
danismanlik_firmasi,Dijital Oturum ve Danışmanlık,13708102335
danismanlik_firmasi,İstikrar OSGB,13955755146
danismanlik_firmasi,Kale Denetim OSGB,13965811398
danismanlik_firmasi,ERP Destekli Bütçe Danışmanlığı A.Ş.,13970591335
danismanlik_firmasi,mikrobeta yazılım,940471751
danismanlik_firmasi,Horato Internet Teknolojileri A.Ş.,4678732216
danismanlik_firmasi,TEMPAR LTD.,5564071120
danismanlik_firmasi,ANKA-NET,5568565952
danismanlik_firmasi,Us Yazılım A.Ş.,8006560739
danismanlik_firmasi,Deliorman Danışmanlık & Turizm,9415342017
danismanlik_firmasi,Referans Proje Danışmanlık ve Laboratuvar Hizmetleri,10292006227
danismanlik_firmasi,Dikmen Harita Danışmanlık,10292006250
danismanlik_firmasi,Milvus Robotics,11037057312
danismanlik_firmasi,Portakal İnsan Kaynakları,11105528568
danismanlik_firmasi,Türk Havacılık ve Uzay Sanayi,11169497180
danismanlik_firmasi,Öğrenci Danışma Merkezi,11259842662
danismanlik_firmasi,Anadolu Patent AŞ,11422696676
danismanlik_firmasi,DKD Export,12191610158
danismanlik_firmasi,ERY BILISIM LTD. STI.,12370125068
danismanlik_firmasi,Cerebrum Tech,12839490750
danismanlik_firmasi,Tchealth,12839490751
danismanlik_firmasi,Febrics Bilişim Teknolojileri,12967072186
danismanlik_firmasi,OdakGIS Gültaş Yazılım,12967084106
danismanlik_firmasi,Ancyra Studio,13050387304
danismanlik_firmasi,İnfomed Yazılım Bilgisayar,13078128262
danismanlik_firmasi,Inodya A.Ş.,13521661018
danismanlik_firmasi,Art Sistem Bilgisayar ve Güvenlik Teknolojileri Ltd. Şti.,13914976825
danismanlik_firmasi,ea bilişim,4825515961
danismanlik_firmasi,Fisher Manager - Fish Farm Management Software,7917613035
danismanlik_firmasi,Turkcell Superonline,9610176448
danismanlik_firmasi,Punto,9896775079
danismanlik_firmasi,Nova Bilişim,10833447926
danismanlik_firmasi,Cadbim,12119744174
danismanlik_firmasi,MAFA BİLG. ONARIM NOKTASI,12774877207
danismanlik_firmasi,KAIs - Kaan's Intelligent Solutions,13070413762
danismanlik_firmasi,TFORS Office,13082013611
danismanlik_firmasi,Hana Solution LLC,13920838733
danismanlik_firmasi,TERACITY YAZILIM TEKNOLOJILERI,4964041364
danismanlik_firmasi,Dedo Yazılım - Sambapos Bursa,5873889459
danismanlik_firmasi,Europe Seller,8585709251
danismanlik_firmasi,Seval Arslan Marka Ve E-Ticaret Danışmanlığı,11524383867
danismanlik_firmasi,Ulusis Bilişim ve Yazılım Hizmetleri,13086953739
danismanlik_firmasi,Pro Web Siteniz,13519993468
danismanlik_firmasi,Grup Yazılım,1654133398
danismanlik_firmasi,Mikrolink,12236467837
danismanlik_firmasi,Akdeniz Vize Danışmanlık Hizmetleri,12253899887
danismanlik_firmasi,Corvus,12983530157
danismanlik_firmasi,Resminer,13206536622
danismanlik_firmasi,nefkin web tasarım - adana web tasarım,2330594930
danismanlik_firmasi,Halia Yazılım,9963626521
danismanlik_firmasi,SMED Yazılım & Mühendislik,13107721865
danismanlik_firmasi,KVK VERBİS Veri Güvenliği ve Yönetim Danışmanlığı,9387970649
danismanlik_firmasi,Kapsül Teknoloji Platformu,9678603604
danismanlik_firmasi,Lime Yazılım,9897201834
danismanlik_firmasi,Neotar Yazılım Mühendislik Ltd. Şti.,10736986353
danismanlik_firmasi,Arben Bilişim,11233392753
danismanlik_firmasi,Devnet,12843789832
danismanlik_firmasi,Tepe Bilişim,13075948047
danismanlik_firmasi,Atha Bilişim Kompozit Makina,13078190288
danismanlik_firmasi,Çizgi Teknoloji | Etkileşim Gücünüz,9013159628
danismanlik_firmasi,Gifted Coder,5011655431
danismanlik_firmasi,Avukat TUĞÇE ÖLMEZ Hukuk Ve Danışmanlık Ofisi,13925741762
danismanlik_firmasi,Sohbet Business Center,12143444312
danismanlik_firmasi,WE Partners Danışmanlık,12627962591
danismanlik_firmasi,Premiertürk IT Center,10713155708
danismanlik_firmasi,Arnetek Bilişim Teknolojileri,10713155709
danismanlik_firmasi,Nacsoft Software,12153486536
danismanlik_firmasi,Callforsoft,12584726935
danismanlik_firmasi,Dedica Teknoloji A.Ş.,12922693507
danismanlik_firmasi,YAPISENTEZ,10282854732
danismanlik_firmasi,Wreal Software,11423900171
danismanlik_firmasi,Uzman Diyetisyen Elif Pala,13353740925
danismanlik_firmasi,GD Barkod Sistemleri,13965280748
danismanlik_firmasi,YUKESOFT YAZILIM,8734980346
danismanlik_firmasi,Nokta Web Tasarım,12750354597
lojistik_firmasi,DHL,3499223055
lojistik_firmasi,Aras,4842615337
lojistik_firmasi,FedEx,5331241632
lojistik_firmasi,Mars Logistics,6069331595
lojistik_firmasi,Astek Lojistik,6734009813
lojistik_firmasi,Sakarya Ticaret,6829991398
lojistik_firmasi,MİLİTZER & MÜNCH,6862797226
lojistik_firmasi,PTT Soğuksu Şubesi,6887270406
lojistik_firmasi,Yurtiçi Kargo,6932496961
lojistik_firmasi,MNG Kargo Marmara Merkez Şubesi,6956657730
lojistik_firmasi,Çoban Tur Boltas,6956657783
lojistik_firmasi,MNG,7118748283
lojistik_firmasi,M&K Cargo,8625244019
lojistik_firmasi,Bidüşüntaşın Depo,8772637472
lojistik_firmasi,San Sistem Lojistik,8871767950
lojistik_firmasi,Transmot,8871767981
lojistik_firmasi,DSV,10869912100
lojistik_firmasi,Medkon Ambarlı,10872867211
lojistik_firmasi,Hancıoğlu Lojistik Garaj,10872875313
lojistik_firmasi,Mars Lojistik Depo,10872875640
lojistik_firmasi,Fasdat Gıda Dağıtım A.Ş,11031838126
lojistik_firmasi,Çayırova IKEA Merkez Depo Ç12,11032978735
lojistik_firmasi,Fasdat Depo,11056654804
lojistik_firmasi,Trampa Logistics,11091392622
lojistik_firmasi,Silivri Taşımacılık,12331422430
lojistik_firmasi,MGL Lojistik Hizmetleri A.Ş.,13009184369
lojistik_firmasi,Aylar Trans Lojistik Dış Ticaret Limited Şirketi,13578445317
lojistik_firmasi,Kareka Logistics,13970842616
lojistik_firmasi,CarrefourSA Depo,11021393063
lojistik_firmasi,Netlog Lojistik,11118086624
lojistik_firmasi,Aras Kargo,10918454096
lojistik_firmasi,Ceva Lojistik,11046016775
lojistik_firmasi,Netlog Ofis,11137736765
lojistik_firmasi,ŞOK Antalya Serik Dağıtım Merkezi,10994230206
lojistik_firmasi,Fasdat Gıda,11003305599
lojistik_firmasi,Pasifik Eurasia,10872786386
lojistik_firmasi,Aras Kargo Çamlık,3761759551
ulasim_saglayici,Aytemiz,266753132
ulasim_saglayici,Cihangir Taksi,266759087
ulasim_saglayici,Opet,269367213
ulasim_saglayici,Petrol Ofisi,278335431
ulasim_saglayici,Class Petrol,446288239
ulasim_saglayici,Anibal Taksi,531403640
ulasim_saglayici,Shell,552869782
ulasim_saglayici,İstasyon Taksi,618204302
ulasim_saglayici,Çavuşoğlu Taksi,621218908
ulasim_saglayici,Çırağan Taksi,621412003
ulasim_saglayici,Vadi Taksi,629024622
ulasim_saglayici,Çiçekçi,672727488
ulasim_saglayici,Shell Baban Petrol,772439779
ulasim_saglayici,Zümrütçiçek Taksi,806437319
ulasim_saglayici,Kocatepe Metro Taksi,808598202
ulasim_saglayici,Fox Oto Kiralama,925487368
ulasim_saglayici,19 Mayıs Taksi,932238561
ulasim_saglayici,Turizm Taksi,1072769216
ulasim_saglayici,Kartal Birlik Taksi,1137608892
ulasim_saglayici,araba kiralama,1293894229
ulasim_saglayici,Total,1670461592
ulasim_saglayici,Soyak Taksi,1690847729
ulasim_saglayici,18 Mart Taksi,1691857972
ulasim_saglayici,Ağaoğlu My World Taksi,1692877964
ulasim_saglayici,Taksi,1867854100
ulasim_saglayici,Türkiye Petrolleri,1907466158
ulasim_saglayici,BP,1913379075
ulasim_saglayici,Beykent Taksi,1932218499
ulasim_saglayici,Topselvi Merkez Taksi,1988229487
ulasim_saglayici,Saray Taksi,1989573689
ulasim_saglayici,Baltalimanı Hastanesi Taksi,1990132903
ulasim_saglayici,MEÇ Rent a Car,2201695804
ulasim_saglayici,Kumsal Taksi,2201695886
ulasim_saglayici,Sarıyer Taksi,2201696265
ulasim_saglayici,Martı Taksi,2201696329
ulasim_saglayici,Emniyet Taksi,2255925961
ulasim_saglayici,Oya Taksi,2262379058
ulasim_saglayici,Alpet Gürpınar,2277832475
ulasim_saglayici,Gazi Merkez Telsiz Taksi,2372683273
ulasim_saglayici,Talimhane Taksi,2392262036
ulasim_saglayici,Okultur Taksi,2469143203
ulasim_saglayici,Avis,2511872233
ulasim_saglayici,Batı Ataşehir Merkez Taksi,2588433611
ulasim_saglayici,Altınyıldız Taksi 7/24,2661391163
ulasim_saglayici,Shell Şenlikköy,2716711598
ulasim_saglayici,Dilek Taksi,2829159012
ulasim_saglayici,Tarabya taksi,3137361364
ulasim_saglayici,Shell - Karma Grup,3170739257
ulasim_saglayici,Şişli Etfal Hastanesi Taksi,3266716928
ulasim_saglayici,Çamlıca Taksi,3407541784
ulasim_saglayici,İstinyePark Taksi,3581036794
ulasim_saglayici,Kurtuluş Total,3728846486
ulasim_saglayici,Economic Filo Kiralama,3930395108
ulasim_saglayici,Yesilyurt Taxi,3968165747
ulasim_saglayici,Kuzguncuk Taksi,4035752478
ulasim_saglayici,Bostancı İskele,4061318674
ulasim_saglayici,İdil Taksi,4126184110
ulasim_saglayici,cihan,4126250589
ulasim_saglayici,Best House rental of apartment,4165097565
ulasim_saglayici,Capital Telsiz Taksi,4192965627
ulasim_saglayici,Hertz,4244325090
ulasim_saglayici,Nur Taksi,4397565290
ulasim_saglayici,Kaya Ramada Taksi,4407135316
ulasim_saglayici,occidental pees hotel Istanbul,4419028247
ulasim_saglayici,Shell-Arpet Petrol,4527983519
ulasim_saglayici,Karayolları Metro Taksi Durağı,4552378193
ulasim_saglayici,Eren Taksi,4553704632
ulasim_saglayici,Esentepe Taksi,4560541138
ulasim_saglayici,Gebze Birlik Oto Kiralama,4573290850
ulasim_saglayici,Doğuşkent Taksi,4576009133
ulasim_saglayici,çiçek taksi,4583084708
ulasim_saglayici,Hizmet Taksi,4583816380
ulasim_saglayici,Ömür Taksi,4586588707
ulasim_saglayici,Baran Taksi,4586751423
ulasim_saglayici,Bulut Ret A Car,4599578282
ulasim_saglayici,NEO Rent A Car,4605721765
ulasim_saglayici,Çiçek Taksi,4614064998
ulasim_saglayici,Opet Sultanbeyli,4699018047
ulasim_saglayici,Opet Pendik,4699018050
ulasim_saglayici,Opet Hoşdere Petrol,4699018051
ulasim_saglayici,Opet Küçükçekmece Halkalı,4699018057
ulasim_saglayici,Opet Bakırköy,4699018204
ulasim_saglayici,Opet Beyoğlu,4699018205
ulasim_saglayici,Opet Tuzla,4699018213
ulasim_saglayici,Opet Bahçelievler Çobançeşme,4699018226
ulasim_saglayici,Opet Bağcılar,4699018227
ulasim_saglayici,Opet Ümraniye,4699018229
ulasim_saglayici,Opet Beylikdüzü,4699018252
ulasim_saglayici,Opet Esenler Fevzi Çakmak,4699018254
ulasim_saglayici,Opet Bahçelievler,4699018265
ulasim_saglayici,Opet Kartal,4699018282
ulasim_saglayici,Opet Esenyurt Güzelyurt,4699018284
ulasim_saglayici,Opet Sultangazi,4699018420
ulasim_saglayici,Opet Çayırova,4699018459
ulasim_saglayici,Mehmetçik Petrol,4699018475
ulasim_saglayici,Opet Maltepe,4699018488
ulasim_saglayici,Opet İkitelli,4699018940
ulasim_saglayici,Opet Çekmeköy,4699018970
ulasim_saglayici,Opet Gebze,4699018987
ulasim_saglayici,Opet Bağcılar Göztepe,4699019343
ulasim_saglayici,Opet Ataşehir,4699019379
ulasim_saglayici,Opet Arnavutköy,4699019380
ulasim_saglayici,Opet Esenyurt,4699019952
ulasim_saglayici,Opet Beykoz,4699020193
ulasim_saglayici,Opet Topkapı,4699022956
ulasim_saglayici,Opet Islah Petrol,4699022960
ulasim_saglayici,Opet Esenkent,4699022963
ulasim_saglayici,Shell Sabiha Gökçen,4699022966
ulasim_saglayici,Opet Büyükçekmece,4699022971
ulasim_saglayici,Opet Sancaktepe,4699023892
ulasim_saglayici,Opet Şile,4699023902
ulasim_saglayici,Opet Büyükçekmece Kamiloba,4699023920
ulasim_saglayici,Opet Üsküdar,4699023930
ulasim_saglayici,Petrol Ofisi - Bulut Petrol,4718176989
ulasim_saglayici,TotalEnergies,4724575294
ulasim_saglayici,Fıstıkağacı Taksi Durağı,4761976568
ulasim_saglayici,Birlik Taksi Durağı,4761976569
ulasim_saglayici,Aygaz,4807075794
ulasim_saglayici,Class,4838961896
ulasim_saglayici,Petro Ofisi,4845792521
ulasim_saglayici,Total Milangaz,4845792525
ulasim_saglayici,Alpet,4855516912
ulasim_saglayici,Kadoil,4908865542
ulasim_saglayici,Evren Taksi,4918618096
ulasim_saglayici,Forum İstanbul Taksi,4932310860
ulasim_saglayici,Siba Rent a Car,4956404021
ulasim_saglayici,Merkez Stad Taksi,4963335800
ulasim_saglayici,BP Veliefendi,5008916861
ulasim_saglayici,Aytepe petrol,5022629078
ulasim_saglayici,Aytemiz Esenyurt Tabela,5048210016
ulasim_saglayici,Petrol Ofisi Benzin İstasyonu,5057611913
ulasim_saglayici,Türkiye Petrolleri SRS Akaryakıt,5057636755
ulasim_saglayici,Milangaz,5057698664
ulasim_saglayici,Şehremini taxi,5100823713
ulasim_saglayici,Altın Taksi,5107472727
ulasim_saglayici,Landini Traktörleri Türkiye Distribütörü,5108828004
ulasim_saglayici,Eren Oto Elektrik,5113465221
ulasim_saglayici,ADA,5113590268
ulasim_saglayici,Lukoil,5244129822
ulasim_saglayici,Opet Tahtakale,5244796137
ulasim_saglayici,Kumkapi TotalEnergies,5244801830
ulasim_saglayici,Donat Turizm,5244801991
ulasim_saglayici,Shell benzinci,5253548270
ulasim_saglayici,63 Telsiz Taksi,5261667788
ulasim_saglayici,Hilal taksi,5268553245
ulasim_saglayici,Enterprise,5269979847
ulasim_saglayici,Bostancı Rent a Car,5286468987
ulasim_saglayici,Merkez Taksi Durağı,5289211470
ulasim_saglayici,Cebeci Merkez Taksi,5289936623
ulasim_saglayici,Petrol Ofisi Arasena,5291682316
ulasim_saglayici,Göktuğ Rent a Car,5291793668
ulasim_saglayici,Üçler Darıca oto araç kiralama,5294058859
ulasim_saglayici,İSTCAR RENTA CAR,5294175809
ulasim_saglayici,Kazasker Taksi,5294707804
ulasim_saglayici,Akkurtlar Oto Kiralama,5296448367
ulasim_saglayici,Aşıroğlu Merkez Taksi,5296534751
ulasim_saglayici,Sekmen Taksi 1,5300961993
ulasim_saglayici,Sekmen Taksi 2,5300978607
ulasim_saglayici,Çubuklu Taksi Durağı,5302170424
ulasim_saglayici,Şirin Taksi,5315074003
ulasim_saglayici,Uspet,5316391220
ulasim_saglayici,Sürmene Otomotiv,5329298030
ulasim_saglayici,Beyazıt Otomotiv,5329298107
ulasim_saglayici,Şenses Otomotiv,5329298450
ulasim_saglayici,Oto çarşı,5329319536
ulasim_saglayici,P MAX,5329320553
ulasim_saglayici,Istek Otomotiv ve inşaat,5329320596
ulasim_saglayici,Kutay otomotiv,5329335358
ulasim_saglayici,Garaj otomotiv sultanbeyli,5329335418
ulasim_saglayici,Onur tour,5329336004
ulasim_saglayici,Angaraj otomativ,5329336006
ulasim_saglayici,Özgür otomotiv,5329336017
ulasim_saglayici,Pasha oto emlak,5329336543
ulasim_saglayici,Tevhid Otomotiv,5329337973
ulasim_saglayici,Genç Umut Otomotiv,5329337988
ulasim_saglayici,Opet Gültepe,5362917722
ulasim_saglayici,Opet imes 1,5362917723
ulasim_saglayici,Besa petlıine,5362920522
ulasim_saglayici,imes petrol 089,5385351123
ulasim_saglayici,Moil,5418808042
ulasim_saglayici,PO,5482975722
ulasim_saglayici,Tahmaz,5484743921
ulasim_saglayici,Sultanbeyli oto kiralama,5542883194
ulasim_saglayici,Onex,5542883356
ulasim_saglayici,Basmakcı Oto kiralama,5542883394
ulasim_saglayici,Balacan Otomotiv,5542883405
ulasim_saglayici,Dursunlar grup,5542883409
ulasim_saglayici,Mahmut gayrimenkul.ve.inşaat,5542883523
ulasim_saglayici,Araba kiralama şirketi,5542883580
ulasim_saglayici,Bulvar girişi,5542883589
ulasim_saglayici,Emefe,5542883600
ulasim_saglayici,Serhat Otomotiv,5542883610
ulasim_saglayici,Akşamsettin,5542883633
ulasim_saglayici,Güven Otomotiv,5542883690
ulasim_saglayici,Zafer Oto Elektronik,5542883760
ulasim_saglayici,Pasha rent acar,5542883795
ulasim_saglayici,Çakıroğlu Rent acar,5542883799
ulasim_saglayici,Ayaz Otomotiv,5542883807
ulasim_saglayici,Cimsa( evden eve nakliyat),5542883809
ulasim_saglayici,total Emkar petrol sanayi karsì,5542886345
ulasim_saglayici,Goksu Rent a car,5542886372
ulasim_saglayici,Paylan rent,5542886390
ulasim_saglayici,oto kiralama,5542889005
ulasim_saglayici,TP - Türkiye Petrolleri,5542889147
ulasim_saglayici,Koç Taksi,5667618708
ulasim_saglayici,Starpet,5667618755
ulasim_saglayici,alka inşaat,5667637501
ulasim_saglayici,İbrahim Rentcar,5667657788
ulasim_saglayici,Zen motors,5667661170
ulasim_saglayici,bp taşıtmatık,5667661771
ulasim_saglayici,Menekşe,5667670050
ulasim_saglayici,Petrol Ofisi Bağcılar 100. Yıl,5667673366
ulasim_saglayici,Suskun car renting,5667673407
ulasim_saglayici,Nesil rent a car,5667689805
ulasim_saglayici,Total Bağcılar-2,5667747971
ulasim_saglayici,BP-Artı Kurumsal Kart Ve Petrol,5686969979
ulasim_saglayici,Has Taksi,5750556066
ulasim_saglayici,Meydan Taksi Durağı,5751342649
ulasim_saglayici,Aydınlı Toki Taksi,5886962983
ulasim_saglayici,Aydınlı Esenyalı,5927836760
ulasim_saglayici,Kurfalı Merkez Taksi,5928454422
ulasim_saglayici,İloil,6029343474
ulasim_saglayici,Vınn Rent A Car,6106198095
ulasim_saglayici,Şen Taksi,6166300218
ulasim_saglayici,Şemsipaşa Taksi,6174403739
ulasim_saglayici,Kiptaş Taksi,6179061607
ulasim_saglayici,Şehzade Taksi,6291296587
ulasim_saglayici,Medikal Park Taksi,6294191581
ulasim_saglayici,Moda Taksi,6324968271
ulasim_saglayici,Alpet Ayar Petrol,6332664122
ulasim_saglayici,133 imes petrol,6507504085
ulasim_saglayici,Ersoy Taksi,6510640091
ulasim_saglayici,Cem Taksi,6515691305
ulasim_saglayici,Sixt,6545302905
ulasim_saglayici,Öz Nişantaşı,6562199389
ulasim_saglayici,Energy Petrol Selimpaşa,6642219171
ulasim_saglayici,Barış Taksi,6696425798
ulasim_saglayici,Budget,6742294603
ulasim_saglayici,Europcar,6742341436
ulasim_saglayici,Green Motion,6742341437
ulasim_saglayici,GarentaDAY,6742341438
ulasim_saglayici,Park Taksi,6819224381
ulasim_saglayici,Sahil Taksi,6961598375
ulasim_saglayici,Lacivert Auto & Rent A Car,7077604790
ulasim_saglayici,Dusiko meyhane,7123964186
ulasim_saglayici,Poyraz Taksi,7149543899
ulasim_saglayici,clas petrol,7370312886
ulasim_saglayici,Energy,7498451381
ulasim_saglayici,Yeni Levent Mercan Taksi,7514930948
ulasim_saglayici,Teco,7518367166
ulasim_saglayici,Sahra Birlik Taksi Durağı,7524043497
ulasim_saglayici,Meydan Taksi,7566699337
ulasim_saglayici,Geçit Taksi,7651687350
ulasim_saglayici,Oto Meydan,7658751741
ulasim_saglayici,Best,7740567851
ulasim_saglayici,Uğur Taksi Durağı,7973630989
ulasim_saglayici,Avrupa TEM Taksi,8112116218
ulasim_saglayici,Salacak Taksi,8333145855
ulasim_saglayici,Oto Kiralama,8367069261
ulasim_saglayici,Sunpet,8374525350
ulasim_saglayici,Moil Milan Petrol,8403439423
ulasim_saglayici,Rami Meydan Taksi Merkezi,8576178529
ulasim_saglayici,Shell Gürpınar Kavşak,8739798441
ulasim_saglayici,BP Büyükçekmece Kamiloba,8785545916
ulasim_saglayici,Petrol Ofisi Büyükçekmece Kamiloba,8785545975
ulasim_saglayici,BP Silivri Araptepe,8851221156
ulasim_saglayici,Petrol Ofisi Silivri Selimpaşa,8851221157
ulasim_saglayici,Opet Silivri Selimpaşa,8851221158
ulasim_saglayici,Aytemiz Bahçelievler Çobançeşme,8857110730
ulasim_saglayici,Yıldırım Park Taksi,8983250110
ulasim_saglayici,Aytemiz Gaziosmanpaşa Hürriyet,8990639673
ulasim_saglayici,Opet Bağcılar 15 Temmuz,9107841647
ulasim_saglayici,BP Silivri Piri Mehmet Paşa,9164863236
ulasim_saglayici,Petrol Ofisi Silivri Mimarsinan,9164950406
ulasim_saglayici,BP Büyükçekmece Yakuplu,9177606423
ulasim_saglayici,Boss Auto,9228696976
ulasim_saglayici,Ak Car Rental,9228696977
ulasim_saglayici,As Taksi Marmara Park,9251495597
ulasim_saglayici,Total Tuzla,9272881832
ulasim_saglayici,Aytemiz Büyükçekmece Güzelce,9283105742
ulasim_saglayici,Total Gas Station,9283105743
ulasim_saglayici,Opet Büyükçekmece Ekinoba,9283105745
ulasim_saglayici,Shell Sinanoba,9283105746
ulasim_saglayici,Lukoil Akaryakıt İstasyonu,9283105747
ulasim_saglayici,Total Mimarsinan,9283105748
ulasim_saglayici,Shell Mimarsinan,9283105749
ulasim_saglayici,Opet Büyükçekmece Mimar Sinan,9283105752
ulasim_saglayici,Shell Büyükçekmece Ulus,9283105753
ulasim_saglayici,Bpet Kübra PEtrol,9283133181
ulasim_saglayici,seng petrol petline,9283133182
ulasim_saglayici,TotalEnergies TSK Mehmetcik Vakfı,9283139717
ulasim_saglayici,Shell Silivri Kuzey,9283174697
ulasim_saglayici,Shell Silivri Güney,9283174698
ulasim_saglayici,Aytemiz Silivri Yeni,9283174699
ulasim_saglayici,Çekoil Onur Petrol,9283174700
ulasim_saglayici,Petrol Ofisi Silivri Murat Çeşme,9283174702
ulasim_saglayici,Shell Silivri Alibey,9283174703
ulasim_saglayici,Opet Silivri Alibey,9283174704
ulasim_saglayici,Kervancılar Taksi,9288135320
ulasim_saglayici,BPet,9293393454
ulasim_saglayici,Şile Taksi,9294418489
ulasim_saglayici,Energy Süperpet,9299860547
ulasim_saglayici,Opet Büyükçekmece Fatih,9299860552
ulasim_saglayici,Türk Petrol,9299860560
ulasim_saglayici,Shell Avcılar,9299860561
ulasim_saglayici,Shell Küçükçekmece,9299860563
ulasim_saglayici,Petrol Ofisi Küçükçekmece Cennet,9299860564
ulasim_saglayici,BP Küçükçekmece Gültepe,9299860565
ulasim_saglayici,Shell Atatürk Havalimanı,9299860568
ulasim_saglayici,Opet Ceynak Lojistik,9299860569
ulasim_saglayici,BP Bağcılar Kirazlı Bağlar,9299860570
ulasim_saglayici,Shell Halkalı,9299860571
ulasim_saglayici,BP Esenyurt Akçaburgaz,9300286799
ulasim_saglayici,BP Kayışdağı,9300325253
ulasim_saglayici,Opet Kızıltoprak,9308547309
ulasim_saglayici,Opet Ortaş,9311961845
ulasim_saglayici,Erk Petrol,9311961846
ulasim_saglayici,Petrol Ofisi Bahçelievler Mehmet Akif,9312167481
ulasim_saglayici,Shell Florya,9312187482
ulasim_saglayici,Opet Küçükçekmece Gültepe,9312187483
ulasim_saglayici,Petrol Ofisi Zeytinburnu Maltepe,9312199669
ulasim_saglayici,Opet Zeytinburnu Merkezefendi,9312199670
ulasim_saglayici,Total Atakent,9312859986
ulasim_saglayici,Shell Ataköy Sahil,9312871375
ulasim_saglayici,Opet Kağıthane,9312905237
ulasim_saglayici,Karanfil Taksi,9363528118
ulasim_saglayici,Maya Taksi,9363528160
ulasim_saglayici,Taksi 24,9381426266
ulasim_saglayici,Kadiköy Metro Taksi,9412525715
ulasim_saglayici,Eyüp Bulvarı Taksi,9463396771
ulasim_saglayici,Sultanpark Taksi,9480851378
ulasim_saglayici,Valide Çeşme Durağı,9503167120
ulasim_saglayici,BP Avcılar,9548958715
ulasim_saglayici,Termo,9693505730
ulasim_saglayici,Cengiz Topel Taksi,9694947976
ulasim_saglayici,Birlik Taksi,9743002357
ulasim_saglayici,Aksaray Taksi Dolmuş Durağı,9773508256
ulasim_saglayici,Merkez Taksi,9935472164
ulasim_saglayici,Star Taksi,9950683441
ulasim_saglayici,Uydukent Taksi,9983666615
ulasim_saglayici,City Oto Kiralama,10017829547
ulasim_saglayici,Barbaros Taksi,10098013063
ulasim_saglayici,Yeşilpınar Taksi Durağı,10104719992
ulasim_saglayici,Otomotiv RT Rent A Car,10110158223
ulasim_saglayici,AVEC Rent a Car - Tekstilkent,10118701317
ulasim_saglayici,AVEC Rent a Car - İstanbul Havalimanı,10118759818
ulasim_saglayici,AVEC Rent a Car - Yenibosna,10118759819
ulasim_saglayici,AVEC Rent a Car - Kadıköy,10118762418
ulasim_saglayici,AVEC Rent a Car - Sabiha Gökçen Havalimanı,10118773917
ulasim_saglayici,AVEC Rent a Car - Ümraniye,10118781720
ulasim_saglayici,AVEC Rent a Car - 4. Levent,10118801017
ulasim_saglayici,Rent Go,10137398017
ulasim_saglayici,Sabiha Gökçen Car Rental,10172634723
ulasim_saglayici,İstanbul Gaziosmanpaşa Eğitim ve Araştırma Hastanesi Taksi,10205083876
ulasim_saglayici,SOCAR,10282037429
ulasim_saglayici,Kaptan Taksi,10289149849
ulasim_saglayici,Tarhanlar car rental,10296740535
ulasim_saglayici,Murat Oto Kiralama,10796633120
ulasim_saglayici,Central,10888992408
ulasim_saglayici,Toprak Rent A Car,10914321534
ulasim_saglayici,Göksu - Hisar Evleri Taksi,11009820492
ulasim_saglayici,Karadeniz Taksi,11230106116
ulasim_saglayici,Gaziosmanpaşa Hastanesi Taksi Durağı,11244792184
ulasim_saglayici,Eyüp Hastane Taksi,11253980429
ulasim_saglayici,Auto Home,11328073194
ulasim_saglayici,Opet Kadıköy,11331739897
ulasim_saglayici,Kahve Diyarı,11332619054
ulasim_saglayici,İSTOÇ Taksi,11371786808
ulasim_saglayici,Uçar Oto Kiralama,11443285669
ulasim_saglayici,Karadeniz Telsiz Taksi,11488857596
ulasim_saglayici,Newton Taxi Istanbul,11502668690
ulasim_saglayici,Airport Taxi Istanbul Transfer,11502693704
ulasim_saglayici,Edison Online Taxi (Istanbul Airport Transfer),11502695758
ulasim_saglayici,Van Taxi Istanbul,11502767719
ulasim_saglayici,Airport Transfer Service,11502816883
ulasim_saglayici,Istanbul Airport Taxi Transfer,11503775766
ulasim_saglayici,Esenkent Taksi,11528220161
ulasim_saglayici,Nipet,11572168440
ulasim_saglayici,TotalEnergies Şirinyalı İstasyon,11572178862
ulasim_saglayici,Shell Express,11586206756
ulasim_saglayici,Shell Sefaköy,11594829628
ulasim_saglayici,Turkish Petrol,11597382612
ulasim_saglayici,Wish Car Rental,11638350406
ulasim_saglayici,Otogar Taksi,11658262209
ulasim_saglayici,Varyap Meridian Taksi,11769850629
ulasim_saglayici,Doğancılar Taksi,11796088043
ulasim_saglayici,Suadiye Merkez Taksi,11813418941
ulasim_saglayici,Alo Taksi,11954306905
ulasim_saglayici,Selimpaşa Merkez Taksi Durağı,12040746281
ulasim_saglayici,Alp Taksi,12076544910
ulasim_saglayici,Vadistanbul Taksi,12122585216
ulasim_saglayici,Site Taksi,12149545801
ulasim_saglayici,Ataşehir Çınar Taksi,12159433701
ulasim_saglayici,Hereke Taksi,12172737714
ulasim_saglayici,Total Energies,12240815361
ulasim_saglayici,GO Yakıt,12240988992
ulasim_saglayici,Total Hereke 1,12250412147
ulasim_saglayici,İdare Taksi,12253779768
ulasim_saglayici,Eva rentacar,12255285501
ulasim_saglayici,Siteler Taksi,12309554772
ulasim_saglayici,Buyaka AVM Taksi Durağı,12409637874
ulasim_saglayici,Güner Taksi,12556683339
ulasim_saglayici,D Taksi,12684655412
ulasim_saglayici,Airport Taxi Istanbul,12685511613
ulasim_saglayici,CLS Group,12706510096
ulasim_saglayici,Kent Taksi,12809188491
ulasim_saglayici,S Oil,12871111807
ulasim_saglayici,Virtuatlas Online Taxi (Airport Taxi Istanbul),12913063792
ulasim_saglayici,Derbent Taksi,12944269207
ulasim_saglayici,Mirada Araç Kiralama,12997812449
ulasim_saglayici,OPET,13058788561
ulasim_saglayici,Sarıgazi Merkez Taksi,13093930494
ulasim_saglayici,Sultanahmet Turizm Taksi,13109125035
ulasim_saglayici,İstanbul Airport Taxi,13161539193
ulasim_saglayici,Boğaziçi Taksi,13241104105
ulasim_saglayici,CVT Rent a Car,13378983615
ulasim_saglayici,Çavuşoğlu Taksi Durağı,13398168718
ulasim_saglayici,Hürriyet,13437851463
ulasim_saglayici,Acıbadem Taksi,13439855317
ulasim_saglayici,Galataport Taxi,13442958120
ulasim_saglayici,Tek Rent A Car Araç Kiralama,13457826157
ulasim_saglayici,Küçük Ayasofya Turizm Taksi,13530207358
ulasim_saglayici,Hastane Hamidiye Etfal Taksi,13730330515
ulasim_saglayici,Yunusemre Taksi,13730814496
ulasim_saglayici,Seçkinler Taksi,13734688964
ulasim_saglayici,Mesa Taksi Zili,60166140
ulasim_saglayici,Yeni Turizm Taksi Durağı,60567343
ulasim_saglayici,Köroğlu Taksi,60582763
ulasim_saglayici,Petek Taksi,75343315
ulasim_saglayici,Uğur Taksi,75343411
ulasim_saglayici,Dolmuş Durağı,112648937
ulasim_saglayici,Shell Türk A.Ş.,122609791
ulasim_saglayici,Büyükesat Taksi,308794652
ulasim_saglayici,Mesa Ufuk Taksi,308794657
ulasim_saglayici,Petrol Ofisi (PO),309903653
ulasim_saglayici,Bade Taksi,312779088
ulasim_saglayici,Platin Taksi,329207106
ulasim_saglayici,Mesa Koru Taksi,403041825
ulasim_saglayici,Koray Taksi,455033412
ulasim_saglayici,100. Yıl Taksi,501783916
ulasim_saglayici,Kardelen Taksi,664025985
ulasim_saglayici,Batıkent Çiçek Taksi,664029070
ulasim_saglayici,Nıl Taksi,902355745
ulasim_saglayici,Mesa Ufuk 2 Taki,1047068877
ulasim_saglayici,Türkiş Taksi,1198271711
ulasim_saglayici,Murat Taksi,1339847157
ulasim_saglayici,Yaylagül Taksi,1540451013
ulasim_saglayici,Çukurambar Taksi,1854445097
ulasim_saglayici,Oleyiş Taksi,2324430382
ulasim_saglayici,Maçka Taksi,2338764642
ulasim_saglayici,Seçkin Taksi,2397614812
ulasim_saglayici,Oyak Taksi,2512220338
ulasim_saglayici,Petrol Ofisi - JavPet,2514015984
ulasim_saglayici,Gas station,2514016014
ulasim_saglayici,Kavaklıdere Taksi,2656077877
ulasim_saglayici,Tunalı Taksi,2656080240
ulasim_saglayici,Metro Taksi,2742776048
ulasim_saglayici,Ankaray Taksi,2794926971
ulasim_saglayici,Bülbül Taksi,2852920721
ulasim_saglayici,Akasya Taksi,3080262934
ulasim_saglayici,Villa Taksi,3780045768
ulasim_saglayici,Aytemiz Petrol,3848987053
ulasim_saglayici,Tuna Taksi,3965250857
ulasim_saglayici,Başkent Taksi,4065224186
ulasim_saglayici,Bağ-Kur Taksi,4074637702
ulasim_saglayici,Kasalar Taksi,4074637772
ulasim_saglayici,Arş.Hast. Taksi,4075147891
ulasim_saglayici,Pınarbaşı Taksi,4075273766
ulasim_saglayici,Çift Asfalt Taksi,4076249252
ulasim_saglayici,Fatih Lise Taksi,4078045353
ulasim_saglayici,Kamil Ocak Taksi,4078312256
ulasim_saglayici,Taksi Durağı,4140701490
ulasim_saglayici,Onur Taksi,4153331407
ulasim_saglayici,Kavacık Taksi,4165730791
ulasim_saglayici,Mecidiye Taksi,4169203015
ulasim_saglayici,İncek Taksi,4176023860
ulasim_saglayici,Mertcan Rent A Car,4176031036
ulasim_saglayici,Karapürçek Taksi,4182679980
ulasim_saglayici,Selçuk Taksi,4192907170
ulasim_saglayici,Aydoğmuş Taksi,4219006084
ulasim_saglayici,Karum Taksi,4226489231
ulasim_saglayici,Atlas Oto Kiralama,4237566060
ulasim_saglayici,Arama Taksi,4248080722
ulasim_saglayici,Mozaik Taksi,4290913731
ulasim_saglayici,Batuhan Taksi,4307430882
ulasim_saglayici,Abidinpaşa Sancak Taksi,4312764323
ulasim_saglayici,Bahçelerüstü Taksi Durağı,4322775367
ulasim_saglayici,Doruk Taksi,4326740818
ulasim_saglayici,İskitler Taksi,4340773364
ulasim_saglayici,Demirlibahçe Taksi,4344426971
ulasim_saglayici,Büyük Doğumevi Taksi,4346926201
ulasim_saglayici,Zeplin,4353557490
ulasim_saglayici,Hatçaana Taksi,4362378087
ulasim_saglayici,Kalaycı Rent A Car,4387484091
ulasim_saglayici,Dikmen Taksi,4389421096
ulasim_saglayici,İlker Taksi,4393524210
ulasim_saglayici,Mete Taksi,4411126746
ulasim_saglayici,Tesk Taksi,4412691996
ulasim_saglayici,Altın Petek Taksi,4412754379
ulasim_saglayici,Nil Zirve Taksi,4418815714
ulasim_saglayici,Hürriyet Taksi,4421732660
ulasim_saglayici,Aile Taksi,4427728649
ulasim_saglayici,Gül Taksi,4430342108
ulasim_saglayici,Seğmen Taksi,4435609407
ulasim_saglayici,Bağlıca Vip Taksi,4441806403
ulasim_saglayici,Özlem Taksi,4462374696
ulasim_saglayici,Emirler Taksi,4489857618
ulasim_saglayici,Buhara Taksi,4490131906
ulasim_saglayici,Konak Taksi,4492236876
ulasim_saglayici,Plevne Taksi,4500300153
ulasim_saglayici,Abone Oto Kiralama,4505869970
ulasim_saglayici,Üç Şehitler Taksi,4520230441
ulasim_saglayici,Alsancak Taksi,4525813018
ulasim_saglayici,Hasköy Çeşme Taksi,4529869673
ulasim_saglayici,Ankara Taksi,4531638735
ulasim_saglayici,Koza Taksi,4541037104
ulasim_saglayici,Serhat Taksi,4541151336
ulasim_saglayici,Bağlayan Taksi,4542925316
ulasim_saglayici,Bağlum Taksi,4557114424
ulasim_saglayici,Bülten Taksi,4617571303
ulasim_saglayici,Arsan Taksi,4619389485
ulasim_saglayici,Büklüm Taksi,4626474023
ulasim_saglayici,Çankaya Çiçek Taksi,4627366898
ulasim_saglayici,Opet Çankaya,4699018046
ulasim_saglayici,Opet Gölbaşı,4699018055
ulasim_saglayici,Opet Yenimahalle,4699018192
ulasim_saglayici,Opet Mamak,4699018193
ulasim_saglayici,Opet Pursaklar,4699018260
ulasim_saglayici,Opet Keçiören,4699018268
ulasim_saglayici,Opet Etimesgut,4699018401
ulasim_saglayici,Opet Altındağ,4699018893
ulasim_saglayici,Petrol Ofisi Bağlıca,4699019305
ulasim_saglayici,Opet Sincan,4699019342
ulasim_saglayici,Opet Kazan,4699019923
ulasim_saglayici,Opet Lojistik Üssü,4699019926
ulasim_saglayici,Turkuaz Petrol Mamak,4699019951
ulasim_saglayici,Opet İskitler,4699020963
ulasim_saglayici,Opet Elmadağ,4699020968
ulasim_saglayici,Opet Ümitköy (Elif petrol),4699020978
ulasim_saglayici,Vatan Taksi,4803336480
ulasim_saglayici,Güngör Taksi,4833030722
ulasim_saglayici,Liman,4897048937
ulasim_saglayici,Welloil,4897048940
ulasim_saglayici,LUKoil,4897048943
ulasim_saglayici,Sönmez Kardeşler,4897048944
ulasim_saglayici,Aycan Otogaz,4912080390
ulasim_saglayici,Şahh,5047516424
ulasim_saglayici,Best Oil,5047516430
ulasim_saglayici,bp,5047516431
ulasim_saglayici,Zeypet,5047516432
ulasim_saglayici,Atakent Taksi Durağı,5213725127
ulasim_saglayici,Varlık Vinç,5365741247
ulasim_saglayici,Akyüz Taksi,6169921012
ulasim_saglayici,Esat Yaprak Taksi,6169921674
ulasim_saglayici,Batıkent Taksi,6313827346
ulasim_saglayici,Güven Taksi Durağı,6316113056
ulasim_saglayici,Gazpa,6532298184
ulasim_saglayici,Oğuzlar Taksi Durağı,6912030009
ulasim_saglayici,YKD Akaryakıt 2,6983204582
ulasim_saglayici,Angora Taksi,7093227567
ulasim_saglayici,Go,7458318768
ulasim_saglayici,Yeni Hizmet Taksi durağı,7528826156
ulasim_saglayici,İlker Güzel Taksi,7878398450
ulasim_saglayici,Opet Yükseltepe,8196190242
ulasim_saglayici,Yüzüncüyıl,8770411140
ulasim_saglayici,Aytemiz - Yüksel Aydın PEtrol,9277518502
ulasim_saglayici,Kadoil - HAY-SA Petrol,9277802019
ulasim_saglayici,İPRAGAZ GO,9279587431
ulasim_saglayici,Türkkonut Türk Petrol Benzin İstasyonu,9279587444
ulasim_saglayici,Mogaz,9279587459
ulasim_saglayici,Aca Gıda Akaryakıt,9280275837
ulasim_saglayici,Kadogaz,9350879092
ulasim_saglayici,MAK Rent A Car & Emlak,9415342022
ulasim_saglayici,BAHA Rent A Car,9818011542
ulasim_saglayici,Park Eymir Gölbaşı Taksi Durağı,9846584951
ulasim_saglayici,Aydin,10013620671
ulasim_saglayici,Otomilangaz,10117166404
ulasim_saglayici,TotalEnergies Beytepe,10293062475
ulasim_saglayici,Öveçler Taksi,11037180012
ulasim_saglayici,Hisar Taksi,11111952611
ulasim_saglayici,Kale Taksi,11111952636
ulasim_saglayici,Seval Taksi,11219751437
ulasim_saglayici,Dutluk Taksi Durağı,11343048379
ulasim_saglayici,TotalEnergies Mehmetçik Vakfı Etimesgut,11572138542
ulasim_saglayici,Yıldıztepe Taksi,11592589222
ulasim_saglayici,Dalokay Taksi,11936886130
ulasim_saglayici,Mogan Taksi,12025286643
ulasim_saglayici,Sar Oto Kiralama,12028916890
ulasim_saglayici,Ostim Taksi,12098662264
ulasim_saglayici,Gaye Taksi,12160350337
ulasim_saglayici,Gazi Hastanesi Taksi,12160350338
ulasim_saglayici,İvedik OSB Taksi,12162609106
ulasim_saglayici,Gazi Taksi,12182255612
ulasim_saglayici,Pazar Taksi,12182264689
ulasim_saglayici,termo,12234977966
ulasim_saglayici,Işık Taksi,12265877309
ulasim_saglayici,Atametis Taksi Durağı,12628841901
ulasim_saglayici,Çağrı Taksi,12640732413
ulasim_saglayici,RM Rent a Car,12640755903
ulasim_saglayici,Havacılar Taksi,12669637202
ulasim_saglayici,Köşk Taksi,12713955501
ulasim_saglayici,Batıkent Emek Taksi,12749063892
ulasim_saglayici,TP,12900369086
ulasim_saglayici,Eser Taksi,13015367502
ulasim_saglayici,Elit Mina Rent A Car,13059147423
ulasim_saglayici,Toros Taksi,13121549117
ulasim_saglayici,Gayret Taksi,13281507691
ulasim_saglayici,Zeplin Car Rental,13416144494
ulasim_saglayici,Danışment Taksi,13564301595
ulasim_saglayici,Transfer Araba Kiralama,13584570301
ulasim_saglayici,Urankent Taksi,13599721844
ulasim_saglayici,Dikmen Turtaş Taksi,13647724001
ulasim_saglayici,Otocar Rental,13654693724
ulasim_saglayici,Yıldırım Oto Kiralama,13683020451
ulasim_saglayici,Filo Rent a Car,13745998802
ulasim_saglayici,Şerit Oto Kiralama,13782790689
ulasim_saglayici,As Rent a Car,13811078476
ulasim_saglayici,Soğukkuyu Taksi,1746639285
ulasim_saglayici,Küçük Park Taxi,2018794476
ulasim_saglayici,Evka 3 Lise Durağı,2868670398
ulasim_saglayici,Şampiyon Taksi,3796892036
ulasim_saglayici,Özüm Taksi,3803596875
ulasim_saglayici,Alaybey Taksi,3803658142
ulasim_saglayici,Gar Taksi,3927096317
ulasim_saglayici,Lunapark Taksi,3954223902
ulasim_saglayici,Göztepe Metro Taksi,3997249779
ulasim_saglayici,Alsancak Cami Taksi,4313930689
ulasim_saglayici,Opet Menderes,4699018432
ulasim_saglayici,Opet Bornova,4699018473
ulasim_saglayici,Opet Karabağlar,4699018909
ulasim_saglayici,Opet Bayraklı,4699018929
ulasim_saglayici,Opet Buca,4699020246
ulasim_saglayici,Opet Çamdibi,4699020264
ulasim_saglayici,Opet Yalçınlar Akaryakıt,4699022937
ulasim_saglayici,Aygaz Otogaz,4823467421
ulasim_saglayici,Can sürücü kursu,4870207922
ulasim_saglayici,Çağlar Taksi,5217419182
ulasim_saglayici,Akevler Taksi Durağı,5876490501
ulasim_saglayici,gelin arabası,5928868986
ulasim_saglayici,gelindamataraban,5928879985
ulasim_saglayici,Zorpet Zorlu Petrolcülük,5974048961
ulasim_saglayici,Vizecar,6205515785
ulasim_saglayici,TAKSİ DURAĞI,6256591594
ulasim_saglayici,İzmir Adnan Menderes Havalimanı,6422795286
ulasim_saglayici,Kolej Taksi,6512734007
ulasim_saglayici,Shell Akaryakıt İstasyonu,6727504895
ulasim_saglayici,Narlıdere Arıkent Taksi,6849228243
ulasim_saglayici,Narlıdere Site Taksi Durağı,6851399606
ulasim_saglayici,Akademi Taksi Durağı,6851579104
ulasim_saglayici,Hava Hastanesi Taksi,6860350019
ulasim_saglayici,Fatih Taksi,6860350021
ulasim_saglayici,Konak İskele Taksi,6871153823
ulasim_saglayici,Havalimanı Taksi,6926970420
ulasim_saglayici,Güven Taksi,7055237684
ulasim_saglayici,Mevlana Taksi,7467328418
ulasim_saglayici,Buca Koop. Taksi,8077627020
ulasim_saglayici,Bornova Atatürk QuarterTaksi Durağı,8085959869
ulasim_saglayici,Evka 4 Merkez Taksi,8086301238
ulasim_saglayici,Opet Torbalı,8120329494
ulasim_saglayici,Erboy,8166334089
ulasim_saglayici,Boycar,8166334930
ulasim_saglayici,Cizgi,8166348921
ulasim_saglayici,Duray,8166349859
ulasim_saglayici,Forum Bornova Taksi,8181673589
ulasim_saglayici,Zerek Petrol,8256839910
ulasim_saglayici,Ege Oto Kiralama,8345281805
ulasim_saglayici,Gürçeşme Çağlar Taksi,8557752018
ulasim_saglayici,Alsancak Lozan Taksi,8569146294
ulasim_saglayici,Vasıf Çınar Taksi,8569146297
ulasim_saglayici,Mustafabey Taksi,8569146298
ulasim_saglayici,Çamlıkule Taksi,8635324827
ulasim_saglayici,Evka 2 Çiçek Taksi,9004214689
ulasim_saglayici,Lukoil Gas,9009625658
ulasim_saglayici,Anıt Taksi,9009803853
ulasim_saglayici,Shell - Işıkkent,9157305850
ulasim_saglayici,Opet Kemalpaşa,9280547624
ulasim_saglayici,GO,9285580779
ulasim_saglayici,Opet Menemen,9285605249
ulasim_saglayici,LukOil,9307790866
ulasim_saglayici,BP - Buca,9307805496
ulasim_saglayici,Opet Gaziemir,9307805503
ulasim_saglayici,İzmirspor Taksi,9573099643
ulasim_saglayici,C.B.Ü. Hastane taksi,9622469412
ulasim_saglayici,GHB,9810945843
ulasim_saglayici,Evka-5 Taksi,9823674579
ulasim_saglayici,Saadet Taksi,10146738466
ulasim_saglayici,Myros Rent a Car,10224694951
ulasim_saglayici,Renk Taksi,10931247788
ulasim_saglayici,Köprü Taksi,11069659302
ulasim_saglayici,Artuğ Rent a Car,11083509483
ulasim_saglayici,Kozağaç Taksi,11083525472
ulasim_saglayici,Çamlı Park Taksi,11174551705
ulasim_saglayici,Cumhuriyet Taksi,11174551723
ulasim_saglayici,Hilton Garden Inn.,11913606265
ulasim_saglayici,Matcar Rental,11990742169
ulasim_saglayici,Anemon Taksi,12400279143
ulasim_saglayici,Sultan Taksi,12400279163
ulasim_saglayici,5M Migros Taksi,12400388326
ulasim_saglayici,Magnesia Saruhan Taksi,12400388327
ulasim_saglayici,Uncubozköy Taksi,12400744498
ulasim_saglayici,Adliye Taksi,12407806476
ulasim_saglayici,Yeşilyurt Hastane Taksi,12986749809
ulasim_saglayici,Otoby Rent A Car,13100384975
ulasim_saglayici,Bostanlı Umut Taksi,13111865001
ulasim_saglayici,Fakülte Taksi,13299349001
ulasim_saglayici,Çimen Taksi,13315993790
ulasim_saglayici,Basın Sitesi Taksi,13345617404
ulasim_saglayici,Araç Kiralamak,13428702677
ulasim_saglayici,Ceylan Rent a Car,13473469912
ulasim_saglayici,Karataş Taksi,13476187454
ulasim_saglayici,Evka 1 Taksi,13480067419
organizasyon,19 Mayıs Düğün Salonu,5081264684
organizasyon,Tarçıncı davet salonu,5081264701
organizasyon,Yedikule Çok Amaçlı Salonu,5088190904
organizasyon,Yıldız Düğün Salonları,5099065449
organizasyon,Hat davet salonu,5100823673
organizasyon,Ali Emiri Efendi Nikah Salonu,5106125537
organizasyon,Şan Düğün Salonu,5106135567
organizasyon,Yıldız Düğün davet,5107305829
organizasyon,Has Köşk Düğün salonu ALIXAN,5107305834
organizasyon,Çapa Düğün Salonu,5109654701
organizasyon,Kristal Salonları,5113590311
organizasyon,Taç Düğün Salonu,5113599514
organizasyon,Oben Düğün salonu,5113609509
organizasyon,Çağteks Gelinlik & Abiye,5667641597
organizasyon,Parc marriage,5667642074
organizasyon,Elif düğün Salonu,5667658458
organizasyon,yiğiz oğlu düğün salonu,5667659224
organizasyon,Saray Düğün Salonu,5667661137
organizasyon,Turkcell Basketbol Gelişim Merkezi,12324658347
organizasyon,Külliye kına evi,5086061044
organizasyon,Pir Sultan Abdal Kültür Derneği,5329298055
organizasyon,Aktaş Playstation,5329298442
organizasyon,Güneşli Köyü,5329311670
organizasyon,White pavilion hall,5329335386
organizasyon,Zeray düğün ve kongre sarayı,5329335925
organizasyon,Öz yılmaz düğün salon,5329337992
organizasyon,Kayıkhane,5486283021
organizasyon,Atmacalar,5542883387
organizasyon,Öz uzunlar düğün salonu,5542883392
organizasyon,Salon semazen,5542883537
organizasyon,Salon Hanedan,5542883543
organizasyon,Salon Anadolu,5542883546
organizasyon,Salon esra yıldız,5542883571
organizasyon,çınar düğün.davet.organizasyon,5542883614
organizasyon,Düğün sarayı,5542883659
organizasyon,Mutluluğa açılankapı,5542883689
organizasyon,Seven,5542883739
organizasyon,Salon Altın Köşk,5542884523
organizasyon,Kübra düğün salonu,5542884534
organizasyon,Kristal Düğün Salonu,5777772976
organizasyon,Salon Öz Peri,5933949347
organizasyon,Royal Düğün Salonu,5958357513
organizasyon,Salon Büklü,5958357514
organizasyon,Gökkuşağı Düğün Salonu,6767532883
organizasyon,Titanik,7229187886
organizasyon,Boda Davet,9180098694
organizasyon,Kadıköy Belediyesi Halis Kurtça Çocuk Kültür Merkezi,9452704956
organizasyon,Salon Yeditepe,9685610312
organizasyon,Glory Wedding Venue,9685610404
organizasyon,Mutlu Villa,10257969901
organizasyon,Salon Grand Toplak Mutlukent,10778111587
organizasyon,Salon Royal Toprak,10778111597
organizasyon,Maltepe Düğün Salonu,11415460174
organizasyon,Salon Vizyon Davet Salonu,12462523827
organizasyon,Bucak Düğün Salonu,12512781225
organizasyon,Salon Zigana,13649459597
organizasyon,Asmina Davet ve Balo Salonları,13649519670
organizasyon,Prenses,5667722117
organizasyon,EBRU DÜĞÜN SARAYI,5667727243
organizasyon,Boy Davet Palace,6437116902
organizasyon,Banquet Deluxe,6437117451
organizasyon,Dereboyu Meydanı,11047659341
organizasyon,Evopita Organizasyon & Davet,11427627315
organizasyon,Kemerburgaz Adventure Land,12160868261
organizasyon,SPX Park,12160868287
organizasyon,Pembe Köşk Düğün Salonu,9933684485
organizasyon,Fatih Ormanı Orman Bahçe Etkinlik Merkezi,10074451842
organizasyon,Dream Garden Wedding & Events,12144569801
organizasyon,Park L'amore Kır Bahçesi,12319028902
organizasyon,Şan Davet Evi,12389071443
organizasyon,Ewet'de Düğün Salonu,12740094996
organizasyon,Tiamo İsteme & Nişan Salonu,12973151147
organizasyon,Anka Wedding,13120751459
organizasyon,Aslan Bey Düğün Salonu,13173771081
organizasyon,Kırrda Wedding,13543472530
organizasyon,Grand Park Optimum,13556121863
organizasyon,Ankarada Organizasyon,13556681379
organizasyon,Anemon Düğün Salonları,13683020421
organizasyon,Cevahir Nikah Balo Toplantı,13724520199
organizasyon,Armoni,13782790659
organizasyon,Ehl-i Saadet,13782790673
organizasyon,Angel Wedding,13782790675
organizasyon,La Mira,13782790676
organizasyon,osmangazi dugun salonu,3609960777
organizasyon,Casa Mandarino,10178086919
organizasyon,Çıngırock,11141559289
organizasyon,Beyza Düğün Salonu,13077706208
organizasyon,Salon Çağrı,11369740328
organizasyon,Çetinkaya Düğün Salonu,11773488512
organizasyon,Mudanya Davet Düğün Salonu,12862837001
giyim_magazasi,Stop,910631609
giyim_magazasi,Behçet Spor,912228961
giyim_magazasi,Rose Art Souvenir,1325246157
giyim_magazasi,Bahar Korçan Butik,1651382512
giyim_magazasi,Bin bavul Vintage,1651393325
giyim_magazasi,Lilipud Boutique,1651394614
giyim_magazasi,Atelier 55,1651396866
giyim_magazasi,Arzu Kaprol Boutique,1651507170
giyim_magazasi,Sued Mod Dericilik,1921496012
giyim_magazasi,ROZİ KİDS CLUB,2140100289
giyim_magazasi,Fenerium,2437124257
giyim_magazasi,Damat Tween,2437539084
giyim_magazasi,g Lingerie,2446513053
giyim_magazasi,Levinson Leather&Fur,2473220798
giyim_magazasi,Zara,2530817401
giyim_magazasi,Mavi,2547264055
giyim_magazasi,Cetinkaya,2547264059
giyim_magazasi,SNR Shop,2547264061
giyim_magazasi,Sarar,2562632925
giyim_magazasi,Boyner,2901414401
giyim_magazasi,Mi'arte & neri hazir giyim,2901959399
giyim_magazasi,Hot Pink Giyim,2901974597
giyim_magazasi,Ayhan Giyim,2901974896
giyim_magazasi,Modayız,3106374800
giyim_magazasi,Tamüstümegöre,3131283780
giyim_magazasi,Fantazielbiseler,3162645729
giyim_magazasi,Hars Galip Dede,3188739865
giyim_magazasi,Calzedonia,3447440178
giyim_magazasi,Gusto,3452205911
giyim_magazasi,Dagi,3452205912
giyim_magazasi,Gap,3459046123
giyim_magazasi,Tuqba,3459046131
giyim_magazasi,Nike,3459046148
giyim_magazasi,LOFT LTB,3499229571
giyim_magazasi,Daniel Cavallini,3499235725
giyim_magazasi,Esref Tekstil,3499277966
giyim_magazasi,Mariposa Butik,3658718684
giyim_magazasi,ParisTexas,3817807157
giyim_magazasi,CAKA,3817826557
giyim_magazasi,Monochrom,3817826559
giyim_magazasi,Mango,4053855698
giyim_magazasi,Salyu BeBe,4129048189
giyim_magazasi,Sünnet Sarayı,4285848295
giyim_magazasi,kazmino,4296906718
giyim_magazasi,breeze,4296942431
giyim_magazasi,tontoy,4296942432
giyim_magazasi,acen,4296957830
giyim_magazasi,LC Waikiki,4303108300
giyim_magazasi,Petek Tekstil,4367503801
giyim_magazasi,Hilal Butik,4397143394
giyim_magazasi,DLC,4397187593
giyim_magazasi,Sunay,4397187889
giyim_magazasi,Tedi,4407679712
giyim_magazasi,Mimaroba Çarşısı,4545648959
giyim_magazasi,DeFacto,4549488403
giyim_magazasi,Koton,4549491895
giyim_magazasi,Züleyha Butik,4553039442
giyim_magazasi,Colin's,4554310801
giyim_magazasi,Bennuri,4557318095
giyim_magazasi,Aydik,4560611018
giyim_magazasi,Robi,4564100666
giyim_magazasi,Leke JNS,4567386651
giyim_magazasi,Emre Giyim,4567391696
giyim_magazasi,Kozlu Giyim,4567393092
giyim_magazasi,Gülşen Modaevi,4569276781
giyim_magazasi,Cadde,4570890803
giyim_magazasi,Desa,4572608845
giyim_magazasi,SPX,4575988632
giyim_magazasi,İntissimi,4575992692
giyim_magazasi,Mısırlı,4577186347
giyim_magazasi,Gencallar,4578100178
giyim_magazasi,Mudo,4579851284
giyim_magazasi,network,4580144595
giyim_magazasi,beymen club,4580146264
giyim_magazasi,Penti,4580164979
giyim_magazasi,Papatya Giyim,4580181836
giyim_magazasi,ipekyol,4580240394
giyim_magazasi,H&M,4580246874
giyim_magazasi,Derimod,4580255166
giyim_magazasi,Yüksel Giyim,4580351526
giyim_magazasi,cemden,4582592035
giyim_magazasi,beşir butik,4582847450
giyim_magazasi,tick butik,4582847456
giyim_magazasi,collezone,4583084639
giyim_magazasi,turuncu çocuk giyim,4583710472
giyim_magazasi,LUNA Giyim,4583929890
giyim_magazasi,Network,4584047985
giyim_magazasi,Gökhan Çocuk Giyim,4691931852
giyim_magazasi,Bias Butik,4706247190
giyim_magazasi,Butik Suat,4732822042
giyim_magazasi,Lacarino,4814699221
giyim_magazasi,Say Nişantaşı,4836199435
giyim_magazasi,Kiğılı,4853252933
giyim_magazasi,U.S. Polo Assn.,4916568523
giyim_magazasi,nbb lingerine,4924217127
giyim_magazasi,edo,4924741059
giyim_magazasi,Yuksel Is Hani,4935336426
giyim_magazasi,Eylul,4949635268
giyim_magazasi,GS Store,4960234836
giyim_magazasi,Serap Moda evi,4971985551
giyim_magazasi,IMÇ Çarsisi,4977928431
giyim_magazasi,Jack Paul,4986239139
giyim_magazasi,Tarz Giyim,5076166168
giyim_magazasi,Karaaslan,5081442509
giyim_magazasi,T-Damla Giyim,5081443122
giyim_magazasi,İstanbul çanta,5087168311
giyim_magazasi,Sevinç AVM,5087168312
giyim_magazasi,Pinky,5087172321
giyim_magazasi,İpekyolu AVM,5087172324
giyim_magazasi,Doğan giyim,5087172343
giyim_magazasi,Annem Butik,5088194908
giyim_magazasi,SWG,5099056203
giyim_magazasi,Çakır Tekstil,5099056216
giyim_magazasi,First lady,5099060702
giyim_magazasi,Çağlar tekstil,5099060719
giyim_magazasi,Furkan Jeans Ağ Tekstil,5099065434
giyim_magazasi,Kılıçaslan Uniforma,5099065482
giyim_magazasi,Sur giyim,5103810790
giyim_magazasi,Uygun outlet giyim bazaar,5103810808
giyim_magazasi,Oksa Pelle,5106111918
giyim_magazasi,Stz,5106111919
giyim_magazasi,Akdağ Spor Giyim,5106112136
giyim_magazasi,Mikele placido,5106118236
giyim_magazasi,Velvet,5106118240
giyim_magazasi,Özyıl,5106118241
giyim_magazasi,Cabukol Giyim,5106118244
giyim_magazasi,Palmiro Rossi,5106118246
giyim_magazasi,Baso,5106118250
giyim_magazasi,Mlynarczyk,5106118252
giyim_magazasi,Domenico vacco,5106118253
giyim_magazasi,Lider Spor Giyim,5106118297
giyim_magazasi,Osmanlı moda,5106123779
giyim_magazasi,Güzel Giyim,5106123785
giyim_magazasi,Gün ışığı Accessoriess,5106123787
giyim_magazasi,Mataracı Çeyiz,5106123789
giyim_magazasi,Ada,5106123790
giyim_magazasi,Byen,5106123791
giyim_magazasi,Melike Eşarp,5106123795
giyim_magazasi,Gardorobe,5106123798
giyim_magazasi,Şami,5106124127
giyim_magazasi,Hasema Tekstil,5106124374
giyim_magazasi,Hasret Moda,5106124376
giyim_magazasi,Buşra Giyim,5106127798
giyim_magazasi,Oruçoğlu Giyim,5106127799
giyim_magazasi,Butik Şenkal,5106127815
giyim_magazasi,Ftm Moda,5106127819
giyim_magazasi,Gal Venturo,5106127820
giyim_magazasi,Sabite Arar,5106129523
giyim_magazasi,Sevim Moda,5106129524
giyim_magazasi,Jasmine,5106129525
giyim_magazasi,Kevser Moda,5106129528
giyim_magazasi,Özkan Moda,5106129529
giyim_magazasi,Kemeşi İzmir,5106129530
giyim_magazasi,Alisse Nuera,5106129532
giyim_magazasi,Aysira Wedding,5106129533
giyim_magazasi,Nihan,5106129534
giyim_magazasi,Yasemen,5106129535
giyim_magazasi,Elit Gelinlik,5106129536
giyim_magazasi,Familya,5106129537
giyim_magazasi,Prenses,5106129538
giyim_magazasi,Kübra Moda,5106129539
giyim_magazasi,Taliha,5106129541
giyim_magazasi,Ümit,5106129542
giyim_magazasi,Avşar,5106129545
giyim_magazasi,Şahin Moda,5106129546
giyim_magazasi,Armine,5106129547
giyim_magazasi,Atifet Ferace,5106131049
giyim_magazasi,Koşar Tesettür,5106131050
giyim_magazasi,İkbal Ferace,5106131051
giyim_magazasi,Şehrazat giyim,5106131052
giyim_magazasi,Selin Giyim,5106131053
giyim_magazasi,Dua Giyim,5106131055
giyim_magazasi,Beyza giyim,5106131058
giyim_magazasi,Mevlana Tesettür Giyim,5106131059
giyim_magazasi,İhvan & Nur Tesettür,5106131060
giyim_magazasi,Muazzam giyim,5106131063
giyim_magazasi,Elbisecim,5106131064
giyim_magazasi,Penyecim,5106131065
giyim_magazasi,Vuslat Çınar,5106131077
giyim_magazasi,Asude Eşarp,5106131078
giyim_magazasi,Gürdamar,5106131079
giyim_magazasi,Zarif Bey,5106131080
giyim_magazasi,Leyali Dubai Ferace,5106131092
giyim_magazasi,Miss Esre,5106131093
giyim_magazasi,Sahara Ferace,5106131096
giyim_magazasi,Asil Ferace,5106131097
giyim_magazasi,Gizay,5106131099
giyim_magazasi,Boatiqe Mia,5106134542
giyim_magazasi,Obje,5106135556
giyim_magazasi,Ser Moda Collection,5107243178
giyim_magazasi,Damla Collection,5107245372
giyim_magazasi,Güncel Bütik,5107247528
giyim_magazasi,Kotçu,5107247562
giyim_magazasi,Tays Fashion,5107247573
giyim_magazasi,Burak tekstil,5107305822
giyim_magazasi,Güneş deri ve tekstil,5107305853
giyim_magazasi,Akbulut handmade,5107305854
giyim_magazasi,Celal Tuhafiye,5107305882
giyim_magazasi,ezmcollection,5108836354
giyim_magazasi,Mark-ha.com,5108836367
giyim_magazasi,A.R.M Tutku Tekstil,5108836378
giyim_magazasi,Atek,5108836411
giyim_magazasi,Tanrıverdi Tekstil San. ve Pazarlama A.Ş.,5108836413
giyim_magazasi,LİDER MEZUNİYET CÜBBE VE KEP,5108838358
giyim_magazasi,Souvenir Shop,5108838374
giyim_magazasi,Taşkın Giyim Beyaz Aslan,5108843056
giyim_magazasi,Yazgan,5108843068
giyim_magazasi,Casa Pedro,5108843084
giyim_magazasi,Bag Slots,5108843340
giyim_magazasi,Paul Martin,5108843354
giyim_magazasi,Çakır Amca Leather Shop,5108843390
giyim_magazasi,Natural Leder Tailor Made,5108843577
giyim_magazasi,Arsenals wash,5108843762
giyim_magazasi,Dora Boutique,5108843983
giyim_magazasi,Soho Tex,5108843984
giyim_magazasi,Abitare,5108843988
giyim_magazasi,Bisaş Tekstil,5108844442
giyim_magazasi,Okerler teksitle,5110342155
giyim_magazasi,Songül giyim,5110342156
giyim_magazasi,alde kumaş,5110342177
giyim_magazasi,Davy Jones,5110342201
giyim_magazasi,İmran doğaltaş,5110344572
giyim_magazasi,Çapan toka,5110344583
giyim_magazasi,Burak hacılar pazarı,5110344588
giyim_magazasi,Tek gül,5110344590
giyim_magazasi,Zawa fashion,5110345097
giyim_magazasi,Zahid tekstil,5110345105
giyim_magazasi,Kaymakçı kumaş,5110345107
giyim_magazasi,Bornovalı han,5110345108
giyim_magazasi,Hakan kumaş,5110345109
giyim_magazasi,Güney,5110345110
giyim_magazasi,Baldır,5110345112
giyim_magazasi,Arda,5110345113
giyim_magazasi,Faruk tekstil,5110345114
giyim_magazasi,Ek katıp,5110345116
giyim_magazasi,Lardian,5110345117
giyim_magazasi,Nortex,5110345118
giyim_magazasi,Optimax,5110345120
giyim_magazasi,Collezione,5110345256
giyim_magazasi,Olimpiyat,5110345258
giyim_magazasi,İmren,5110345262
giyim_magazasi,Beğen,5110345263
giyim_magazasi,Outlet vakko,5110345307
giyim_magazasi,Abs,5110345308
giyim_magazasi,Petek,5110345312
giyim_magazasi,Altınay kumaş,5110345313
giyim_magazasi,Agi,5110345316
giyim_magazasi,Modarya,5110345317
giyim_magazasi,Engima,5110345318
giyim_magazasi,Santa triko,5110345319
giyim_magazasi,Salih,5110345320
giyim_magazasi,Aytug,5110345321
giyim_magazasi,Punto,5110345322
giyim_magazasi,Türen,5110345323
giyim_magazasi,Levent,5110345324
giyim_magazasi,Hasan oğlu,5110345326
giyim_magazasi,Vip madem,5110345327
giyim_magazasi,Esentek,5110345332
giyim_magazasi,Kızıltoprak,5110345333
giyim_magazasi,Premier,5110345334
giyim_magazasi,Baroteks,5110345335
giyim_magazasi,Uğurlar tekstil,5110345336
giyim_magazasi,Aşir efendi han,5110345337
giyim_magazasi,Mode royal şal,5110345338
giyim_magazasi,Tezcan tekstil,5110345339
giyim_magazasi,Örkem tekstil,5110345340
giyim_magazasi,Burden ipek,5110345341
giyim_magazasi,Ösa tekstil,5110345342
giyim_magazasi,Erdemir kumaş,5110345343
giyim_magazasi,V nokta,5110345344
giyim_magazasi,Yünes tekstil,5110345345
giyim_magazasi,İslamoğlu çorap,5110345347
giyim_magazasi,Cıgıt kids,5110345348
giyim_magazasi,Kendros han,5110345349
giyim_magazasi,Vizyon çorap,5110345350
giyim_magazasi,Roff çorap,5110345351
giyim_magazasi,Toran çorap,5110345352
giyim_magazasi,Katırçı oğlu han,5110345353
giyim_magazasi,Koçlar tekstil,5110345354
giyim_magazasi,Nur tekstil,5110345355
giyim_magazasi,Özdemir corap,5110345357
giyim_magazasi,Doctor junior,5110345358
giyim_magazasi,Diri han,5110345359
giyim_magazasi,Red bug,5110345360
giyim_magazasi,Gürün han,5110345361
giyim_magazasi,Alsamah,5110345362
giyim_magazasi,Almino,5110345363
giyim_magazasi,Bahtiyar han,5110345364
giyim_magazasi,Oral corap,5110345365
giyim_magazasi,G serko,5110345366
giyim_magazasi,Doreanse,5110345367
giyim_magazasi,Gurun han,5110345368
giyim_magazasi,Sevil giyim,5110345369
giyim_magazasi,Polo men,5110345370
giyim_magazasi,Ozan part,5110345371
giyim_magazasi,Honeybee,5110345372
giyim_magazasi,Ak han,5110345373
giyim_magazasi,Elfaro,5110345374
giyim_magazasi,Ajn,5110345375
giyim_magazasi,Baharoğlu üniforma,5110345376
giyim_magazasi,Baby nedo,5110345377
giyim_magazasi,Pembe boncuk,5110345378
giyim_magazasi,Şura,5110345379
giyim_magazasi,Melek iş hanı,5110345380
giyim_magazasi,Baki,5110345381
giyim_magazasi,Altınlar,5110345382
giyim_magazasi,Meliş,5110345621
giyim_magazasi,ShowRoom,5110345622
giyim_magazasi,Peto,5110345623
giyim_magazasi,Apparel,5110345624
giyim_magazasi,Yüksel kumaş,5110345628
giyim_magazasi,Apayrl collection,5110347266
giyim_magazasi,Bary,5111206125
giyim_magazasi,Saray giyim,5111211795
giyim_magazasi,Sahinler,5111211798
giyim_magazasi,Dolfini esarp,5111211804
giyim_magazasi,Tekin,5111211805
giyim_magazasi,Lanze,5111211806
giyim_magazasi,Jakaman,5111211808
giyim_magazasi,Gulsel,5111211813
giyim_magazasi,Elif canta,5111211814
giyim_magazasi,Mert giyim,5111211815
giyim_magazasi,Nedim kids club,5111211816
giyim_magazasi,Asanlar,5111211817
giyim_magazasi,Gepollar,5111211818
giyim_magazasi,Akbas,5111211820
giyim_magazasi,Botto gruop,5111212222
giyim_magazasi,Tarihi irfaniye carsisi,5111212225
giyim_magazasi,Pierre gardin,5111212228
giyim_magazasi,Kosem ceyiz,5111212229
giyim_magazasi,Busra kids klup,5111212230
giyim_magazasi,Babtya,5111212231
giyim_magazasi,Serif coraplari,5111212232
giyim_magazasi,Acemoglu,5111212233
giyim_magazasi,Lolitam,5111212234
giyim_magazasi,Donella,5111212235
giyim_magazasi,Ersah underwear,5111212236
giyim_magazasi,Elawin,5111212237
giyim_magazasi,Attin,5111212239
giyim_magazasi,violet,5111212240
giyim_magazasi,Huma,5111212241
giyim_magazasi,Berrak,5111212242
giyim_magazasi,Mimcorap,5111212243
giyim_magazasi,Bersel underwear,5111212244
giyim_magazasi,Ozkan underwear,5111212245
giyim_magazasi,Ak giyim,5111212246
giyim_magazasi,İlke,5111212247
giyim_magazasi,Cottonhill,5111212248
giyim_magazasi,Altun,5111212249
giyim_magazasi,On yildiz,5111212250
giyim_magazasi,Rumeysa,5111212251
giyim_magazasi,Teknur,5111212252
giyim_magazasi,Clover,5111212253
giyim_magazasi,Buyuk yildiz han,5111212254
giyim_magazasi,Beyza,5111212255
giyim_magazasi,İsin,5111212256
giyim_magazasi,Seher,5111212257
giyim_magazasi,Adalay,5111212258
giyim_magazasi,Limboz,5111212259
giyim_magazasi,Nbb,5111212260
giyim_magazasi,Seamless korse,5111212261
giyim_magazasi,Aydogan,5111212262
giyim_magazasi,Zahra,5111212263
giyim_magazasi,Ymz,5111212265
giyim_magazasi,Arzu,5111212266
giyim_magazasi,Furcu,5111212267
giyim_magazasi,Farel,5111212268
giyim_magazasi,Seher yildizi,5111212269
giyim_magazasi,İkrem,5111212270
giyim_magazasi,Baymatas,5111212272
giyim_magazasi,Sarihan,5111212273
giyim_magazasi,Safa,5111212274
giyim_magazasi,Asorti,5111212275
giyim_magazasi,Elegans,5111212276
giyim_magazasi,Samamra nil,5111212277
giyim_magazasi,Guler Bebe,5111212278
giyim_magazasi,Soymen,5111212279
giyim_magazasi,Digil kids,5111212280
giyim_magazasi,Altinlar,5111212283
giyim_magazasi,Baharoglu,5111212284
giyim_magazasi,Ozan,5111212287
giyim_magazasi,Egirdir seen han,5111212289
giyim_magazasi,Himms,5111212291
giyim_magazasi,Nergizler,5111212292
giyim_magazasi,Turmalin,5111212305
giyim_magazasi,Dorime,5111215123
giyim_magazasi,Mons tip giyim,5111215160
giyim_magazasi,Monotip,5111215162
giyim_magazasi,Irem giyim,5111215165
giyim_magazasi,Mim optik,5111215175
giyim_magazasi,is giyim,5111215208
giyim_magazasi,Sena optik,5111215217
giyim_magazasi,Refurm,5111215729
giyim_magazasi,Buyukbeden,5111215737
giyim_magazasi,Baris,5111215748
giyim_magazasi,Donarosa,5111222117
giyim_magazasi,Center gross,5111222118
giyim_magazasi,Perzoni,5111222120
giyim_magazasi,Sultan,5111223221
giyim_magazasi,Star gita,5111223222
giyim_magazasi,Kiki riki,5111223224
giyim_magazasi,Ltb,5111223225
giyim_magazasi,Avva,5111223226
giyim_magazasi,Salvatini,5111223227
giyim_magazasi,Ddfs,5111223228
giyim_magazasi,Fomanta,5111223229
giyim_magazasi,Wfc,5111223230
giyim_magazasi,Facchino,5111223231
giyim_magazasi,Tara,5111223232
giyim_magazasi,Danzel,5111223233
giyim_magazasi,Dosso mall,5111223234
giyim_magazasi,Speedway,5111223235
giyim_magazasi,Silver,5111223237
giyim_magazasi,Hoopsy,5111223238
giyim_magazasi,Bon amigo,5111223239
giyim_magazasi,Ayata kids,5111223240
giyim_magazasi,Club Donna kids,5111223241
giyim_magazasi,Chila,5111223242
giyim_magazasi,Marisis,5111223243
giyim_magazasi,Whetny,5111223244
giyim_magazasi,Santoryo,5111223245
giyim_magazasi,Say,5111223246
giyim_magazasi,Modalinda,5111223247
giyim_magazasi,Crown,5111223249
giyim_magazasi,Moodbasic,5111223250
giyim_magazasi,Laleli kids world,5111223251
giyim_magazasi,Ayakkabı Mağazası,5112723909
giyim_magazasi,Dinç Kundura,5112723911
giyim_magazasi,Gözde Giyim Çanta Ayakabbı,5112723915
giyim_magazasi,Bellasole,5112723920
giyim_magazasi,Aviano,5112724609
giyim_magazasi,Aylina,5112724610
giyim_magazasi,Chelsea Leather,5112724611
giyim_magazasi,Pulltonic,5112724612
giyim_magazasi,Jioberti Milano,5112724613
giyim_magazasi,Just King Sportwear,5112724614
giyim_magazasi,Flamini,5112724615
giyim_magazasi,Daniel Alves,5112724616
giyim_magazasi,Caprini,5112724617
giyim_magazasi,Mario Millano,5112724618
giyim_magazasi,Elbise mağazası,5112725521
giyim_magazasi,Deport,5112725526
giyim_magazasi,Çelen Tuhafiye ve Ayakkabı,5112725565
giyim_magazasi,Özlem Kurutemizleme,5112725591
giyim_magazasi,Brend,5112728838
giyim_magazasi,Recoli,5112728840
giyim_magazasi,Boni Cashmere,5112728842
giyim_magazasi,Zeyn Sport,5112728843
giyim_magazasi,Colorful Kids,5112728844
giyim_magazasi,ELA İç giyim,5112728845
giyim_magazasi,Branoff,5112728846
giyim_magazasi,Ricardo,5112728847
giyim_magazasi,Doğruman Çarşı,5112728867
giyim_magazasi,Gönsan,5112728878
giyim_magazasi,Pasha underwear socks,5112728880
giyim_magazasi,Jeans shop,5112728882
giyim_magazasi,Sermen Tekstil,5112728884
giyim_magazasi,Belloni socks and underwear,5112728886
giyim_magazasi,Legraff,5112728890
giyim_magazasi,ÜN-AL group,5112728891
giyim_magazasi,Çelik,5112728892
giyim_magazasi,By Zeyma Collection,5112728893
giyim_magazasi,Firma Burak,5112728894
giyim_magazasi,Aska,5112728895
giyim_magazasi,La madre,5112728896
giyim_magazasi,Del Romanino,5112728897
giyim_magazasi,E. Faysal,5112728898
giyim_magazasi,Strokers,5112728899
giyim_magazasi,Irmak Home,5112728900
giyim_magazasi,Angels secret,5112728901
giyim_magazasi,Nicoletta,5112728903
giyim_magazasi,Armoda Collection,5112728904
giyim_magazasi,Dielli,5112728906
giyim_magazasi,Novel,5112729006
giyim_magazasi,Laleli Galeria,5112729007
giyim_magazasi,Pietra,5112729009
giyim_magazasi,Piton for Leather,5112729010
giyim_magazasi,Alp Deri,5112729016
giyim_magazasi,Angelo Gallazo,5112729017
giyim_magazasi,Abdullah Tarhan,5112729020
giyim_magazasi,Daniel Galloti,5112732223
giyim_magazasi,Parma,5112732224
giyim_magazasi,Buzkan Tekstil,5112732226
giyim_magazasi,Nino Pacoli,5112732227
giyim_magazasi,Belfor Group,5112732228
giyim_magazasi,Mos,5112732231
giyim_magazasi,Dion,5112732234
giyim_magazasi,Wild Cat,5112732235
giyim_magazasi,Razonni,5112732236
giyim_magazasi,Paulo Carvelli,5112732237
giyim_magazasi,Dolce Garina,5112732239
giyim_magazasi,Mecal Collection,5112732242
giyim_magazasi,Ster,5112732243
giyim_magazasi,Kudiş İstanbul,5112732247
giyim_magazasi,Enes giyim,5112732250
giyim_magazasi,Hacı giyim,5112732252
giyim_magazasi,Taha Tekstil,5112732253
giyim_magazasi,Epsylon,5112732269
giyim_magazasi,IFO,5112732270
giyim_magazasi,White House,5112732272
giyim_magazasi,İstanbul Shopping Center,5112732273
giyim_magazasi,Giani Marcelo,5112732275
giyim_magazasi,Guzella,5112732276
giyim_magazasi,White House Firnze,5112732277
giyim_magazasi,Cocoon,5112732278
giyim_magazasi,Fimka,5112732279
giyim_magazasi,La Chere,5112732281
giyim_magazasi,Magza,5112732282
giyim_magazasi,Gizia Casual,5112732286
giyim_magazasi,Gizia,5112732287
giyim_magazasi,XPUNTO Leather and fur,5112732289
giyim_magazasi,Elegant Bags,5112732291
giyim_magazasi,Marcel Massimo,5112732293
giyim_magazasi,Fabiani,5112732295
giyim_magazasi,Rizetta,5112732296
giyim_magazasi,Bernanke,5112732297
giyim_magazasi,Zingal Riche,5112732298
giyim_magazasi,N-Value,5112732299
giyim_magazasi,Angelo Koma,5112732301
giyim_magazasi,Esseleffe,5112732302
giyim_magazasi,Pier Luigi,5112732305
giyim_magazasi,Marco Menti,5112732306
giyim_magazasi,Franko Beşki,5112732307
giyim_magazasi,Busa,5112732308
giyim_magazasi,Marani Magli by koç,5112732309
giyim_magazasi,Esmeralda Cashmere,5112732311
giyim_magazasi,Tamer,5112732312
giyim_magazasi,Ak Medo,5112732314
giyim_magazasi,Gino Lombardi,5112735221
giyim_magazasi,Lubecker,5112735222
giyim_magazasi,Vico Venzi,5112735223
giyim_magazasi,Paolo Ganz,5112735225
giyim_magazasi,Aktaş Leather,5112735226
giyim_magazasi,Siryor Bey,5112735228
giyim_magazasi,Fitmens,5112735229
giyim_magazasi,Enrico Rosetti,5112735230
giyim_magazasi,Arbiattia,5112735231
giyim_magazasi,Louis Fabel,5112735232
giyim_magazasi,Giotelli,5112735233
giyim_magazasi,Camparas,5112735234
giyim_magazasi,Lulu Bala Kids Fashion,5112735235
giyim_magazasi,Massimo Monelli,5112735236
giyim_magazasi,Angelo Marinelli,5112735238
giyim_magazasi,Daniel Rizotto,5112735242
giyim_magazasi,La chere,5112735243
giyim_magazasi,Ramssi,5112735245
giyim_magazasi,Palmen,5112735247
giyim_magazasi,Roland,5112735248
giyim_magazasi,Toprak Collection,5112735249
giyim_magazasi,Mirabella Textile,5112735250
giyim_magazasi,Roberto Bossi,5112735252
giyim_magazasi,Dinar,5112735253
giyim_magazasi,Via cvina,5112735254
giyim_magazasi,Ebru Tekstil,5112735255
giyim_magazasi,Firma Gülsoy,5112735256
giyim_magazasi,Barış Tekstil,5112735257
giyim_magazasi,Montana,5112735261
giyim_magazasi,New Class,5112735262
giyim_magazasi,Lebeni Leather and Fur,5112735265
giyim_magazasi,Grandezza,5112735269
giyim_magazasi,Piro Brano,5112735270
giyim_magazasi,Quesste,5112735271
giyim_magazasi,Mabro,5112735272
giyim_magazasi,Assist,5112735273
giyim_magazasi,Centropel,5112735274
giyim_magazasi,Paolo Verri,5112735276
giyim_magazasi,Alcino,5112735277
giyim_magazasi,Armando Marquez,5112735279
giyim_magazasi,Bucardo,5112735280
giyim_magazasi,Ergül Tekstil,5112735281
giyim_magazasi,Simoni Exclusive,5112735282
giyim_magazasi,Baggi,5112735283
giyim_magazasi,Donatella,5112735285
giyim_magazasi,Daniel Lazzaro,5112735286
giyim_magazasi,Chico Tekstil,5112735287
giyim_magazasi,Franco Feretti,5112735288
giyim_magazasi,Vigo Eertini,5112735289
giyim_magazasi,Sergio Barone,5112735290
giyim_magazasi,Daniel Figaro,5112735291
giyim_magazasi,Kıran Style,5112735293
giyim_magazasi,Praise Gold Shirts,5112735294
giyim_magazasi,Bagnoli,5112735295
giyim_magazasi,Eyfel Çarşısı,5112735296
giyim_magazasi,Majda,5112735297
giyim_magazasi,Baggi Shirt and Accessories,5112735300
giyim_magazasi,Paksoy,5112735302
giyim_magazasi,belbao,5112735304
giyim_magazasi,Gülsoy EşarpI,5112735605
giyim_magazasi,Fatih Tekstil,5112735606
giyim_magazasi,Şimşek Aksesuar,5112735607
giyim_magazasi,Esseline Aksesuar,5112735608
giyim_magazasi,Gülsoy Scarf,5112735609
giyim_magazasi,Costumen,5112735610
giyim_magazasi,By Icon İstanbul,5112735611
giyim_magazasi,Firdevs,5112735612
giyim_magazasi,Nefes Jeans Tekstil,5112735614
giyim_magazasi,Avantgard Milano,5112735615
giyim_magazasi,Akay Düğme,5112735616
giyim_magazasi,Şeref Fermuar,5112735617
giyim_magazasi,Twenhil,5112735618
giyim_magazasi,Carismaen,5112735619
giyim_magazasi,Aksa Tekstil,5112735620
giyim_magazasi,Akbaşlar,5112736029
giyim_magazasi,Doğu İpek,5112736030
giyim_magazasi,Şahin İç giyim,5112736031
giyim_magazasi,Naki Uzunhasan,5112736033
giyim_magazasi,Efehan,5112736034
giyim_magazasi,KRC By Karaca,5112736035
giyim_magazasi,Tekin Gömlek,5112736036
giyim_magazasi,Ser Tekstıl,5112736037
giyim_magazasi,Efe Çeyiz,5112736038
giyim_magazasi,Tarihi Büyük Çorapçı Hanı,5112736039
giyim_magazasi,Bizim Çeyiz,5112736040
giyim_magazasi,Metin Giyim,5112736041
giyim_magazasi,Galeri Reşat Hicret Giyim,5112736043
giyim_magazasi,İki Yıldız,5112736045
giyim_magazasi,Lavender,5112736050
giyim_magazasi,Grimor,5112736055
giyim_magazasi,Ardent yelek,5112736059
giyim_magazasi,Gümüşoğlu,5112736060
giyim_magazasi,Dkra Hac ve Umra Malzemeleri,5112736062
giyim_magazasi,Çanta Park,5112736068
giyim_magazasi,Mekke Hac Malzemeleri,5112736070
giyim_magazasi,Thermoform outdoor army clothes,5112736073
giyim_magazasi,Saadet Hac Melzemeleri,5112736075
giyim_magazasi,Gözet Kemerleri,5112736079
giyim_magazasi,B.Z.N shirt,5112736086
giyim_magazasi,Keskin Tekstil,5112736094
giyim_magazasi,Ridding Jeans,5112736099
giyim_magazasi,Dennys Jeans,5112736105
giyim_magazasi,Zambak Eşarp,5112736107
giyim_magazasi,Eyfel Eşarp,5112736108
giyim_magazasi,Sendory Jeans,5112736109
giyim_magazasi,Oklit Q8 Denim,5112736111
giyim_magazasi,Pierre ror,5112736113
giyim_magazasi,Aslan Giyim Sanayi,5112736114
giyim_magazasi,Grand Anatolia,5112736115
giyim_magazasi,Spray,5112736116
giyim_magazasi,Şevval Kids,5112736117
giyim_magazasi,Paşaoğlu Tekstil,5112736118
giyim_magazasi,Renk Fermuar,5112737039
giyim_magazasi,Vuraldi,5112737040
giyim_magazasi,Conger İş Merkezi,5112737041
giyim_magazasi,FiM Fermuar,5112737042
giyim_magazasi,Zirve Aksesuar,5112737043
giyim_magazasi,S-PANT,5112737044
giyim_magazasi,Vicassohuman,5112737045
giyim_magazasi,Yasay Tekstil,5112737047
giyim_magazasi,Zulbaharoğlu Tekstil,5112737049
giyim_magazasi,Velur Kumaşçılık,5112737069
giyim_magazasi,Staff Sports Wear,5112737079
giyim_magazasi,Klassoy Gömlek,5112737080
giyim_magazasi,Kobbe,5112737081
giyim_magazasi,Sinem Chavelle Eşarp,5112737082
giyim_magazasi,Doğuş Fermuar,5112737083
giyim_magazasi,Okan Sport,5112737085
giyim_magazasi,Denim Fermuar,5112737086
giyim_magazasi,Salcı Eşarp,5112737087
giyim_magazasi,Asmin Aksesuar,5112737088
giyim_magazasi,Hedef Sport,5112737090
giyim_magazasi,Rateks Aksesuar,5112737091
giyim_magazasi,Time Teks Aksesuar,5112737093
giyim_magazasi,Mercan Etiket ve Aksesuar,5112737094
giyim_magazasi,Larissa Şal ve Aksesuar,5112737095
giyim_magazasi,Nesgo Group Aksesuar,5112737097
giyim_magazasi,Karakuş Etiket Aksesuar,5112737098
giyim_magazasi,MDF Fermuar,5112737099
giyim_magazasi,Ümit Şapka,5112737100
giyim_magazasi,Güneş Tekstil Aksesuar,5112737101
giyim_magazasi,İklim Tekstil,5112737102
giyim_magazasi,Zırhlı Etiket,5112737103
giyim_magazasi,Kasva Deri Ürünleri,5112737104
giyim_magazasi,Çatsan Tekstil,5112737105
giyim_magazasi,EMR fermuar ve aksesuar,5112737106
giyim_magazasi,Rose Brand Şal ve Eşarp,5112737107
giyim_magazasi,Mona Lisa Milano,5112737108
giyim_magazasi,Uğur Şapka,5112737109
giyim_magazasi,Arena Textile Accessories,5112737110
giyim_magazasi,Ramon,5112737112
giyim_magazasi,Bilem Eşarp ve Şal,5112737113
giyim_magazasi,Bella Park Eşarp Şal,5112737114
giyim_magazasi,Şahimen,5112737115
giyim_magazasi,Saadetoğlu Şapka,5112737116
giyim_magazasi,Karadeniz Şapka,5112737117
giyim_magazasi,Sahra Şal ve Eşarp,5112737118
giyim_magazasi,Clasmaen,5112737119
giyim_magazasi,Has Şal Eşarp,5112737120
giyim_magazasi,Şehr-i Şal,5112738021
giyim_magazasi,Bona Sera,5112738022
giyim_magazasi,Jarmens,5112738023
giyim_magazasi,İgüs Paşmina ve Şal,5112738024
giyim_magazasi,Evren Tesettür,5112738026
giyim_magazasi,Arnisa,5112738027
giyim_magazasi,Five Digital,5112738028
giyim_magazasi,Büyük Valide Han,5112738029
giyim_magazasi,Bir İpek,5112738030
giyim_magazasi,Emproyal,5112738031
giyim_magazasi,Sinem eşarp,5112738032
giyim_magazasi,Eymen Eşarp,5112738033
giyim_magazasi,Özkaş Eşarp Yazma,5112738034
giyim_magazasi,Yakamoz eşarp ve şal,5112738035
giyim_magazasi,Ebruli,5112738036
giyim_magazasi,Rose Brand Eşarp ve Şal,5112738037
giyim_magazasi,Enba Eşarp Şal,5112738038
giyim_magazasi,Nur İpek Eşarp,5112738039
giyim_magazasi,Reyyan İpek yazma,5112738040
giyim_magazasi,Gülsoy,5112738041
giyim_magazasi,Kesimoğlu,5112738042
giyim_magazasi,Aydın Eşarp,5112738043
giyim_magazasi,Eda Eşarpları,5112738044
giyim_magazasi,Alya Eşarp,5112738045
giyim_magazasi,Liza Eşarp,5112738046
giyim_magazasi,Prenses Eşarp,5112738047
giyim_magazasi,Bwin,5112738048
giyim_magazasi,Fırat Yazma,5112738049
giyim_magazasi,Ehass,5112738050
giyim_magazasi,Sümbüllü Han,5112738051
giyim_magazasi,Ezgi İpek,5112738052
giyim_magazasi,Burden,5112738053
giyim_magazasi,Çiğdem Eşarp,5112738054
giyim_magazasi,Şarpa,5112738057
giyim_magazasi,Asya Eşarp,5112738058
giyim_magazasi,Gold,5112738059
giyim_magazasi,Akarsu,5112738060
giyim_magazasi,Giykom,5112738061
giyim_magazasi,Uğurluel Bebe,5112738062
giyim_magazasi,Kafkaslı,5112738771
giyim_magazasi,Ran Tekstil,5112738772
giyim_magazasi,Carbotti,5112738773
giyim_magazasi,Lider Giyim,5112738774
giyim_magazasi,Şık Katar,5112738777
giyim_magazasi,ASSAD Şapka,5112738778
giyim_magazasi,Çerçi Şapka,5112738779
giyim_magazasi,CMF,5112738780
giyim_magazasi,Şapka ve Aksesuar,5112738781
giyim_magazasi,Murat İplik,5112738783
giyim_magazasi,Ümit Aksesuar,5112738784
giyim_magazasi,Melisa,5112738785
giyim_magazasi,Clk Leather Belt,5112738786
giyim_magazasi,Fsm Deri Ürünleri,5112738787
giyim_magazasi,D.Ç.K Leather Belt,5112738788
giyim_magazasi,Maraton Deri,5112738789
giyim_magazasi,Güngör Aksesuar,5112738790
giyim_magazasi,Uludağ Aksesuar,5112738793
giyim_magazasi,Ziya Korse,5112738795
giyim_magazasi,Tuncan Tekstil,5112738796
giyim_magazasi,Aslı Fermuar,5112738801
giyim_magazasi,Guard İstanbul,5112738803
giyim_magazasi,Kuyucular Deri,5112738809
giyim_magazasi,Flas Şapka,5112739228
giyim_magazasi,Yalçın Ticaret,5112739236
giyim_magazasi,Kılıç Deri Ürünleri,5112739239
giyim_magazasi,Hilal Kemer Bayırlar,5112739243
giyim_magazasi,Alaettin Aksesuar,5112739245
giyim_magazasi,Picassu,5112739246
giyim_magazasi,Bağdat Pazarı,5112739247
giyim_magazasi,Depasport,5112739250
giyim_magazasi,Erkülü Aksesuar,5112739253
giyim_magazasi,Marla Deri Ürünleri Kemer Cüzden,5112739256
giyim_magazasi,Ağırsoy Aksesuar,5112739257
giyim_magazasi,Temizel Aksesuar,5112739263
giyim_magazasi,Aksesuar Dünyası,5112739264
giyim_magazasi,Kızılay Şerif Paşa Hanı İş Merkezi,5112739266
giyim_magazasi,Hasko Şapka,5112739267
giyim_magazasi,Descom Tekstil,5112739268
giyim_magazasi,Merkez Suni Deri,5112739582
giyim_magazasi,SDestiny,5112739587
giyim_magazasi,Sportline,5112739589
giyim_magazasi,Emin Fermuar,5112739594
giyim_magazasi,Osso Collection,5112739595
giyim_magazasi,Karasu,5112739596
giyim_magazasi,Ardent,5112739597
giyim_magazasi,Şahinler,5112739598
giyim_magazasi,Kaplan Spor,5112739600
giyim_magazasi,Saraçmen,5112739603
giyim_magazasi,Berkay,5112739606
giyim_magazasi,Consensus,5112739607
giyim_magazasi,Kafka,5112739609
giyim_magazasi,Melih Spor,5112739610
giyim_magazasi,Wiseman Collection,5112739611
giyim_magazasi,Witwork Serhat Giyim,5112739612
giyim_magazasi,C.S.S,5112739613
giyim_magazasi,Klassoy gömlek,5112739614
giyim_magazasi,Kerem Üniforma,5112739615
giyim_magazasi,Miraselli,5112739617
giyim_magazasi,Özer Askı,5112739618
giyim_magazasi,Buffon,5112740221
giyim_magazasi,Altay Fermuar,5112740222
giyim_magazasi,Defne Aksesuar,5112740223
giyim_magazasi,Ulaş Fermuar,5112740224
giyim_magazasi,Ridding Pirikot,5112740225
giyim_magazasi,Fim Fermuar,5112740226
giyim_magazasi,Meschino,5112740227
giyim_magazasi,Colloc,5112740228
giyim_magazasi,Robinhood,5112740229
giyim_magazasi,Daniel Agra,5112740230
giyim_magazasi,Blacksword,5112740231
giyim_magazasi,Bir Fermuar,5112740232
giyim_magazasi,Kako Ramina Sportwear,5112740233
giyim_magazasi,Atomic Jeans,5112740234
giyim_magazasi,Pregio Jeans,5112740235
giyim_magazasi,Buffon Tekstil,5112740236
giyim_magazasi,Şafa Tekstil,5112740237
giyim_magazasi,Sabır Fermuar,5112740238
giyim_magazasi,Dynamic Jeans,5112740239
giyim_magazasi,Leppe Jeans,5112740240
giyim_magazasi,Pelamet Giyim,5112740241
giyim_magazasi,Zirve Fermuar,5112740242
giyim_magazasi,Conger Tekstil,5112740243
giyim_magazasi,Haşimoğlu Fermuar,5112740244
giyim_magazasi,Hasse,5112740245
giyim_magazasi,Kılıç Fermuar,5112740246
giyim_magazasi,Coty Junior Kids,5112740247
giyim_magazasi,Güngörler Tekstil,5112740248
giyim_magazasi,Stov Jeans,5112740249
giyim_magazasi,Melisa Baby,5112740250
giyim_magazasi,Mewreg Jeans,5112740251
giyim_magazasi,Hiwda Jeans,5112740252
giyim_magazasi,Loter Jeans,5112740253
giyim_magazasi,Kids Club,5112740254
giyim_magazasi,Bandido,5112740255
giyim_magazasi,Güzelgöz,5112740256
giyim_magazasi,Amaney Bebe,5112740257
giyim_magazasi,Zagros Jeans,5112740259
giyim_magazasi,Cannot Jns,5112740260
giyim_magazasi,Rippa,5112740262
giyim_magazasi,Kaan Tekstil,5112740264
giyim_magazasi,Sümer Bebe,5112740266
giyim_magazasi,Kılıç Tekstil,5112740267
giyim_magazasi,Mesut Tekstil,5112740268
giyim_magazasi,Adıgüzeller Triko,5112740269
giyim_magazasi,Yeni Çorapçılar Çarşısı,5112740270
giyim_magazasi,Eryaman Tekstil,5112740271
giyim_magazasi,Levent Çamaşırları,5112740272
giyim_magazasi,Gürel Giyim,5112744221
giyim_magazasi,MeMento,5112744222
giyim_magazasi,Calvin Class,5112744223
giyim_magazasi,Murat Fermuar,5112744224
giyim_magazasi,D ve Tex,5112744225
giyim_magazasi,Latin Aksesuar,5112744226
giyim_magazasi,Bedir İplik Textile,5112744227
giyim_magazasi,Şeref Fermuar Aksesuar,5112744228
giyim_magazasi,Mehmet Kesimoğlu,5112744230
giyim_magazasi,Senteur,5112744233
giyim_magazasi,Kayacan Hac Malzemeleri Eşarp,5112744234
giyim_magazasi,Halay Çeyiz Bindallı,5112744241
giyim_magazasi,İtimat Manifatura ve Etek,5112744242
giyim_magazasi,Sasgoldas Eşarp,5112744244
giyim_magazasi,Madame Bella,5112744249
giyim_magazasi,Akaylar Home Tekstil,5112744257
giyim_magazasi,Özgür Çeyiz,5112744264
giyim_magazasi,Gündüz Hacı Malzemeleri,5112744268
giyim_magazasi,Cotton Box,5112744270
giyim_magazasi,Takım Sporları Ekipmanları,5112744273
giyim_magazasi,Public,5112749733
giyim_magazasi,Ada Butik,5112749781
giyim_magazasi,Güven Spor,5112750917
giyim_magazasi,Tanışık İş Güvenliği,5112751027
giyim_magazasi,Tima ve kemal,5112833319
giyim_magazasi,Kayahan collection,5112833320
giyim_magazasi,Kot dünyası,5112834021
giyim_magazasi,Goh giyim,5112834032
giyim_magazasi,Merter bazaar,5112834040
giyim_magazasi,Daniel mardini,5112834042
giyim_magazasi,Süleymanoğlu,5112834044
giyim_magazasi,Bernardo Avm,5112834061
giyim_magazasi,Pop junior,5112834095
giyim_magazasi,Carlo cavallo,5112834098
giyim_magazasi,Yeterler,5112834101
giyim_magazasi,Tarihi çukurpazar çarşısı,5112834104
giyim_magazasi,Can tekstil,5112967002
giyim_magazasi,Çocuk giyim,5112967003
giyim_magazasi,Arins jeans,5112967004
giyim_magazasi,Aslan tekstil,5112967009
giyim_magazasi,Eydis giyim,5112967011
giyim_magazasi,Kılıç tekstil,5112967012
giyim_magazasi,Republica,5112967015
giyim_magazasi,Nazom tekstil,5112971824
giyim_magazasi,By alex collection,5112971825
giyim_magazasi,Joy trend jeans,5112971828
giyim_magazasi,Karaaslan tekstil,5112971830
giyim_magazasi,Akın tekstil,5112971831
giyim_magazasi,Bilir iş merkezi,5112971834
giyim_magazasi,Arif butik,5112971835
giyim_magazasi,Nova fashion,5112971836
giyim_magazasi,Deveciler Avm,5113125295
giyim_magazasi,Keep Out,5113125309
giyim_magazasi,Sweet,5113125317
giyim_magazasi,Loya,5113125319
giyim_magazasi,Hasmer Giyim,5113125926
giyim_magazasi,Nokta,5113125930
giyim_magazasi,Has Giyim,5113125935
giyim_magazasi,Norddiva Lingerie,5113125948
giyim_magazasi,Paşa Export,5113125949
giyim_magazasi,Purple,5113126646
giyim_magazasi,Sile Giyim,5113126664
giyim_magazasi,Dotto,5113126670
giyim_magazasi,Zeytin AVM,5113126675
giyim_magazasi,LK ve JNS DEW,5113126680
giyim_magazasi,Bubi Butik,5113126681
giyim_magazasi,Berlina,5113126685
giyim_magazasi,212 Fashion,5113126691
giyim_magazasi,Redbox,5113126694
giyim_magazasi,Guneş,5113126697
giyim_magazasi,Suite,5113126698
giyim_magazasi,Export,5113126699
giyim_magazasi,Gülen Bebe,5113126720
giyim_magazasi,Metro Club,5113127723
giyim_magazasi,Gözde Triko,5113127726
giyim_magazasi,Mascıonı Giyim,5113127728
giyim_magazasi,Serdar,5113127730
giyim_magazasi,ADL,5113127742
giyim_magazasi,CHLORİS Moda,5113127753
giyim_magazasi,Tanın Collection,5113127911
giyim_magazasi,La Perle Home - Emre Tekstil DIŞ. TİC. LTD. ŞTİ.,5113127913
giyim_magazasi,Loreta,5113127914
giyim_magazasi,La Reina Collection,5113127915
giyim_magazasi,Vitogarcia,5113127916
giyim_magazasi,Late,5113127917
giyim_magazasi,Kip,5113127918
giyim_magazasi,Ramsey,5113127919
giyim_magazasi,Loft,5113127920
giyim_magazasi,Fervente,5113128022
giyim_magazasi,Raw,5113128023
giyim_magazasi,Signet,5113128024
giyim_magazasi,Wanex,5113128026
giyim_magazasi,Passion Line,5113128027
giyim_magazasi,Ella Fashion,5113128028
giyim_magazasi,Diamond People,5113128029
giyim_magazasi,Muray ve Co,5113128030
giyim_magazasi,babilon women fashion,5113128032
giyim_magazasi,Modalında,5113128033
giyim_magazasi,Malkoç Fashion,5113128034
giyim_magazasi,Reşan,5113128036
giyim_magazasi,Şanli,5113128037
giyim_magazasi,Pomawka,5113128039
giyim_magazasi,LA ve B ve L Collection,5113128040
giyim_magazasi,Evalorin,5113128041
giyim_magazasi,London Clothes,5113128042
giyim_magazasi,Passanova,5113128043
giyim_magazasi,Forward Clothes,5113128044
giyim_magazasi,Marco Star,5113128045
giyim_magazasi,Steel Way,5113128046
giyim_magazasi,Kifayet,5113128049
giyim_magazasi,Tatu,5113128050
giyim_magazasi,Sabra,5113128051
giyim_magazasi,Butella,5113128052
giyim_magazasi,Two Mail,5113128053
giyim_magazasi,Relitta,5113128054
giyim_magazasi,Staccato,5113128056
giyim_magazasi,Prestige Center,5113128058
giyim_magazasi,Dore Garage,5113128059
giyim_magazasi,Kiki Riki,5113128061
giyim_magazasi,Kazee,5113128062
giyim_magazasi,Ubes,5113128063
giyim_magazasi,Andiamo,5113128065
giyim_magazasi,Marco Benetti,5113128067
giyim_magazasi,Fsm 1453,5113128068
giyim_magazasi,Senfoni Moda,5113128070
giyim_magazasi,Guitar,5113128071
giyim_magazasi,Black Lion,5113128076
giyim_magazasi,Gianni,5113128079
giyim_magazasi,Rozi Baby Junior,5113128081
giyim_magazasi,H.Bozanoğlu,5113128082
giyim_magazasi,Red Apple,5113128085
giyim_magazasi,Süper Spor,5113128086
giyim_magazasi,Linda Butik,5113128088
giyim_magazasi,EFOR Laleli,5113128089
giyim_magazasi,Monica Ricci,5113128098
giyim_magazasi,Rutin Format,5113128111
giyim_magazasi,Sogo Teksil,5113128116
giyim_magazasi,Boutique Liza,5113128120
giyim_magazasi,FRJ Free Juniors,5113128236
giyim_magazasi,Firogi okul kıyafetleri,5113465259
giyim_magazasi,Aziz gömlekleri,5113465261
giyim_magazasi,Sahinler çamaşir,5113465272
giyim_magazasi,Cansoy İç Giyim,5113465274
giyim_magazasi,Ferace,5113469914
giyim_magazasi,Defne,5113469915
giyim_magazasi,Lalegül,5113469917
giyim_magazasi,Hacidede,5113469918
giyim_magazasi,Eren kumaş,5113469919
giyim_magazasi,Funda moda,5113471023
giyim_magazasi,Safir kumaş,5113471026
giyim_magazasi,Erenyurt,5113471028
giyim_magazasi,Ahenk eşarp,5113471032
giyim_magazasi,Copika fashion,5113471033
giyim_magazasi,Haşema,5113471035
giyim_magazasi,By capriss,5113471051
giyim_magazasi,Sibel fashion,5113471052
giyim_magazasi,Süsen Moda,5113473731
giyim_magazasi,DOĞANLAR KUMAŞ,5113473733
giyim_magazasi,Demir Tekstil Kumaş ALIM SATIMI,5113473739
giyim_magazasi,Deger Tekstil Urunleri,5113473743
giyim_magazasi,Tekbir kiyafet,5113480871
giyim_magazasi,Aya,5113480894
giyim_magazasi,kozaluks,5113480897
giyim_magazasi,Çetin kumaş,5113480898
giyim_magazasi,Lale,5113480903
giyim_magazasi,Muhsine tesettür,5113480907
giyim_magazasi,Osmanlı giyim,5113480915
giyim_magazasi,Mekke medine pazarı,5113480916
giyim_magazasi,İstanbul ferace,5113481336
giyim_magazasi,Hümasultan,5113481340
giyim_magazasi,Buşra & nisa,5113481355
giyim_magazasi,Bebekçe,5113481358
giyim_magazasi,Tiffany halı,5113481361
giyim_magazasi,Naz şal & eşarp,5113481365
giyim_magazasi,Sabir tesettür,5113481371
giyim_magazasi,Şanlı kumaş,5113481373
giyim_magazasi,Libas tesettür,5113481374
giyim_magazasi,Damla tesettür,5113481375
giyim_magazasi,Adob mayo,5113481376
giyim_magazasi,Nira sultan,5113481377
giyim_magazasi,Ünlü kumaş,5113481382
giyim_magazasi,Reis giyim,5113481383
giyim_magazasi,Rana fatih tesettür,5113481384
giyim_magazasi,Zeynep tesettür,5113481385
giyim_magazasi,Demay tesettür,5113481386
giyim_magazasi,Moda kumaş,5113481387
giyim_magazasi,Albayrak çeyiz,5113481395
giyim_magazasi,Soley,5113481396
giyim_magazasi,Şam ve ferace,5113481412
giyim_magazasi,Yonga ferace,5113483380
giyim_magazasi,Şahin ferace,5113483381
giyim_magazasi,Miyasem,5113483382
giyim_magazasi,Firat kumaşçılık,5113483386
giyim_magazasi,Efe ferace,5113483392
giyim_magazasi,Fatih sultan hac malzemeleri,5113483400
giyim_magazasi,İkraa,5113483636
giyim_magazasi,Altın yıldız,5113483640
giyim_magazasi,Ecem ferace,5113483650
giyim_magazasi,Amina,5113483652
giyim_magazasi,Şahane istanbul,5113483653
giyim_magazasi,Nisa tesettür,5113483656
giyim_magazasi,Kircil fashion,5113483663
giyim_magazasi,limar,5113483674
giyim_magazasi,Visalli,5113483676
giyim_magazasi,Emre sünnetlik,5113483681
giyim_magazasi,Şükran ferace,5113483683
giyim_magazasi,Nur ipekevim,5113483685
giyim_magazasi,Tina & jap,5113483686
giyim_magazasi,Atifet,5113483691
giyim_magazasi,Aker,5113483699
giyim_magazasi,Istanbul ferace,5113483700
giyim_magazasi,Moda naz,5113483701
giyim_magazasi,Iki yıldız,5113483703
giyim_magazasi,B'lazzotti,5113485061
giyim_magazasi,Bozan,5113485062
giyim_magazasi,Şener lingerie,5113485063
giyim_magazasi,Polaska,5113485064
giyim_magazasi,Livze,5113485065
giyim_magazasi,Lamoda,5113485069
giyim_magazasi,Bosskan,5113485071
giyim_magazasi,Doğoşlar,5113485073
giyim_magazasi,By icon,5113485077
giyim_magazasi,Kavak tekstil,5113485097
giyim_magazasi,İthalat,5113485098
giyim_magazasi,Mark star,5113485101
giyim_magazasi,Özlem moda,5113486750
giyim_magazasi,Elma,5113486757
giyim_magazasi,Serseri,5113486774
giyim_magazasi,Ravza haci,5113486793
giyim_magazasi,Eslina,5113486797
giyim_magazasi,Eka kumaş,5113486801
giyim_magazasi,Nazlı gül,5113486806
giyim_magazasi,Kubbe'i aşk,5113487021
giyim_magazasi,Bijuteri,5113487025
giyim_magazasi,Burak haç malzemeleri,5113487028
giyim_magazasi,XINT,5113487663
giyim_magazasi,Umur hope,5113495694
giyim_magazasi,Mercan Profesyonal Güvenlik Ürünleri,5113495942
giyim_magazasi,Kiriva,5113500282
giyim_magazasi,Tyana,5113500291
giyim_magazasi,Hippodrome,5113500724
giyim_magazasi,Seda,5113500729
giyim_magazasi,Gülce,5113500730
giyim_magazasi,Karinca,5113500735
giyim_magazasi,Enes,5113500742
giyim_magazasi,Amina ferace,5113500744
giyim_magazasi,Gülsüm elkhatroushi,5113500746
giyim_magazasi,Roze,5113500748
giyim_magazasi,Karaca,5113500749
giyim_magazasi,Zerinşan,5113500750
giyim_magazasi,Yakamoz eşrap & şal,5113500755
giyim_magazasi,Beşik hamile,5113500756
giyim_magazasi,Güher bi jiteri & aksesuar,5113500758
giyim_magazasi,Bambi,5113500760
giyim_magazasi,Izotantik,5113500761
giyim_magazasi,Mileny,5113500765
giyim_magazasi,Qadri,5113500769
giyim_magazasi,Sti elif,5113500771
giyim_magazasi,Romani,5113500773
giyim_magazasi,Altay spor,5113500774
giyim_magazasi,Esra,5113500777
giyim_magazasi,Erva,5113500778
giyim_magazasi,Samira,5113500779
giyim_magazasi,Tuban,5113500780
giyim_magazasi,Aypa Giyim,5113500781
giyim_magazasi,Deniz,5113500782
giyim_magazasi,Arya,5113500783
giyim_magazasi,Erolok,5113500785
giyim_magazasi,Olcay,5113500786
giyim_magazasi,BYM fashion,5113500788
giyim_magazasi,Elfida,5113500789
giyim_magazasi,Mustafa inci,5113500790
giyim_magazasi,Mepa abiye,5113500791
giyim_magazasi,Savara,5113500798
giyim_magazasi,Yusuf,5113500799
giyim_magazasi,Incity,5113500802
giyim_magazasi,Kiliç Aslan uniforma,5113590286
giyim_magazasi,Shata-Fat,5113590290
giyim_magazasi,Lino Venture,5113590316
giyim_magazasi,Maddam,5113592129
giyim_magazasi,POLEN,5113592132
giyim_magazasi,DIANA WOMAN TEKSTIL,5113592150
giyim_magazasi,Lila İç Giyim,5113592157
giyim_magazasi,ABİYE'DE UCUZLUK,5113592165
giyim_magazasi,Mağzacı tekstil,5113592167
giyim_magazasi,Maya,5113592192
giyim_magazasi,camasircity,5113592198
giyim_magazasi,ASLI çanta & şapka,5113592199
giyim_magazasi,F&R Fashion,5113592205
giyim_magazasi,Bianco jeans,5113592206
giyim_magazasi,Fabrika outlet,5113592207
giyim_magazasi,Moda akkuş,5113592208
giyim_magazasi,Zirve giyim,5113598501
giyim_magazasi,Didem Collection,5113599456
giyim_magazasi,Biray avm,5113609510
giyim_magazasi,YILDIZ Başarır,5113609518
giyim_magazasi,Rüyam moda,5113611460
giyim_magazasi,Anchor,5113623089
giyim_magazasi,Kiosk Fashion,5113623092
giyim_magazasi,Terra Rossa Butik,5114646228
giyim_magazasi,Lasiea,5115504872
giyim_magazasi,New Fellinaz,5115504873
giyim_magazasi,Capris Kids,5115504874
giyim_magazasi,Rodeo,5115504875
giyim_magazasi,Semco,5115504877
giyim_magazasi,Serianno,5115504878
giyim_magazasi,Dule,5115504879
giyim_magazasi,Ozsa Tekstil,5115504880
giyim_magazasi,Carpatya Park,5115504881
giyim_magazasi,Dolce Vissa,5115504885
giyim_magazasi,Mario Tekstil,5115504886
giyim_magazasi,Sementa Triko,5115504887
giyim_magazasi,Last Rose,5115504888
giyim_magazasi,Te Adoro,5115504889
giyim_magazasi,Stella,5115504891
giyim_magazasi,Green Tous,5115504892
giyim_magazasi,Amarchik,5115504893
giyim_magazasi,EZE,5115504894
giyim_magazasi,Gofi,5115504896
giyim_magazasi,Elizzar,5115504897
giyim_magazasi,Demate,5115504898
giyim_magazasi,Femeny,5115504899
giyim_magazasi,Lemiss,5115504900
giyim_magazasi,Jeep and Blue,5115504901
giyim_magazasi,Pier Carlino,5115504903
giyim_magazasi,Surco Jeans,5115504904
giyim_magazasi,Altınyıldız Classics,5115504905
giyim_magazasi,Pier Lone,5115504907
giyim_magazasi,BDM club,5115504908
giyim_magazasi,Galassia Kids,5115504909
giyim_magazasi,Khan,5115504910
giyim_magazasi,E Tough,5115504912
giyim_magazasi,Stefano Lompas,5115504913
giyim_magazasi,Solido,5115504914
giyim_magazasi,Miss Lady Lingerie,5115504916
giyim_magazasi,Vannes,5115504917
giyim_magazasi,Galvanni,5115504919
giyim_magazasi,Paramore,5115504920
giyim_magazasi,Alexandra Golden,5115505423
giyim_magazasi,Vivento,5115505424
giyim_magazasi,Sergio Alvajee,5115505425
giyim_magazasi,UGZ Store,5115505426
giyim_magazasi,Erin Deri,5115505427
giyim_magazasi,Darkmen,5115505428
giyim_magazasi,Romano Botta,5115505429
giyim_magazasi,Vokzal Moda,5115505430
giyim_magazasi,Aron Astor Laleli,5115505431
giyim_magazasi,Vatoz Fashion,5115505433
giyim_magazasi,Bagutti,5115505434
giyim_magazasi,Soytex Felix,5115505435
giyim_magazasi,Sogo,5115505436
giyim_magazasi,Arizona,5115505437
giyim_magazasi,Can İç Giyim,5115505438
giyim_magazasi,Cawani Sport,5115505439
giyim_magazasi,Roman,5115505442
giyim_magazasi,Claudia,5115505443
giyim_magazasi,Ramon Miele,5115505444
giyim_magazasi,Morbido,5115505445
giyim_magazasi,Elit,5115505446
giyim_magazasi,Andorra,5115505447
giyim_magazasi,Pierre Cardin,5115505448
giyim_magazasi,Vedika,5115505449
giyim_magazasi,Baggage,5115505450
giyim_magazasi,Tango,5115505451
giyim_magazasi,Saycar,5115505452
giyim_magazasi,Sem,5115505453
giyim_magazasi,Dante Socks,5115505455
giyim_magazasi,Azra,5115505457
giyim_magazasi,Kapris,5115505458
giyim_magazasi,Zolozzo,5115505459
giyim_magazasi,Dara,5115505460
giyim_magazasi,Esratash,5115505461
giyim_magazasi,Fiero,5115505463
giyim_magazasi,Ultra Outlet,5115505464
giyim_magazasi,United Outlet,5115505465
giyim_magazasi,Tospik Bebe,5115933183
giyim_magazasi,C.S.S Fabrika Satış Mağazası,5115933194
giyim_magazasi,Fistan Store,5115933202
giyim_magazasi,Depo,5115933208
giyim_magazasi,Si ve Ra Butik,5115933212
giyim_magazasi,Gepetto,5115933213
giyim_magazasi,Markakolik Outlet,5115933921
giyim_magazasi,Paaha Moda,5115937194
giyim_magazasi,Neslisi Stiller,5115937212
giyim_magazasi,Polente Butik,5115937840
giyim_magazasi,Mucizem Giyim,5115937993
giyim_magazasi,Marti Collections,5115938126
giyim_magazasi,Jan Jan Moda Outlet,5115938129
giyim_magazasi,Derya Ebru Butik,5115939246
giyim_magazasi,Minyon Butik,5115939271
giyim_magazasi,Baykar,5115939934
giyim_magazasi,Güncel Aksesuar,5115939947
giyim_magazasi,Canpolatlar,5115939949
giyim_magazasi,Bursa Triko,5115939950
giyim_magazasi,Yağmur Tekstil,5115939951
giyim_magazasi,Emir Tekstil,5115939952
giyim_magazasi,Babystar,5115939953
giyim_magazasi,Miss Clara,5115939954
giyim_magazasi,Furkan Atay Baby,5115939955
giyim_magazasi,Bignami Kids,5115939956
giyim_magazasi,Wenetto Kravatları,5115939957
giyim_magazasi,Missdore,5115939958
giyim_magazasi,Ufuk Bebe,5115939959
giyim_magazasi,Bayhan Tekstil,5115939960
giyim_magazasi,Harun Bebe Kids,5115940965
giyim_magazasi,Atak Tekstil,5115940985
giyim_magazasi,Eren Ticaret,5115940994
giyim_magazasi,Moda Arte,5130434262
giyim_magazasi,Bonia Bella,5130434264
giyim_magazasi,Ritamo to Fashion,5130434265
giyim_magazasi,Bulvar Kozmetik Underwear,5130434268
giyim_magazasi,Leon Leather ve Fur,5130434269
giyim_magazasi,Altaca,5130434271
giyim_magazasi,Alya,5130434272
giyim_magazasi,Daniele Marinelli,5130434275
giyim_magazasi,İnto,5130434276
giyim_magazasi,Paul Haggis,5130434279
giyim_magazasi,Tuse,5130434288
giyim_magazasi,Frank Bernhard,5130434289
giyim_magazasi,De Tual,5130434294
giyim_magazasi,Giangess,5130434297
giyim_magazasi,Cambridge England,5130434298
giyim_magazasi,Bisa,5130434300
giyim_magazasi,Momento,5130434301
giyim_magazasi,Muazzez,5130434302
giyim_magazasi,Aysel,5130434303
giyim_magazasi,Fırst Lady,5130434304
giyim_magazasi,Cristina Tekstil,5130434306
giyim_magazasi,Vıgoss,5130434310
giyim_magazasi,Yunus Leder,5130434311
giyim_magazasi,Mari Time,5130434315
giyim_magazasi,Asalet Textil,5130434318
giyim_magazasi,Rizo Knitwear,5130434319
giyim_magazasi,Elbeso,5130434320
giyim_magazasi,Orhan Maral,5130434821
giyim_magazasi,Demand Moda,5130434822
giyim_magazasi,Nurcini Leather Wear,5130434825
giyim_magazasi,Negis Collection,5130434826
giyim_magazasi,Rocco ve Co,5130434827
giyim_magazasi,Pasha Leather and Textile,5130434829
giyim_magazasi,Egeline,5130434830
giyim_magazasi,Demirkol,5130434831
giyim_magazasi,Ellezza,5130434832
giyim_magazasi,Sille,5130434833
giyim_magazasi,Belin,5130434835
giyim_magazasi,La Luna Woman Collection,5130434836
giyim_magazasi,Titian,5130434840
giyim_magazasi,Katia,5130434841
giyim_magazasi,İlk Petek Triko,5130434842
giyim_magazasi,Carmina,5130434843
giyim_magazasi,Kent,5130434844
giyim_magazasi,Moda Larissa,5130434845
giyim_magazasi,Guara,5130434846
giyim_magazasi,Vivianni,5130434847
giyim_magazasi,Fırat Tekstil,5130434848
giyim_magazasi,Balı,5130434849
giyim_magazasi,Dishe,5130434850
giyim_magazasi,Zeynat Baby,5130434851
giyim_magazasi,Paucinni,5130434853
giyim_magazasi,Roberto Moretti,5130434854
giyim_magazasi,Shendel,5161483857
giyim_magazasi,Bey,5222809822
giyim_magazasi,Sport In Street,5234454765
giyim_magazasi,Duffy,5242730191
giyim_magazasi,O Adam Moda,5243945182
giyim_magazasi,Eser,5243945185
giyim_magazasi,Kahire,5243945187
giyim_magazasi,Oya,5243945189
giyim_magazasi,Cloins,5243945191
giyim_magazasi,BTM,5243945199
giyim_magazasi,Setrms,5243945201
giyim_magazasi,Peçe,5243945202
giyim_magazasi,Cengiz Aktürk,5243945206
giyim_magazasi,Civil,5243945208
giyim_magazasi,Tuğba,5243945212
giyim_magazasi,TEk Bik,5243945219
giyim_magazasi,Sema,5243945220
giyim_magazasi,Ghisa,5243949926
giyim_magazasi,Yeni gelin,5243949927
giyim_magazasi,Vizyon,5243949929
giyim_magazasi,Juvenile,5243949930
giyim_magazasi,Alvina,5243949931
giyim_magazasi,Jengiz alturk,5243949932
giyim_magazasi,Armağan,5243949938
giyim_magazasi,Ihya,5243949939
giyim_magazasi,Eşarb & şal,5243949943
giyim_magazasi,Neşe,5243949945
giyim_magazasi,DAYI,5243949947
giyim_magazasi,Ana giyim,5243949948
giyim_magazasi,Serpil,5243949949
giyim_magazasi,YSF,5243949951
giyim_magazasi,Gülçin,5243949956
giyim_magazasi,Gelin,5243949958
giyim_magazasi,Silk home,5243949959
giyim_magazasi,Aydınlı,5243949960
giyim_magazasi,Gelinlik,5243949962
giyim_magazasi,Zeropoint,5243949965
giyim_magazasi,Selka,5243949966
giyim_magazasi,Gonca,5243949968
giyim_magazasi,Accort,5243949969
giyim_magazasi,Jupe,5243949971
giyim_magazasi,Butik ribas,5243950177
giyim_magazasi,Hacıbaba,5243950188
giyim_magazasi,Bedalizza,5243950189
giyim_magazasi,Hacıbelli,5243950200
giyim_magazasi,Sahabe,5243950201
giyim_magazasi,Maximara,5243950204
giyim_magazasi,Salcı,5243950207
giyim_magazasi,Tuba,5243950215
giyim_magazasi,Nuans Moda,5243950724
giyim_magazasi,İkiler,5243950728
giyim_magazasi,Nuristan,5243950732
giyim_magazasi,Reis,5243950736
giyim_magazasi,İnvee,5243950746
giyim_magazasi,Outlet & outlet,5243950749
giyim_magazasi,Elit Butik,5243950755
giyim_magazasi,Rimas,5243950761
giyim_magazasi,Ceylanlar,5243950788
giyim_magazasi,Stael,5243950951
giyim_magazasi,Rana Gelinlik,5243951018
giyim_magazasi,Bursa pazari,5243951355
giyim_magazasi,Esharp,5243951356
giyim_magazasi,Rana butik,5243951357
giyim_magazasi,Pardesü zulfa abaye,5243951358
giyim_magazasi,N.F.C GIYIM,5243951359
giyim_magazasi,Ipekevi,5243951362
giyim_magazasi,Ashkim ich,5243951370
giyim_magazasi,Vizon esharp,5243951371
giyim_magazasi,Yasemin,5243951372
giyim_magazasi,Perchino,5243951374
giyim_magazasi,Sinel arici,5243951379
giyim_magazasi,Odema spor,5243951383
giyim_magazasi,Mutluluk Moda,5243951385
giyim_magazasi,Mina demir Moda evi,5243951386
giyim_magazasi,Morjana,5243951399
giyim_magazasi,Ahenk esharp,5243951414
giyim_magazasi,GEEZER,5243951436
giyim_magazasi,Tugba Moda,5243951521
giyim_magazasi,Fatih charshim,5243951562
giyim_magazasi,Takinti,5243951563
giyim_magazasi,Koseoglu,5243951997
giyim_magazasi,Şefkat gulleri,5243952765
giyim_magazasi,1453,5243953334
giyim_magazasi,Irmak,5243953338
giyim_magazasi,Libas,5243953339
giyim_magazasi,İhvan tesettür,5243953342
giyim_magazasi,Şehzade,5243953347
giyim_magazasi,Mekke Pazarı,5243953350
giyim_magazasi,Fettahoğlu,5243953357
giyim_magazasi,Cuma giyim,5243953358
giyim_magazasi,Esved,5243953362
giyim_magazasi,Özer Aksesuar,5244796132
giyim_magazasi,Luisido,5244796133
giyim_magazasi,Ugurlu Tekstil,5244796139
giyim_magazasi,Aydın Raf,5244796140
giyim_magazasi,Eroğlu Kemer cüzdan çanta,5244796146
giyim_magazasi,Kral Sport,5244796151
giyim_magazasi,Elbiseci Giyim,5244796152
giyim_magazasi,Sarıçiçek nazarlık,5244796157
giyim_magazasi,Süs Dünyası,5244796169
giyim_magazasi,Bebek Evi,5244796178
giyim_magazasi,Gürel Bijuteri Mağaza,5244796189
giyim_magazasi,Tunalı Çorap,5244796202
giyim_magazasi,Buji teks Aksesuar,5244798422
giyim_magazasi,Liman Butik,5244802016
giyim_magazasi,Katrin,5244805704
giyim_magazasi,Moda Bellisima,5244805706
giyim_magazasi,NBB Lingerie,5244805707
giyim_magazasi,Sivana Fashion,5244805708
giyim_magazasi,Wom Fasion,5244805711
giyim_magazasi,Özteks Collection,5244805712
giyim_magazasi,Menekse Tekstil,5244805713
giyim_magazasi,Gökşen Triko and Penye,5244805714
giyim_magazasi,Poti Mora,5244805720
giyim_magazasi,Bengi Triko,5244805823
giyim_magazasi,Miss Beyza,5244805824
giyim_magazasi,Öz Aycan,5244805825
giyim_magazasi,Arabul Triko Penye,5244805826
giyim_magazasi,P.N.R Collection,5244805827
giyim_magazasi,Yaşar Tekstil,5244805828
giyim_magazasi,Sezici Giyim Etek,5244805829
giyim_magazasi,Gül Beria Giyım,5244805830
giyim_magazasi,NİHLE GİYİM,5244805831
giyim_magazasi,Kurt İş Hanı,5244805832
giyim_magazasi,Miss Alize,5244805833
giyim_magazasi,Öz İklim Collection,5244805835
giyim_magazasi,Mersa Triko,5244805836
giyim_magazasi,Armony,5244805837
giyim_magazasi,KARALAR TRİKO,5244805838
giyim_magazasi,Uyum Triko,5244805839
giyim_magazasi,Textile Ekoss,5244805840
giyim_magazasi,Sevgi Triko,5244805841
giyim_magazasi,Zeyno Etek,5244805842
giyim_magazasi,HESNA COLLECTION,5244805844
giyim_magazasi,Ferzin Giyim,5244805846
giyim_magazasi,Moda Perfect,5244805847
giyim_magazasi,Telvin,5244805848
giyim_magazasi,Lisse,5244805849
giyim_magazasi,Dimaz,5244805850
giyim_magazasi,Ege Triko,5244805851
giyim_magazasi,Doğa Triko,5244805852
giyim_magazasi,Hacılar Miss Hürrem,5244805853
giyim_magazasi,Miss Yağmur Giyim,5244805854
giyim_magazasi,Tiken Giyim,5244805855
giyim_magazasi,Elegance Fam,5244805856
giyim_magazasi,Mis Mira,5244805857
giyim_magazasi,Kesire,5244805860
giyim_magazasi,Moda Feyza,5244805861
giyim_magazasi,Pıta,5244805862
giyim_magazasi,Hsr,5244805864
giyim_magazasi,Çocuk Dünyası,5244805865
giyim_magazasi,Tripen Model,5244805866
giyim_magazasi,Cash Moda,5244805867
giyim_magazasi,Karasoy,5244805868
giyim_magazasi,Beyda,5244805869
giyim_magazasi,Orsun Triko,5244805870
giyim_magazasi,Ma and Gi Fetih Triko,5244805871
giyim_magazasi,Destan Tekstil,5244805875
giyim_magazasi,Prens Leather,5244806786
giyim_magazasi,By İcon,5244806798
giyim_magazasi,Carina,5244807388
giyim_magazasi,Md Gala,5244807411
giyim_magazasi,As Mode,5244807413
giyim_magazasi,Karaca Collection,5244807415
giyim_magazasi,Yasar Triko,5244807416
giyim_magazasi,Onurel İç Giyim,5244807417
giyim_magazasi,My Miranda,5244807418
giyim_magazasi,Simge Çorap,5244807419
giyim_magazasi,Gel Lingerie,5244807420
giyim_magazasi,Zagarra,5244807852
giyim_magazasi,Tudors,5244807893
giyim_magazasi,Baykar Tekstil,5244807921
giyim_magazasi,Işıklar Etek,5244807924
giyim_magazasi,Halis Giyim,5244807925
giyim_magazasi,Cottonhıll,5244807926
giyim_magazasi,Öksüzler,5244807929
giyim_magazasi,Baha Tekstil,5244807930
giyim_magazasi,Angels Story,5244807931
giyim_magazasi,Ulaş Deri,5244807949
giyim_magazasi,Lamoda Collectıon,5244807952
giyim_magazasi,Saint Fur and Leather,5244807953
giyim_magazasi,Marco Shain Leather,5244807966
giyim_magazasi,Rıv,5244809860
giyim_magazasi,Ceyil Deri Mont,5244809873
giyim_magazasi,Cansucan Bebe,5244809885
giyim_magazasi,Bebek İstanbul,5244810312
giyim_magazasi,Anayıldız,5244810594
giyim_magazasi,Külüp Triko,5244810595
giyim_magazasi,Buffy,5244810596
giyim_magazasi,Harput,5244810597
giyim_magazasi,Miss Liwa,5244810598
giyim_magazasi,Wiens Kids,5244810599
giyim_magazasi,Lavetto,5244810600
giyim_magazasi,Sera Triko,5244810602
giyim_magazasi,Polin Kids,5244810603
giyim_magazasi,Adasea,5244810604
giyim_magazasi,Emiley,5244810605
giyim_magazasi,Misslina New Collection,5244810606
giyim_magazasi,Sami Konfeksiyon,5244810607
giyim_magazasi,White Angel,5244810608
giyim_magazasi,Ken Club,5244810609
giyim_magazasi,Suitmen,5244810610
giyim_magazasi,Zaru K Kids,5244810611
giyim_magazasi,Özek Collection,5244810612
giyim_magazasi,İhvan Deri,5244810622
giyim_magazasi,Özgür Fermuar,5244810630
giyim_magazasi,Alisa Kids,5244810651
giyim_magazasi,Ela Suni Deri,5244810658
giyim_magazasi,Rabel kravat,5244811428
giyim_magazasi,Conati Gomlek,5244811429
giyim_magazasi,Halil Giyim,5244811432
giyim_magazasi,Kadirhan Şapka,5244811433
giyim_magazasi,Edmonds,5244811434
giyim_magazasi,Pepo Şapka,5244811435
giyim_magazasi,Akabey,5244811436
giyim_magazasi,Tabbara Textiles,5244811438
giyim_magazasi,Beyems,5244811439
giyim_magazasi,Zayfa,5244811440
giyim_magazasi,Akyüz Spor,5244811441
giyim_magazasi,Hüroğlu Tekstil,5244811442
giyim_magazasi,Dikmen Gömlekleri,5244811443
giyim_magazasi,Kitti Suyitti,5244811444
giyim_magazasi,Kevser Eşarplari,5244811445
giyim_magazasi,Chavelle,5244811447
giyim_magazasi,Cenk Mağaza,5244811448
giyim_magazasi,Yusufoglu Tekstil,5244811449
giyim_magazasi,Fidan Tekstil,5244811450
giyim_magazasi,Burak Sünnet Giyim,5244811454
giyim_magazasi,Plaza Gömlek,5244811456
giyim_magazasi,Bondy,5244811457
giyim_magazasi,Has Abiye,5244811458
giyim_magazasi,Karlinax İç Giyim,5244811459
giyim_magazasi,Bebekhatt,5244811460
giyim_magazasi,eminönü bebe alış veriş merkezi,5244811461
giyim_magazasi,Şahinler İç Giyim,5244811462
giyim_magazasi,Beyza Tekstil,5244811463
giyim_magazasi,Gökhan Giyim,5244811464
giyim_magazasi,Gürsoy,5244811467
giyim_magazasi,Kavim,5244811468
giyim_magazasi,Gülsal,5244811469
giyim_magazasi,FSM 1453,5244811470
giyim_magazasi,Italia Collection,5244811477
giyim_magazasi,Hardmens,5244811482
giyim_magazasi,Salcı Tekstil,5244811483
giyim_magazasi,Old Cotton,5244811485
giyim_magazasi,Sancakdar Tekstil,5244812098
giyim_magazasi,Şahin Wares,5244812118
giyim_magazasi,Şara,5255962248
giyim_magazasi,Guess,5274052770
giyim_magazasi,Vakko,5274052777
giyim_magazasi,Paco Moda,5282199622
giyim_magazasi,Yeşiltepe,5284636286
giyim_magazasi,Jakamen,5284636317
giyim_magazasi,COS,5284690880
giyim_magazasi,Gürün Export,5286468980
giyim_magazasi,Patixca,5291873134
giyim_magazasi,Acar,5291873137
giyim_magazasi,Majeste,5291970778
giyim_magazasi,Ravmen,5291970796
giyim_magazasi,Fourty Four JNS,5291970813
giyim_magazasi,VİP Giyim Sanayi ve Ticaret A.Ş,5292700101
giyim_magazasi,Darıca Collezıone,5294017541
giyim_magazasi,miraç giyim,5294090622
giyim_magazasi,AKAR GİYİM KALİTE!,5294090637
giyim_magazasi,İhsan Giyim,5294120099
giyim_magazasi,Zeyrek,5295857906
giyim_magazasi,Semira Pardesu,5295861937
giyim_magazasi,Armağan Giyim,5295861938
giyim_magazasi,Pilot,5295861941
giyim_magazasi,İstanbul spor giyim,5296448361
giyim_magazasi,Eroğlu Giyim,5296448368
giyim_magazasi,Naz Giyim,5296448369
giyim_magazasi,Meyra Giyim,5296534756
giyim_magazasi,Nisa Giyim,5296534784
giyim_magazasi,Hilal Giyim,5296542681
giyim_magazasi,Can Butik,5297414230
giyim_magazasi,Butik Giyim,5297414450
giyim_magazasi,Moda Suğra,5297777430
giyim_magazasi,Podyum,5297777433
giyim_magazasi,Gelinlik Moda Evi,5297777446
giyim_magazasi,Moda Miray,5297777486
giyim_magazasi,Arma Life,5297777824
giyim_magazasi,Elif,5297777825
giyim_magazasi,mavi,5298509527
giyim_magazasi,Yaşmak Bayan Giyim,5302505205
giyim_magazasi,BSB,5302549229
giyim_magazasi,Creme Tekstil,5303716782
giyim_magazasi,Bloo Butik,5310780816
giyim_magazasi,YKM,5317775530
giyim_magazasi,Fasıla İç Giyim,5329298026
giyim_magazasi,Rüya İç Giyim,5329298465
giyim_magazasi,Giyim Dünyası,5329310981
giyim_magazasi,Barbaros Butik Tuhafiye,5329311016
giyim_magazasi,Çamlık Gençlik,5329311672
giyim_magazasi,Miray Bayan Ve Çocuk Giyim,5329311677
giyim_magazasi,Umut Tuhafiye,5329311682
giyim_magazasi,Genç Stil Giyim,5329311693
giyim_magazasi,Elit İç Giyim,5329311715
giyim_magazasi,Azra Giyim,5329319385
giyim_magazasi,Nilùfer Giyim,5329319392
giyim_magazasi,Emek,5329319395
giyim_magazasi,kalid,5329319400
giyim_magazasi,sevkar giyim,5329319420
giyim_magazasi,Ecem nalbur,5329319549
giyim_magazasi,Bosna Giyim,5329319595
giyim_magazasi,Paradise Giyim,5329320571
giyim_magazasi,Butik hare,5329335334
giyim_magazasi,Tuğba iç giyim,5329335341
giyim_magazasi,Shabab style,5329335361
giyim_magazasi,KGS,5329335364
giyim_magazasi,Milano VII,5329335367
giyim_magazasi,My clap collection,5329335390
giyim_magazasi,Mgnextra,5329335401
giyim_magazasi,Givil outlet,5329335409
giyim_magazasi,Ankara perde ve çeyiz,5329335411
giyim_magazasi,Söz Nur tesettür giyim,5329335417
giyim_magazasi,Bülbül çanta,5329335420
giyim_magazasi,Gold nokta,5329335952
giyim_magazasi,Butik C,5329335954
giyim_magazasi,Emine çeyiz,5329335971
giyim_magazasi,Sultan çocuk dunyas,5329335982
giyim_magazasi,Masaya,5329335987
giyim_magazasi,Sila perde dikim evi,5329335990
giyim_magazasi,Düğüncü,5329335994
giyim_magazasi,Vizyon çanta . kemer,5329336007
giyim_magazasi,Milano VIII mean wear,5329336013
giyim_magazasi,İkra,5329336526
giyim_magazasi,Butik inci,5329336528
giyim_magazasi,Poyraz,5329336532
giyim_magazasi,Fantazi kumaş pazarı,5329336536
giyim_magazasi,Derya giyim,5329336554
giyim_magazasi,Camp,5329336562
giyim_magazasi,Zaza coll,5329336579
giyim_magazasi,Omea,5329336583
giyim_magazasi,Gülmedine,5329336593
giyim_magazasi,Kot sarayı,5329336602
giyim_magazasi,Casting Jeans,5329336605
giyim_magazasi,Rabia eşarb ve çanta,5329336606
giyim_magazasi,TSM Giyim,5329336609
giyim_magazasi,Kozlu Genç,5329336616
giyim_magazasi,Hadise,5329336922
giyim_magazasi,Zemzem giyim,5329336926
giyim_magazasi,Terzi,5329336932
giyim_magazasi,Alsabouni giyim,5329336933
giyim_magazasi,Demir eşarp çanta,5329336936
giyim_magazasi,Star giyim,5329336944
giyim_magazasi,Ferace dünyasi,5329336947
giyim_magazasi,Cimcime giyim,5329336949
giyim_magazasi,Haki giyim,5329336953
giyim_magazasi,Haci anne,5329336956
giyim_magazasi,Esma giyim,5329336959
giyim_magazasi,Zamzam giyim,5329336964
giyim_magazasi,Fashion akbas,5329336966
giyim_magazasi,Java gençlik giyim,5329336981
giyim_magazasi,Gülistan hac malzemeleri,5329336986
giyim_magazasi,Mor mavi,5329336988
giyim_magazasi,Rodrigo jeans,5329336999
giyim_magazasi,Fashion square,5329337004
giyim_magazasi,Ebrar tesettür giyim,5329337427
giyim_magazasi,Eşarp home,5329337443
giyim_magazasi,Merkez kotcu,5329337461
giyim_magazasi,Ceyfu baby clothing,5329337466
giyim_magazasi,Alaa giyim,5329337474
giyim_magazasi,Ali Boran,5329337489
giyim_magazasi,İlhanlar giyim büyük beden,5329337501
giyim_magazasi,MT lostra,5329337511
giyim_magazasi,Rüzgar,5329337514
giyim_magazasi,Pınar,5329337929
giyim_magazasi,Reyhan AVM,5329337935
giyim_magazasi,Hira tesettür,5329337938
giyim_magazasi,Şehirli giyim kozmatik,5329337944
giyim_magazasi,Nar-ı Beyza,5329337952
giyim_magazasi,Sabaya giyim,5329337972
giyim_magazasi,TS clup,5329337987
giyim_magazasi,Leonita sultanbeyli mağazası,5329338000
giyim_magazasi,Tesettür yeri,5329338002
giyim_magazasi,Şirinler çocuk,5329338012
giyim_magazasi,Atlas wedding,5329338124
giyim_magazasi,Moda eylül,5329338140
giyim_magazasi,Uğur,5329338141
giyim_magazasi,Alaşram kadin giyim,5329338147
giyim_magazasi,Kot dünyasi,5329338150
giyim_magazasi,Sanat perde ve tasarim,5329338163
giyim_magazasi,Güven giyim,5329338166
giyim_magazasi,Elif tuhafiye,5329338168
giyim_magazasi,Takı dünyası,5329338172
giyim_magazasi,Nasipse,5344919543
giyim_magazasi,ayazcollesion,5344919618
giyim_magazasi,nevresim,5344921531
giyim_magazasi,Hummel,5466133908
giyim_magazasi,Bambaska iç giyim,5481073725
giyim_magazasi,Nu,5482050821
giyim_magazasi,Juicy Couture,5482050822
giyim_magazasi,Under Armour,5482094521
giyim_magazasi,Acar Tekstil,5482100785
giyim_magazasi,Joker Baby,5482109421
giyim_magazasi,Burberry,5484078423
giyim_magazasi,Massimo Dutti,5484095421
giyim_magazasi,Gizia Gate,5484560921
giyim_magazasi,Ipekyoe,5484561021
giyim_magazasi,Esma,5542882967
giyim_magazasi,Nassem,5542882977
giyim_magazasi,Yeni sezon,5542882982
giyim_magazasi,Faral,5542882988
giyim_magazasi,Sevgi Giyim,5542882990
giyim_magazasi,zile basın,5542883128
giyim_magazasi,Demircioğlu,5542883133
giyim_magazasi,Papatya,5542883147
giyim_magazasi,kiyafet dukanı,5542883192
giyim_magazasi,Soner Giyim,5542883201
giyim_magazasi,Tuhafiye,5542883211
giyim_magazasi,Botik elbise,5542883344
giyim_magazasi,Moda nil,5542883380
giyim_magazasi,NBB,5542883391
giyim_magazasi,Yaka,5542883401
giyim_magazasi,Rabia,5542883415
giyim_magazasi,Lapa,5542883547
giyim_magazasi,Mooa hürrem,5542883561
giyim_magazasi,Elif bayan kuaförü,5542883572
giyim_magazasi,lila mor,5542883575
giyim_magazasi,Menikoğlu kundura,5542883593
giyim_magazasi,Turgud,5542883607
giyim_magazasi,Gökçe giyim,5542883620
giyim_magazasi,Esma kumas,5542883649
giyim_magazasi,Çocukca giyim,5542883652
giyim_magazasi,Akape örtü,5542883663
giyim_magazasi,Tadi,5542883673
giyim_magazasi,Elvan çocuk Gimim,5542883679
giyim_magazasi,Hasret,5542883717
giyim_magazasi,Belpenargiyim,5542883736
giyim_magazasi,Eşarp& Şal,5542883750
giyim_magazasi,Kaneviçe moda,5542883759
giyim_magazasi,Naz Tekstil,5542883763
giyim_magazasi,Pasha,5542883771
giyim_magazasi,Mazman giyim,5542884537
giyim_magazasi,İLAYDA,5542884545
giyim_magazasi,Berat,5542884567
giyim_magazasi,Yonca,5542884612
giyim_magazasi,Yuksel,5542886389
giyim_magazasi,İmam oğlu,5542887031
giyim_magazasi,Gelinik arev nişanlik,5542887091
giyim_magazasi,Mor Mavi,5542887095
giyim_magazasi,Cadde gençlik,5542887097
giyim_magazasi,Güneysu giyim,5542887334
giyim_magazasi,Demeir Döküm,5542887341
giyim_magazasi,Bollspor,5542887345
giyim_magazasi,Sultanbeyli Clup,5542887384
giyim_magazasi,The marka,5542887397
giyim_magazasi,Nisa giyim,5542887398
giyim_magazasi,Ufuk,5542887675
giyim_magazasi,Deniz Gelinlik,5542887676
giyim_magazasi,Fm triko dizayn,5542887696
giyim_magazasi,Özdilek,5542887698
giyim_magazasi,XXL size large,5542887946
giyim_magazasi,Feyzanur,5542887953
giyim_magazasi,Hür moda,5542887966
giyim_magazasi,Nisa tekstil,5542887968
giyim_magazasi,Giyim Tuhafiyi,5542887973
giyim_magazasi,Emir tül & perde,5542887996
giyim_magazasi,Bayraktar,5542888010
giyim_magazasi,Derya geljnljk,5542888923
giyim_magazasi,Pektaş,5542888952
giyim_magazasi,Ravzagül,5542888963
giyim_magazasi,Çeyiz dünyası,5542888966
giyim_magazasi,Ravza,5542889002
giyim_magazasi,Şahin,5542889009
giyim_magazasi,Adrna,5542889013
giyim_magazasi,Damla,5542889132
giyim_magazasi,Erdoganlar giyim,5542889135
giyim_magazasi,Şah-ı sultan,5542889139
giyim_magazasi,Duygu aç taksitle,5542889141
giyim_magazasi,Yuhafiye,5542889146
giyim_magazasi,Gelinilk nişanlık,5542889149
giyim_magazasi,Öz giyim tuhafıye,5542889188
giyim_magazasi,Gelinilk,5542889192
giyim_magazasi,Göksu,5542889196
giyim_magazasi,Gökçe,5542889199
giyim_magazasi,Alâ moda,5542890243
giyim_magazasi,Kardelen,5542890245
giyim_magazasi,Zehra kumaş,5542890272
giyim_magazasi,Şu &Ra tuhafiye,5542890312
giyim_magazasi,Baldan ticaret,5542891138
giyim_magazasi,Kiliç giyìm,5542891145
giyim_magazasi,Yıldız Giyim,5542891168
giyim_magazasi,Elit çeyiz,5542891170
giyim_magazasi,Avrupa pazarı,5542891184
giyim_magazasi,Ayça,5542891193
giyim_magazasi,Soner,5542891421
giyim_magazasi,Kartal Yuvası,5558958201
giyim_magazasi,Puma,5558958205
giyim_magazasi,A Hidden Bee,5599608789
giyim_magazasi,House of SuperStep,5665712323
giyim_magazasi,D’S Damat,5665712324
giyim_magazasi,Mete,5665742721
giyim_magazasi,Benny,5666215765
giyim_magazasi,STAR SEREN,5666801886
giyim_magazasi,Onay Çorap,5667618156
giyim_magazasi,Mihrap Tesettür,5667619240
giyim_magazasi,Teksture Çorap,5667619242
giyim_magazasi,Watto,5667634425
giyim_magazasi,Elbise mağazaları,5667634426
giyim_magazasi,Air Plus Clothing,5667634427
giyim_magazasi,Melek Moda,5667634428
giyim_magazasi,Rotatex Clothing,5667634432
giyim_magazasi,Kaybeyn,5667634435
giyim_magazasi,Red Daisy,5667634436
giyim_magazasi,Tommy Life Sports Wear,5667634438
giyim_magazasi,Ahmed Fares Aksesuar tekstil ve bijuteri malzeme,5667634439
giyim_magazasi,BBZ Omar,5667634440
giyim_magazasi,Twenty seven,5667634445
giyim_magazasi,Akay Outlet,5667634447
giyim_magazasi,Ateşcan kids club,5667634448
giyim_magazasi,P.S Polo speed,5667634455
giyim_magazasi,Azad kids wear,5667634456
giyim_magazasi,Haswam clothes,5667634457
giyim_magazasi,Adriano Clothing,5667634465
giyim_magazasi,Rozan,5667634466
giyim_magazasi,Aksu TEKSTİL,5667634468
giyim_magazasi,TŞK sport,5667634473
giyim_magazasi,Bangor,5667634480
giyim_magazasi,Romedy,5667634491
giyim_magazasi,New Prize,5667634497
giyim_magazasi,Panchos,5667634500
giyim_magazasi,TSN kids Club,5667634505
giyim_magazasi,Mini Pırpır Kids,5667634506
giyim_magazasi,Dona Zana,5667634513
giyim_magazasi,Jxspor,5667636231
giyim_magazasi,oğuz collection,5667636232
giyim_magazasi,Toontoy kids wear,5667636233
giyim_magazasi,Livana Collection,5667636242
giyim_magazasi,X-Hall,5667636252
giyim_magazasi,Minnosh kids clothes,5667636254
giyim_magazasi,ÖZKÖK İŞ ELBİSELERİ,5667636255
giyim_magazasi,Nikola,5667636260
giyim_magazasi,Fantastico boutique,5667636262
giyim_magazasi,Eren collection,5667636266
giyim_magazasi,Deed sports wear,5667636271
giyim_magazasi,IQ Basics Clothing,5667636282
giyim_magazasi,F-SO sports clothing,5667636284
giyim_magazasi,Minnel boutique,5667636293
giyim_magazasi,İnci Aksesuar,5667636300
giyim_magazasi,by temo life,5667636307
giyim_magazasi,RC Star Clothing,5667636316
giyim_magazasi,Genco kids club,5667636320
giyim_magazasi,Pink,5667637422
giyim_magazasi,Azra Women fashion,5667637426
giyim_magazasi,Tasarım,5667637429
giyim_magazasi,Luggi Baby Clothes,5667637431
giyim_magazasi,Mer&Di Collection Women Clothes,5667637432
giyim_magazasi,Rosando sport,5667637433
giyim_magazasi,Golf life sports clothing,5667637441
giyim_magazasi,Waxmen,5667637450
giyim_magazasi,Elbise Mağazaları,5667637453
giyim_magazasi,Bahamas Clothing,5667637454
giyim_magazasi,Osse takım elbise,5667637458
giyim_magazasi,Sweet looks kids,5667637460
giyim_magazasi,Dragon Clothing,5667637462
giyim_magazasi,Manolya,5667637466
giyim_magazasi,Elimar Toptan Elbise Suriye/Avrupa Kargo,5667637471
giyim_magazasi,T-Ring Sports Wear,5667637473
giyim_magazasi,aziza,5667637475
giyim_magazasi,Bionda Moda sports Wear,5667637483
giyim_magazasi,Aber butik,5667637484
giyim_magazasi,Notion,5667637495
giyim_magazasi,Önteks,5667637498
giyim_magazasi,Mega Life,5667637504
giyim_magazasi,CLN,5667637505
giyim_magazasi,Tommy Parker,5667637510
giyim_magazasi,Frida M.H.Y,5667637511
giyim_magazasi,Sımarık,5667637518
giyim_magazasi,Çiggo Kids,5667638728
giyim_magazasi,La Roza,5667638732
giyim_magazasi,Escante,5667638735
giyim_magazasi,Seven Life,5667638736
giyim_magazasi,Sterna Collection,5667638739
giyim_magazasi,UNDER,5667638741
giyim_magazasi,Decoy,5667638749
giyim_magazasi,Magic,5667638758
giyim_magazasi,For You,5667638761
giyim_magazasi,Ranchos,5667638763
giyim_magazasi,Higlander,5667638769
giyim_magazasi,Clartex,5667638773
giyim_magazasi,Linnet,5667638777
giyim_magazasi,hazeyn,5667638790
giyim_magazasi,Lonely,5667638797
giyim_magazasi,Showchick,5667638799
giyim_magazasi,Red way,5667638802
giyim_magazasi,Emnon,5667638803
giyim_magazasi,Bacanak Tekstil Çocuk Giyim,5667638806
giyim_magazasi,Arikan Düğme,5667638808
giyim_magazasi,Serüven Kids Clothes,5667638809
giyim_magazasi,Eral Tekstil,5667638810
giyim_magazasi,Yamanlar tekstil,5667638820
giyim_magazasi,Ihvan aksesuar dünyası,5667640021
giyim_magazasi,Pachie,5667640026
giyim_magazasi,Big Lost Clothing,5667640027
giyim_magazasi,Golf Star,5667640028
giyim_magazasi,start now,5667640029
giyim_magazasi,Metallic,5667640036
giyim_magazasi,Miss 34 street b boutique,5667640050
giyim_magazasi,mistina toptan iç giyim,5667640052
giyim_magazasi,Miss Crazy,5667640062
giyim_magazasi,Bagira,5667640063
giyim_magazasi,Hayfe Tex,5667640064
giyim_magazasi,Mediloş Kids Clothes,5667640074
giyim_magazasi,Şurup kids club,5667640079
giyim_magazasi,Spot 33,5667640085
giyim_magazasi,Big Claw,5667640089
giyim_magazasi,ALG life kids wear,5667640093
giyim_magazasi,Big bang,5667640099
giyim_magazasi,Pınar Aksesuar,5667640109
giyim_magazasi,Julie,5667640110
giyim_magazasi,FORS,5667640115
giyim_magazasi,Okcana,5667640117
giyim_magazasi,Blue life,5667640119
giyim_magazasi,Red Down,5667640120
giyim_magazasi,On off Fashion,5667640735
giyim_magazasi,Nedro Goes,5667640737
giyim_magazasi,Start Wax,5667640747
giyim_magazasi,graxy,5667640748
giyim_magazasi,Starz,5667640754
giyim_magazasi,MUKA,5667640755
giyim_magazasi,Fatih yace,5667640768
giyim_magazasi,Yessida,5667640776
giyim_magazasi,steel way,5667640778
giyim_magazasi,Elena,5667640804
giyim_magazasi,Ecrin,5667640817
giyim_magazasi,Öztürk Örme,5667640820
giyim_magazasi,Kesim oğlu,5667641537
giyim_magazasi,Roza tekstil,5667641557
giyim_magazasi,Uppi kids,5667641564
giyim_magazasi,Moda love,5667641601
giyim_magazasi,Vitamin bebe,5667641602
giyim_magazasi,Speed men,5667641608
giyim_magazasi,Algan Tekstil,5667642023
giyim_magazasi,Moday,5667642036
giyim_magazasi,Başarı iplik ve kumaşçılık,5667642039
giyim_magazasi,Rinda collection,5667642044
giyim_magazasi,Özilhanlar,5667642046
giyim_magazasi,Stil moda,5667642076
giyim_magazasi,Mizikci kids,5667642944
giyim_magazasi,SARMEN,5667642964
giyim_magazasi,Divon,5667642987
giyim_magazasi,Virage Clothing,5667642988
giyim_magazasi,Effect kids Clothes,5667642990
giyim_magazasi,Fiyaka,5667642992
giyim_magazasi,Güven aksesuar,5667642997
giyim_magazasi,Elif çavuş butik,5667642998
giyim_magazasi,OLC SuvarBaby clothes,5667643000
giyim_magazasi,Tomy Classic,5667643007
giyim_magazasi,Gamze aksesuar,5667643014
giyim_magazasi,ARMAĞAN,5667655637
giyim_magazasi,Reebok,5667655644
giyim_magazasi,Baraka,5667655653
giyim_magazasi,Bulvaruim,5667655659
giyim_magazasi,Denk Deri,5667655660
giyim_magazasi,Emelda,5667655692
giyim_magazasi,Sahin,5667655715
giyim_magazasi,Sans,5667657025
giyim_magazasi,Bayan Giyim,5667657028
giyim_magazasi,MyS Fashion,5667657034
giyim_magazasi,Mola,5667657036
giyim_magazasi,Dms kurk,5667657042
giyim_magazasi,Yagmur,5667657043
giyim_magazasi,Camasir,5667657054
giyim_magazasi,Este,5667657060
giyim_magazasi,Sus,5667657065
giyim_magazasi,Demax fur,5667657084
giyim_magazasi,Mds,5667657091
giyim_magazasi,Panterrez,5667657107
giyim_magazasi,Emayo,5667657109
giyim_magazasi,Moda stile,5667657722
giyim_magazasi,Gratis,5667657735
giyim_magazasi,Promostyl Leather and Fur,5667657738
giyim_magazasi,Baraccoda,5667657751
giyim_magazasi,Roballi,5667657784
giyim_magazasi,Revani,5667657791
giyim_magazasi,Aksu,5667657809
giyim_magazasi,Ulusoy,5667658226
giyim_magazasi,tüzüner giyim,5667658236
giyim_magazasi,Tesettür giyim,5667658237
giyim_magazasi,Bosh fashion,5667658268
giyim_magazasi,Curgay,5667658303
giyim_magazasi,tülay bayan kuaförü,5667658467
giyim_magazasi,Rubis,5667658472
giyim_magazasi,Ferrela,5667658480
giyim_magazasi,Via Italia,5667658489
giyim_magazasi,GR,5667659238
giyim_magazasi,takı tasarım,5667659262
giyim_magazasi,Tusem Çocuk Giyim ve Iç Çamaşırı,5667659281
giyim_magazasi,Dubai,5667659303
giyim_magazasi,Mobay,5667659308
giyim_magazasi,Vitrin,5667659637
giyim_magazasi,lotto home,5667659679
giyim_magazasi,Moda,5667659707
giyim_magazasi,Tarz Club,5667659719
giyim_magazasi,Estimo,5667660239
giyim_magazasi,Barca,5667660255
giyim_magazasi,Taç elbise,5667660279
giyim_magazasi,Akan deri ve tekstil,5667660831
giyim_magazasi,Gilberti,5667660835
giyim_magazasi,White,5667660839
giyim_magazasi,Kırcılar leather and fur,5667660847
giyim_magazasi,Nokta Jeans,5667660872
giyim_magazasi,Sanatana,5667660882
giyim_magazasi,Antonyo,5667660911
giyim_magazasi,Theo,5667661147
giyim_magazasi,Gozde,5667661156
giyim_magazasi,Mutlu,5667661167
giyim_magazasi,EROĞLU,5667661171
giyim_magazasi,Noble,5667661172
giyim_magazasi,Tft,5667661173
giyim_magazasi,Curcuna,5667661175
giyim_magazasi,Getto,5667661181
giyim_magazasi,Lara,5667661199
giyim_magazasi,Marrakech,5667661202
giyim_magazasi,Dem Fur,5667661205
giyim_magazasi,Red Fox,5667661216
giyim_magazasi,Oniki 23,5667661217
giyim_magazasi,Fursan,5667661337
giyim_magazasi,Elibol leather and fur,5667661342
giyim_magazasi,Çiçek tekstil,5667661353
giyim_magazasi,Teknur Outlet,5667661368
giyim_magazasi,VIRA,5667661378
giyim_magazasi,Bahçivan,5667661395
giyim_magazasi,Yildiz,5667661397
giyim_magazasi,Butik Abla,5667661403
giyim_magazasi,Manolya outlet,5667661724
giyim_magazasi,HUWWA,5667661730
giyim_magazasi,Çıtı Pıtı,5667661731
giyim_magazasi,Kürksan,5667661738
giyim_magazasi,Levinson fur and leathet,5667661754
giyim_magazasi,Beşiktaş,5667661755
giyim_magazasi,Özdemir,5667661759
giyim_magazasi,Şafir,5667661761
giyim_magazasi,Prizma,5667661767
giyim_magazasi,Punto fur and leather,5667661777
giyim_magazasi,CANVES,5667661784
giyim_magazasi,Jury,5667661791
giyim_magazasi,Moda Stil,5667661792
giyim_magazasi,TAKBEN,5667661807
giyim_magazasi,VISETE,5667661811
giyim_magazasi,Pas,5667661820
giyim_magazasi,MAREDO,5667662121
giyim_magazasi,Tuğba outlet,5667662130
giyim_magazasi,Midil Fur,5667662135
giyim_magazasi,Boyner Outlet,5667662143
giyim_magazasi,Breeze,5667662154
giyim_magazasi,AR DEM,5667662165
giyim_magazasi,Armağan outlet,5667662166
giyim_magazasi,Men Work,5667662198
giyim_magazasi,KEYİILLY,5667662199
giyim_magazasi,ESCADE,5667662203
giyim_magazasi,FINUR,5667662623
giyim_magazasi,GUSTO FUR,5667662625
giyim_magazasi,DIO,5667662631
giyim_magazasi,Genç Clup,5667662638
giyim_magazasi,Derya,5667662640
giyim_magazasi,BERRAK,5667662646
giyim_magazasi,STEEL,5667662648
giyim_magazasi,Moda Evim,5667662651
giyim_magazasi,Fur Life,5667662652
giyim_magazasi,Bal deri,5667662668
giyim_magazasi,Janti,5667662674
giyim_magazasi,Asmora,5667668972
giyim_magazasi,Arıcan,5667668992
giyim_magazasi,Aşık,5667669934
giyim_magazasi,Miniço,5667670094
giyim_magazasi,Aze giyim,5667672283
giyim_magazasi,Teciroğlu giym,5667672296
giyim_magazasi,Can giyim pazarı,5667672317
giyim_magazasi,Sinan Eşarp,5667672318
giyim_magazasi,Gülen iç giyim,5667672659
giyim_magazasi,Rıza Çocuk Giyim,5667672700
giyim_magazasi,Meral,5667673322
giyim_magazasi,Sım gelinlik,5667673414
giyim_magazasi,ALTINDAĞ GİYİM,5667673432
giyim_magazasi,Catch,5667673453
giyim_magazasi,Altın Yıldız,5667673476
giyim_magazasi,CNG 12 giym,5667673499
giyim_magazasi,Kardelen gelenlik,5667673501
giyim_magazasi,Konsept Tekstil,5667673515
giyim_magazasi,Kuşan,5667673518
giyim_magazasi,Doğun Elbise,5667673528
giyim_magazasi,Kardeşler,5667673530
giyim_magazasi,Melih Club Giyim,5667673551
giyim_magazasi,Zeynep,5667673573
giyim_magazasi,Almadies giyim,5667673577
giyim_magazasi,Çınar giyim,5667673582
giyim_magazasi,Murat,5667673583
giyim_magazasi,Cihan,5667673586
giyim_magazasi,Dilara,5667673616
giyim_magazasi,Erdemler Giyim,5667673936
giyim_magazasi,Merve Giyim,5667673945
giyim_magazasi,Miss Moda,5667673952
giyim_magazasi,İkbal,5667673970
giyim_magazasi,Kordelem,5667673998
giyim_magazasi,ŞAHİN MODA,5667674013
giyim_magazasi,HİRA MODA,5667674457
giyim_magazasi,Albina,5667674507
giyim_magazasi,Valentine,5667674940
giyim_magazasi,Seven Üniforma,5667674948
giyim_magazasi,Lost,5667674984
giyim_magazasi,Emerhan Giyim,5667674994
giyim_magazasi,Işık Giyim,5667675025
giyim_magazasi,Tuana Giyim,5667684448
giyim_magazasi,Özkarahan,5667684458
giyim_magazasi,Roys,5667684460
giyim_magazasi,Marka İç Giyim,5667684470
giyim_magazasi,Mix,5667684472
giyim_magazasi,Royce,5667684475
giyim_magazasi,Demor Valiz,5667684492
giyim_magazasi,Moda Giyim,5667686337
giyim_magazasi,Deniz Butik,5667686350
giyim_magazasi,Kübüş Çocuk Modası 0-16 Yaş,5667686352
giyim_magazasi,Yazıcı tuhafiye,5667686386
giyim_magazasi,Stimor,5667686419
giyim_magazasi,Ersan giyim,5667687523
giyim_magazasi,Popyonn Erkek Spor Giyim Mağazası,5667687549
giyim_magazasi,Büsra Giyim,5667687553
giyim_magazasi,Alsatu eşarp,5667687576
giyim_magazasi,Dufy,5667687606
giyim_magazasi,Inzzio,5667688629
giyim_magazasi,Lateks,5667688651
giyim_magazasi,Sayil corap,5667688659
giyim_magazasi,Albesa,5667688698
giyim_magazasi,Hazır giyim,5667688710
giyim_magazasi,Lalenur giyim çamaşırı,5667688714
giyim_magazasi,Fabrika Satış Mağazası,5667689765
giyim_magazasi,Outlet Seri Sonu,5667691044
giyim_magazasi,Şahinler Sena İç Giyim & Çeyiz,5667691068
giyim_magazasi,Erdem İc Giyim,5667691077
giyim_magazasi,Breeze Boys & Girls,5667691111
giyim_magazasi,Army Kozmetik Bijuteri,5667692647
giyim_magazasi,Rüya Eşarp,5667692655
giyim_magazasi,Yeni moda,5667699711
giyim_magazasi,Heybet,5667699713
giyim_magazasi,Osman Gyim,5667699714
giyim_magazasi,Albise,5667701538
giyim_magazasi,Beby ic giyem,5667701564
giyim_magazasi,Tikky boys,5667701596
giyim_magazasi,Kadir,5667701608
giyim_magazasi,Junior,5667702745
giyim_magazasi,Atestugla gumus,5667702755
giyim_magazasi,Yeşil Beyaz Çarşı,5667702766
giyim_magazasi,By Aktif,5667702791
giyim_magazasi,Burak,5667703928
giyim_magazasi,Beyza bebe,5667703947
giyim_magazasi,Ozmen,5667703967
giyim_magazasi,STAR BARAN,5667703970
giyim_magazasi,Burcu,5667703972
giyim_magazasi,JAKAMEN,5667703975
giyim_magazasi,Saray organizsyon,5667703993
giyim_magazasi,Turan,5667705352
giyim_magazasi,MODA AYAKKABI & SPOR,5667705375
giyim_magazasi,Cansum,5667705389
giyim_magazasi,Model,5667705402
giyim_magazasi,Çağrı,5667706167
giyim_magazasi,Ulu ceyiz,5667706172
giyim_magazasi,MODA ELA,5667706175
giyim_magazasi,En Sevimli,5667719042
giyim_magazasi,Özlem Kids,5667719047
giyim_magazasi,Famin,5667719065
giyim_magazasi,Oryantal,5667719066
giyim_magazasi,Çatladı Fashion,5667719084
giyim_magazasi,Koru iç giyim,5667719109
giyim_magazasi,Yıldız çamaşır & pijama,5667722031
giyim_magazasi,Camsoy,5667722050
giyim_magazasi,Bilen giyim,5667722065
giyim_magazasi,Selvi,5667722083
giyim_magazasi,Aydın Tarzz,5667722084
giyim_magazasi,Ahenk,5667722108
giyim_magazasi,Erkan Tuhafiye,5667723830
giyim_magazasi,Melodi,5667723859
giyim_magazasi,AYDINLAR TUHAFİYE,5667723883
giyim_magazasi,ALBAY,5667725824
giyim_magazasi,CEREN GİYİM,5667725842
giyim_magazasi,Aylin,5667725916
giyim_magazasi,Çikoby,5667725919
giyim_magazasi,Zevk,5667727237
giyim_magazasi,Pardesü Merkezi,5667727295
giyim_magazasi,Yenice İç Giyim,5667727305
giyim_magazasi,Bora,5667727319
giyim_magazasi,ELAGÖZ,5667728721
giyim_magazasi,Kısmet giyim,5667745987
giyim_magazasi,Hilye,5667746004
giyim_magazasi,Karizma giyim,5667746012
giyim_magazasi,Sıla giyim,5667747262
giyim_magazasi,ÇITI PITI,5667747280
giyim_magazasi,Abdullah aydın bayan giyim,5667747308
giyim_magazasi,Machinist,5667747310
giyim_magazasi,Azra giyim,5667747942
giyim_magazasi,Beğendik tuhafiye,5667747944
giyim_magazasi,Şenaba,5667747991
giyim_magazasi,CSS,5667748008
giyim_magazasi,Elbise Mağazası,5667748010
giyim_magazasi,Sultan Çeyiz ve İç Giyim,5667748621
giyim_magazasi,Güven Giyim,5667748625
giyim_magazasi,Pano de Jeans,5667748626
giyim_magazasi,Rabi,5667748631
giyim_magazasi,Sefa Çocuk Giyim,5667748638
giyim_magazasi,Mert Giyim,5667748644
giyim_magazasi,Fiffays Giyim Dünyası,5667748676
giyim_magazasi,Sedanur,5667748680
giyim_magazasi,Bursa Pazarı,5674743521
giyim_magazasi,Candan,5674747923
giyim_magazasi,Fermuar,5674756221
giyim_magazasi,Zümrüt Kumaş,5674812121
giyim_magazasi,Kürkçü Han,5674819924
giyim_magazasi,Mercan İş Han,5674842823
giyim_magazasi,Kaya Ticaret,5674906723
giyim_magazasi,ŞİRİNEVLER JAKAMEN,5682175721
giyim_magazasi,Levi's,5710047224
giyim_magazasi,Lacoste,5715714437
giyim_magazasi,Diesel,5715714441
giyim_magazasi,LTB,5715720940
giyim_magazasi,Centro,5715721526
giyim_magazasi,Beni,5718181829
giyim_magazasi,BNQ,5718181832
giyim_magazasi,Geruze,5718234322
giyim_magazasi,nasip giyim,5756050922
giyim_magazasi,regional,5758352021
giyim_magazasi,In Street,5806359145
giyim_magazasi,Aziz Bebe,5825443354
giyim_magazasi,COSTUME,5860225087
giyim_magazasi,Arden,5865122485
giyim_magazasi,Tugba,5888253885
giyim_magazasi,Mudo Outlet,5903549886
giyim_magazasi,Ümıt Giyim,5933922380
giyim_magazasi,Durmaz Tekstil,5943316670
giyim_magazasi,Greyder Outlet,5947904585
giyim_magazasi,Bershka,5985161312
giyim_magazasi,Pull & Bear,5985161313
giyim_magazasi,Ikiler,6039170586
giyim_magazasi,Beyoğlu Hükümet Konağı,6055552654
giyim_magazasi,Butik Filiz,6080343499
giyim_magazasi,Doralüks İç Giyim,6080394569
giyim_magazasi,Ba-ha Giyim,6166336355
giyim_magazasi,Zeynep Giyim,6166336361
giyim_magazasi,Venessa,6172848732
giyim_magazasi,Sirin,6185548066
giyim_magazasi,Coral,6185569105
giyim_magazasi,galata ayikiari,6185578564
giyim_magazasi,aponia,6185578566
giyim_magazasi,bbt,6185578570
giyim_magazasi,crazy covers,6185578571
giyim_magazasi,by Fox Çanta,6185588857
giyim_magazasi,Al Madina restaurant,6185588860
giyim_magazasi,N & B,6185588863
giyim_magazasi,kiki riki,6185592885
giyim_magazasi,dogo,6185592891
giyim_magazasi,SNR shop,6185756944
giyim_magazasi,clandestino,6185772353
giyim_magazasi,Bandito,6185772354
giyim_magazasi,Dogostore,6185772365
giyim_magazasi,Hure Muryz,6185772366
giyim_magazasi,Pera Otantik,6185772367
giyim_magazasi,Galata Towels,6185772373
giyim_magazasi,Petula plus,6185844113
giyim_magazasi,Petula,6185844115
giyim_magazasi,Tola Tola,6185844116
giyim_magazasi,Pera Outlet,6185844119
giyim_magazasi,Crash,6185844132
giyim_magazasi,Galatamoda,6185937296
giyim_magazasi,oxxo,6186077821
giyim_magazasi,mirket,6186077824
giyim_magazasi,Erol,6186105282
giyim_magazasi,Tshirtium,6194459787
giyim_magazasi,Victoria's Secret,6241261630
giyim_magazasi,Serdar Giyim,6261603897
giyim_magazasi,Roberto,6295683185
giyim_magazasi,Pudra,6383694887
giyim_magazasi,333 Fashion,6383694889
giyim_magazasi,Mi&So,6383694891
giyim_magazasi,Yavuzlar,6383694898
giyim_magazasi,Elitt Paris,6383708893
giyim_magazasi,Mogs,6383708896
giyim_magazasi,Mckenzy,6383818348
giyim_magazasi,Modanisa,6387574464
giyim_magazasi,Tuğba & Venn Bayan Giyim,6387574465
giyim_magazasi,Sln,6387574466
giyim_magazasi,stofbutik,6399334590
giyim_magazasi,Garnbutikker,6399351685
giyim_magazasi,Promosyon Tshirt Tisort.web.tr,6404069803
giyim_magazasi,Tuğra Giyim,6508527883
giyim_magazasi,Eda Giyim,6508527884
giyim_magazasi,Hrc Giyim,6508582385
giyim_magazasi,Tevhit Giyim,6508676707
giyim_magazasi,Dubai Giyim,6512988713
giyim_magazasi,Moda Calling,6525160843
giyim_magazasi,Hermès,6560431517
giyim_magazasi,Omega,6560431521
giyim_magazasi,Chanel,6560431522
giyim_magazasi,Hugo Boss,6789315796
giyim_magazasi,Cacharel,6794055519
giyim_magazasi,Paul & Shark,6794055520
giyim_magazasi,Michael Kors,6794055521
giyim_magazasi,Louis Vuitton,6794069558
giyim_magazasi,Dior,6794069559
giyim_magazasi,Celine,6794069560
giyim_magazasi,Moncler,6794082486
giyim_magazasi,Canada Goose,6794082487
giyim_magazasi,Emperio Armani,6794082488
giyim_magazasi,Micheal Kors,6794082489
giyim_magazasi,Rue,6794082494
giyim_magazasi,Tamir Tanca,6794085819
giyim_magazasi,D'S Damat,6794085820
giyim_magazasi,Brandy's,6794085821
giyim_magazasi,Beauty Omelette,6821298186
giyim_magazasi,Prada,6831024086
giyim_magazasi,Turkili Giyim,6878148115
giyim_magazasi,Duru İç Giyim,6878217011
giyim_magazasi,Kirmizi,6884817952
giyim_magazasi,Bücürük,6900269176
giyim_magazasi,Cadde Giyim,6903741076
giyim_magazasi,Beşir,6903797450
giyim_magazasi,Kotton,6919633787
giyim_magazasi,By Ceyhun,6920832816
giyim_magazasi,Gaziantepli Giyim,6920832817
giyim_magazasi,Marka Mixx,6920832819
giyim_magazasi,"My Pera 1960, Cihangir",6924072885
giyim_magazasi,Petra vintage,6924072886
giyim_magazasi,Madam Mare Vintage,6924072985
giyim_magazasi,Eleni vintage,6924072986
giyim_magazasi,"Closet Circuit, Çukurcuma 23",6924072987
giyim_magazasi,Batarya Sk. No:11 D:2,6924074185
giyim_magazasi,Moda Park,6924199386
giyim_magazasi,Sun & Shoes,6954521550
giyim_magazasi,In Style Fabrika Satış Mağazası,6961593152
giyim_magazasi,Rima House,6961631299
giyim_magazasi,İshakoğlu Giyim,6961666533
giyim_magazasi,GP. Shimal,6964036656
giyim_magazasi,Black One,6964036669
giyim_magazasi,Baki Center,6964036676
giyim_magazasi,Grand Tizmo,6964044886
giyim_magazasi,Kitti,6964044888
giyim_magazasi,Denim Center,6964044894
giyim_magazasi,Tricko,6964044897
giyim_magazasi,Mario Cavalli,6964044898
giyim_magazasi,McLee,6964044901
giyim_magazasi,Limante,6965465540
giyim_magazasi,Ebrar's Butik,6965466893
giyim_magazasi,Latifa,6965466894
giyim_magazasi,Ayhan,6966359103
giyim_magazasi,Big Tree,6979189485
giyim_magazasi,pirenk tekstil,6980000014
giyim_magazasi,fika,7025334396
giyim_magazasi,Beymen,7028077488
giyim_magazasi,Bogner,7028077588
giyim_magazasi,Armani,7028079086
giyim_magazasi,Brunello Cucinelli,7028079087
giyim_magazasi,Christian Louboution,7028122985
giyim_magazasi,Classico,7028122986
giyim_magazasi,Derishow,7028122987
giyim_magazasi,Dolce Gabana Women,7028122988
giyim_magazasi,Fendi,7028122989
giyim_magazasi,Dolce Gabana Men,7028138785
giyim_magazasi,Zegna,7028138885
giyim_magazasi,ETRO,7028138886
giyim_magazasi,Mapa,7028160687
giyim_magazasi,Furla,7028169485
giyim_magazasi,Hogan,7028169486
giyim_magazasi,Loro Piana,7028169488
giyim_magazasi,Machka,7028169490
giyim_magazasi,Max Mara,7028169491
giyim_magazasi,Gucci,7028169585
giyim_magazasi,Miu Miu,7028169586
giyim_magazasi,Pronovias,7028169587
giyim_magazasi,Silk&Cashmire,7028169588
giyim_magazasi,Milimetric,7028169786
giyim_magazasi,Vetrina,7028169789
giyim_magazasi,MAX&Co.,7028169885
giyim_magazasi,Vakkorama,7028169886
giyim_magazasi,Vario,7028169887
giyim_magazasi,Vakko Couture,7028177885
giyim_magazasi,Sovy Marka Outlet,7047093837
giyim_magazasi,Dado style,7137499804
giyim_magazasi,Osmanlı Eşarp,7171549055
giyim_magazasi,En Moda,7227152440
giyim_magazasi,Mekke Medine Pazarı,7230147457
giyim_magazasi,NetWork,7544806582
giyim_magazasi,La Poudre,7552676082
giyim_magazasi,Eygi Tekstil İnfil,7560897835
giyim_magazasi,Hülya İnce,7566843810
giyim_magazasi,Aysira Gelinlik,7566878352
giyim_magazasi,Tudors İstanbul,7566883546
giyim_magazasi,Frida Butik,7569536279
giyim_magazasi,Peri,7569592480
giyim_magazasi,Seyran Mağazası,7570870517
giyim_magazasi,Moda still,7572349898
giyim_magazasi,Caner Giyim,7572379573
giyim_magazasi,Espiri AVM,7590628596
giyim_magazasi,Çebi Giyim,7590628658
giyim_magazasi,PamTime,7593728366
giyim_magazasi,Emre Spor Giyim,7593728370
giyim_magazasi,Eksi-1,7593728373
giyim_magazasi,Bilinçli Tüketici Mağazası,7593728374
giyim_magazasi,Modapol,7593728375
giyim_magazasi,Herşey Aşk'tan,7635726155
giyim_magazasi,kulubekids wear,7648745523
giyim_magazasi,Woow Butik,7651599829
giyim_magazasi,Tommy Life,7651602442
giyim_magazasi,Bilce Çorap,7651656277
giyim_magazasi,Merve Butik,7651687358
giyim_magazasi,nopapeni,7686003808
giyim_magazasi,Özge Çolak Butik,7695484897
giyim_magazasi,Nillush Vintage,7726163686
giyim_magazasi,Loremod,7740532745
giyim_magazasi,April,7740542532
giyim_magazasi,Blackspade,7740550207
giyim_magazasi,United Colors of Benetton,7740553270
giyim_magazasi,Zekimod,7740555462
giyim_magazasi,Server Giyim,7743630172
giyim_magazasi,By Babgal,7807366811
giyim_magazasi,Kozanteks Giyim - Toptan Giyim,7817112128
giyim_magazasi,Barcode,7889339039
giyim_magazasi,YSM Moda Butik,7889339052
giyim_magazasi,VIGOSS JEANS,7898704685
giyim_magazasi,Y&C Giyim,7989017149
giyim_magazasi,Ciklet Butik,8043934567
giyim_magazasi,Ness Moda Gelinlik,8043934581
giyim_magazasi,Özgür Spor Giyim,8043960802
giyim_magazasi,Tabi Tasarim,8063868785
giyim_magazasi,Ozan Tekstil,8176610590
giyim_magazasi,2 Cadı Boutique,8261672907
giyim_magazasi,Kartopu,8310455566
giyim_magazasi,Oral çorap,8322015959
giyim_magazasi,Albeyan Fashion,8358699851
giyim_magazasi,Tiffany & Tomato,8482218820
giyim_magazasi,Moda Elisa,8489080408
giyim_magazasi,Zuzzu Kids,8489080412
giyim_magazasi,Atagün Ticaret,8489080413
giyim_magazasi,Elif İç Giyim & Çorap,8489123836
giyim_magazasi,Busen Bebe,8489123850
giyim_magazasi,Nermin Giyim,8489123854
giyim_magazasi,Uslu İç Giyim & Çorap,8489123857
giyim_magazasi,Dündar Butik,8498805217
giyim_magazasi,Vip Italy,8510769972
giyim_magazasi,Smnr Butik,8520713800
giyim_magazasi,mussan ipklik toja,8524605717
giyim_magazasi,Özkan Tesettür Giyim,8566272056
giyim_magazasi,Eren Ticaret Askeri Malzemeleri,8566310883
giyim_magazasi,Selim's Store,8738594863
giyim_magazasi,Selin Onur,8738608712
giyim_magazasi,Peri Boutique,8738609187
giyim_magazasi,Butik Eros,8742570840
giyim_magazasi,My Mabi,8746170085
giyim_magazasi,Kartanesi Moda Evi,8866160058
giyim_magazasi,Seher Moda Evi,8871767953
giyim_magazasi,Romaster Men's Wear,8897243552
giyim_magazasi,Olive You Mom Çocuk Giyim Mağazası,9022910606
giyim_magazasi,Abuka Butik,9055816717
giyim_magazasi,Pati Butik,9108144934
giyim_magazasi,Sone,9108186386
giyim_magazasi,Miya,9108202066
giyim_magazasi,Şebnem Şahin,9112368682
giyim_magazasi,Kotchu Outlet,9122688017
giyim_magazasi,Kompedan,9134509816
giyim_magazasi,Marrie Viktorya,9134616371
giyim_magazasi,Naime Abiye,9135545637
giyim_magazasi,Joody Brame,9139890324
giyim_magazasi,Çıtır Cix Butik,9139890330
giyim_magazasi,Gonca Butik,9139890365
giyim_magazasi,Çamaşırcı Mehmet,9141461900
giyim_magazasi,Bora Butik,9141473118
giyim_magazasi,Berrak İç Giyim,9141473119
giyim_magazasi,Muce Giyim,9142544238
giyim_magazasi,Saklıbutik.com,9164830219
giyim_magazasi,Ribellion by Ribatek,9166902585
giyim_magazasi,Peraluna,9166902592
giyim_magazasi,Karbeyaz giyim,9177563520
giyim_magazasi,Bodrum Collection,9180345728
giyim_magazasi,Jeans Lab,9189979578
giyim_magazasi,Safir Tuhafiye,9212228884
giyim_magazasi,Büyük beden erkek giyim,9228696979
giyim_magazasi,StreetBox,9255326859
giyim_magazasi,Look,9255341917
giyim_magazasi,Yağız Tekstil,9255446359
giyim_magazasi,Tutku İç Giyim,9256539658
giyim_magazasi,İpeksi Eşarp,9274348600
giyim_magazasi,King Kids,9274353819
giyim_magazasi,Süvari,9277124634
giyim_magazasi,Beren's,9288081834
giyim_magazasi,Kare,9288120635
giyim_magazasi,MozART,9311065235
giyim_magazasi,Gamze Butik,9311065236
giyim_magazasi,Mayo Dünyası Kiko Sport,9360352023
giyim_magazasi,Tommy Hilfiger,9362676832
giyim_magazasi,Campus,9422544617
giyim_magazasi,Laya Moda,9446742869
giyim_magazasi,Erbaşlar,9452535685
giyim_magazasi,Style Men,9452686648
giyim_magazasi,Kuspi,9452905670
giyim_magazasi,Lame Dore,9452918264
giyim_magazasi,X Lady,9455334209
giyim_magazasi,Queen of Moda,9455384582
giyim_magazasi,Suwen,9455384618
giyim_magazasi,The North Face,9455562417
giyim_magazasi,Kokoşş,9473415101
giyim_magazasi,Urba'm,9473423428
giyim_magazasi,41 Kere Maşallah,9473463163
giyim_magazasi,Flamingo Butik,9473535601
giyim_magazasi,Duygu İç Giyim,9474139088
giyim_magazasi,Galeri İç Giyim & Pijama,9474163042
giyim_magazasi,Torunlar AVM,9480851381
giyim_magazasi,Beymen Club,9481152783
giyim_magazasi,Benan,9483987499
giyim_magazasi,Minniks Baby,9484022938
giyim_magazasi,Stradivarius,9490592470
giyim_magazasi,Altınyıldız,9492168115
giyim_magazasi,Barrels and Oil,9498224954
giyim_magazasi,Kitikate,9498224968
giyim_magazasi,Kom,9498224985
giyim_magazasi,Zanzi,9498224986
giyim_magazasi,İpekyol,9498224997
giyim_magazasi,Armalife,9498225008
giyim_magazasi,Lufian,9498241820
giyim_magazasi,Qualitâ Milano,9498241824
giyim_magazasi,To Me Too İç Giyim,9500621324
giyim_magazasi,Kulüp 36,9550928913
giyim_magazasi,Big Sela,9550933519
giyim_magazasi,Digital Jeans,9550933527
giyim_magazasi,Cibu,9553818060
giyim_magazasi,Combine Store,9553823769
giyim_magazasi,Erdem İç Giyim Dünyası,9553825536
giyim_magazasi,Şık Stil,9553834201
giyim_magazasi,Moda Dress,9553838665
giyim_magazasi,Labella İç Giyim,9553839259
giyim_magazasi,Asya Butik,9633721840
giyim_magazasi,A&N Boutique,9636408255
giyim_magazasi,GİZYO Moda,9702571193
giyim_magazasi,Bebet 6,9727283107
giyim_magazasi,Robrik,9741949213
giyim_magazasi,Wunder,9803628936
giyim_magazasi,Snäb Urban Store,9814781417
giyim_magazasi,Thrift Moda,9814807122
giyim_magazasi,Sakura Storeee Butik,9821259922
giyim_magazasi,Alico's Granma,9821259933
giyim_magazasi,Butik 81,9823730541
giyim_magazasi,Moda Armu,9859182071
giyim_magazasi,Henna,9869851918
giyim_magazasi,Lilitime İç Giyim,9875863489
giyim_magazasi,Cotton Way,9907733735
giyim_magazasi,Al-Tatari,9907776609
giyim_magazasi,Zaraca Giyim,9916885908
giyim_magazasi,Model Giyim,9916885910
giyim_magazasi,Rodcin,9933676006
giyim_magazasi,Melek Butik,9935472126
giyim_magazasi,Bugün Tuhafiye,9935472132
giyim_magazasi,Gülsüm Giyim,9935472136
giyim_magazasi,Mamman's,9935472139
giyim_magazasi,Gül İç Giyim ve Çorap,9935472154
giyim_magazasi,Şeker,9935472159
giyim_magazasi,LK JNS,9935472168
giyim_magazasi,@dress,9937499518
giyim_magazasi,Baraka Fashion,9937499523
giyim_magazasi,The Mask,9937499535
giyim_magazasi,Er-Öz,9937509084
giyim_magazasi,Çarşı Store,9937509087
giyim_magazasi,Firmer,9937509091
giyim_magazasi,Erdaşlar,9939299564
giyim_magazasi,5in1 canpolat,9950496827
giyim_magazasi,Baqa,9950496922
giyim_magazasi,Nocturne,9950496923
giyim_magazasi,Love my body,9950496924
giyim_magazasi,Ipekyol,9950496927
giyim_magazasi,Bgn workshop,9950496928
giyim_magazasi,Perspective,9950497023
giyim_magazasi,Twist,9950497024
giyim_magazasi,Oysho,9950497818
giyim_magazasi,Taxim Shop,9983862717
giyim_magazasi,Yonat,9997968017
giyim_magazasi,Sentetik Sezar,9999584871
giyim_magazasi,Ata,10017870073
giyim_magazasi,Yargıcı,10018438900
giyim_magazasi,FYM İç Giyim,10029201852
giyim_magazasi,Metko Butik,10029207129
giyim_magazasi,Miss Meydan,10031594233
giyim_magazasi,Elçi Eşarp,10031725831
giyim_magazasi,Lila,10031725835
giyim_magazasi,Adres Spor Giyim,10031725849
giyim_magazasi,Abba,10031725857
giyim_magazasi,Nein,10079649719
giyim_magazasi,Limon,10079755718
giyim_magazasi,Kaizenmoda,10082203355
giyim_magazasi,Bassigue,10082422115
giyim_magazasi,Charisma Underwear,10083199678
giyim_magazasi,Silk and cashmere,10094550417
giyim_magazasi,adL,10094615717
giyim_magazasi,Kalite Giyim,10100958516
giyim_magazasi,Pardon Giyim,10100988734
giyim_magazasi,Zancel,10104661349
giyim_magazasi,Masal Kids Fashion,10104661356
giyim_magazasi,Berrini,10104661390
giyim_magazasi,King Man Fashion,10104661399
giyim_magazasi,Clawer Jeans,10104720023
giyim_magazasi,Yılmazlar Giyim,10110158064
giyim_magazasi,Personel Giyim,10110158183
giyim_magazasi,Tüzün,10112043257
giyim_magazasi,Relax Giyim,10127049035
giyim_magazasi,Özkaraman Tekstil,10127897755
giyim_magazasi,Kadir Büyükkaya,10132733406
giyim_magazasi,HMR Collection,10132744948
giyim_magazasi,Mode XL,10132744952
giyim_magazasi,Sez,10143161626
giyim_magazasi,Riva,10143161633
giyim_magazasi,Cevher İç Giyim,10143161634
giyim_magazasi,Silk and Cashmere,10178073362
giyim_magazasi,addnote,10178096806
giyim_magazasi,Rima Vintage,10183104125
giyim_magazasi,Goodies,10183104126
giyim_magazasi,Vintage Underground,10183104127
giyim_magazasi,Falconeri,10202740871
giyim_magazasi,B&G Store,10202740872
giyim_magazasi,Intimissimi Uomo,10208378584
giyim_magazasi,Yıldızlar,10209383705
giyim_magazasi,İhya,10209390120
giyim_magazasi,Katredar,10209390127
giyim_magazasi,Derya Butik,10209407374
giyim_magazasi,Askıdan Davete,10219356298
giyim_magazasi,Divi,10219356299
giyim_magazasi,No Vacancy,10221471758
giyim_magazasi,SOİ Handmade,10221471759
giyim_magazasi,Akay Wedding House,10261249178
giyim_magazasi,Bey Class,10537755001
giyim_magazasi,adl,10554739309
giyim_magazasi,setre,10556440209
giyim_magazasi,Erse,10559298687
giyim_magazasi,zaa,10583324905
giyim_magazasi,polo garage,10598470605
giyim_magazasi,Arra Man Fashion,10651698761
giyim_magazasi,Şükran Butik & Aksesuar,10658358466
giyim_magazasi,Argisa Mercan,10671304617
giyim_magazasi,Dest,10676175961
giyim_magazasi,Pologarage,10709319834
giyim_magazasi,L'Occitane,10712035357
giyim_magazasi,Exxe Selection,10743206703
giyim_magazasi,Columbia,10743206710
giyim_magazasi,Zey Sports,10743206711
giyim_magazasi,Sneaks Up,10751756782
giyim_magazasi,Polo Garage,10769551324
giyim_magazasi,Bears and Bulls,10771863005
giyim_magazasi,Mayo Store,10772997207
giyim_magazasi,Musti Kids,10782424945
giyim_magazasi,As Brides,10805480895
giyim_magazasi,Nur İş Elbiseleri,10830462535
giyim_magazasi,Jimmy Key,10910942081
giyim_magazasi,NAGİHAN Butik,10914321532
giyim_magazasi,Vıshne,10929305349
giyim_magazasi,Bejj,10929305350
giyim_magazasi,Addnone,10931266272
giyim_magazasi,ABR,10942468390
giyim_magazasi,Cemre Giyim,10967644732
giyim_magazasi,Cansur İç Giyim,10976629436
giyim_magazasi,Erdem Çamaşırları,10984623511
giyim_magazasi,Şahinler İçgiyim,10984623513
giyim_magazasi,Emin Giyim,10989527960
giyim_magazasi,DS Damat,11005401944
giyim_magazasi,Brutal Studio,11007666526
giyim_magazasi,Silver & Polo,11014918077
giyim_magazasi,Çokomel,11014988270
giyim_magazasi,Retrobird,11015020921
giyim_magazasi,Zuhal İç Giyim,11034119215
giyim_magazasi,İrma Boutique,11042826245
giyim_magazasi,Oopscool Nişantaşı,11050608652
giyim_magazasi,tante roza,11056502205
giyim_magazasi,ilo,11090340505
giyim_magazasi,Knipu,11092485447
giyim_magazasi,Design Store,11092489492
giyim_magazasi,Hemis,11093337781
giyim_magazasi,Panço Baby Kids,11093337783
giyim_magazasi,Ezgi Taftalı,11105776888
giyim_magazasi,Novon,11111739715
giyim_magazasi,Barbour,11111739749
giyim_magazasi,Mayis yapim,11153440929
giyim_magazasi,Dörtel,11157927539
giyim_magazasi,La Luce,11157927540
giyim_magazasi,Civan,11241235238
giyim_magazasi,Gobi Mongolian Cashmere,11286456570
giyim_magazasi,Mamamila,11296150603
giyim_magazasi,Hammer Jack,11296162135
giyim_magazasi,Ghost,11296163789
giyim_magazasi,Westkadikoy,11296173635
giyim_magazasi,Aysira,11298674436
giyim_magazasi,Bellook,11330022801
giyim_magazasi,Angelik,11341550339
giyim_magazasi,Oxxo,11368473755
giyim_magazasi,Dida Boutique,11375617413
giyim_magazasi,ZKY Kadın Giyim,11432163921
giyim_magazasi,Gedik İş Elbiseleri,11438724171
giyim_magazasi,Kerem Butik,11443275370
giyim_magazasi,tedi,11465626286
giyim_magazasi,KostümPartim,11484264353
giyim_magazasi,GarModa,11486369969
giyim_magazasi,BTM Bilinçli Tüketici Mağazaları,11577279217
giyim_magazasi,adL - adil ışık,11577366614
giyim_magazasi,LTB - Little Big,11577382752
giyim_magazasi,2Manstore,11710460264
giyim_magazasi,Yargici,11799454236
giyim_magazasi,Les Benjamins,11813383274
giyim_magazasi,Still,11813807776
giyim_magazasi,KİP Corner,11845246477
giyim_magazasi,Şen İç Giyim,11876043311
giyim_magazasi,İGS,11880701164
giyim_magazasi,Mert Giyim İş Elbiseleri,11897549729
giyim_magazasi,E-Store,11931926243
giyim_magazasi,Wolwes,11931926245
giyim_magazasi,Twister Jeans,11931926251
giyim_magazasi,Tolatola,11941766720
giyim_magazasi,Intimissimi,11942015469
giyim_magazasi,Grandma Vintage,11993560869
giyim_magazasi,Mutlu Moda,12055675469
giyim_magazasi,Bülüm Star,12055675475
giyim_magazasi,Metinali,12055675476
giyim_magazasi,Miss Giz,12055675478
giyim_magazasi,Şıkmen,12055675525
giyim_magazasi,tesettürevi,12055675533
giyim_magazasi,Eşarp & Şallarda,12055675534
giyim_magazasi,fugu,12055675537
giyim_magazasi,aysira,12055675544
giyim_magazasi,Quartt,12055675547
giyim_magazasi,Elif Stil,12055675548
giyim_magazasi,Altıhan,12055675553
giyim_magazasi,tesettüryeri,12055675555
giyim_magazasi,eser,12055675556
giyim_magazasi,meristore,12055675559
giyim_magazasi,Nursever,12055675560
giyim_magazasi,Secil Store,12055675562
giyim_magazasi,Türkan Çelik,12055675563
giyim_magazasi,Asis,12055675566
giyim_magazasi,Aydın,12055675567
giyim_magazasi,Kamil Kesken,12055675568
giyim_magazasi,Cengiz,12055675571
giyim_magazasi,Olgun,12055675572
giyim_magazasi,Altınbaşak,12055675573
giyim_magazasi,Md Trend,12055675574
giyim_magazasi,İrem Özdemir Atelier,12058115572
giyim_magazasi,Nourraprive,12058115573
giyim_magazasi,Duqle Design,12059879039
giyim_magazasi,zeropo1nt,12059879040
giyim_magazasi,Diba,12059879058
giyim_magazasi,Yaşmak,12059879059
giyim_magazasi,LTB Jeans,12059893170
giyim_magazasi,Orjin,12059893176
giyim_magazasi,Furq,12059893182
giyim_magazasi,Cardion,12059893185
giyim_magazasi,Candır & Şahinler,12067075365
giyim_magazasi,Cadde 34,12067076484
giyim_magazasi,Rulet,12067076494
giyim_magazasi,endudu.com,12067076496
giyim_magazasi,Kardelen Butik,12067076500
giyim_magazasi,Zümra Ferace,12067076513
giyim_magazasi,Nem Tuğ Eşarp,12067076515
giyim_magazasi,Caner,12067076559
giyim_magazasi,Ǒzlenǐr,12092130769
giyim_magazasi,Arma,12145206832
giyim_magazasi,OXXO,12146456740
giyim_magazasi,Jack & Jones,12146456742
giyim_magazasi,LCW kids,12146456745
giyim_magazasi,Piraye Bridal,12146624143
giyim_magazasi,Galavia Bridal,12163107681
giyim_magazasi,Cotton City,12163107691
giyim_magazasi,Ruth,12167549001
giyim_magazasi,Talkan Ticaret,12169687611
giyim_magazasi,Tercan,12196511787
giyim_magazasi,Shizone Outlet,12292773790
giyim_magazasi,Paşalar Giyim,12304115801
giyim_magazasi,Seyyidoğlu Giyim,12304639001
giyim_magazasi,Sera Tekstil,12343118501
giyim_magazasi,Elhamra Han,12347693514
giyim_magazasi,Taksim Metal Shop,12377043201
giyim_magazasi,Metal Giyim,12377056701
giyim_magazasi,Shahnaz Parsa,12431295549
giyim_magazasi,Shahnaz Parsa Collection,12431365514
giyim_magazasi,Lychee Kids - Kız & Erkek Çocuk Giyim,12452578609
giyim_magazasi,Tuna Giyim,12458866754
giyim_magazasi,Süvari Çocuk Dünyası,12458918837
giyim_magazasi,Chilia,12479408728
giyim_magazasi,Mi & SO,12502905235
giyim_magazasi,Vaneda,12512834710
giyim_magazasi,Design Market,12512834752
giyim_magazasi,Punto Uomo,12512834765
giyim_magazasi,Samet Furkan Giyim,12534030094
giyim_magazasi,Buse Giyim,12534063806
giyim_magazasi,Gültekinler Giyim,12534066423
giyim_magazasi,Sare Kids,12553829960
giyim_magazasi,Ardatex,12666529110
giyim_magazasi,Glock,12710251027
giyim_magazasi,Miniko Çocuk Giyim,12715761621
giyim_magazasi,Adamo,12722445104
giyim_magazasi,Nuray Butik,12724843092
giyim_magazasi,Lüx Moda,12725356297
giyim_magazasi,Zaya Fashion,12729657733
giyim_magazasi,Gizem Giyim,12731409171
giyim_magazasi,Dilek Giyim,12736374082
giyim_magazasi,Gökdeniz Bebe,12738944948
giyim_magazasi,Ender Bebe,12739341449
giyim_magazasi,Kokora,12745528012
giyim_magazasi,Essentials,12849131857
giyim_magazasi,More Woman's,12849131866
giyim_magazasi,"Beyaz İnci - Askeri Malzeme, Mayo, İç Çamaşırı",12857547396
giyim_magazasi,Marka Çarşısı,12888118727
giyim_magazasi,Yağmur İç Giyim,12921399836
giyim_magazasi,Tuana İç Giyim,12921399837
giyim_magazasi,Meral Giyim,12921399841
giyim_magazasi,İkizler Butik,12979685714
giyim_magazasi,Gelincik İç Giyim,12980363185
giyim_magazasi,Modakenti,12986226780
giyim_magazasi,Tutku Çamaşırları,12988043016
giyim_magazasi,VIP Bayan Giyim,13041755435
giyim_magazasi,HCR,13052469601
giyim_magazasi,Kot Sarayı,13052470701
giyim_magazasi,marga,13063810703
giyim_magazasi,Cotton Klas,13076600105
giyim_magazasi,Sosyete Pazarı,13107399658
giyim_magazasi,Çetinkaya,13153494070
giyim_magazasi,Zeki,13186922872
giyim_magazasi,Djem,13186922886
giyim_magazasi,Puma Outlet,13186943218
giyim_magazasi,Sinan Ay,13186943220
giyim_magazasi,Polo Ralph Lauren,13202550519
giyim_magazasi,INstreet,13202550529
giyim_magazasi,Brooks Brothers,13202550535
giyim_magazasi,Off-White,13202550538
giyim_magazasi,Saint Laurent,13202550539
giyim_magazasi,Villebrequin,13202550555
giyim_magazasi,Informal,13253782842
giyim_magazasi,Rue les createurs,13259942578
giyim_magazasi,Reha,13271914044
giyim_magazasi,Sarnisa,13271914045
giyim_magazasi,Elif Butik,13275815952
giyim_magazasi,Çeyize Dair Her Şey,13304996326
giyim_magazasi,Üreten :ocuk,13313813700
giyim_magazasi,Pasaport Giyim,13316933457
giyim_magazasi,Paperkite Vintage,13334159683
giyim_magazasi,Mirşah organizasyon,13347452584
giyim_magazasi,Feyza Çeyiz,13366451225
giyim_magazasi,Yves Outlet,13390941115
giyim_magazasi,Carmen,13397352202
giyim_magazasi,Hega,13397352205
giyim_magazasi,Derici,13397816901
giyim_magazasi,OneBlack Butik,13420488293
giyim_magazasi,Moda Cameo,13437189901
giyim_magazasi,Ritim Çocuk Dünyası & Karen Sünnet Kıyafetleri,13449874430
giyim_magazasi,Faik Sönmez,13481508901
giyim_magazasi,Kübra Tekir,13607659625
giyim_magazasi,Shaky,13619228510
giyim_magazasi,İstefani Kids,13640541030
giyim_magazasi,Dekor İç Giyim & Ev Giyim,13641173284
giyim_magazasi,DeFacto Outlet,13653655301
giyim_magazasi,Moss Store,13690875464
giyim_magazasi,Ayçi Butik,13691708313
giyim_magazasi,Hayal İç Giyim,13694554490
giyim_magazasi,Mnc İç Giyim,13695567039
giyim_magazasi,Sultan Butik,13697966748
giyim_magazasi,Derya İç Giyim,13698351280
giyim_magazasi,Dilara Tartar Butik,13698577091
giyim_magazasi,Şenova Tekstil Fabrika Satış Mağazası,13698637898
giyim_magazasi,Tuğba Venn,13701351043
giyim_magazasi,Panço,13701351058
giyim_magazasi,GLingerie,13701351067
giyim_magazasi,Bluemint,13701351068
giyim_magazasi,Cro Wear,13701604066
giyim_magazasi,Dedenin Yeri İç Giyim,13701812150
giyim_magazasi,Aktaş Giyim,13701812152
giyim_magazasi,Daisy,13701812159
giyim_magazasi,Kızılırmak İş Elbiseleri,13703029062
giyim_magazasi,Öz & As,13703044528
giyim_magazasi,Livia Moda & Aksesuar,13704935901
giyim_magazasi,Btg Store,13705336709
giyim_magazasi,İstasyon Giyim,13705981431
giyim_magazasi,Özgün Giyim,13706141735
giyim_magazasi,MayÇo Ümraniye,13706197882
giyim_magazasi,L'amore Butik,13706480606
giyim_magazasi,Basket Baby Center,13707938852
giyim_magazasi,Ayar Giyim Büyük Beden,13707938853
giyim_magazasi,Bilgiy Women Fashion,13708130338
giyim_magazasi,By Barkod Store,13708130344
giyim_magazasi,Zky Casual Collection,13708130349
giyim_magazasi,Gürer İç Giyim,13708270401
giyim_magazasi,M2,13708270404
giyim_magazasi,Sema Tekstil,13709803128
giyim_magazasi,Serengül Moda,13725909102
giyim_magazasi,maci,13733015365
giyim_magazasi,Ecrou,13752018801
giyim_magazasi,Heel Classic,13761422168
giyim_magazasi,Hatemoğlu,13761422169
giyim_magazasi,Asnova,13767833824
giyim_magazasi,Freund,13794895198
giyim_magazasi,Nautica,13817954140
giyim_magazasi,GANT,13817954145
giyim_magazasi,Carter's,13817954153
giyim_magazasi,Tunç,13848422734
giyim_magazasi,Çetinkaya Çamaşırları,13848487443
giyim_magazasi,Ncs Jeans,13848768044
giyim_magazasi,Raya Menswear,13848894617
giyim_magazasi,Jade İç Giyim,13849384926
giyim_magazasi,S&T,13849384928
giyim_magazasi,Emoji Butik,13849384929
giyim_magazasi,Nil Erkek Giyim & Ayakkabı,13849384932
giyim_magazasi,Carma,13849384935
giyim_magazasi,Aylin Giyim,13849465071
giyim_magazasi,Liza Store,13849465075
giyim_magazasi,Joker,13849465076
giyim_magazasi,Şahinler Fabrika Satış Mağazası,13849467236
giyim_magazasi,İrem Eşarp Şal & Çanta,13849467257
giyim_magazasi,Başak Giyim,13849809561
giyim_magazasi,Zeynep Export,13849831438
giyim_magazasi,TshirtMania & Uçan Tişört,13857625102
giyim_magazasi,Deepline,13867370765
giyim_magazasi,Wind Mill,13881956275
giyim_magazasi,Vintage Store,13881956276
giyim_magazasi,LANVIN,112585820
giyim_magazasi,Odam Butik,4333122656
giyim_magazasi,Koray,4619135203
giyim_magazasi,Bilkent Store,6033390014
giyim_magazasi,Zid,6908297129
giyim_magazasi,Gömlekçi Ali,8442863680
giyim_magazasi,Yaşam Tekstil,10286155857
giyim_magazasi,Nevin Modaevi,10286231786
giyim_magazasi,River Outlet,10297252494
giyim_magazasi,Modda,11107368879
giyim_magazasi,Magic Touch İç Giyim,11203819498
giyim_magazasi,EROL İPEK,11203819510
giyim_magazasi,Bilge Butik,11203819537
giyim_magazasi,Miesha,11203819545
giyim_magazasi,Miniko Kids,11206702661
giyim_magazasi,Gardrop,11206702662
giyim_magazasi,Aydıncılar,11206702669
giyim_magazasi,Sesam,11206702671
giyim_magazasi,Faruk Ekin BAHÇELİEVLER,12556377152
giyim_magazasi,Kasırga Outlet,12659761655
giyim_magazasi,Leone Ankara,12828733369
giyim_magazasi,Esra Semiz Beytepe,12909019589
giyim_magazasi,Begümün Butiği,13770850501
giyim_magazasi,HG Butik,13770955603
giyim_magazasi,Porte,13803033602
giyim_magazasi,Noe Happiness,13808605640
giyim_magazasi,Orjin Premium Outlet,13808605645
giyim_magazasi,Riki Baby&Kids,13808605646
giyim_magazasi,Lina Butik & Eşarp,13808605647
giyim_magazasi,Kargaşa HipHop Store,13899071901
giyim_magazasi,Asaf İç Giyim,13912981381
giyim_magazasi,Mithat Selection,247208719
giyim_magazasi,Home Store,309903708
giyim_magazasi,Yargıcı Tunalı,4617717382
giyim_magazasi,Club,4619031456
giyim_magazasi,Sport In Street Nata Vega AVM,5806273767
giyim_magazasi,Derviş Bağzıbağlı,6975841377
giyim_magazasi,Pelin Sirel,6982347993
giyim_magazasi,Mariée Belle,6982347995
giyim_magazasi,demti,10013614019
giyim_magazasi,Chima,13137024717
giyim_magazasi,Santral,3885127112
giyim_magazasi,Tanem,3892391952
giyim_magazasi,Moda Vizyon,3892429782
giyim_magazasi,Fatoş Giyim,3895890412
giyim_magazasi,Bayram Giyim,4231511306
giyim_magazasi,Tercih Giyim Mağazası,4424983833
giyim_magazasi,İstanbul Outlet,4430328394
giyim_magazasi,MG Giyim,5027288043
giyim_magazasi,Giyim mağazası,5255625723
giyim_magazasi,Cengiz İnler,8320911623
giyim_magazasi,anne&bebek,10726160905
giyim_magazasi,S'eda Butik,10994697185
giyim_magazasi,Kootçu,12365097673
giyim_magazasi,Majeste Spor Giyim & Ayakkabı,12365113618
giyim_magazasi,Türeli Tekstil Outlet,12548935002
giyim_magazasi,MNS İhraç Fazlası Giyim,12640752004
giyim_magazasi,UMT Spor Giyim,12640753260
giyim_magazasi,Mucize Butik,12645241612
giyim_magazasi,Uzay Giyim,12645241621
giyim_magazasi,Gold Magazin,12645241626
giyim_magazasi,Çelebi İç Giyim,12645241639
giyim_magazasi,dma Eşofman,12645241643
giyim_magazasi,Primood,12645241651
giyim_magazasi,Wiawork,12645241652
giyim_magazasi,Leydi Park,12645241655
giyim_magazasi,İlkcan Çorap & Çamaşır,12645241658
giyim_magazasi,Ata Çamaşır,12645241679
giyim_magazasi,Boyrazoğlu Giyim,12645241683
giyim_magazasi,Zeyneb Duru Tesettür,12645241688
giyim_magazasi,Fazilet,12645241699
giyim_magazasi,Dizmar Jeans,12651679934
giyim_magazasi,Mirage Giyim,12651679941
giyim_magazasi,BM,12651679946
giyim_magazasi,Polomark,12651679953
giyim_magazasi,Sementa Outlet,12651679954
giyim_magazasi,Ercan İç Giyim,12651679957
giyim_magazasi,Maske İş Güvenliği,12745991121
giyim_magazasi,Leyla Giyim,12751668882
giyim_magazasi,Erol Giyim,12751668883
giyim_magazasi,Seçkin's Giyim,12751668885
giyim_magazasi,Berkay Arda,12751771226
giyim_magazasi,Terzi Adem Altun Ankara,12957856889
giyim_magazasi,Şaya Butik & Abiye,12957877709
giyim_magazasi,İgon,13141711865
giyim_magazasi,İkranur Giyim,13171807987
giyim_magazasi,Damla Yünevi,13171807988
giyim_magazasi,Esshe Boutique,13252616145
giyim_magazasi,Adidas,13252638202
giyim_magazasi,Ekşioğlu İş Güvenliği Malzemeleri,13253476151
giyim_magazasi,Çocuk Dunyası,13254778977
giyim_magazasi,Adidas Originals,13306430518
giyim_magazasi,Ethicet Shop,13306432123
giyim_magazasi,GStore,13306435008
giyim_magazasi,Çelebi Gross,13527199462
giyim_magazasi,KLC Moda AVM,13527199463
giyim_magazasi,Sementa,13527199466
giyim_magazasi,Cakha,13527199467
giyim_magazasi,Şulem Çocuk,13527199478
giyim_magazasi,Akbaba Modaplaza,13543462200
giyim_magazasi,Giysa Outlet,13556121902
giyim_magazasi,Yüksel VIP Men,13556681349
giyim_magazasi,Retro Butik,13556681375
giyim_magazasi,Sweex,13556681380
giyim_magazasi,Ecrin Eşarp,13626789009
giyim_magazasi,Hazella Butik,13626789010
giyim_magazasi,Şımart,13626789021
giyim_magazasi,Fesleğen,13675871581
giyim_magazasi,Vabeste,13675871593
giyim_magazasi,Ceyfu,13675871596
giyim_magazasi,Markamood,13675925714
giyim_magazasi,Lina Giyim,13683020427
giyim_magazasi,Çamaşırcım,13683020431
giyim_magazasi,İlknur Collection,13683020439
giyim_magazasi,Çalıkıran,13683020442
giyim_magazasi,Çavuş Amca,13683020447
giyim_magazasi,Nazar İç Giyim,13683020461
giyim_magazasi,MM Store,13727018686
giyim_magazasi,MD Oliva,13727058233
giyim_magazasi,Adl,13758232943
giyim_magazasi,Uki,13758260657
giyim_magazasi,Lefties,13758268212
giyim_magazasi,Ekol,13758268213
giyim_magazasi,Glingerie,13758274905
giyim_magazasi,Desen Triko,13774677487
giyim_magazasi,Kayra,13774677493
giyim_magazasi,Çelebi Gross Market,13811129018
giyim_magazasi,Cansın Mini,13811129019
giyim_magazasi,Noraa Store,13811129020
giyim_magazasi,Han Store,13811129027
giyim_magazasi,Kulis,13811129049
giyim_magazasi,Simge Tuhafiye,13811129066
giyim_magazasi,Şura Giyim,13918216823
giyim_magazasi,Güler Butik,13918216826
giyim_magazasi,Etimesgut Çarşı,13947804306
giyim_magazasi,Eslem,13947804310
giyim_magazasi,Özel Giyim,13947804323
giyim_magazasi,Sporium Store,13947804392
giyim_magazasi,Esre Moda,13947804393
giyim_magazasi,Jeans Point,13947804394
giyim_magazasi,Mini City,13947804395
giyim_magazasi,Stil,13947804396
giyim_magazasi,Gılapa Fabrika,13947804399
giyim_magazasi,Nur Eşarp & Ferace,13947821901
giyim_magazasi,Blue Fashion İstanbul,13947821905
giyim_magazasi,Erçin Giyim,13947821921
giyim_magazasi,Bahar Collection,13947821937
giyim_magazasi,Kardelen Eşarp Ve Şal,13947821939
giyim_magazasi,Kardelen Eşarp & Şal,13947821940
giyim_magazasi,Uzunay Giyim,13947821949
giyim_magazasi,Moda Maxi 06,13947821950
giyim_magazasi,Giyinen Mağazaları,13947821952
giyim_magazasi,Bediş Kids,13947821954
giyim_magazasi,Çalıkıran Tekstil,13947821957
giyim_magazasi,Gez-al,13947821959
giyim_magazasi,Kotcu,13947821962
giyim_magazasi,Coşkun Giyim,1487750412
giyim_magazasi,Wiawork London Giyim,2345221028
giyim_magazasi,Fulla,4225097091
giyim_magazasi,Polen Giyim,6132794992
giyim_magazasi,Nurtopu Baby Kids,6205013404
giyim_magazasi,Max,6222360273
giyim_magazasi,Kaleli Gİiyim,6222368288
giyim_magazasi,MODACIM,7261922438
giyim_magazasi,Gülşah Butik,12033521995
giyim_magazasi,scarf shop,627539664
giyim_magazasi,Pijama Spor Giyim,627571944
giyim_magazasi,KANIK GIYIM,4427365493
giyim_magazasi,EFELER TUHAFIYE,4441765390
giyim_magazasi,Abdullah Kiğılı Exclusive Cut,4581182722
giyim_magazasi,Makarna,5286100433
giyim_magazasi,Samil,5287387837
giyim_magazasi,Olgun Orkun,5287391745
giyim_magazasi,Ikinci Vintage,5287404352
giyim_magazasi,Bsl Fashion,5287436078
giyim_magazasi,Junior Play,5287436082
giyim_magazasi,T-win,5287436120
giyim_magazasi,23,5287436730
giyim_magazasi,gstore,5287446180
giyim_magazasi,Zeller,5287447554
giyim_magazasi,CNGO style,5287461177
giyim_magazasi,Ambar,5702963038
giyim_magazasi,Tena,5702963040
giyim_magazasi,Xside,5702973713
giyim_magazasi,Kasaba Jeans,5703710833
giyim_magazasi,Cadde City,5703710835
giyim_magazasi,Sümer Satış Mağazası,5703712883
giyim_magazasi,Mudo Collection,5836995389
giyim_magazasi,Denilzi home,5837148985
giyim_magazasi,Yalıspor,7814466292
giyim_magazasi,Spazio,7814490120
giyim_magazasi,Addax,7814490127
giyim_magazasi,Park Baby,7817011969
giyim_magazasi,Play,7817011971
giyim_magazasi,Mezzo,7817011978
giyim_magazasi,Bianco Vita,8068404280
giyim_magazasi,Solady,8068411275
giyim_magazasi,Cadi Kazani,8068917157
giyim_magazasi,Mudo Store,8181673587
giyim_magazasi,FMS İç Giyim,8602956232
giyim_magazasi,Melis Pijama,8615436409
giyim_magazasi,Çiğdem'in Dolabı,8863117461
giyim_magazasi,U.S. Polo,8931281972
giyim_magazasi,Dressi,9009639095
giyim_magazasi,Comienzo,9009640231
giyim_magazasi,Ali,9009805073
giyim_magazasi,Akay,9573072905
giyim_magazasi,Konak Giyim,9573114053
giyim_magazasi,Keten butik,9768050907
giyim_magazasi,Mimia İç Giyim,9838515555
giyim_magazasi,Lanse,9839405422
giyim_magazasi,Celin Butik,9839406628
giyim_magazasi,Lara İç Giyim,9839423373
giyim_magazasi,Kayahan Collection,9896786535
giyim_magazasi,Iconas,9896786978
giyim_magazasi,ZA Moda Evi,9896796282
giyim_magazasi,Özlem Giyim,10697110551
giyim_magazasi,Melon,10918467489
giyim_magazasi,Black Stone Outlet,11076393826
giyim_magazasi,Düğün Modaevi,11083913660
giyim_magazasi,Beyim Moda,11141559287
giyim_magazasi,Fashion İzmir,11141600983
giyim_magazasi,Angela Boutique,11141625826
giyim_magazasi,Taksimoda,11141631287
giyim_magazasi,Cossyby Aqua,11141634962
giyim_magazasi,Giy-İn Collection,11141640549
giyim_magazasi,Mundo Fashion,11424990636
giyim_magazasi,Sade Bebe,11424990637
giyim_magazasi,Öz Şencan Çamaşır,11425010133
giyim_magazasi,Glow,11425013952
giyim_magazasi,Elis,11425025049
giyim_magazasi,Bambum Boutique,11425025194
giyim_magazasi,Modda Plus,11425036307
giyim_magazasi,Bebesco Bebe,11425043081
giyim_magazasi,Naki,11425048971
giyim_magazasi,Esila Çeyiz Evi,11526070407
giyim_magazasi,Trend Butik,11526070417
giyim_magazasi,Mod F5,11526070421
giyim_magazasi,Nisa Gelinlik,11526070423
giyim_magazasi,Giyim Caddesi üçkuyular,11527696316
giyim_magazasi,Negü İç Giyim,11527696336
giyim_magazasi,Sevila Butik,11527696337
giyim_magazasi,Berceste Boutique,11549455777
giyim_magazasi,Bambino,11747284069
giyim_magazasi,LCW,11811972891
giyim_magazasi,nivago,11811972892
giyim_magazasi,Eymen Spot,11828820681
giyim_magazasi,Bulut Takı & Giyim,11878510408
giyim_magazasi,Elit Spor,11878510409
giyim_magazasi,Vena,11898578006
giyim_magazasi,hummel,11898581964
giyim_magazasi,Ataşehir İhracat Giyim Mağazası,11900073251
giyim_magazasi,Butik Leyla,11904325666
giyim_magazasi,Butik Buket,11904380382
giyim_magazasi,Sev-Jin,11917788844
giyim_magazasi,Lol,11920092043
giyim_magazasi,Deniz Ege,11925440297
giyim_magazasi,Panda Store,11959002218
giyim_magazasi,due,12000709029
giyim_magazasi,EneSs,12002697459
giyim_magazasi,Çıtıpıtı,12066194367
giyim_magazasi,Liza Jazz Accessories,12066194832
giyim_magazasi,Daniel Bogart,12117941971
giyim_magazasi,Forum Çarşı Pazar,12117941976
giyim_magazasi,Blacker's,12117941986
giyim_magazasi,Anka,12117941989
giyim_magazasi,RMN Collection,12117941991
giyim_magazasi,Barçın,12117941993
giyim_magazasi,İğne Personel Giyim,12117979004
giyim_magazasi,Aykut Collection,12117979022
giyim_magazasi,Habib,12117979046
giyim_magazasi,By Efendy,12117979076
giyim_magazasi,Kasaba,12117979078
giyim_magazasi,Çizgi,12117979113
giyim_magazasi,Çağrı Baytüzün,12222144591
giyim_magazasi,Li Li İç Giyim,12350509162
giyim_magazasi,Sedef Giyim Okul Kıyafetleri,12478442042
giyim_magazasi,Voga,12478442048
giyim_magazasi,Flagship,12478442051
giyim_magazasi,Palet Giyim,12478442053
giyim_magazasi,Don't Quit,12478442068
giyim_magazasi,Erkek Dolabı,12478442071
giyim_magazasi,Hisar Giyim,12657302937
giyim_magazasi,Çizgi Medikal İzmir,12942965188
giyim_magazasi,BY BARON Personel Kıyafetleri,12943149936
giyim_magazasi,Gön,12966122776
giyim_magazasi,Adem Exclusive,13048177661
giyim_magazasi,Karınca,13048190445
giyim_magazasi,Lime,13048230026
giyim_magazasi,Insane Minds,13048233342
giyim_magazasi,Sevim Kulpçu Modaevi,13059792347
giyim_magazasi,Vesper Luna Sarnıç,13116126199
giyim_magazasi,Vesper Luna Güzelbahçe,13116176141
giyim_magazasi,Minniks,13234909747
giyim_magazasi,Anadolu Mağazaları,13394756594
giyim_magazasi,Kab!n,13394768707
giyim_magazasi,Mert İç Giyim,13394768731
giyim_magazasi,Eymen Spor,13394768735
giyim_magazasi,Onurcan,13394768737
giyim_magazasi,Sempati Çamaşırları,13472858301
giyim_magazasi,Jondi,13472858314
giyim_magazasi,Fuşya,13472858320
giyim_magazasi,Diamond,13472858336
giyim_magazasi,Egeli Çocuk Giyim,13473069524
giyim_magazasi,Zey,13473069545
giyim_magazasi,Erdem Sport,13473069556
giyim_magazasi,Renk,13473177738
giyim_magazasi,Dynamo,13473177745
giyim_magazasi,Çağla Tekstil,13473177754
giyim_magazasi,Uztex,13473177755
giyim_magazasi,Galeri Kup,13473177767
giyim_magazasi,Tekçe Giyim,13473177775
giyim_magazasi,Chamartin,13473177779
giyim_magazasi,Karan,13473177791
giyim_magazasi,Marlis İç Giyim,13473372014
giyim_magazasi,Diva Plus,13473372016
giyim_magazasi,Bendis,13473469905
giyim_magazasi,Dualli Guetta,13473469907
giyim_magazasi,Laila Brides,13473469908
giyim_magazasi,Mayo Shop,13473469911
giyim_magazasi,Vio Boutique,13473469914
giyim_magazasi,Organic Republic,13598899655
giyim_magazasi,Tolga Saraçoğlu,13606020396
giyim_magazasi,İlya İç Giyim,13798350341
giyim_magazasi,Buse Çamaşırları,13798350368
giyim_magazasi,Messa,13798350378
giyim_magazasi,CWL,13798350383
giyim_magazasi,Tomato,13798350399
giyim_magazasi,Terzisi Eşref,4327032590
giyim_magazasi,Egeli Butik,4443479191
giyim_magazasi,Arifler Giyim,4580278790
giyim_magazasi,chıma,5104003222
giyim_magazasi,Ayda Tekstil A.Ş.,5270716521
giyim_magazasi,ModaCa,5278499697
giyim_magazasi,ÇamaşırcıM,5278499700
giyim_magazasi,Sport In Street Sur Yapı Marka AVM,5806346303
giyim_magazasi,Nisantashchi,8084082034
giyim_magazasi,Çetin Family,9524532017
giyim_magazasi,Ercan Seker,9761067583
giyim_magazasi,Cele,9761102312
giyim_magazasi,Bedrin XXXL,9762230490
giyim_magazasi,Senna XXXL,9762252056
giyim_magazasi,Antioch,9764080902
giyim_magazasi,Camel Giyim,10753876756
giyim_magazasi,H4,10753876759
giyim_magazasi,Mini İkizler,10754433344
giyim_magazasi,Nuyya's Butik,10756178427
giyim_magazasi,Kaan Bebe Terry Messy,12998482709
giyim_magazasi,İlhan İskit,13525768229
giyim_magazasi,Şenay Butik,13525768231
giyim_magazasi,Dominic Butic,2286525773
giyim_magazasi,Aden Lara,4258443110
giyim_magazasi,Neva outlet,4926881121
giyim_magazasi,ALVINA,5124552722
giyim_magazasi,Volos,5250909621
giyim_magazasi,İç Giyim,5254495083
giyim_magazasi,Wappo,5256036923
giyim_magazasi,Ela Mode,5256037030
giyim_magazasi,Asena,5257945743
giyim_magazasi,Eylül Türetken,5680128523
giyim_magazasi,Nur Giyim,6216243686
giyim_magazasi,Titan Shop,7007785085
giyim_magazasi,Modaline,8002116387
giyim_magazasi,FullaModa,8091207323
giyim_magazasi,Hippie cat,8434349820
giyim_magazasi,Red Cat,8434351221
giyim_magazasi,Gypsy Bazar,8437801217
giyim_magazasi,United colors of Benetton,8958307944
giyim_magazasi,MUDO Marina,8960532616
giyim_magazasi,CHARLY,8972199817
giyim_magazasi,Büşra Yıldız Butik,10154788846
giyim_magazasi,Balimm,10154841692
giyim_magazasi,Hurma outlet & butik,10214195475
giyim_magazasi,Angel,10218335968
giyim_magazasi,Sisline,10218335974
giyim_magazasi,By Patron Fashion,10218335984
giyim_magazasi,Charly,10218335992
giyim_magazasi,Darmian,10218335998
giyim_magazasi,Moda Line Park,10218335999
giyim_magazasi,Maniac,10218336002
giyim_magazasi,Nunki,10218345462
giyim_magazasi,Bonitas,10218345469
giyim_magazasi,Lidya Leather,10219505802
giyim_magazasi,Madame Jasme,10219528134
giyim_magazasi,Stem Uniquely Handcrafted,10219528136
giyim_magazasi,Barut Sport,10219528266
giyim_magazasi,On1y,10942224500
giyim_magazasi,Life's sports,11151283206
giyim_magazasi,Isnova,11279643569
giyim_magazasi,Plus Shopping center,11279679977
giyim_magazasi,Town Park,12244158259
giyim_magazasi,Invern'o,12285697047
giyim_magazasi,Calvin Klein,12453062444
giyim_magazasi,ViaDelleRose #VDR,12453062449
giyim_magazasi,Sportive,12475601082
giyim_magazasi,Occasion,12475601083
giyim_magazasi,Exxe,12475677280
giyim_magazasi,Azizoğlu tekstil,12627884601
giyim_magazasi,F&R Boutique,12914264770
giyim_magazasi,Eva Atelier,12915392295
giyim_magazasi,Victoria,12915392297
giyim_magazasi,Ella Wedding,12915392300
giyim_magazasi,D6 Wedding Dress,13368598503
giyim_magazasi,Lemporio Fashion,13368598506
giyim_magazasi,Moda Center,13368598516
giyim_magazasi,Sarı & Gri,13751994809
giyim_magazasi,Defacto,4567533403
giyim_magazasi,Piano,4567601285
giyim_magazasi,Boğa İç Giyim,4567605339
giyim_magazasi,Marchio,5140153022
giyim_magazasi,Poti,5741726014
giyim_magazasi,Saltanlar,5741736791
giyim_magazasi,Sport In Street Optimum Outlet AVM,5806323304
giyim_magazasi,Nehir Giyim,6838335095
giyim_magazasi,Fullamoda,7418471299
giyim_magazasi,Adana Demir Store,7418521039
giyim_magazasi,İrem Giyim,7910204815
giyim_magazasi,Gnc Moda,9910030876
giyim_magazasi,My Stil 01,12625463560
giyim_magazasi,KidsCom Store,12876492363
giyim_magazasi,Turtte Giyim,13232608649
giyim_magazasi,Bayram Özer,13793248963
giyim_magazasi,Moda 42,3652684617
giyim_magazasi,Serpil Butik,3704159262
giyim_magazasi,Eylül Eşarp,3919397472
giyim_magazasi,Ender,3921218482
giyim_magazasi,oskar okul formaları,4085406017
giyim_magazasi,Konya Store,5112610921
giyim_magazasi,Zeyno,8331032341
giyim_magazasi,İnci İç Giyim,12673075943
giyim_magazasi,Lost Men's Styling,12673075945
giyim_magazasi,MCR ODA CRISE,12673075948
giyim_magazasi,Çağla Yıldırım SOHO BOUTIQUE,12673075952
giyim_magazasi,Anıt Enstitü Pazarı,12673105684
giyim_magazasi,Aras Vintage,13075948048
giyim_magazasi,Serra Butik,13204440672
giyim_magazasi,New stayle,4715237390
giyim_magazasi,End Stop,5584509824
giyim_magazasi,DAGI,5904458988
giyim_magazasi,Pinar şems,5904472287
giyim_magazasi,SEPIL,5904472686
giyim_magazasi,Trend Giyim Mağazaları Yeşilevler Şubesi,12571133737
giyim_magazasi,Trend Giyim Mağazaları Mimarsinan Şubesi,12571159273
giyim_magazasi,Sport In Street Palm City AVM,5806299055
giyim_magazasi,Cadde AVM,6151478615
giyim_magazasi,Gezek Tekstil,6227247609
giyim_magazasi,Tokgözler Giyim,6276407843
giyim_magazasi,Aslanlar Giyim,6284030919
giyim_magazasi,Durna Giyim,6284033400
giyim_magazasi,Mizgin Giyim Ucuzluk Pazarı,6292882602
giyim_magazasi,Yasin Giyim,6292901084
giyim_magazasi,Cıvıl,6760847285
giyim_magazasi,Elif Gelinlik,6852449371
giyim_magazasi,Tekdağ Giyim,6852449383
giyim_magazasi,Soli Center,7193481386
giyim_magazasi,Oleg Cassini,8922845348
giyim_magazasi,Journey,8922845356
giyim_magazasi,LCW Wakiki Palm City AVM,10793588905
giyim_magazasi,Petrol,13472867101
giyim_magazasi,Komşu,13770290826
giyim_magazasi,Sayınlar,9168120398
giyim_magazasi,Civilim,10285471531
giyim_magazasi,Papatya Butik,12718365907
giyim_magazasi,Butik Sakura,12869145715
giyim_magazasi,Gülşah Baby Kids,12869145726
giyim_magazasi,Kayıp Kıtanın Sandığı Butik,12869145733
giyim_magazasi,Birelin,12874019890
giyim_magazasi,Bovem,12874019891
giyim_magazasi,g-Lingerie,12874102207
giyim_magazasi,Kiko Milano,12874102213
giyim_magazasi,Lee Wrangler,12874102218
giyim_magazasi,Tamer Tanca,12874102238
giyim_magazasi,W Collection,12874102245
giyim_magazasi,Guerro Classic,12874102268
giyim_magazasi,Lescon,12874102274
giyim_magazasi,Morven,12874102281
giyim_magazasi,Vels,12874102288
giyim_magazasi,Wessi,12874102289
giyim_magazasi,Özgür Yağmur Butik,4623161689
giyim_magazasi,Hba Collcection,5296609335
giyim_magazasi,İpek Konfeksiyon Tuhafiye,6547632145
giyim_magazasi,Hakan Tuhafiye Kırtasiye,12139260445
giyim_magazasi,Kocaeli Tekstil Aytaç Peşkirsoy,8510766530
giyim_magazasi,Hekimoğlu Giyim LTD.ŞTİ.,8512195417
giyim_magazasi,Mutlu Balıkçılık,8512767820
giyim_magazasi,Manavoğlu Giyim,8512935719
giyim_magazasi,Nur tuhafiye,8512970217
giyim_magazasi,Tiny Miny Kids,9505919142
giyim_magazasi,Vakko Outlet,9576106229
giyim_magazasi,UKİ,9576106237
giyim_magazasi,Dufy Outlet,9576106239
giyim_magazasi,Beymen Business / Altınyıldız Classics,9576106242
giyim_magazasi,Minel,9576106252
giyim_magazasi,Lee Cooper,9576106259
giyim_magazasi,Panço Outlet,9576106274
giyim_magazasi,Madame Moss,9576106282
giyim_magazasi,Nike Factory Store,9576106285
giyim_magazasi,Çift Geyik Karaca,9576106286
giyim_magazasi,Pınar Giyim,9581417672
giyim_magazasi,Setr-i Aşk,9617220517
giyim_magazasi,Echol,9777832214
giyim_magazasi,Aykut Giyim,9777844529
giyim_magazasi,Aso Socks Çorap & Çamaşır,9779556428
giyim_magazasi,Mudo Concept,9847953592
giyim_magazasi,Garnal Outlet,9848156023
giyim_magazasi,Paulmark,9848619751
giyim_magazasi,Akoğlu Giyim,9850338350
giyim_magazasi,Köstebek,9850367322
giyim_magazasi,Kaktüs,9850367324
giyim_magazasi,Encici,9850369971
giyim_magazasi,Kaya Giyim,9850375043
giyim_magazasi,Cixspor,9850375052
giyim_magazasi,2yaka,9850375457
giyim_magazasi,ZT İş Güvenliği,9850405910
giyim_magazasi,Hanzade Butik,9852857388
giyim_magazasi,Bursa Kumaş Pazarı,9852857393
giyim_magazasi,Gülen Çocuk Giyim,9852857394
giyim_magazasi,Polim Pier,9852857401
giyim_magazasi,Leonita,9852857404
giyim_magazasi,Beşler,9853449780
giyim_magazasi,Şennur,9853449784
giyim_magazasi,Engin İpek,9853449787
giyim_magazasi,Senem,9853449793
giyim_magazasi,Gülse Gelinlik,9853449794
giyim_magazasi,Gala,9956954349
giyim_magazasi,Kızlar,9956954356
giyim_magazasi,Kardelen Moda Evi,9956954362
giyim_magazasi,Şafak,9957045552
giyim_magazasi,ABC,9957045556
giyim_magazasi,Gardırop,9957045576
giyim_magazasi,Aso Socks,9957045577
giyim_magazasi,Karan Tuhafiye,9957045579
giyim_magazasi,Pera,9957045582
giyim_magazasi,G Lingerie,9957045583
giyim_magazasi,Tuvid XXXL,9957045591
giyim_magazasi,Sükse,9957045594
giyim_magazasi,Rio,9957045596
giyim_magazasi,Başka,9957045604
giyim_magazasi,Keçi,9957045605
giyim_magazasi,Alba İpek,9957056418
giyim_magazasi,Saklambaç Çocuk Giyim,9957056419
giyim_magazasi,Tarık,9957056421
giyim_magazasi,Ekrem,9957056422
giyim_magazasi,Cix Sport,9957130579
giyim_magazasi,Nidua Giyim,9968718995
giyim_magazasi,Kokosh Outlet,9993058389
giyim_magazasi,Esra Üstün Outlet,9993058402
giyim_magazasi,Miss Beyza Butik,9993058404
giyim_magazasi,Loup Store,9993058412
giyim_magazasi,Kimbumoda,9993058415
giyim_magazasi,SakuraStore,9993073928
giyim_magazasi,ModaMia,9993073930
giyim_magazasi,Black White,9993073933
giyim_magazasi,Moda Pia,9993073934
giyim_magazasi,Arwen,9993073945
giyim_magazasi,Serra Gelinlik,9993343480
giyim_magazasi,Twister,9993343489
giyim_magazasi,Talay,9993343509
giyim_magazasi,Prestij Gelinlik,9993347717
giyim_magazasi,Baştacı Moda,9993347719
giyim_magazasi,Elele Modaevi,9993347723
giyim_magazasi,Elif Tuhafiye,10152061298
giyim_magazasi,İmza,10674850739
giyim_magazasi,NCity Sosyete Pazarı,10713186043
giyim_magazasi,Cosmo Trend,10733696812
giyim_magazasi,Arda Giyim,10733744680
giyim_magazasi,Javen,10755881541
giyim_magazasi,Miss Defne,10755881543
giyim_magazasi,Damla Butik,10834484435
giyim_magazasi,Soleil Boutique,10834484437
giyim_magazasi,ChickiBoow Boutique,10834484438
giyim_magazasi,1Nur Boutique,10834484444
giyim_magazasi,Shila Boutique,10834484445
giyim_magazasi,Jade Moda Evi,11158041641
giyim_magazasi,Hicaz Giyim,12057013559
giyim_magazasi,Aysima Şal&Eşarp,12057726468
giyim_magazasi,Melek Giyim,12057741177
giyim_magazasi,İstanbul Eşarp,12057741185
giyim_magazasi,Oldu Giyim,12057741186
giyim_magazasi,Aslan Giyim,12057741188
giyim_magazasi,Galleria,12057741189
giyim_magazasi,Asr-ı Zara Moda,12057741206
giyim_magazasi,Özen Moda,12057741229
giyim_magazasi,Badegül İç Giyim,12215645057
giyim_magazasi,Neşe Kocabey Wedding,12909380214
giyim_magazasi,Bohem,13152745041
giyim_magazasi,Jungle,13152745081
giyim_magazasi,FKS Giyim Tekstil,13152866032
giyim_magazasi,Cleim,13152910908
giyim_magazasi,İmalattan Doğrudan Satış,13153873561
giyim_magazasi,Fethiye Şal,13153892450
giyim_magazasi,7 Cihan Organizasyon Çeyiz,13153892463
giyim_magazasi,Burcu Çeyiz,13153892464
giyim_magazasi,Kozmetik Center,4623479190
giyim_magazasi,Fulla moda,4949214892
giyim_magazasi,LC,5071663737
giyim_magazasi,Şanzelize Moda,3775794478
giyim_magazasi,Mudo Forum Çamlık,3787622382
giyim_magazasi,Gürlesin İç Giyim,3792383013
giyim_magazasi,Fatoş Abla İç Giyim,3869723086
giyim_magazasi,Panço Oyuncak Forum Çamlık,4375668828
giyim_magazasi,Dagi İç Giyim Forum Çamlık,4375668857
giyim_magazasi,AVVA Forum Çamlık,4375668859
giyim_magazasi,Accesorize Forum Çamlık,4375668873
giyim_magazasi,Coquet Forum Çamlık,4375668874
giyim_magazasi,Geyik Design Forum Çamlık,4375668875
giyim_magazasi,Şahan Giyim,4497209992
giyim_magazasi,McKanzie,10588813018
giyim_magazasi,Lıvaa Bebe,10721153834
giyim_magazasi,Gurlesın,10779857546
giyim_magazasi,Shery Boutique,10789660478
giyim_magazasi,Esgül,10792403829
giyim_magazasi,Neriman Çiçekel exclusive,13711210289
kisisel_bakim,Şehremini Erkek Kuaförü,909565130
kisisel_bakim,Pınar Bayan Kuaförü,963273273
kisisel_bakim,Yilmaz Kuaför,1313818246
kisisel_bakim,Saç Kuaför,1651386310
kisisel_bakim,Yeliz Meriç Kuaför,2261241219
kisisel_bakim,Nihat Berber,2264696390
kisisel_bakim,Irmak Gündüz Saç Tasarım,2266985366
kisisel_bakim,Kırık Makas Kuaför,2266985368
kisisel_bakim,Kuaför Tuncay,2266991209
kisisel_bakim,Irmak Gündüz Kuaför,2268511630
kisisel_bakim,Değişim Kuaför,2277548267
kisisel_bakim,YUTU Kuaför,2277559842
kisisel_bakim,Ekinoks Kuaför,2282195574
kisisel_bakim,Gültekin,2446621526
kisisel_bakim,Diamante,2514316502
kisisel_bakim,Miss,2516606266
kisisel_bakim,Firat,2516606268
kisisel_bakim,CLASS,2516606269
kisisel_bakim,Coiffeur Ali,2535079226
kisisel_bakim,Boucle Kuaför,2741081541
kisisel_bakim,Şevki Erkek Kuaförü,2828718476
kisisel_bakim,Atilla - Meaut Kuaför,2828786811
kisisel_bakim,Nes Kuaför,2828978263
kisisel_bakim,Gratis,3053092308
kisisel_bakim,Toka Kuaför,3053123263
kisisel_bakim,Kadir Erkek Kuaförü,3128925184
kisisel_bakim,Saka,3190122162
kisisel_bakim,New Trend Bayan Kuaförü,3522198970
kisisel_bakim,ZK Kuaför,3713402856
kisisel_bakim,Kuaför Muzo,4084829393
kisisel_bakim,Ruj,4291283091
kisisel_bakim,queen güzellik merkezi,4302265390
kisisel_bakim,Burağın Makası,4308887389
kisisel_bakim,Sante Enstitü,4395626589
kisisel_bakim,Kıvanç Kuaför,4416236592
kisisel_bakim,Organic Me,4465325493
kisisel_bakim,Estecenter Plastik Cerrahi Merkezi,4470261889
kisisel_bakim,Nalan Rukun Kalıcı Makyaj Stüdyosu,4481115191
kisisel_bakim,MAC Cosmetics,4483816195
kisisel_bakim,Gani Berber,4527948285
kisisel_bakim,Eyüp Erkek Kuaförü,4529867639
kisisel_bakim,Arzum Kuaför,4533888122
kisisel_bakim,Ekrem Kuaför,4540120867
kisisel_bakim,Zeki Erkek Kuaförü,4544869629
kisisel_bakim,Ayyıldız Erkek Kuaförü,4544875305
kisisel_bakim,First Class Erkek Kuaförü,4544880353
kisisel_bakim,Meydan Bayan Kuaförü,4544880373
kisisel_bakim,Aydın Erkek Kuaförü,4545351885
kisisel_bakim,Elite Erkek Kuaförü,4545352690
kisisel_bakim,Fön Kuaför,4545924389
kisisel_bakim,Salon Bella,4547028697
kisisel_bakim,Yıldırım Keskin Coiffure,4548080981
kisisel_bakim,Birsen,4549810614
kisisel_bakim,Trend Erkek Kuaförü,4551321474
kisisel_bakim,SY Kuaför,4552986876
kisisel_bakim,Öykü Kuaför,4553040640
kisisel_bakim,Bayan Kuaför Solarium,4557736241
kisisel_bakim,Anatolia Kuaför,4559092318
kisisel_bakim,DOSS Kuaför,4559446879
kisisel_bakim,D&P Parfümeri,4564042366
kisisel_bakim,Engin & Sema Güzellik Salonu,4564983594
kisisel_bakim,Buray Bayan Kuaförü,4564988104
kisisel_bakim,Uğur Kuaför,4565646112
kisisel_bakim,Bülent Cansu,4565646116
kisisel_bakim,Ecem Çiftçi Kuaför,4565646125
kisisel_bakim,Engin Erkek Kuaförü,4567361964
kisisel_bakim,Duygu Bayan Kuaför,4567458509
kisisel_bakim,Funda,4569277991
kisisel_bakim,Berber Muharrem,4571443108
kisisel_bakim,Mustafa Berber,4573155472
kisisel_bakim,Fenomen,4573198453
kisisel_bakim,Arkadaş Erkek Kuaförü,4573331877
kisisel_bakim,Berber Mesut,4573351352
kisisel_bakim,Ahmet Kuaför,4573354541
kisisel_bakim,Salon Peruna,4575518106
kisisel_bakim,Merve Güzellik Salonu / Kuaför,4575518126
kisisel_bakim,Bayan Kuaförü,4575518133
kisisel_bakim,Bay Kuaför Ayhan,4576270834
kisisel_bakim,Paris Women Coiffeur,4577945778
kisisel_bakim,Yves Rocher,4578170887
kisisel_bakim,İlknur Bayan Kuaförü,4580351446
kisisel_bakim,Yakut,4580351448
kisisel_bakim,Mimoza,4580351452
kisisel_bakim,Ali Hüseyin,4580351507
kisisel_bakim,DS Bayan Kuaförü,4580351509
kisisel_bakim,Ahmet erkek berberi,4580351511
kisisel_bakim,Uğur,4580351524
kisisel_bakim,Eve Shop,4581497816
kisisel_bakim,Eva Kuaför,4582025347
kisisel_bakim,baymakas,4582025365
kisisel_bakim,Berbers,4582592031
kisisel_bakim,eve kozmetik,4582847427
kisisel_bakim,kuaför onur,4583084619
kisisel_bakim,tuana güzellik salonu,4583710447
kisisel_bakim,elisa saç design,4583710457
kisisel_bakim,Lemon Bayan Kuaförü,4583712208
kisisel_bakim,Craft Saç Tasarım,4583712209
kisisel_bakim,Serdar Bayram Saç Tasarım,4585208312
kisisel_bakim,Asel & Nilda,4585242942
kisisel_bakim,Doğa Güzellik,4586676696
kisisel_bakim,Locca Kuaför,4596486789
kisisel_bakim,Alebra Beauty - Güzellik Salonu,4596873092
kisisel_bakim,Tanit Estetik,4674903136
kisisel_bakim,Doğa Saç Tasarım,4691931855
kisisel_bakim,kanarya erkek kuaförü,4691931895
kisisel_bakim,neva güzellik merkezi,4691931904
kisisel_bakim,Divanes Kuaför,4818383623
kisisel_bakim,Hair Salon Andromeda,4831449928
kisisel_bakim,Bis's Coiffeur,4909288490
kisisel_bakim,Melek Akbaşlı Saç Tasarım Merkezi,4914721750
kisisel_bakim,Studio Volumes,4942697223
kisisel_bakim,Sanat Zamanı Erkek Kuaförü,4998558693
kisisel_bakim,Hatice Kaşık Bayan Kuaförü ve Güzellik Salonu,5024211327
kisisel_bakim,Saloon Master Koray & Serkan,5052110922
kisisel_bakim,Küaför,5052121222
kisisel_bakim,SEMA BAYAN KUAFÖRÜ,5067160321
kisisel_bakim,Metal Tarak,5073797627
kisisel_bakim,kuaforu hasan,5075960986
kisisel_bakim,Charizma erker kuaforu,5075961000
kisisel_bakim,Hoşses erkek kuaforu,5075962023
kisisel_bakim,Yusuf erkek kuaforu,5075962030
kisisel_bakim,Kuafor sebahattin,5075962031
kisisel_bakim,Kuafor necati,5075962033
kisisel_bakim,Efsane Berber,5075994625
kisisel_bakim,Ezgi sengül bayan kuaförü,5076114614
kisisel_bakim,Nadir berber,5076114617
kisisel_bakim,Kuaför Erkan,5076115937
kisisel_bakim,Filiz coiffeur,5076166157
kisisel_bakim,Özlem bayan kuaförü,5076166163
kisisel_bakim,Değişim Bayan Kuaforu,5081264677
kisisel_bakim,Elit Erkek Kuaforu,5081264680
kisisel_bakim,Şeyda Saloon,5081264685
kisisel_bakim,Silber Erkek Kuaforu,5081264705
kisisel_bakim,Stil Erkek Kuaforu,5081264715
kisisel_bakim,Baynur Erkek ve Bayan Kuaforu,5081265934
kisisel_bakim,Inci Çizellik Salonu,5081265945
kisisel_bakim,Historia Erkek Kuaforu,5081265949
kisisel_bakim,Mansur erkek kuaforu,5081274086
kisisel_bakim,Serap Kuaforu,5081274092
kisisel_bakim,Foerver Kuaforu,5081274328
kisisel_bakim,Ehli Makas Berberim,5081442448
kisisel_bakim,Volkan Erkek Kuaförü,5081442463
kisisel_bakim,Ahmet Erkek kuaförü,5081442503
kisisel_bakim,Şahin,5081442519
kisisel_bakim,Yıldız Bayan Kuaförü,5081445104
kisisel_bakim,Umut-Fatih Erkek kuaförü,5081445107
kisisel_bakim,Atilla kuaför,5081610911
kisisel_bakim,Kardelen bayan kuaför,5081610917
kisisel_bakim,Eser Erkek Kuaförü,5081610943
kisisel_bakim,Kadircan erkek kuaförü,5081610972
kisisel_bakim,Doğan Erkek Kuaförü,5086061042
kisisel_bakim,Emir Erkek Kuaförü,5086061043
kisisel_bakim,By MUIS,5086061088
kisisel_bakim,Natural erkek kuaförü,5087172325
kisisel_bakim,Burhan kuaför,5087172344
kisisel_bakim,H ve G bayan kuaför,5087179435
kisisel_bakim,Onur kartal bayan kuaförü,5087179438
kisisel_bakim,Derya Kuaför,5088190894
kisisel_bakim,Seheryeli Kuaför,5088190912
kisisel_bakim,Plan B Kuaför,5088192781
kisisel_bakim,Sedat Özer kuaför,5088192786
kisisel_bakim,Kızım Kuaför,5088192793
kisisel_bakim,Taç Kuaför,5088192801
kisisel_bakim,Meral Kuaförü,5088192807
kisisel_bakim,Ahmet kuaför,5088192810
kisisel_bakim,Yaşar Erkek kuaförü,5088194823
kisisel_bakim,Zarife Kuaför,5088194858
kisisel_bakim,Black Blood Erkek Kuaförü,5088194877
kisisel_bakim,Nehir Saç Tasarım,5088194887
kisisel_bakim,Sanat Bayan Kuaförü,5088194895
kisisel_bakim,Ayşe Kuaför,5088194896
kisisel_bakim,Kuaför Serap,5088194903
kisisel_bakim,Doğuş Erkek Kuaförü,5088194909
kisisel_bakim,Filiz Saç Boyama ve Ağda Salonu,5088194914
kisisel_bakim,Mutassim Kuaförü,5088194915
kisisel_bakim,Nurşen Kuaför,5088197340
kisisel_bakim,Gizem Kuaför,5099040172
kisisel_bakim,Bahar Eyüp Bayan Kuaförü,5099040218
kisisel_bakim,Kuaför Sadi,5099056168
kisisel_bakim,Aziz erkek kuaförü,5099056180
kisisel_bakim,İlyas erkek kuaförü,5099056192
kisisel_bakim,Aleyna bayan kuaförü,5099058124
kisisel_bakim,A.semetay Temizlik ve kozmetik,5099060699
kisisel_bakim,Mehmet keser bayan kuaförü,5099060701
kisisel_bakim,Kuaförüm,5099060715
kisisel_bakim,Kapris bayan kuaförü,5099062133
kisisel_bakim,Rozi bayan kuaförü,5099062142
kisisel_bakim,Kuaför murat,5099062145
kisisel_bakim,Lusi kuaför,5099062146
kisisel_bakim,Milano bayan kuaförü,5099062154
kisisel_bakim,Öznur Tuhafiye,5099065464
kisisel_bakim,Hair time berber,5099065468
kisisel_bakim,NadirBberber,5099065473
kisisel_bakim,Seher bayan kuaförü,5100823668
kisisel_bakim,Kardelen Kuaför,5100823710
kisisel_bakim,Star erkek kuaförü,5100825085
kisisel_bakim,Efe erkek kuaförü,5100825090
kisisel_bakim,Mısra kuaför,5103810737
kisisel_bakim,Yeliz bayan kuaförü,5103810739
kisisel_bakim,Nesim kuaför,5103810760
kisisel_bakim,Kirem barber saloon,5106118260
kisisel_bakim,Şaden Kuaför,5106122300
kisisel_bakim,Tuna Kuaforu,5106122945
kisisel_bakim,Kuafor Ferhat,5106122952
kisisel_bakim,Ayhan Erkak Kuaforu,5106122969
kisisel_bakim,New Look,5106124128
kisisel_bakim,Moda Barber Shop,5106125526
kisisel_bakim,Fatih Erkek Kuaförü,5106131082
kisisel_bakim,Feam Frend,5106132750
kisisel_bakim,Damat,5106133708
kisisel_bakim,Kuaför Salih,5106133716
kisisel_bakim,Chanel Kuaförü,5106133719
kisisel_bakim,A plus Salonu,5106134526
kisisel_bakim,Zey & Nep Kuaförü,5106134532
kisisel_bakim,Papyon Salonu,5106134534
kisisel_bakim,Arzum Kuaförü,5106134544
kisisel_bakim,Arif Erkek Kuaförü,5107243158
kisisel_bakim,Sümbül Efendi Erkek Kuaförü,5107243164
kisisel_bakim,Murat Erkek Kuaförü,5107243167
kisisel_bakim,Ozan Kuaförü,5107243174
kisisel_bakim,Doruk Erkek Kuaförü,5107243175
kisisel_bakim,Önder Erkek Kuaförü,5107243187
kisisel_bakim,Bülent Erkek Kuaförü,5107243201
kisisel_bakim,Liva Kuaförü,5107245364
kisisel_bakim,Favori Erkek Kuaförü,5107245365
kisisel_bakim,Eray Erkek Kuaförü,5107245397
kisisel_bakim,Çağrı Erkek Kuaförü,5107245403
kisisel_bakim,Gülüm Berber,5107245417
kisisel_bakim,Burç Erkek Kuaförü,5107247536
kisisel_bakim,Candy Bayan Kuaförü,5107247553
kisisel_bakim,Kuaför Yasin,5107247555
kisisel_bakim,Aşkın Saç Tasarım,5107247561
kisisel_bakim,Kuaför Naıl,5107247566
kisisel_bakim,Dejavu Kadın Kuaförü,5107247579
kisisel_bakim,Emine Kuaförü,5107247593
kisisel_bakim,Berat Erkek Kuaförü,5107247595
kisisel_bakim,İbiza kuaför,5107305618
kisisel_bakim,Kuaför yasin,5107305833
kisisel_bakim,My angel bayan kuaförü,5107305839
kisisel_bakim,Class kuaför,5107305860
kisisel_bakim,Lider erkek kuaförü,5107305865
kisisel_bakim,Seda erkek kuaförü,5107305868
kisisel_bakim,Gül erkek kuaförü,5107305872
kisisel_bakim,Paradise erkek kuaförü,5107305901
kisisel_bakim,Aksaray kozmetik,5107305904
kisisel_bakim,Kuaför zafer,5107305905
kisisel_bakim,Voys Erkek Kuaförü,5107305908
kisisel_bakim,Studex,5108827998
kisisel_bakim,Ekip Bay Bayan Kuaförü,5108828015
kisisel_bakim,Felicity spa,5108828658
kisisel_bakim,Cihan Erkek Kuaförü,5108836419
kisisel_bakim,The Premium Barber,5108843388
kisisel_bakim,Rimedzö Barber Shop,5108843723
kisisel_bakim,Erkek Kuaförü Ali,5108844437
kisisel_bakim,Joy Kuaförü,5109654698
kisisel_bakim,Süleymaniye cicim kuaför,5110342154
kisisel_bakim,Akdeniz kuaför,5110342167
kisisel_bakim,Kuaför osman,5110342198
kisisel_bakim,Salon ibo,5110344541
kisisel_bakim,Salon uefa,5110347200
kisisel_bakim,Kader erkek kuaförü,5110347205
kisisel_bakim,Kuafor,5111214077
kisisel_bakim,Bayan kuafor,5111214083
kisisel_bakim,Seher yeli,5111214102
kisisel_bakim,Lastik servis,5111214105
kisisel_bakim,Erdi kuafor,5111214117
kisisel_bakim,Manc clup,5111215127
kisisel_bakim,Metin erkek kuafor,5111215180
kisisel_bakim,Erkek kuafor,5111215189
kisisel_bakim,Palanc,5111215205
kisisel_bakim,Elji,5111215214
kisisel_bakim,Trendy,5111215736
kisisel_bakim,Viva,5111215749
kisisel_bakim,Lilieth,5111215757
kisisel_bakim,Balcı Stil Men Coiffeur,5112723902
kisisel_bakim,Sweet Erkek Kuaförü,5112723903
kisisel_bakim,Paşam Erkek Kuaförü,5112725524
kisisel_bakim,Hair World,5112725559
kisisel_bakim,Beycan Erkek Kuaförü,5112725573
kisisel_bakim,Grand Erkek Kuaförü,5112725585
kisisel_bakim,Taç kuaförü,5112725589
kisisel_bakim,Nisa Bayan Kuaförü,5112725604
kisisel_bakim,Roma Cosmetic,5112728841
kisisel_bakim,Kümbet bijuteri accessories,5112732248
kisisel_bakim,Eyfel Erkek Kuaförü,5112735264
kisisel_bakim,Ulgen Bijuteri,5112736067
kisisel_bakim,Metin Toka,5112739249
kisisel_bakim,Uğur Elek Kuaförü,5112749093
kisisel_bakim,Cix Erkek Kuaförü,5112749110
kisisel_bakim,Kardeşler Erkek Kuaförü,5112750830
kisisel_bakim,Kuaför Müjdat,5112750902
kisisel_bakim,Kuaför mehmet,5112834039
kisisel_bakim,T shop,5112834080
kisisel_bakim,Viva bayan kuaförü,5112966993
kisisel_bakim,Trend Kuaför,5113125314
kisisel_bakim,Despinya Kuaför,5113126647
kisisel_bakim,Diva Kuaför,5113126665
kisisel_bakim,Nefes Kuaför,5113126693
kisisel_bakim,Concept Coiffeur,5113126705
kisisel_bakim,Esteroza Estetik Ve Güzellik,5113126709
kisisel_bakim,Naz,5113126717
kisisel_bakim,Albe Bayan Kuaförü,5113128105
kisisel_bakim,VİP Saloon,5113128241
kisisel_bakim,Barber salonu,5113462478
kisisel_bakim,Kuaför can,5113464993
kisisel_bakim,Ömer sevimli,5113465001
kisisel_bakim,Yakamoz,5113465018
kisisel_bakim,Kral,5113465225
kisisel_bakim,Metin erkek kuaförü,5113465242
kisisel_bakim,Serdar erkek kuaförü,5113465258
kisisel_bakim,Baran Erkek Kuaförü,5113472204
kisisel_bakim,Yavuz erkek kuaförü,5113480878
kisisel_bakim,Derin,5113480908
kisisel_bakim,Şeref erkek kuaförü,5113481341
kisisel_bakim,Violetta,5113481342
kisisel_bakim,Berberim ayhan,5113481344
kisisel_bakim,Kuaför haliç,5113481413
kisisel_bakim,Fatih malta erkek kuaförü,5113483378
kisisel_bakim,Sahra,5113483383
kisisel_bakim,Yaman,5113483637
kisisel_bakim,Ayhan,5113483641
kisisel_bakim,Celal kuaför,5113483648
kisisel_bakim,Beraber,5113483659
kisisel_bakim,Radikal,5113483664
kisisel_bakim,Lavo,5113483667
kisisel_bakim,Halil kuaför,5113483668
kisisel_bakim,Saray,5113483673
kisisel_bakim,Firat kuaför,5113483684
kisisel_bakim,Abed erkek kuaförü,5113483696
kisisel_bakim,Ak & el,5113487022
kisisel_bakim,T Shop,5113487665
kisisel_bakim,Tutku bayan kuaförü,5113487690
kisisel_bakim,Songül saç tasarım,5113487694
kisisel_bakim,Karizma erkek kuaförü,5113487701
kisisel_bakim,Nuran bayan kuaförü,5113487707
kisisel_bakim,kerim,5113487710
kisisel_bakim,Vip erkek kuaförü,5113495696
kisisel_bakim,Kuaför ali,5113495709
kisisel_bakim,Zain,5113495715
kisisel_bakim,Adem erkek kuaförü,5113495923
kisisel_bakim,Türkan kuaför,5113495925
kisisel_bakim,Gülçin,5113495929
kisisel_bakim,Arzum erkek kuaförü,5113495948
kisisel_bakim,Kuaför nihat,5113495955
kisisel_bakim,Why not,5113500225
kisisel_bakim,Istanbul estetist polikliniği,5113500795
kisisel_bakim,Coiffeur ADA,5113557346
kisisel_bakim,Kadın Kuaförü,5113590262
kisisel_bakim,Ali Erkek kuaförü,5113590264
kisisel_bakim,Kuaforum isa&levent,5113590272
kisisel_bakim,Yeni Saray Erkek kuaför,5113590275
kisisel_bakim,Kübra Kadın Kuaförü,5113590278
kisisel_bakim,Celal & Nebahat kadın kuaförü,5113590291
kisisel_bakim,Megi Bayan Kuaförü,5113590297
kisisel_bakim,Erkek Kuaförü Nuri,5113590300
kisisel_bakim,DONE kuaför münir,5113592134
kisisel_bakim,Poris,5113592144
kisisel_bakim,DR.ARIS ISTANBUL,5113592177
kisisel_bakim,STELLA bayan kuaförü,5113592179
kisisel_bakim,İnter erkek kuaförü,5113592182
kisisel_bakim,Yakup Kuaför güzellik salonu,5113592186
kisisel_bakim,kuaför hilmiye,5113592190
kisisel_bakim,cossta cosmetic station,5113592196
kisisel_bakim,Kuafor yusuf,5113598492
kisisel_bakim,Sami kuafor,5113598497
kisisel_bakim,kuafor,5113598502
kisisel_bakim,Nadid erkek kuaforu,5113598514
kisisel_bakim,Serpil kadın kuaforu,5113599424
kisisel_bakim,Mila kozmetik,5113599429
kisisel_bakim,Oskar kozmetik,5113599431
kisisel_bakim,Eyup erkek kuafor,5113599432
kisisel_bakim,Bayan kuaforu,5113599438
kisisel_bakim,Osman erkek kuaforu,5113599447
kisisel_bakim,Salon euro still,5113599448
kisisel_bakim,Erdal Erkek kuaforu,5113599461
kisisel_bakim,Bahadı Erkek Kuaförü,5113599463
kisisel_bakim,Magic Hands,5113599467
kisisel_bakim,Nesrin kuafor,5113599469
kisisel_bakim,Çağlar erkek kuaforu,5113599478
kisisel_bakim,Huzur Kuafor,5113599496
kisisel_bakim,Salon Kuaförü,5113599505
kisisel_bakim,Marmara Erkek Berber,5113599738
kisisel_bakim,Erkek kuaförü,5113609498
kisisel_bakim,Yahya kuafor,5113610077
kisisel_bakim,Vildan bayan kuaforu,5113610083
kisisel_bakim,Durmuş kuafor,5113610112
kisisel_bakim,Kufor mustafa,5113611449
kisisel_bakim,Aslı bayan kuaforu,5113611452
kisisel_bakim,Bigstar berber,5113611461
kisisel_bakim,Prens kuaforu,5113611464
kisisel_bakim,Popmen Erkek kuaforu,5113611467
kisisel_bakim,Kuafor çetin,5113611473
kisisel_bakim,Jön x Erkek kuaforu,5113611480
kisisel_bakim,Rabia Saç Tasarım,5113611482
kisisel_bakim,Kadın kuaforu,5113611498
kisisel_bakim,Kufor mehmet,5113611516
kisisel_bakim,Modern sıhhi tesisat,5113612626
kisisel_bakim,Erkek kuaforu,5113612631
kisisel_bakim,Salon laroz,5113612636
kisisel_bakim,Duygu kuafor,5113615730
kisisel_bakim,Murat kuafor,5113615738
kisisel_bakim,Sultanahmet Hair Designer,5113623104
kisisel_bakim,Arzu kuaför,5115311038
kisisel_bakim,Aytuğ Kuaför,5115933146
kisisel_bakim,Filinte Erkek Kuaförü,5115933149
kisisel_bakim,Aydın Balcı - Kuaför,5115933171
kisisel_bakim,Melisa Temizlik,5115933190
kisisel_bakim,Golden Fingers,5115937201
kisisel_bakim,Vatan Kozmetik,5115937203
kisisel_bakim,Ender Çolak Saç Tasarımı,5115937206
kisisel_bakim,İxir Saç Tasarım,5115937207
kisisel_bakim,Romans Bijuteri,5115937211
kisisel_bakim,Manolya Erkek Kuaförü,5115937216
kisisel_bakim,Erkek Kuaförü,5115937328
kisisel_bakim,Aksoy Aktar Sağlıklı yaşam merkezi,5115937334
kisisel_bakim,Güzellik salonu,5115937358
kisisel_bakim,Duru Kozmetik Dünyasi,5115937361
kisisel_bakim,Ali Kuaför,5115937829
kisisel_bakim,Saloon Perihan,5115937835
kisisel_bakim,Asil Erkek Kuaförü,5115937989
kisisel_bakim,Sibel Kuaför,5115938014
kisisel_bakim,Kadriye Mustafa Kuaför,5115938018
kisisel_bakim,Kuaför Ali Ünlüler,5115938135
kisisel_bakim,Aura Erkek Kuaförü,5115939243
kisisel_bakim,Class Berber Shop,5115939257
kisisel_bakim,Saygın Erkek Kuaförü,5115940966
kisisel_bakim,Kulis Saç Tasarım ve Güzellik,5115940979
kisisel_bakim,Mina Kuaför,5115940993
kisisel_bakim,Bosfor Bey ve Bayan Kuaförü,5130434273
kisisel_bakim,Amerikan Coiffur,5130434283
kisisel_bakim,eganis,5147260522
kisisel_bakim,Kuaför Hakan,5242879028
kisisel_bakim,T.shop,5243945183
kisisel_bakim,Erkek küaforü,5243950220
kisisel_bakim,Angil's Guzellik salonu,5243950935
kisisel_bakim,Bast man,5243950942
kisisel_bakim,Berber Burhan,5243950946
kisisel_bakim,Kuafor & Guzellik salonu,5243951375
kisisel_bakim,Nervana,5243951377
kisisel_bakim,Salon vefalim,5243951393
kisisel_bakim,Çınar,5243951395
kisisel_bakim,Damaskino,5243951407
kisisel_bakim,guzellik salonu,5243951421
kisisel_bakim,Haydar,5243951433
kisisel_bakim,Kuafor carizma,5243951512
kisisel_bakim,Laboss erkek kuaforu,5243951515
kisisel_bakim,Esss kuafor,5243951524
kisisel_bakim,Makkas,5243951529
kisisel_bakim,salonmiç,5243952008
kisisel_bakim,Marwa Salon,5243952013
kisisel_bakim,Özlem kuafor,5243952321
kisisel_bakim,Kuafor orhan,5243952626
kisisel_bakim,Kuafor Ali,5243952649
kisisel_bakim,Yonca kuafor,5243952724
kisisel_bakim,battal kuafor,5243952728
kisisel_bakim,Dinamic's barber,5243952729
kisisel_bakim,Berber erkek,5243952732
kisisel_bakim,Avcı Kuaför,5243952772
kisisel_bakim,Kuför,5243953081
kisisel_bakim,Özkan Kozmetik,5244795874
kisisel_bakim,Filiz Kozmetik,5244795881
kisisel_bakim,Kozmar Kozmetik,5244795885
kisisel_bakim,Yıldız Kozmetik,5244795909
kisisel_bakim,Emek Kuaför,5244795917
kisisel_bakim,Modaax Aksesuar,5244795920
kisisel_bakim,Beren,5244796155
kisisel_bakim,Taş Dünyası Aksesuar,5244798421
kisisel_bakim,ErşenKardeşler Erkek Kuaförü,5244802007
kisisel_bakim,Kemal Erkek Kuaförü,5244805874
kisisel_bakim,Mutlu Erkek Kuaförü,5244807851
kisisel_bakim,Karatekin Kozmetik,5244812113
kisisel_bakim,Kuaför Fatih,5255933135
kisisel_bakim,Elimsa Erkek Kuaförü,5255988091
kisisel_bakim,halis,5263664314
kisisel_bakim,naz,5263664315
kisisel_bakim,Yusuf Aslan,5263946545
kisisel_bakim,Yağmur Bayan Kuaförü,5263946546
kisisel_bakim,ntkuafor,5267722323
kisisel_bakim,Murat Akbaba,5268553240
kisisel_bakim,Muzaffer kuaför,5270316091
kisisel_bakim,Ateş Kuaför,5272473038
kisisel_bakim,Oben,5272473087
kisisel_bakim,Maya Yoga,5272473092
kisisel_bakim,Nehir Güzellik Salonu,5272473095
kisisel_bakim,Gonza Solarium,5272473098
kisisel_bakim,Kamil Berber,5274062012
kisisel_bakim,neco,5274379411
kisisel_bakim,Nail Clinic Spa,5279910975
kisisel_bakim,Erdem Kıramer,5279910987
kisisel_bakim,Tekin Kozmetik,5280587223
kisisel_bakim,Micheal Kuaför,5280587224
kisisel_bakim,Veysel Erkek Kuaförü,5280587241
kisisel_bakim,İrfan Kuaför,5280587247
kisisel_bakim,Kuaför Ateş,5280587251
kisisel_bakim,Bilz Kuaför,5280587257
kisisel_bakim,Tutku Güzellik Salonu,5282859460
kisisel_bakim,Hanifi Güzellik Salonu,5282864261
kisisel_bakim,Dilek Kara Güzellik Merkezi,5283723124
kisisel_bakim,T-Shop,5284636268
kisisel_bakim,Size Özel Takı ve Aksesuar,5284636282
kisisel_bakim,Onur Varlı,5284675300
kisisel_bakim,Paradise Saç Tasarım,5284675307
kisisel_bakim,Seda Sozak Makeup Studio,5284675308
kisisel_bakim,Berber Club,5284675309
kisisel_bakim,Yusuf Çağlar,5284690886
kisisel_bakim,Melih Plus,5284690887
kisisel_bakim,Münevver Biçer Beauty & Coiffeur,5284714606
kisisel_bakim,Özen Erkek Kuaförü,5285621783
kisisel_bakim,Cansın,5285760869
kisisel_bakim,Hakan Kuaför,5286468969
kisisel_bakim,Necati Kuaför,5287913232
kisisel_bakim,My Star Kuaför Müjgan Yıldız,5288364837
kisisel_bakim,Sonsuz Güzellik Salonu,5289269951
kisisel_bakim,The Coiffeur Center,5289269956
kisisel_bakim,Oje,5289269959
kisisel_bakim,Moda Kuaför,5289269964
kisisel_bakim,Hair Art'ist,5289269965
kisisel_bakim,Salon Model,5289427547
kisisel_bakim,Salon Yakup,5289868133
kisisel_bakim,Doğalife Estetik Cerrahi ve Saç Ekim Merkezi,5290349353
kisisel_bakim,Saloon Erkan Pehlivan,5291793663
kisisel_bakim,Klips Kuaför,5291793673
kisisel_bakim,Tarakçı Kuaför,5291793686
kisisel_bakim,Flash Erkek Kuaförü,5291873128
kisisel_bakim,ACAR,5291873218
kisisel_bakim,AyNes Güzellik,5291873321
kisisel_bakim,Marjinal,5291970771
kisisel_bakim,Semt Bayan Kuaförü,5291970805
kisisel_bakim,Epilia Güzellik Salonu,5291970806
kisisel_bakim,Enes Kuaför,5292618622
kisisel_bakim,Sezai Şen Bayan Kuaförü,5293976382
kisisel_bakim,Altınmakas Kuaför,5294090636
kisisel_bakim,İmaj Erkek Kuaförü,5295118541
kisisel_bakim,Sidelya,5295857919
kisisel_bakim,Yıldız Kuaför,5296534762
kisisel_bakim,kuaför,5296534774
kisisel_bakim,KUAFÖR,5296534780
kisisel_bakim,Nero Bayan Kuaför,5296542674
kisisel_bakim,Kuaför Talip,5296542680
kisisel_bakim,Kafkas Kuaför,5296542684
kisisel_bakim,Ays Kuaför,5297414276
kisisel_bakim,Nil Güzellik Salonu,5297414434
kisisel_bakim,Neco Erkek Kuaförü,5297414440
kisisel_bakim,Dilek Kuaför,5298383931
kisisel_bakim,Funda Kuaför,5298383935
kisisel_bakim,Afra Kuaför,5298403827
kisisel_bakim,aydın taner,5298487868
kisisel_bakim,isAtik hair studio,5298509522
kisisel_bakim,Kuaför Mustafa,5299260691
kisisel_bakim,Cadde erkek berberi,5300762911
kisisel_bakim,Nurgul Kuaför,5300958415
kisisel_bakim,Niyazi Erkek Kuaförü,5300961996
kisisel_bakim,Nergiz Bayan Kuaförü,5300961997
kisisel_bakim,Cafer Erkek Kuaförü,5300978602
kisisel_bakim,Cevher Kozmetik,5302405279
kisisel_bakim,Single Bayan Kuaför,5303716783
kisisel_bakim,Salon Koza Güzellik Merkezi,5303724429
kisisel_bakim,murat şimşek kuaför,5307138051
kisisel_bakim,BAKİ Berber,5312681426
kisisel_bakim,Duygu Bayan Kuaförü,5329297616
kisisel_bakim,Gülhan Güzeullik Salonu,5329298044
kisisel_bakim,Ersin Kuaför,5329298072
kisisel_bakim,Özgür Küaför,5329298083
kisisel_bakim,Melisa Kuaför,5329298092
kisisel_bakim,Emrah Erkek Kuaförü,5329298430
kisisel_bakim,Alanaka,5329298441
kisisel_bakim,Kuaför Beytullah,5329298461
kisisel_bakim,Stil Altun Erkek Kuaförü,5329298484
kisisel_bakim,Kerem Erkek Kuaforü,5329298486
kisisel_bakim,Kuaför Baraa,5329298512
kisisel_bakim,Kuaför Canan,5329310970
kisisel_bakim,Salon Fatih,5329310983
kisisel_bakim,Ersin Erkek Kuaförü,5329310987
kisisel_bakim,Yalvac Erkek kuaförü,5329310989
kisisel_bakim,Kübra Bayan Kuaförü,5329310999
kisisel_bakim,Saloon Sizin Kuaför,5329311017
kisisel_bakim,Efsane Kuaförü,5329311621
kisisel_bakim,Celal Erkek Kuaförü,5329311632
kisisel_bakim,Çelebi Erkek Kuaförü,5329311649
kisisel_bakim,Ahmet Kuaförü,5329311655
kisisel_bakim,Ayşem Bayan Kuaförü,5329311663
kisisel_bakim,Erdal Erkek Kuaförü,5329311680
kisisel_bakim,Çeçik Bayan Kuaförü,5329311690
kisisel_bakim,Ağırkan Erkek Kuaförü,5329311701
kisisel_bakim,Sinop Erkek Kuaförü,5329311708
kisisel_bakim,Melissa Erkek Kuaförü,5329312237
kisisel_bakim,Akıaş Erkek Kuaförü,5329312241
kisisel_bakim,Berber Salonu,5329312251
kisisel_bakim,Kuafõr Kardelen,5329319362
kisisel_bakim,Altan,5329319401
kisisel_bakim,Leyland kuaför,5329319596
kisisel_bakim,Rasti Erkek,5329319827
kisisel_bakim,Kuaför Bekir,5329319838
kisisel_bakim,M1 kuaför,5329320523
kisisel_bakim,Larin,5329320537
kisisel_bakim,Gümüş,5329320556
kisisel_bakim,Salon Savran,5329320558
kisisel_bakim,EDA,5329320561
kisisel_bakim,Kuaför mecit,5329335395
kisisel_bakim,Morbeyaz bayan kuaförü,5329335400
kisisel_bakim,Salon moda,5329335940
kisisel_bakim,Kuaför sait,5329335953
kisisel_bakim,Tunç kozmetik,5329335958
kisisel_bakim,Caglar bayan kuaforu,5329335975
kisisel_bakim,Salon trend,5329336008
kisisel_bakim,Efa erkek kuaförü,5329336546
kisisel_bakim,Salon Gültekin,5329336587
kisisel_bakim,Kuaför Adem,5329337009
kisisel_bakim,Saloon bey,5329337010
kisisel_bakim,Güven erkek kuaförü,5329337426
kisisel_bakim,Hilal erkek kuaförü,5329337465
kisisel_bakim,Kuaför ayhan,5329337954
kisisel_bakim,Sena bayan kuaförü,5329337993
kisisel_bakim,Fatih erkek kuaförü,5329338005
kisisel_bakim,Furkan kuaför,5329338011
kisisel_bakim,Çiftlik erkek kuaförü,5329338143
kisisel_bakim,ersin erkek kuaförü,5329441164
kisisel_bakim,Black Saç Tasarım,5344919561
kisisel_bakim,New look,5344919573
kisisel_bakim,Hasan erkek kuaförü,5344919583
kisisel_bakim,salon yasin,5344919602
kisisel_bakim,umut erkek kuaförü,5344921537
kisisel_bakim,Bozkır Erker Kuaförü,5405095226
kisisel_bakim,Sedat Saç Tasarım,5409792921
kisisel_bakim,Melitte bebe,5439458226
kisisel_bakim,Tahir Erkek Kuaförü,5469603421
kisisel_bakim,Baykan & Gürkan,5472283021
kisisel_bakim,Epi-Dem Güzellik Salonu,5482100787
kisisel_bakim,Kuaför Kadir,5482100789
kisisel_bakim,BB Hair Salon,5483136822
kisisel_bakim,Öner Kuaför,5483532723
kisisel_bakim,Eyfe Perfumum,5483568121
kisisel_bakim,Formen,5484756521
kisisel_bakim,Adem Kuaför,5485804496
kisisel_bakim,Atölye sabun,5485939121
kisisel_bakim,Çınar Erkek Kuaförü,5489334559
kisisel_bakim,Marwan,5542882972
kisisel_bakim,Kuaför Bayram,5542882984
kisisel_bakim,Saloon üzeyir,5542883008
kisisel_bakim,Forton,5542883145
kisisel_bakim,Erkek salon,5542883175
kisisel_bakim,Uğur berber,5542883360
kisisel_bakim,Murat kuaför,5542883381
kisisel_bakim,Kuaför Utku,5542883398
kisisel_bakim,Selin erkek kuaför,5542883538
kisisel_bakim,Oplatin kuaför,5542883540
kisisel_bakim,Bas kuaför,5542883565
kisisel_bakim,Gözfe kuaför salonu,5542883601
kisisel_bakim,Kuaför Samit koç,5542883721
kisisel_bakim,Saloon fatih,5542883729
kisisel_bakim,Baymen erkek kuaför,5542883772
kisisel_bakim,Muratsa kuaför,5542883779
kisisel_bakim,Mercan bayan kuaför,5542883783
kisisel_bakim,Salon sevil,5542883811
kisisel_bakim,Tekin kuaförü,5542884549
kisisel_bakim,Model mens saloon,5542884579
kisisel_bakim,Saloon MHAMET,5542884586
kisisel_bakim,Yıldız kuaför,5542884606
kisisel_bakim,altina makas bayan kuaför,5542886327
kisisel_bakim,Alnucum,5542886329
kisisel_bakim,Özel erkek kuaför,5542886385
kisisel_bakim,Melissa,5542887025
kisisel_bakim,Damat bey erkek kuaför,5542887028
kisisel_bakim,Sedat Kuaför,5542887066
kisisel_bakim,women's Kuaför,5542887111
kisisel_bakim,Vizyon,5542887335
kisisel_bakim,Yılmaz kuaför,5542887340
kisisel_bakim,Yusuf Usta,5542887357
kisisel_bakim,Bünyamin kuaför,5542887387
kisisel_bakim,Site kuaföp,5542887405
kisisel_bakim,Özdemir kuaför,5542887420
kisisel_bakim,ELA kuaförü,5542887665
kisisel_bakim,kardelen kuafür,5542887938
kisisel_bakim,Sema Kuaför,5542887950
kisisel_bakim,Kuaförüm Ismail,5542887960
kisisel_bakim,Muead erkek kuaförü,5542887962
kisisel_bakim,Nuray bayan kuaför,5542887974
kisisel_bakim,Meģa,5542887975
kisisel_bakim,ES KUAFÖR,5542888951
kisisel_bakim,Saloon by kuaför,5542888964
kisisel_bakim,Yılmaz erkek kuaförü,5542888967
kisisel_bakim,Örnek berber,5542888979
kisisel_bakim,Timizlik center,5542888996
kisisel_bakim,Duru kuaför,5542888999
kisisel_bakim,Salon metin,5542889001
kisisel_bakim,Kuaför ouz,5542889125
kisisel_bakim,Selim erkek kuaför,5542889142
kisisel_bakim,Saloon akın,5542889151
kisisel_bakim,Moda,5542889180
kisisel_bakim,Damatbey erkek kuaför,5542889181
kisisel_bakim,Salon Turgay erkek kuaför,5542889182
kisisel_bakim,Kenan kuaför,5542890226
kisisel_bakim,Can erkek kuaför,5542890231
kisisel_bakim,Şenol Kuaför,5542890232
kisisel_bakim,Çalımlar erkek kuaförü,5542890270
kisisel_bakim,Cihangir Kuaför,5542890284
kisisel_bakim,Fatih Kozmetik,5542890287
kisisel_bakim,Ülker bayan kuaför,5542890302
kisisel_bakim,Lütfü erkek kuaför,5542891129
kisisel_bakim,Seven kuaförüm,5542891142
kisisel_bakim,Değişim bsyan kuaförü,5542891156
kisisel_bakim,salon Turgay,5542891163
kisisel_bakim,Kuaför yunus,5542891185
kisisel_bakim,Saloon Yuvam,5542891195
kisisel_bakim,Mervem,5542891212
kisisel_bakim,Hes Kuaför,5542891217
kisisel_bakim,Erdem kuaför,5542891428
kisisel_bakim,Şen Erkek Kuaförü,5603986923
kisisel_bakim,CENNET GÜZELLİK SALONU,5642528321
kisisel_bakim,Sedat karahan,5666036778
kisisel_bakim,Kuaför Aziz,5666800298
kisisel_bakim,Çelik erkek kuaför,5666801845
kisisel_bakim,Kuaför Ismail,5666801850
kisisel_bakim,BAYAN KUAFÖR,5666801889
kisisel_bakim,Erkek kuaför,5666802353
kisisel_bakim,Salon Değişim,5666802360
kisisel_bakim,Imren Öztürk Beauty Center,5666802363
kisisel_bakim,Karaca Erkek Kuaförü,5667618326
kisisel_bakim,Yücel Erkek Kuaförü,5667634431
kisisel_bakim,Bora Erkek kuaförü,5667634470
kisisel_bakim,Erkılıç Bayan kuaförü,5667634486
kisisel_bakim,Ranya kuaförü,5667634502
kisisel_bakim,Seher Bayan Kuaförü,5667634511
kisisel_bakim,Zergil,5667636264
kisisel_bakim,hair man,5667636292
kisisel_bakim,Lord erkek kuaförü,5667637436
kisisel_bakim,Karizma Erkek Kuaförü,5667637491
kisisel_bakim,Yıldız erkek kuaför,5667637519
kisisel_bakim,S ans C,5667638730
kisisel_bakim,Wella,5667638731
kisisel_bakim,ÇAĞDAŞ ERKEK KUAFÖR,5667638733
kisisel_bakim,style cloud,5667638734
kisisel_bakim,Vizyon Erkek Kuaförü,5667638754
kisisel_bakim,Cadde kuaför,5667638771
kisisel_bakim,İmaj Bayan Kuaförü,5667638815
kisisel_bakim,kuaför mecik,5667640023
kisisel_bakim,Fi güzellik salonu,5667640076
kisisel_bakim,Kuaför Ayşe,5667640721
kisisel_bakim,Ahmet erkek kuaförü,5667640765
kisisel_bakim,Osis berber,5667640777
kisisel_bakim,Salon mix,5667640802
kisisel_bakim,SALON SEE,5667640803
kisisel_bakim,ERKEK KUAFÖRÜ,5667641545
kisisel_bakim,Dilan Erkek kuaförü,5667641562
kisisel_bakim,Tarık berber,5667642072
kisisel_bakim,ZEN BAYAN KUAFÖRÜ,5667642085
kisisel_bakim,Ar Al kozmetik,5667642100
kisisel_bakim,BAYAN KUAFÖRÜ,5667642108
kisisel_bakim,Fulin,5667642118
kisisel_bakim,Avrupa Saç Tasarım,5667642925
kisisel_bakim,Furkan Erkek Kuaförü,5667643011
kisisel_bakim,Show Erkek Kuaförü,5667655625
kisisel_bakim,Oktay Albaş Bayan Kuaförü,5667655648
kisisel_bakim,Naime Bayan Kuaförü,5667655656
kisisel_bakim,Mustafa,5667655668
kisisel_bakim,Moda Erkek Kuaförü,5667655669
kisisel_bakim,Erciyes Erkek Kuaförü,5667655683
kisisel_bakim,Kral Erkek Kuaförü,5667655712
kisisel_bakim,Soft,5667657037
kisisel_bakim,Salon Çağlayan Erkek Kuaförü,5667657069
kisisel_bakim,Berberim Erkek Kuaförü,5667657079
kisisel_bakim,De&Mi Coiffeur,5667657092
kisisel_bakim,Surmeli,5667657112
kisisel_bakim,Klas,5667657118
kisisel_bakim,Barber City,5667657724
kisisel_bakim,Salonn,5667657770
kisisel_bakim,Salon Devrim Erkek Kuaförü,5667657775
kisisel_bakim,Bedas,5667657777
kisisel_bakim,By Özcan,5667657786
kisisel_bakim,Ayça Bayan Kuaförü,5667657797
kisisel_bakim,classis kuaför,5667658227
kisisel_bakim,Moda Stil Bayan Kuaförü,5667658233
kisisel_bakim,bayan kuaförü,5667658239
kisisel_bakim,gençlik,5667658256
kisisel_bakim,Filiz,5667658264
kisisel_bakim,Tarıkcan Kozmetik,5667658282
kisisel_bakim,Mustakbal salonu,5667658292
kisisel_bakim,Rever,5667658293
kisisel_bakim,Okyanus Barber Shop,5667658311
kisisel_bakim,Black white,5667658429
kisisel_bakim,tolay bayan kuaförü,5667658451
kisisel_bakim,Sercan Erkek Kuaförü,5667658454
kisisel_bakim,nazli gürbüz,5667658516
kisisel_bakim,Erkek Klasik Kuaförü,5667659223
kisisel_bakim,sümer erkek kuaföru,5667659231
kisisel_bakim,Sevda,5667659232
kisisel_bakim,Rim Bayan Kuaförü,5667659239
kisisel_bakim,centilmen salonu,5667659275
kisisel_bakim,A Plus Bayan Kuaförü,5667659626
kisisel_bakim,umut erkek fuaförü,5667659628
kisisel_bakim,Forever Erkek Kuaförü,5667659636
kisisel_bakim,Ozlem,5667659641
kisisel_bakim,Erkek koaforu,5667659667
kisisel_bakim,sinem kuaför,5667659714
kisisel_bakim,Salon Ercan Erkek Kuaförü,5667660221
kisisel_bakim,efef,5667660235
kisisel_bakim,gamze kuaför,5667660237
kisisel_bakim,erkek kuaförü,5667660248
kisisel_bakim,moda,5667660277
kisisel_bakim,erken erkek kuaför,5667660290
kisisel_bakim,perfect cut,5667660292
kisisel_bakim,ibrahim kıralı,5667660297
kisisel_bakim,caretta,5667660306
kisisel_bakim,Evren,5667660854
kisisel_bakim,Emel ve erman,5667660866
kisisel_bakim,Mustafa bayan kuaför,5667660877
kisisel_bakim,Forman,5667660903
kisisel_bakim,Ümit erkek kuaförü,5667661123
kisisel_bakim,Ugur,5667661131
kisisel_bakim,Yaloğlu erkek kuaförü,5667661160
kisisel_bakim,Has,5667661187
kisisel_bakim,Salon Kemal Berber,5667661340
kisisel_bakim,Winkelen,5667661346
kisisel_bakim,Makass,5667661348
kisisel_bakim,FREKANS,5667661398
kisisel_bakim,HAIR DESIGN BAY AND BAYAN,5667661734
kisisel_bakim,Max,5667661781
kisisel_bakim,cem Didin,5667661809
kisisel_bakim,Doore,5667661817
kisisel_bakim,Saç Dünyası,5667662122
kisisel_bakim,SEZEN,5667662160
kisisel_bakim,ESS Erkek kuaförü,5667662174
kisisel_bakim,sevda,5667662213
kisisel_bakim,Naturel Erkek Kuaförü,5667662220
kisisel_bakim,Mega Erkek Kuaförü,5667662642
kisisel_bakim,Only for men erkek küaforu,5667668999
kisisel_bakim,Kuaför İbrahim,5667669926
kisisel_bakim,H&A Saç tasarim,5667669931
kisisel_bakim,Salon genç,5667669938
kisisel_bakim,Damla Bayan Kuaförü,5667669963
kisisel_bakim,Özkan Erkek Kuaförü,5667669980
kisisel_bakim,Beşer,5667669985
kisisel_bakim,Emel,5667670018
kisisel_bakim,Şeyla,5667670034
kisisel_bakim,Çevrem,5667670047
kisisel_bakim,Katre,5667670054
kisisel_bakim,Fatisa,5667670058
kisisel_bakim,Osem,5667670061
kisisel_bakim,Maciter group,5667670071
kisisel_bakim,Platin,5667670089
kisisel_bakim,Çevre,5667670097
kisisel_bakim,Black White,5667670103
kisisel_bakim,Murat,5667670107
kisisel_bakim,Efendiler,5667671341
kisisel_bakim,Tuana bayan kuaforu,5667672277
kisisel_bakim,Nermin bayan kuaförü,5667672293
kisisel_bakim,Halep salonu,5667672627
kisisel_bakim,Deniz Kozmetik,5667672633
kisisel_bakim,Aysuda bayan kuaförü,5667672645
kisisel_bakim,ACAR ERKEK KUAFÖRÜ,5667672657
kisisel_bakim,Aksu,5667672673
kisisel_bakim,Salon Bay,5667672686
kisisel_bakim,Hülya,5667672709
kisisel_bakim,Niyazi,5667673351
kisisel_bakim,Ahmet kuaförü,5667673367
kisisel_bakim,atış,5667673422
kisisel_bakim,By Bera saç tasarım,5667673431
kisisel_bakim,Kaya kuaför,5667673447
kisisel_bakim,Rossel makyaj ürünleri,5667673464
kisisel_bakim,Favori,5667673466
kisisel_bakim,Seyhan Bayan Kuaförü,5667673482
kisisel_bakim,Sadettin,5667673484
kisisel_bakim,Mevlana,5667673524
kisisel_bakim,Hamza,5667673540
kisisel_bakim,Elit,5667673566
kisisel_bakim,İvan kuaför,5667673574
kisisel_bakim,Gençel,5667673933
kisisel_bakim,Narin,5667673954
kisisel_bakim,Dore,5667673959
kisisel_bakim,SALON MAESTRO,5667674440
kisisel_bakim,Pınar,5667674464
kisisel_bakim,Sağlar Erkek Kuaförü,5667674472
kisisel_bakim,HATİCE BAYAN KUAFÖRÜ,5667674933
kisisel_bakim,Şans,5667674951
kisisel_bakim,KAPRIS,5667674952
kisisel_bakim,Altın Makas,5667675002
kisisel_bakim,Yıldırım Erkek Kuaförü,5667675003
kisisel_bakim,Erdoğan,5667675005
kisisel_bakim,Zirveoğlu,5667675017
kisisel_bakim,By Cemil,5667675019
kisisel_bakim,Vuslat,5667675023
kisisel_bakim,Onur & Özlem Bayan Kuaförü,5667684484
kisisel_bakim,Güneşli Salonu,5667684488
kisisel_bakim,Salon Hazal,5667684491
kisisel_bakim,Berberim Mustafa,5667684501
kisisel_bakim,Salon oscar,5667686336
kisisel_bakim,Salon fenomen,5667686338
kisisel_bakim,Berber Siesta,5667686359
kisisel_bakim,Enakeh salonu,5667686369
kisisel_bakim,Onurcan Erkek Kuaförü,5667686381
kisisel_bakim,Çakır Saç & Güzellik,5667686388
kisisel_bakim,R&G Erkek Kuaförü,5667686392
kisisel_bakim,Kuaför Emre,5667686396
kisisel_bakim,Gold hair,5667686418
kisisel_bakim,Nurcan Bayan Kuaförü,5667687521
kisisel_bakim,Site erkek,5667687539
kisisel_bakim,Sibel,5667687566
kisisel_bakim,Aynur bayan kuaförü,5667687581
kisisel_bakim,Asya,5667687599
kisisel_bakim,Cevriye,5667687600
kisisel_bakim,Star kuaförü,5667687604
kisisel_bakim,kuaför imaj,5667688648
kisisel_bakim,Aksu erkek kuaförü,5667688699
kisisel_bakim,Fakılar kuaför,5667688702
kisisel_bakim,Salon alaturka,5667688704
kisisel_bakim,Sade bayan kuaförü,5667688705
kisisel_bakim,Savaş erkek kuaförü,5667688715
kisisel_bakim,Baglar berber,5667689741
kisisel_bakim,Taran erkek kuaförü,5667689746
kisisel_bakim,Gozde,5667689751
kisisel_bakim,Ömer salon,5667689793
kisisel_bakim,The berber,5667689806
kisisel_bakim,Salon Artist,5667691033
kisisel_bakim,Kos Bayan Küaförü,5667691083
kisisel_bakim,Stil,5667691108
kisisel_bakim,Secret Kuaför,5667692627
kisisel_bakim,Almizeyn şakir,5667692629
kisisel_bakim,Salon fatih,5667692643
kisisel_bakim,Koafor helin,5667699704
kisisel_bakim,Estebena,5667699706
kisisel_bakim,Orhan,5667699709
kisisel_bakim,Sabahnur,5667701522
kisisel_bakim,Model Erkek Kuaförü,5667701562
kisisel_bakim,Meftun,5667701576
kisisel_bakim,Tevhid Erkek Kuaförü,5667701600
kisisel_bakim,Huzur erkek,5667701602
kisisel_bakim,Azize bayan kuaförü,5667701614
kisisel_bakim,Murat kuaforu,5667702725
kisisel_bakim,Star,5667702746
kisisel_bakim,Sönmez,5667702772
kisisel_bakim,Ulas koaforu,5667702773
kisisel_bakim,Elmas,5667702778
kisisel_bakim,Batçı,5667702789
kisisel_bakim,Vieloia,5667702790
kisisel_bakim,Mert,5667702809
kisisel_bakim,Koki,5667703948
kisisel_bakim,Fenoman,5667703958
kisisel_bakim,Serkan,5667703988
kisisel_bakim,Salon dudo,5667704007
kisisel_bakim,Önder kuaförü,5667705347
kisisel_bakim,Fatih,5667705373
kisisel_bakim,Salih erkek kuaförü,5667705376
kisisel_bakim,Ahmet,5667706129
kisisel_bakim,Elit erkek,5667706151
kisisel_bakim,Ezra kuaförü,5667706159
kisisel_bakim,Emre,5667706179
kisisel_bakim,Musa koaforu,5667706181
kisisel_bakim,Karizma,5667719027
kisisel_bakim,Köşem Erkek Kuaförü,5667719077
kisisel_bakim,Kayra Bayan Kuaförü,5667719085
kisisel_bakim,Salon Harun,5667719097
kisisel_bakim,Köse beuaty,5667719119
kisisel_bakim,Özlü 18,5667722046
kisisel_bakim,TAMARA,5667722060
kisisel_bakim,NİRVANA BAYAN KUAFÖRÜ,5667722068
kisisel_bakim,Kuaför Kaka,5667722081
kisisel_bakim,IMAJ,5667722082
kisisel_bakim,VIP,5667722096
kisisel_bakim,Yasemin,5667722098
kisisel_bakim,Buse kuaför,5667722100
kisisel_bakim,Salon Hiam,5667722112
kisisel_bakim,IŞIK Erkek kuaförü,5667723825
kisisel_bakim,ismet erkek kuaförü,5667723832
kisisel_bakim,Kuaför Güngör,5667723855
kisisel_bakim,D'RAİN BAYAN KUAFÖRÜ,5667723872
kisisel_bakim,EMAD,5667723877
kisisel_bakim,ŞAŞKIN BERBER SALONU,5667723889
kisisel_bakim,BİLO ERKEK KUAFÖRÜ,5667723892
kisisel_bakim,Özer,5667723894
kisisel_bakim,Dilar,5667723895
kisisel_bakim,OSKAR Erkek Kuaförü,5667725832
kisisel_bakim,Moda güzellik,5667725838
kisisel_bakim,salon eymen,5667725857
kisisel_bakim,Gentleman Salon,5667725878
kisisel_bakim,Haxs Erkek Kuaförü,5667725890
kisisel_bakim,ESRS BAYAN KUAFÖRÜ,5667725910
kisisel_bakim,Kuaför Ahmed,5667727226
kisisel_bakim,Uğur Bayan Kuaförü,5667727230
kisisel_bakim,Salon bilir,5667727239
kisisel_bakim,Salon kaan,5667727256
kisisel_bakim,BARBIERE MAHMUT,5667727281
kisisel_bakim,Salon d and m,5667727306
kisisel_bakim,Kalin Gallery,5667727311
kisisel_bakim,ENGIN,5667727312
kisisel_bakim,İbo Erkek Kuaförü,5667728722
kisisel_bakim,Güneş Kuaför,5667728743
kisisel_bakim,Seval Erkek Kuaförü,5667728748
kisisel_bakim,Murat erkek kuaförü,5667745966
kisisel_bakim,Fön1 kuaför,5667745975
kisisel_bakim,Özgür erkek kuaförü,5667745976
kisisel_bakim,Mimoze Kozmetik,5667745982
kisisel_bakim,Trendo bayan kuaförü,5667746006
kisisel_bakim,Ersin erkek kuaförü,5667747231
kisisel_bakim,Lion kuaför,5667747242
kisisel_bakim,Furkan erkek kuaförü,5667747259
kisisel_bakim,Salon dostlar,5667747276
kisisel_bakim,Gizem bayan kuaförü,5667747289
kisisel_bakim,furkan erkek kuaförü,5667747296
kisisel_bakim,Miss bayan kuaförü,5667747307
kisisel_bakim,Harika,5667747924
kisisel_bakim,Çirkin kozmetik,5667747925
kisisel_bakim,Usta makas,5667747952
kisisel_bakim,Salon Barış ve Damla,5667747966
kisisel_bakim,Salon kariyer erkek kuaförü,5667747982
kisisel_bakim,Bayan makas,5667748019
kisisel_bakim,Erol erkek kuaförü,5667748623
kisisel_bakim,Alprince Erkek kuaförü,5667748683
kisisel_bakim,Hair Saloon,5669148894
kisisel_bakim,VIP berber,5674307824
kisisel_bakim,Golden Rose,5715714439
kisisel_bakim,Moda Class Erkek Kuaförü,5763844338
kisisel_bakim,hair mess,5854153885
kisisel_bakim,Beyoğlu Erkek Berberi,5861395786
kisisel_bakim,Salon Miracle,5898595444
kisisel_bakim,Kuaför Lobi,5900335770
kisisel_bakim,Akgün Erkek Kuaför,5900400222
kisisel_bakim,Salon Coşkun,5900475025
kisisel_bakim,Seçkin Bayan Kuaförü,5903195102
kisisel_bakim,DİBA,5922359885
kisisel_bakim,Sach,5927836749
kisisel_bakim,Loca Bay Kuaför,5927836758
kisisel_bakim,Neşeli Butik Bayan Kuaförü,5929437775
kisisel_bakim,Map güzellik&bakım,5959988973
kisisel_bakim,Coiffeur Goa 2,5963676290
kisisel_bakim,salon beauty salon,6024249985
kisisel_bakim,Kuaför Ahmet,6080235405
kisisel_bakim,Güleryüz Kuaför,6080343537
kisisel_bakim,ntkuaför,6083435886
kisisel_bakim,Mehmet Tatlı,6089536352
kisisel_bakim,Moy Kuaför,6166196049
kisisel_bakim,Selinay Kuaför & Güzellik Salonu,6166299494
kisisel_bakim,Sönmezler Erkek Kuaförü,6166299495
kisisel_bakim,Kent Kuaför,6166336352
kisisel_bakim,Lonca,6168853486
kisisel_bakim,Kadir Kuaför,6171181594
kisisel_bakim,HİLMİ,6171207687
kisisel_bakim,hakan,6172085154
kisisel_bakim,Mesa Erkek Kuaförü,6172848735
kisisel_bakim,Tugay Erkek Kuaförü,6172848743
kisisel_bakim,MC Woman Hairdresser,6176125968
kisisel_bakim,Merkez Kuafor,6176127329
kisisel_bakim,Tuba Beauty Saloon,6176291537
kisisel_bakim,DP Parfum,6185569115
kisisel_bakim,L'Occitane,6185570321
kisisel_bakim,ibrahim,6185578562
kisisel_bakim,Kiehl's,6185756950
kisisel_bakim,Home SPA,6185844120
kisisel_bakim,Luxus +,6185844129
kisisel_bakim,Luxus,6186077822
kisisel_bakim,Sürmeli Kuaför,6188867881
kisisel_bakim,Salon Kadir,6189663585
kisisel_bakim,Flormar,6261320271
kisisel_bakim,Benim Kuaför,6261511785
kisisel_bakim,Salon GENTLEMAN,6276492707
kisisel_bakim,Ladeis Bayan EE,6308072190
kisisel_bakim,Sephora,6320965085
kisisel_bakim,Gümüş Erkek Kuaförü,6326679549
kisisel_bakim,Sadık Erkek Kuaförü,6326679558
kisisel_bakim,Saloon Nixe,6329060979
kisisel_bakim,Stüdyo Es,6329063830
kisisel_bakim,Salon Ek Bayan Kuaförü,6329066674
kisisel_bakim,Kat Bayan Kuaförü,6329073376
kisisel_bakim,Moonlight,6341289861
kisisel_bakim,GALATALI BERBER KUAFÖR,6347209643
kisisel_bakim,Merve,6364642897
kisisel_bakim,Burcu Bayan Kuaförü,6374154910
kisisel_bakim,Canset Güzellik Salonu,6374154937
kisisel_bakim,H&D Güzellik ve Bakım Merkezi,6385108491
kisisel_bakim,Eve,6398395889
kisisel_bakim,Léon,6437117173
kisisel_bakim,Eftelya Bayan Kuaför,6438029290
kisisel_bakim,Saloon Altın Makas,6478604380
kisisel_bakim,Bayan Güzellik Merkezi,6480040085
kisisel_bakim,Kent Coiffure,6495058891
kisisel_bakim,Ben Kuaför,6495058913
kisisel_bakim,Queen's Nail Studio,6495746785
kisisel_bakim,Taner,6513003428
kisisel_bakim,Best Erkek Kuaförü,6518078056
kisisel_bakim,Kuaför Gökhan,6518573893
kisisel_bakim,Euroderm,6525099041
kisisel_bakim,Kuaför Kemal,6525160831
kisisel_bakim,Tufan,6531910311
kisisel_bakim,Kuaför Kamil,6532153506
kisisel_bakim,Yakamoz Bayan Kuaförü,6532153564
kisisel_bakim,Şahin Erkek Kuaförü,6533457392
kisisel_bakim,saloon kuaför,6552396172
kisisel_bakim,Turan Erkek Kuaförü,6562613585
kisisel_bakim,Sevgi Kuaförü,6670701663
kisisel_bakim,Hair Orbion,6684341093
kisisel_bakim,Azaliya Güzellik Salonu,6783562052
kisisel_bakim,Diri Kuaför,6785139398
kisisel_bakim,YKP Beauty & More,6805940140
kisisel_bakim,Aksu Kuaför,6863703695
kisisel_bakim,EN&SO,6866813861
kisisel_bakim,Emel Bayan Kuaförü,6883739879
kisisel_bakim,Coiffeur Selim Şimşek,6900069863
kisisel_bakim,Güzellik Merkezi,6900317592
kisisel_bakim,Angel Coiffeur Mustafa,6903738339
kisisel_bakim,Çağdaş Bayan Kuaförü,6906975850
kisisel_bakim,Şark Erkek Kuaförü,6920461885
kisisel_bakim,Soner Erkek Kuaförü,6922027261
kisisel_bakim,Kuaför Ebru,6922027275
kisisel_bakim,Bella Kuaför,6928631744
kisisel_bakim,lokmanZade,6930096285
kisisel_bakim,Cengiz Kuaför Saç Tasarım Merkezi,6934302120
kisisel_bakim,Lucca Barber Studio,6954521572
kisisel_bakim,Berber Sercan Yakupoğlu,6961633926
kisisel_bakim,Cevdet Erkek Kuaförü,6961666524
kisisel_bakim,Hazal Kozmetik,6961666531
kisisel_bakim,Bay Berber,6965465571
kisisel_bakim,Şinasi Eligür,6980210386
kisisel_bakim,Veysel Kuaför,6980210485
kisisel_bakim,Ali & Erkan,7001101491
kisisel_bakim,Dinç Kuaför,7021158629
kisisel_bakim,Mod Hair Design,7046149195
kisisel_bakim,Salon Mehmet,7047093839
kisisel_bakim,Marca Kuaför,7047093847
kisisel_bakim,Derya Arslan Türban Tasarım & Profesyonel Makyaj,7047093861
kisisel_bakim,Es Kuaför,7047093869
kisisel_bakim,Sinan,7125270085
kisisel_bakim,savaş erkek kuaförü,7209521885
kisisel_bakim,Mega'star Erkek Kuaförü,7221496011
kisisel_bakim,Mehmet Erkan,7227145649
kisisel_bakim,pala erkek kuaförü,7241166285
kisisel_bakim,Hüsam Kuaför,7424883431
kisisel_bakim,Ebru Efe Güzellik & Kuaför,7458905150
kisisel_bakim,İbrahim Kuaför,7521903637
kisisel_bakim,Lavinya Güzellik salonu,7523932219
kisisel_bakim,CITYBEAUTY,7524012356
kisisel_bakim,Ali Gür Merkez Kuaför,7552690824
kisisel_bakim,Bebek Mos Kuaför,7553133983
kisisel_bakim,Genç Kozmetik,7560953296
kisisel_bakim,Medis Estetik ve Güzellik Merkezi,7569391793
kisisel_bakim,Bülent Kuaför,7571698839
kisisel_bakim,Bülent & Özgür Kuaför,7572136561
kisisel_bakim,Fatoş Kuaför,7574935256
kisisel_bakim,Valentino,7590628617
kisisel_bakim,Best Kuaför,7590628622
kisisel_bakim,Hakan Açıkel Erkek Kuaförü,7591718349
kisisel_bakim,İsmail Erkek Kuaförü,7591718353
kisisel_bakim,Berber Hüseyin,7592484463
kisisel_bakim,Pala Kuaför,7592512201
kisisel_bakim,Berber Dükkanı,7635726127
kisisel_bakim,Bediş Güzellik Salonu,7635726129
kisisel_bakim,Aymira Koçaklı,7635726130
kisisel_bakim,The Hair Zone,7635726138
kisisel_bakim,Emrah Erdem Erkek Kuaförü,7635726140
kisisel_bakim,Güz Güzellik Salonu,7635726151
kisisel_bakim,Kuaför Nesim,7635726152
kisisel_bakim,Berber Club Sadık Sarıgül,7635726157
kisisel_bakim,Dilşad İnci,7651599865
kisisel_bakim,Uğur Ali Hair Design,7651602528
kisisel_bakim,Venüs Kuaför,7655001422
kisisel_bakim,Ayshen Beauty House,7695484893
kisisel_bakim,Yutu Hair Salon,7695484902
kisisel_bakim,DERFAMED ESTETİK ve GÜZELLİK MERKEZİ,7704585975
kisisel_bakim,The Vote,7743085722
kisisel_bakim,Emine Güzellik Salonu,7791468456
kisisel_bakim,Kent Coiffeur,7791468458
kisisel_bakim,Adonis Barber's Club,7791544702
kisisel_bakim,Şenay Öğretici Happy Face,7791544716
kisisel_bakim,Kuaför Ahmet Yılmaz Saç Uzatma Merkezi,7791753045
kisisel_bakim,Coiffeur Tuncay Taş,7880719685
kisisel_bakim,B&B Han Erkek Berberi,7889339038
kisisel_bakim,Jons Hair&Make-up Studio,7931458700
kisisel_bakim,Enya,7972904048
kisisel_bakim,Murat Cengiz,7973473651
kisisel_bakim,Rıdvan Tunçel,7973473660
kisisel_bakim,MK Saç Tasarım Saç Kaynak Merkezi,7981258162
kisisel_bakim,Kuaför Adem Aras,7982018901
kisisel_bakim,Ruby Beauty Salon,7984110196
kisisel_bakim,Cadde Studio,7984110199
kisisel_bakim,Kuaför Türkan,8027749964
kisisel_bakim,Kuaför Ömer Demirbaş,8027758927
kisisel_bakim,Sabuncu Mustafa,8043081285
kisisel_bakim,Buğra Turgay Erkek Kuaförü,8043960813
kisisel_bakim,Figen Göl Güzellik merkezi,8108630738
kisisel_bakim,Angel Güzellik Salonu,8112116253
kisisel_bakim,Salon Levent,8112116254
kisisel_bakim,Oben Kuaför,8146854693
kisisel_bakim,Muzaffer Bayan Kuaförü,8178569354
kisisel_bakim,Paris Kuaför,8178569372
kisisel_bakim,Gökhan Bayan Kuaförü,8178569384
kisisel_bakim,RA Barber Shop,8223748985
kisisel_bakim,Berber Süleyman,8223775227
kisisel_bakim,Berber Nevzat,8227326413
kisisel_bakim,NB,8227326421
kisisel_bakim,Karadağ Erkek Kuaförü,8296836209
kisisel_bakim,Çevre Kuaförü,8297559578
kisisel_bakim,Özlem Kuaför,8297559579
kisisel_bakim,SİHAN KUAFÖR,8299990371
kisisel_bakim,Çağın Bayan Kuaförü,8307083042
kisisel_bakim,Selçuk Sümer Hair Studio,8310431288
kisisel_bakim,Salon Expert,8310464507
kisisel_bakim,Napoli Erkek Kuaförü,8310464547
kisisel_bakim,Saloon White Erkek Kuaförü,8310469659
kisisel_bakim,Emek Erkek Kuaförü,8310469840
kisisel_bakim,Ayşen Güzellik salonu,8316248093
kisisel_bakim,selen bayan kuaförü,8316248099
kisisel_bakim,mehmet erkek kuaförü,8319639873
kisisel_bakim,Kaya Erkek Kuaförü,8403439226
kisisel_bakim,Kartal Arçelik Servisi,8406501417
kisisel_bakim,Simay Erkek Kuaförü,8489080411
kisisel_bakim,Berber Erhan,8489123840
kisisel_bakim,Yeşim Kuaför,8489123845
kisisel_bakim,Kuaför Salonu,8489123852
kisisel_bakim,Meriç Erkek Kuaförü,8489123855
kisisel_bakim,The Savage Hair Style,8498807217
kisisel_bakim,Kent Kuaför Altıntepe,8502385718
kisisel_bakim,Saç Mekan,8520268924
kisisel_bakim,HDF Bayan Kuaförü,8520490505
kisisel_bakim,Saloon Levent Kılıçaslan,8520556466
kisisel_bakim,Gözde Gizem Beauty & Wellness,8520703621
kisisel_bakim,Uğurkan,8521424797
kisisel_bakim,Mehmet İldeç Men's Hair Studio,8521493961
kisisel_bakim,The Rise,8521496265
kisisel_bakim,Desay Kuaför,8521496361
kisisel_bakim,Kuaför Turgay,8521510384
kisisel_bakim,Men's World Bay Kuaför,8521511557
kisisel_bakim,Ness Moda & Bayan Kuaförü,8521511766
kisisel_bakim,Gökhan Polat,8521512270
kisisel_bakim,Deniz Kahveci,8562278126
kisisel_bakim,Gelincik Güzellik Salonu,8581393015
kisisel_bakim,Çetin Erkek Kuaförü,8611074051
kisisel_bakim,Güleç-2 Erkek Kuaförü,8611074055
kisisel_bakim,Bahri Erkek Kuaförü,8611074061
kisisel_bakim,Bizim Bayan Kuaförü,8611074076
kisisel_bakim,Suat Barber's Club,8737937250
kisisel_bakim,Hair Look,8742335504
kisisel_bakim,Poiz Spa,8742530208
kisisel_bakim,Değişim Güzellik Salonu,8742545979
kisisel_bakim,Nefes,8746170084
kisisel_bakim,Dilamed Kuaför,8746237508
kisisel_bakim,Claymed Güzellik,8746694425
kisisel_bakim,Sait Yavuz,8749285968
kisisel_bakim,H&H,8759362117
kisisel_bakim,Pera Güzellik,8783015067
kisisel_bakim,Salon Pink Kuaför,8829489956
kisisel_bakim,Kuaför Sevgi,8830242072
kisisel_bakim,Çekmeköy Estecool,8867979422
kisisel_bakim,Hair Box,8872584985
kisisel_bakim,İbrahim Erkek Kuaförü,8901918522
kisisel_bakim,Özcan Kuaför,8901918558
kisisel_bakim,Berber Serkan,8901918594
kisisel_bakim,Okyanus Kuaför,8911720664
kisisel_bakim,Acarlar Kuaför,8911720665
kisisel_bakim,Aleyna Bayan Kuaförü,8954365036
kisisel_bakim,Sacha Curl,8956716395
kisisel_bakim,Adnan Bayan Kuaförü,8956733185
kisisel_bakim,Salon Suat Bayan Kuaförü,8963264486
kisisel_bakim,Semiha Bayan Kuaför,9022910613
kisisel_bakim,Kardeşler Hair Style,9022912924
kisisel_bakim,La Perla,9108204554
kisisel_bakim,Oss-Man Coiffeur,9112374427
kisisel_bakim,Eyup Sabri Tuncer Parfumeries,9116027017
kisisel_bakim,Hair Trend Barber Ali Rıza,9122643499
kisisel_bakim,Salon Modello,9134595901
kisisel_bakim,Tus Bay Bayan Kuaför Salonu,9139607492
kisisel_bakim,Sevgi Akın Güzellik Salonu,9139796053
kisisel_bakim,Berber Mustafa Yayla,9139890328
kisisel_bakim,Bay Kuaför Murat,9139890333
kisisel_bakim,Ekrem Çınar Bay Kuaför,9139890338
kisisel_bakim,Mustafa Koç Bay Salon,9139890380
kisisel_bakim,Ufuk Güneş Erkek Kuaförü,9139890390
kisisel_bakim,Yalçın Erkek Kuaförü,9139890396
kisisel_bakim,Adem Durgun Erkek Kuaförü,9143876730
kisisel_bakim,Çamdağ Cosmetics,9143889704
kisisel_bakim,Baltacı Erkek Kuaförü,9164320494
kisisel_bakim,Point Hair Studio,9213654902
kisisel_bakim,Poyraz Bayan Kuaförü,9213655889
kisisel_bakim,San Kuaför,9255458328
kisisel_bakim,Milano Kuaför,9256546737
kisisel_bakim,Kutup Yıldızı Beauty,9263232099
kisisel_bakim,TGEST AKADEMİ,9272916979
kisisel_bakim,Est'e Q Wellness & Beauty,9288134970
kisisel_bakim,erkek berber,9368602186
kisisel_bakim,Moda Sanat,9375785017
kisisel_bakim,Selin Kılıç Beuaty,9421220383
kisisel_bakim,Kounouz Kuaför,9446706920
kisisel_bakim,Recep Yaşaroğlu Hair Studio,9446740690
kisisel_bakim,Salon T&T Bayan Kuaförü,9452683518
kisisel_bakim,By Adam Erkek Kuaförü,9452696765
kisisel_bakim,Ateş Kuaför Solaryum,9452919689
kisisel_bakim,Kuaför Hasan,9473449624
kisisel_bakim,Ada Erkek Kuaförü,9473463161
kisisel_bakim,Gözde Erkek Kuaförü,9473470939
kisisel_bakim,İgora Kuaför,9481137549
kisisel_bakim,PodyArt,9481152393
kisisel_bakim,Saloons,9481270026
kisisel_bakim,Ali Turan Hair & Beauty,9498224955
kisisel_bakim,Cosmoland,9498224956
kisisel_bakim,Naturel Kuaför,9503617486
kisisel_bakim,Ömer Bayan Kuaförü,9546985121
kisisel_bakim,Anatolia Güzellik Salonu,9550928872
kisisel_bakim,Aylin Beauty Center,9550928908
kisisel_bakim,Aziziye Hamami,9551653317
kisisel_bakim,İmaj Kuaför,9553825537
kisisel_bakim,Kuaför İslam,9555671842
kisisel_bakim,Aksöz Erkek Kuaförü,9631171969
kisisel_bakim,Berrak Kuaför,9631171972
kisisel_bakim,Pak Berber,9636408257
kisisel_bakim,Zeki Erdoğan,9663275937
kisisel_bakim,Birol kuaför,9663355318
kisisel_bakim,Uim Hair Luxury Salon,9689348260
kisisel_bakim,Lale Erkek Kuaförü,9691790718
kisisel_bakim,Kem,9777076925
kisisel_bakim,İstanbul Fashion Coiffeur,9783089117
kisisel_bakim,Makas Kadın Kuaförü,9786517751
kisisel_bakim,Coiffeur Goa,9786517756
kisisel_bakim,Sidoma Erkek Kuaförü,9786517764
kisisel_bakim,Sea Cosmetics,9789674618
kisisel_bakim,Harun Kuaför,9809361671
kisisel_bakim,Kuaför Ertan,9821259917
kisisel_bakim,Gani Erkek Kuaförü,9821259920
kisisel_bakim,MH Beauty Salon,9899048188
kisisel_bakim,Alan Kuaför,9907776610
kisisel_bakim,Emrah Barber Shop,9911204786
kisisel_bakim,Centilmen Erkek Berberi,9915850864
kisisel_bakim,D&P Perfumum,9928413517
kisisel_bakim,Salon Sibella,9933670147
kisisel_bakim,Yılmaz Albayrak Barber Shop,9933676003
kisisel_bakim,Diva Bayan Kuaförü,9933678405
kisisel_bakim,Gencay Erkek Kuaförü,9933681705
kisisel_bakim,Elif Subaşı Güzellik Salonu,9933681706
kisisel_bakim,Glory Beauty,9933687997
kisisel_bakim,Salon Cevdet Eroğlu,9935472152
kisisel_bakim,Tutkum Kozmetik,9935472157
kisisel_bakim,Kuaför Cengiz,9939299544
kisisel_bakim,Studio Sacha,9939299550
kisisel_bakim,Selami Köşker Kuaför,9939299551
kisisel_bakim,Bektaş Erkek Kuaförü,9939299562
kisisel_bakim,Cihat Erkek Kuaförü,9939299563
kisisel_bakim,Nazife Demir Güzellik Salonu,9939299570
kisisel_bakim,Recep Kuaför,9939299581
kisisel_bakim,LifeZone,9944532135
kisisel_bakim,Atelier rebull,9950496919
kisisel_bakim,Atelier rebul,9950497120
kisisel_bakim,Sukker Berber,9969509717
kisisel_bakim,Rüzgar,9983964792
kisisel_bakim,Pasha Erkek Kuaförü,9988699136
kisisel_bakim,Sortie accessories,9997977017
kisisel_bakim,Sevgi Kuaför,9999588718
kisisel_bakim,Yağmur Kozmetik,10002131074
kisisel_bakim,Kapadokya Erkek Kuaförü,10004314118
kisisel_bakim,Saloon Marka,10017853719
kisisel_bakim,Zeki Stylist,10029201830
kisisel_bakim,Burak Erkek Kuaförü,10029201839
kisisel_bakim,Deniz Erkek Kuaförü,10029201844
kisisel_bakim,Salon Makas,10029201896
kisisel_bakim,Songül & Murat Saç Tasarım,10029201900
kisisel_bakim,Bestelit,10029201913
kisisel_bakim,Mars Temizlik Ürünleri,10029207117
kisisel_bakim,Akpolat Erkek Kuaförü,10038520453
kisisel_bakim,Okan Ünal Kuaför,10038936317
kisisel_bakim,No 1 Saç Tasarım,10042514271
kisisel_bakim,Bilgin Erkek Kuaförü,10049275164
kisisel_bakim,Habibe Demirci Güzellik Salonu,10052099004
kisisel_bakim,İhsan Çapar Bayan Kuaförü,10075355833
kisisel_bakim,Akademi Kuaför,10082522267
kisisel_bakim,Neşeli Diyet & Güzellik Salonu,10104661392
kisisel_bakim,Filiz Kuaför & Saç Dizayn,10104719764
kisisel_bakim,Gülay Saç Tasarım,10104720031
kisisel_bakim,Kosova Kuaför Solarium Ağda,10110158061
kisisel_bakim,Bayan Kuaförğ,10110158132
kisisel_bakim,Signature Bayan Kuaförü,10110158155
kisisel_bakim,Lost Erkek Kuaförü,10110158178
kisisel_bakim,Man Icure,10110158367
kisisel_bakim,Villa Beauty,10110158368
kisisel_bakim,DİLAN UYSAL BEAUTY CENTER,10136280360
kisisel_bakim,Akın Sağlık Güzellik Merkezi,10143132010
kisisel_bakim,New Well Make-Up Station,10143132012
kisisel_bakim,Dilber Güzellik Salonu,10159076311
kisisel_bakim,Kuzey Erkek Kuaförü,10159083801
kisisel_bakim,İstanbul İğneli Epilasyon by Gökçe Temuçin,10159783372
kisisel_bakim,Three zen,10173059269
kisisel_bakim,Bayan kuaförü savaş,10175561825
kisisel_bakim,Kuaför Mustafa Kuru,10178013506
kisisel_bakim,By Onur,10178074798
kisisel_bakim,Formen Kuaför,10178079512
kisisel_bakim,Şener Kuaför,10178083543
kisisel_bakim,İstanbul Kuaför,10178093719
kisisel_bakim,Kadırga Gençlik Kuaförü,10178438665
kisisel_bakim,Esra Selçukkaya Kuaför,10203760807
kisisel_bakim,Yakup Gökdere Hair & Nail,10221135120
kisisel_bakim,plaza hotel,10255652909
kisisel_bakim,Saçınıza Talibiz,10257969855
kisisel_bakim,Hayat Beauty Palace,10271725144
kisisel_bakim,Mehmet Tatlı Kuaför,10285889661
kisisel_bakim,Yunus Berber,10293761609
kisisel_bakim,Salon Ras - Güven Işık Erkek Kuaförü,10540335197
kisisel_bakim,Mos Kuaför,10555524063
kisisel_bakim,Birgül Bayan Kuagör,10563443254
kisisel_bakim,Saloon Hasan,10570455853
kisisel_bakim,Kuaför Halit,10570591575
kisisel_bakim,Afra Beauty,10570595252
kisisel_bakim,White Sakal Erkek Kuaförü,10570595375
kisisel_bakim,Efe Erkek Kuaförü,10577482646
kisisel_bakim,Mellisima Erenköy,10642435167
kisisel_bakim,Atölye Kuaför Cut Color Make Up,10656079328
kisisel_bakim,Ali Gür Kuaför,10671810552
kisisel_bakim,Özgür Saç Kuaför,10680265858
kisisel_bakim,Eylün Öztürk Nail Spa & Beauty,10694848166
kisisel_bakim,Gamze Güzellik,10695120951
kisisel_bakim,Gamze Kuaför,10695120952
kisisel_bakim,Çidem Koç Bay Bayan Kuaförü,10711865761
kisisel_bakim,Kulis Kuaför,10772997306
kisisel_bakim,Ramazan Kuaför,10782424949
kisisel_bakim,Kuaför Berat,10782424953
kisisel_bakim,Kuaför Cengiz Aydın,10796633132
kisisel_bakim,Salon Yahya,10830449978
kisisel_bakim,Sultan Aslana,10864132212
kisisel_bakim,Selim Bayan Kuaförü,10864132225
kisisel_bakim,777nails_beautybar,10895607805
kisisel_bakim,Black Makas Suadiye,10925282904
kisisel_bakim,Kenan Çabuk Berber,10925283605
kisisel_bakim,Rain's Güzellik & Estetik Merkezi,10945166619
kisisel_bakim,Berber Elit,10989527955
kisisel_bakim,Fasion Coiffeur,11007646581
kisisel_bakim,Sen Kuaför,11023212105
kisisel_bakim,De Bonne Estetik,11030750555
kisisel_bakim,Vip Kuaför,11032880605
kisisel_bakim,Hair Cnc Bayan Kuaförü,11036725061
kisisel_bakim,Turnak Butik Ataşehir,11061376972
kisisel_bakim,Silver Hair Studio,11075078800
kisisel_bakim,Health & Beauty,11080105670
kisisel_bakim,SCLINIC Beauty & Welness,11093325249
kisisel_bakim,3A Hairdesign,11105776904
kisisel_bakim,Kuaför Mithat Kan,11111739720
kisisel_bakim,Ahmet Berber,11116173709
kisisel_bakim,Sami Bal,11118889495
kisisel_bakim,Muharrem Bilen Hair Artist,11128438106
kisisel_bakim,The Most,11146333158
kisisel_bakim,Mrs London Kauför,11171366073
kisisel_bakim,Villa Kuaför ve Güzellik Salonu,11197840834
kisisel_bakim,Saloon Yılmaz,11206598181
kisisel_bakim,Salon Brothers,11214202179
kisisel_bakim,Mila Esthetic,11218254938
kisisel_bakim,Recep,11275667827
kisisel_bakim,Crew Hair Studio,11284330638
kisisel_bakim,GESY Estetik Atakent VIP,11300839452
kisisel_bakim,Sultans Kuaför,11303217119
kisisel_bakim,Stockholm,11329498754
kisisel_bakim,Dess Coiffeur,11332744855
kisisel_bakim,Tamirhane,11361761636
kisisel_bakim,Divas,11361772535
kisisel_bakim,Pinar Arslan,11364561436
kisisel_bakim,Kuaför Celal Selçuk,11375617443
kisisel_bakim,Suat atay,11381891827
kisisel_bakim,Pose,11384225962
kisisel_bakim,Kuaför Sinan,11391403774
kisisel_bakim,Sevil Yıldırım Beauty,11391406147
kisisel_bakim,İrem Bayan Kuaförü,11391561743
kisisel_bakim,Watsons,11417680317
kisisel_bakim,Kardeşler Kuaför,11426849372
kisisel_bakim,Most Kuaför,11443275371
kisisel_bakim,Gamze Güzellik Merkezi,11443275373
kisisel_bakim,Cadde Kuaför,11451711189
kisisel_bakim,Özeren Hair,11464728700
kisisel_bakim,SiBel Bayan Kuaförü,11475791402
kisisel_bakim,NaiLyuba,11547983904
kisisel_bakim,Fancy Coiffeur,11577271834
kisisel_bakim,Apron,11599006854
kisisel_bakim,Nishane,11638729169
kisisel_bakim,Alkent Erkek Kuaförü,11688942441
kisisel_bakim,Noir Kuaför by Kadir Yıldız,11688942444
kisisel_bakim,Medical Estetik,11688942449
kisisel_bakim,Gülnur Kuaför,11703312291
kisisel_bakim,Xclinic New-Gen Beauty,11773716021
kisisel_bakim,Felix Beauty Bar,11773723135
kisisel_bakim,Alix Avien,11773738748
kisisel_bakim,Evve,11845246475
kisisel_bakim,Studio Good,11880710259
kisisel_bakim,Elif Yılmaz Ay Kuaför Salonu,11880754373
kisisel_bakim,Salkım Kozmetik,11901148005
kisisel_bakim,Songül Erdoğdu,11928501700
kisisel_bakim,Sultan Erkek Kuaförü,11931926254
kisisel_bakim,Yeşil Kuaför,11933947427
kisisel_bakim,Man Hair Design Studio,11933947428
kisisel_bakim,216 Berber,11937732557
kisisel_bakim,Berber Adem,11950800471
kisisel_bakim,Berber İsmail,11952126421
kisisel_bakim,Nuri Özçelik Kuaför,11954182770
kisisel_bakim,İlkem Erkek Kuaförü,11957986070
kisisel_bakim,İmza Kuaför Soner & Tolga,11958195760
kisisel_bakim,Maxim Coiffeur,11958998969
kisisel_bakim,Aslan,11972275480
kisisel_bakim,Salon Set,11974883719
kisisel_bakim,Tan Kuaför,11999470670
kisisel_bakim,Ali Mazı Kuaför,12011774565
kisisel_bakim,The Berber,12017501758
kisisel_bakim,Cemal Güçlü,12020008471
kisisel_bakim,Cosmetica,12055675531
kisisel_bakim,eve,12055675532
kisisel_bakim,Özkan Kuaför,12058115570
kisisel_bakim,Procsin,12059879052
kisisel_bakim,Ceren Sevindik,12063815992
kisisel_bakim,Saloon Life,12064495107
kisisel_bakim,Semra Kaş Tasarım,12067076514
kisisel_bakim,İstanbul Kozmetik Medikal - İKM Kozmetik,12090465456
kisisel_bakim,Nazende Bayan Kuaförü,12151183965
kisisel_bakim,Ramazan Öz Kuaför,12153270101
kisisel_bakim,A Plus Coiffure,12183918621
kisisel_bakim,Bellance Beauty Salon,12196787571
kisisel_bakim,Bay Özkan Kuaför,12229064977
kisisel_bakim,Pumpkin,12231808709
kisisel_bakim,Tattoo master,12231819001
kisisel_bakim,Fuego Nail Art Studio,12235062704
kisisel_bakim,Nail Art Studio,12235720505
kisisel_bakim,Suadiye Kuaför,12241626602
kisisel_bakim,Kuaför Selçuk,12241660201
kisisel_bakim,Tuncay Erkek Kuaförü,12262691815
kisisel_bakim,Sinan Güngör by kuaför,12263129115
kisisel_bakim,Ferhat Erkek Kuaförü,12302429001
kisisel_bakim,Noi,12304646320
kisisel_bakim,Mrs London,12304651075
kisisel_bakim,Tuğçe Özer,12304652548
kisisel_bakim,Nehir Derya,12304652660
kisisel_bakim,Salihcan,12304652781
kisisel_bakim,Eyüp Kuaför,12343775801
kisisel_bakim,Saloon MusSe,12345244752
kisisel_bakim,Deja Vu Hair Design,12347693540
kisisel_bakim,pudKA | Handmade Natural Soap & Cosmetics Store,12368709177
kisisel_bakim,Crew Hair Studio Etiler,12373836950
kisisel_bakim,Ekrem Aras Erkek Kuaförü,12458918834
kisisel_bakim,Erkek Kuaförü K&H,12458921926
kisisel_bakim,Garage Hair Repair Studio,12479408726
kisisel_bakim,Yu Beauty Palace,12492174687
kisisel_bakim,F.M.A Kardeşler Erkek Kuaförü,12499014145
kisisel_bakim,Mavişim Erkek Kuaför,12507537244
kisisel_bakim,Waterfall Unisex Coiffeur,12510981392
kisisel_bakim,Stilistali,12510989119
kisisel_bakim,Noa Pure,12512834716
kisisel_bakim,San Coiffure,12512834784
kisisel_bakim,Mona Güzellik Merkezi,12523141375
kisisel_bakim,NO NAME Hair Design,12560752179
kisisel_bakim,Uğur-Onur Ceviz Saloon's,12564113859
kisisel_bakim,Kuafor Erol,12640024177
kisisel_bakim,The Change Hair Design Studio,12652265983
kisisel_bakim,Bekir,12666567276
kisisel_bakim,Kader & Ali,12666740000
kisisel_bakim,Medikos Erkek Kuaför,12666987333
kisisel_bakim,Lacivert Kuaför,12670056324
kisisel_bakim,Studio E&G Kuaför,12670056326
kisisel_bakim,Akif Doğan Coiffeur,12670056330
kisisel_bakim,Bay Fırcha Kuaför,12670056331
kisisel_bakim,Alen Erkek Kuaförü,12670674535
kisisel_bakim,Üçel Kuaför,12674305502
kisisel_bakim,Umut Life,12676978611
kisisel_bakim,Dagmara Güzellik Salonu,12692023578
kisisel_bakim,Salon Deha,12705847849
kisisel_bakim,Sosyete Kuaför Salonu,12710251026
kisisel_bakim,La Élégante Beauty,12716729097
kisisel_bakim,Çaça Erkek Kuaförü,12718093500
kisisel_bakim,Çarşı Erkek Kuaförü,12721944138
kisisel_bakim,Servan Erkek Kuaförü,12725701953
kisisel_bakim,Cadde Erkek Kuaförü,12730724876
kisisel_bakim,Kuaför By Kenan,12730738954
kisisel_bakim,Elit Kuaför,12730738961
kisisel_bakim,Barber Shop,12738944946
kisisel_bakim,Salon Yusuf,12747217668
kisisel_bakim,No 46 Hair Design Studio,12778661226
kisisel_bakim,Güzellik sanatı,12778661230
kisisel_bakim,Sogö Kuaför,12778661231
kisisel_bakim,Ferhat Korkmaz,12798229301
kisisel_bakim,Fringe Hair Design Studio,12818643144
kisisel_bakim,Gencay Kuaför,12825191717
kisisel_bakim,Şeref,12849435083
kisisel_bakim,Gülse Gençer Güzellik,12860472224
kisisel_bakim,Alp Baharat Kozmetik,12864729138
kisisel_bakim,Hatice Yıldız Nail Studio,12880786294
kisisel_bakim,Irmak Ağda Salonu,12920133101
kisisel_bakim,Nayel Beauty,12926613886
kisisel_bakim,Pinky Nail Bar,12988098130
kisisel_bakim,Salon Maltepe Erkek Kuaförü,12988098132
kisisel_bakim,Kenan Kesim Barbershop,12999079265
kisisel_bakim,Zeki Kuaför,13002025489
kisisel_bakim,Saloon Neco,13006680708
kisisel_bakim,Dost Erkek Kuaförü,13026729667
kisisel_bakim,Carla Zoe Güzellik Merkezi,13052469501
kisisel_bakim,Aley Bayan Kuaförü,13060105079
kisisel_bakim,Bakır Makas,13060105080
kisisel_bakim,UK Bayan Kuaförü,13060105085
kisisel_bakim,Makeup Fingen Yılmaz,13064183501
kisisel_bakim,Salon DT Bayan Kuaförü,13064185301
kisisel_bakim,Beauty Cabin Suadiye,13075426276
kisisel_bakim,Cemtun Erkek Kuaförü,13092785690
kisisel_bakim,Salon Fenomen Erkek Kuaförü,13092785717
kisisel_bakim,Eyüp Sabri Tuncer,13098457615
kisisel_bakim,Erol Aksoy Erkek Kuaförü,13103217801
kisisel_bakim,Time Beauty Cadde,13123212200
kisisel_bakim,Ömer Bay Kuaför,13158426533
kisisel_bakim,Sinyor,13186943219
kisisel_bakim,Can Yurt,13247613801
kisisel_bakim,KIKO Milano,13253782838
kisisel_bakim,Bermoda Çocuk Kuaförü,13256064919
kisisel_bakim,Cahit Kuaför,13266442502
kisisel_bakim,Kafa Atölyesi,13271911602
kisisel_bakim,Kaan Kuaför,13271914046
kisisel_bakim,V.I.P. Erkek Kuaförü,13279675808
kisisel_bakim,Özgür Göksal,13306339102
kisisel_bakim,Berber Yunus,13307741301
kisisel_bakim,Emre Ergen Kuaför,13308222001
kisisel_bakim,Ade Güzellik Salonu,13310982301
kisisel_bakim,Mehtap Yıldırım,13310982302
kisisel_bakim,Ömer Berber,13311003402
kisisel_bakim,İmamoğlu Kozmetik,13313748701
kisisel_bakim,Umut Kuaför,13313813696
kisisel_bakim,Hakan Erkek Kuaförü,13316933446
kisisel_bakim,İrfan Hür Kuaför,13316933451
kisisel_bakim,Taner Berber,13316933454
kisisel_bakim,Miss hair,13321505701
kisisel_bakim,Alaaddin Fil Barber's Club,13321505801
kisisel_bakim,Mejan Erkek Kuaförü,13321512701
kisisel_bakim,Hair Planet,13328470117
kisisel_bakim,HAIR SETUP BAY&BAYAN KUAFÖR VE GÜZELLİK SALONU,13330535848
kisisel_bakim,Salon Cumhur,13340521665
kisisel_bakim,Cımbız 2,13342842819
kisisel_bakim,Zeynep Kişisel Bakım,13357524690
kisisel_bakim,Recep Tozan Kuaför,13368160475
kisisel_bakim,Baby Face Kuaför / Hair Salon,13376115676
kisisel_bakim,Perfect Hair,13393807833
kisisel_bakim,Rıza Albayrak Hair Design Studio,13394378032
kisisel_bakim,Kuaför Dilek Şengül,13394939659
kisisel_bakim,Mona Lisa Kuaför,13396860949
kisisel_bakim,Gül Güzellik Salonu,13398205547
kisisel_bakim,Ömer Bahçeci Kuaför,13410201835
kisisel_bakim,Ensar Demir Kuaför,13416573592
kisisel_bakim,Yılmaz Menzilci Kuaför,13420488292
kisisel_bakim,Yılmaz Bayan Kuaförü,13437190001
kisisel_bakim,Pia Kuaför,13437190901
kisisel_bakim,Yusuf Erkek Kuaförü,13440303572
kisisel_bakim,Melikür Nail Studio,13443449241
kisisel_bakim,WomanArt Beauty Studio Özlem Erdoğan,13444940491
kisisel_bakim,Star Kadın Kuaförü,13444982998
kisisel_bakim,Erhan & Tayyar Bayan Kuaförü,13462039904
kisisel_bakim,Olcay Club Güzellik Merkezi,13481959569
kisisel_bakim,Burhan & Murat Hair Studio,13516269823
kisisel_bakim,Çoşkun Erkek Kuaförü,13517062574
kisisel_bakim,Ecrin Bayan Kuaförü,13517062580
kisisel_bakim,Ay Yıldız Kadın Kuaför,13586309980
kisisel_bakim,Özdemir Erkek Kuaför,13586309982
kisisel_bakim,Salon Recep,13589227093
kisisel_bakim,Esin Güzellik Salonu,13615834328
kisisel_bakim,Nova Hair & Nail Studio,13623222344
kisisel_bakim,Vera's Kadın Kuaförü,13631170815
kisisel_bakim,Bütüncül Şifa - Doğal Ürünler,13638422831
kisisel_bakim,Hair Mott,13681295901
kisisel_bakim,Serkan Güler,13691535889
kisisel_bakim,Semra Güzellik Salonu,13691815473
kisisel_bakim,Baretta Berber Salonu,13691815478
kisisel_bakim,Hasan Yaman Coiffeur,13691815479
kisisel_bakim,Banu Soğuk,13694554484
kisisel_bakim,Yağız Erkek Kuaförü,13694597152
kisisel_bakim,Kuaför Handan,13694597153
kisisel_bakim,Saloon Frezya,13697920650
kisisel_bakim,Sezen Güzellik Salonu,13697920665
kisisel_bakim,Seren Zeren,13698351281
kisisel_bakim,Ali Erkek Kuaförü,13698351282
kisisel_bakim,Rabia Teke,13698351283
kisisel_bakim,Coiffeur Tayfun Mengü,13698351290
kisisel_bakim,Fikret Erkek Kuaförü,13698351293
kisisel_bakim,Barış & Necati Erkek Kuaförü,13698577098
kisisel_bakim,Salon Zafer Hatunoğlu,13698613503
kisisel_bakim,Gala Bayan Kuaförü,13698675477
kisisel_bakim,A Plus Güzellik,13698675481
kisisel_bakim,Serhan Oğuz,13698675486
kisisel_bakim,Marsay Erkek Kuaför Salonu,13698675490
kisisel_bakim,Gökhan Sarıkaya,13698743724
kisisel_bakim,Beta Kozmetik,13698743725
kisisel_bakim,Esra Cihangir,13698743729
kisisel_bakim,Coiffeur Emre Yıldırım,13700593989
kisisel_bakim,Salon 34 Coiffeur,13700646802
kisisel_bakim,Demir Erkek Kuaförü,13700646806
kisisel_bakim,Tutku Zengin,13700646809
kisisel_bakim,Salon Clean,13700865692
kisisel_bakim,Emin & Enes Erkek Kuaförü,13700865695
kisisel_bakim,Mehmet Turan Salon 42,13700865700
kisisel_bakim,Sidelya Güzellik Merkezi,13700882101
kisisel_bakim,Şeyda Gökhan Beauty,13700923870
kisisel_bakim,Beauty Rise Güzellik Salonu,13701162206
kisisel_bakim,Majestem Güzellik Salonu,13701192175
kisisel_bakim,Rossmann,13701351053
kisisel_bakim,Perfume Point,13701351064
kisisel_bakim,Wigo Bayan Kuaförü,13703028429
kisisel_bakim,Kuaför Sedat & Mehmet,13703028431
kisisel_bakim,Özlem Ürek Kuaför & Güzellik Salonu,13703029055
kisisel_bakim,Gülhan Bayana Kuaför,13703029056
kisisel_bakim,Salon Ada Bayan Kuaförü,13703029065
kisisel_bakim,Umut Mengüverdi,13703830461
kisisel_bakim,Güzel Bayan Kuaförü,13703830476
kisisel_bakim,Hola Beauty,13704144621
kisisel_bakim,Saloon 64,13704986170
kisisel_bakim,Burak Yürekçi Barber Shop,13705336713
kisisel_bakim,İlyas Erkek Kuaförü,13705637439
kisisel_bakim,Women Power Güzellik Salonu,13705981428
kisisel_bakim,Mandala El & Ayak Bakım Salonu,13705981429
kisisel_bakim,Alp Güzellik Salonu,13706028924
kisisel_bakim,Tuana Güzellik Salonu,13706141727
kisisel_bakim,Kuaför Nursel,13706451300
kisisel_bakim,Zeynep Bektaş,13706480605
kisisel_bakim,Formmed Coiffeur,13706480607
kisisel_bakim,Dalila Coiffeur & Solarium,13706480613
kisisel_bakim,Asi Arık Nail Beauty,13706544911
kisisel_bakim,Emrecan Arık,13706544912
kisisel_bakim,Miranda Güzellik Merkezi,13707998523
kisisel_bakim,Emsal Doğan Beauty,13708203220
kisisel_bakim,Bay Salon Mehmet,13708270407
kisisel_bakim,Galip Bayan Kuaförü,13708431060
kisisel_bakim,Nil Kuaför,13709008286
kisisel_bakim,Altın Makas Hasan Coiffeur,13709037580
kisisel_bakim,Salon Fırat & Kübra,13709739010
kisisel_bakim,Sebahat Beauty Life,13709739012
kisisel_bakim,Kuaför Fikret,13709739017
kisisel_bakim,Tahsin Erkek Kuaförü,13709797860
kisisel_bakim,Musti Erkek Kuaförü,13709803129
kisisel_bakim,Barış Çorlu Kuaför,13710456543
kisisel_bakim,Nail Erkek Kuaförü,13719329555
kisisel_bakim,Aliye Türkmen,13719329557
kisisel_bakim,Mest Kuaför,13722548724
kisisel_bakim,Cüneyt Kuaför,13723020717
kisisel_bakim,Favori Berber Shop,13730229657
kisisel_bakim,Merve Laçin Studio,13730814471
kisisel_bakim,Batu Erkek Kuaförü,13740232734
kisisel_bakim,Salon Burcu,13753301687
kisisel_bakim,Salon 3 El Erkek Kuaförü,13753337961
kisisel_bakim,Lamor Bayan Kuaförü,13753498904
kisisel_bakim,Semih Uyar Kadın Kuaförü,13755068317
kisisel_bakim,Ar-Med Güzellik & Estetik,13755068318
kisisel_bakim,Serdar Mert Saç Tasarım,13755068320
kisisel_bakim,Melek Güçlü,13769111663
kisisel_bakim,Ottoman's Berber,13780418689
kisisel_bakim,No 34 Coiffeur,13780429344
kisisel_bakim,Atakent Hair Studio by Aykut Tunç,13817954311
kisisel_bakim,Saygın Bayan Kuaför,13822387965
kisisel_bakim,Kemer Erkek Kuaförü,13824774480
kisisel_bakim,Hülya Güzellik Salonu,13830332911
kisisel_bakim,FM Nora Kadın Erkek,13840871951
kisisel_bakim,Cossta Cosmetic Station,13848422735
kisisel_bakim,Milennium Murat Karatop,13848487445
kisisel_bakim,Cem Bayan Kuaförü,13848487458
kisisel_bakim,Salon Burhan Erkek Kuaförü,13848487459
kisisel_bakim,Beauty Point Hair Style & Nail Art,13848751279
kisisel_bakim,Medica Derma,13848894612
kisisel_bakim,N.C Kuaför,13849384945
kisisel_bakim,Kuaför Ermira,13849467255
kisisel_bakim,Salon İstanbul,13849467256
kisisel_bakim,Coiffeur Kenan,13849831432
kisisel_bakim,Kabasakal Erkek Kuaförü,13849831439
kisisel_bakim,By Şükrü Erkek Kuaförü,13849831464
kisisel_bakim,Salon Ef Erkek Kuaförü,13851534630
kisisel_bakim,Keskin Makas Erkek Kuaförü,13851534633
kisisel_bakim,Salon 1407,13852989716
kisisel_bakim,Saloon Q Unisex Hair Design,13853010645
kisisel_bakim,Salon Arlı,13856415941
kisisel_bakim,Memireis,13856415942
kisisel_bakim,Medescape Aesthetics & Beauty,13857677668
kisisel_bakim,By Saloon Ümit,13857780239
kisisel_bakim,I Sista Beauty Center,13858190884
kisisel_bakim,Salon Felat,13860012319
kisisel_bakim,Halit Ceyhan Kuaför,13860012323
kisisel_bakim,Kuaför Muko,13860012326
kisisel_bakim,Semra Akdemir Make Up Studio,13866917609
kisisel_bakim,Hair Studio Hakan Güngör,13866917610
kisisel_bakim,Barış Bay Kuaför,13867310293
kisisel_bakim,Salon For Men,13867370771
kisisel_bakim,Serkan Özcan Hair Club for Women,13869262528
kisisel_bakim,Saça Bayan Kuaförü,13869264262
kisisel_bakim,Beauty Lab Kartal,13900693260
kisisel_bakim,ARS Hair Studio,13904195525
kisisel_bakim,Mion,13922873816
kisisel_bakim,Ebru Kuaför Ve Tesettür Salonu,13928726544
kisisel_bakim,Selda Bayan Kuaförü,13928726560
kisisel_bakim,Erkek Kuaförü Mustafa Öztürk,13936434944
kisisel_bakim,Doğan Berber,13938490632
kisisel_bakim,LALA NAİL STUDİO,13947568188
kisisel_bakim,Sen Erkek Kuaförü,13947584327
kisisel_bakim,Aydoğan Erkek Kuaförü,13950905958
kisisel_bakim,Yeşiltaş Erkek Kuaförü,13950905972
kisisel_bakim,Icon Bayan Kuaförü,13968044981
kisisel_bakim,Hair Black Kuaför,13982844614
kisisel_bakim,Aura Beauty Salon,13982918700
kisisel_bakim,Betül İlayda Makeup Studio,13983686340
kisisel_bakim,Arzu Kurt Makeup Studio,13984956999
kisisel_bakim,Gül Bayan Kuaförü,13985818190
kisisel_bakim,Adel Beauty,14019768816
kisisel_bakim,Çetin Çelik Ramazan Güllü,14021232340
kisisel_bakim,Mustafa Koç Saç Tasarım,14038733426
kisisel_bakim,Salon Umut,14040804266
kisisel_bakim,Sır Erkek Kuaförü,62674132
kisisel_bakim,FJX Kuaför,112601415
kisisel_bakim,SEM Güzellik Salonu,112649572
kisisel_bakim,Kuaför,164637968
kisisel_bakim,Hairport,310402957
kisisel_bakim,Hairdresser,2228406609
kisisel_bakim,Tutku Kuaför,2402820848
kisisel_bakim,Gençler Kuaför,2405467285
kisisel_bakim,ALWAYS BEAUTY,3757967806
kisisel_bakim,Bayan küaför,3895859508
kisisel_bakim,Bay küaför,3895890413
kisisel_bakim,erkek küaför,3952124072
kisisel_bakim,Serap Bayan Kuaför ve Güzellik Salonu,4049123200
kisisel_bakim,Hayal Bayan Kuaförü,4224939596
kisisel_bakim,Aypaş Kozmetik,4237566066
kisisel_bakim,face beautiful,4331137292
kisisel_bakim,Deam Saç Tasarım,4331195891
kisisel_bakim,Ömür Güzellik Salonu,4331201193
kisisel_bakim,Seyit Erkek Kuaförü,4331201194
kisisel_bakim,Vivienne Care Güzellik & Bakım,4346957207
kisisel_bakim,Golden Cut Bay & Bayan Kuaför,4388715622
kisisel_bakim,Şanzelize bayan kuaforü,4584408728
kisisel_bakim,Zirve Kuaför,4592186748
kisisel_bakim,The Body Shop,4617737608
kisisel_bakim,Recep's,4624060644
kisisel_bakim,Çankaya Berber Salonu,4661050656
kisisel_bakim,Erkan Berber,4833038204
kisisel_bakim,Çalıkuşu,4886017455
kisisel_bakim,Hair Professor Kuaför,5065202121
kisisel_bakim,Zambak Berber,5122735114
kisisel_bakim,Yıldız Berber,5302603121
kisisel_bakim,Sinan Berber,5365851489
kisisel_bakim,REPLİNE,5564073323
kisisel_bakim,DERMODAY,5564092636
kisisel_bakim,Yöntem Ltd.,5564579801
kisisel_bakim,LİLAFİX KOZMETİK,5564810775
kisisel_bakim,Akyurt Berber,6132741187
kisisel_bakim,Vuslat Bayan Kuaför,6132794993
kisisel_bakim,F&S Erkek Kuaförü,6222340062
kisisel_bakim,Sarıçam Kozmetik&Tuhafiye,6222364954
kisisel_bakim,Berber Hasan,6239368408
kisisel_bakim,Senin Erkek Berberi,6321570015
kisisel_bakim,Dadya Parfümeri,6323689027
kisisel_bakim,İpek Bayan Kuaförü ve Güzellik Salonu,6346790158
kisisel_bakim,Onur Erkek Kuaförü,6407900597
kisisel_bakim,Murat Kuaför,6407900603
kisisel_bakim,Ruşen Kadın Erkek Kuaförü,6412131312
kisisel_bakim,Esvora,6420536981
kisisel_bakim,arc Accessories,6420536983
kisisel_bakim,Ergin Barber,6477840765
kisisel_bakim,Çiçekkızı Güzellik Salonu,6821726585
kisisel_bakim,Orkide erkek Kuaförü,7810855107
kisisel_bakim,Tuğçem Güzellik Salonu,7878409791
kisisel_bakim,Göksun Alagöz Erkek Kuaförü,9070114017
kisisel_bakim,Madelon Güzellik ve Estetik Merkezi,9124388638
kisisel_bakim,Mustafa Demir Hair Artist,9392986453
kisisel_bakim,Seyit Çıtak Erkek Kuaförü,9415338491
kisisel_bakim,Murat Bayan Kuaförü,9415338493
kisisel_bakim,My Barber Erkek Kuaförü,9415338503
kisisel_bakim,Şeref Gök Berber,9415338507
kisisel_bakim,Ayışığı Kuaför Salonu,9415342028
kisisel_bakim,Kuaför Akalın Güzellik,9421178839
kisisel_bakim,Ünlü Kuaför Stilist,9421178840
kisisel_bakim,Hilal Kuaför ve Güzellik Salonu,9989020714
kisisel_bakim,Erkek,10013628697
kisisel_bakim,RD Bayan Kuaförü,10013780963
kisisel_bakim,Kuaför İnoa,10047888836
kisisel_bakim,BoNo Kadın & Erkek Kuafor,10047888848
kisisel_bakim,For Infinity Kuaför,10047889058
kisisel_bakim,Kuaför Yavuz,10282948182
kisisel_bakim,Yakup Duman Hair and Beauty,10286155813
kisisel_bakim,Riva Kuaför,10286155853
kisisel_bakim,Hüseyin Gül Kuaför,10286155865
kisisel_bakim,Berber Akide,10286155873
kisisel_bakim,Misis Kuaför & Güzellik,10286155874
kisisel_bakim,Elit Berber,10286155877
kisisel_bakim,Four Seasons Güzellik Salonu,10286155878
kisisel_bakim,Hera Kuaför,10286231782
kisisel_bakim,Wings Kuaför,10298158540
kisisel_bakim,Berber Cengiz,10302645299
kisisel_bakim,Sezgin Akalın Hair & Beauty Saloon,11098408827
kisisel_bakim,Kivela Kuaför,11105528571
kisisel_bakim,Bilge Dargün Güzellik Salonu,11105528572
kisisel_bakim,Berber Yaşam,11105528573
kisisel_bakim,Siyah İnci Kadın Kuaförü,11106038505
kisisel_bakim,Esma & Sema Beauty Center,11110241794
kisisel_bakim,Serap Engin Beauty Lounge - Şarküteri,11117433261
kisisel_bakim,Chic Beauty & Hair Salon,11169230792
kisisel_bakim,E-N KUAFÖR,11203817924
kisisel_bakim,Ros Kuaför,11203817926
kisisel_bakim,Carina Kuaför,11203817929
kisisel_bakim,Just Beauty Güzellik Salonu,11203817931
kisisel_bakim,Öz-Ay Erkek Kuaförü,11203819505
kisisel_bakim,Figen Koç Tırnak & Kalıcı Makyaj Atöleysi,11203819552
kisisel_bakim,M&S Kuaför,11203819564
kisisel_bakim,RD Erkek Kuaförü,11203819566
kisisel_bakim,Barkan Kozmetik,11206702668
kisisel_bakim,Erkek Berberi,11264887709
kisisel_bakim,Gizem Bekdemir Beauty Shop,11542469596
kisisel_bakim,Şule Gürsoy Güzellik Salonu,11592589223
kisisel_bakim,By Büdü Erkek Kuaförü,11592686122
kisisel_bakim,Efem Erkek Kuaförü,12012651470
kisisel_bakim,Songül Şahin Güzellik Merkezi,12027910407
kisisel_bakim,Yalınkılıç Berber,12027910409
kisisel_bakim,Özgür Bayan Kuaförü,12144470002
kisisel_bakim,Yaren Bilgin Beauty Center,12145864952
kisisel_bakim,Upi Güzellik Merkezi,12258729373
kisisel_bakim,Uğur Mutlu Kuaför,12258729376
kisisel_bakim,Çankaya Kuaför,12258729378
kisisel_bakim,Wess Kuaför,12258729379
kisisel_bakim,Ada Erkek Kuaför,12258729381
kisisel_bakim,Berber Ali,12293765101
kisisel_bakim,Dex kuaför & Güzellik merkezi,12361909600
kisisel_bakim,Arap Erkek Kuaförü,12361979330
kisisel_bakim,Art Kuaför,12362004083
kisisel_bakim,Cihan Bayan Kuaförü,12365089913
kisisel_bakim,Altıntaş Erkek Kuaförü,12365117911
kisisel_bakim,Berber Hakan,12445950553
kisisel_bakim,New Style Erkek Kuaförü,12450217687
kisisel_bakim,Kuaför Kaan,12450217690
kisisel_bakim,Effective Kuaför,12471532349
kisisel_bakim,Tolga Kuaför,12486829905
kisisel_bakim,Öz elit,12486831838
kisisel_bakim,Levent Şener Bayan Kuaförü,12612292553
kisisel_bakim,Zeyn Kuaför,12628847001
kisisel_bakim,Vatan Erkek Kuaförü,12640656531
kisisel_bakim,Kaffa Berber,12640721535
kisisel_bakim,Fd Tesettür Kuaför & Güzellik Salonu,12640747949
kisisel_bakim,Hair World Kuaför,12640748339
kisisel_bakim,Poyraz Kuaför,12640753262
kisisel_bakim,By Nuri Erkek Kuaförü,12640753493
kisisel_bakim,Yolcan Güzellik Salonu,12651679968
kisisel_bakim,Beraber Bay Kuaför,12651728650
kisisel_bakim,Maxman Bakım Merkezi,12699459583
kisisel_bakim,Hair Lounge Kuaför,12709710701
kisisel_bakim,Eylül Kuaför,12777133871
kisisel_bakim,Dila Sayan,12786399146
kisisel_bakim,Shine Solarium,12815145813
kisisel_bakim,Reshine Hair Desing,12871619599
kisisel_bakim,Efsa Kuaför,12880588849
kisisel_bakim,Beyefendi Berber Salonu,12912646213
kisisel_bakim,Emre Öztürk Hair Artist,12957812399
kisisel_bakim,CK Barber,12957857238
kisisel_bakim,Şükrü Aktaş VIP Erkek Kuaförü & Bakım Salonu,12973267873
kisisel_bakim,Estetica,12978607451
kisisel_bakim,Men Barber's Club,12986487001
kisisel_bakim,Süsler Kuaför,13059147416
kisisel_bakim,Gonca Kuaför,13059147421
kisisel_bakim,Songül Yılmaz Make Up ve Beauty Studio,13088893314
kisisel_bakim,Esta Kuaför,13127050069
kisisel_bakim,Le Mono Kadın & Erkek Güzellik Merkezi,13141667767
kisisel_bakim,Trend Bayan Kuaförü,13171807972
kisisel_bakim,Lina Kuaför,13171807989
kisisel_bakim,Reve Kuaför,13179115998
kisisel_bakim,Cadde 1071 Erkek Kuaförü,13179245947
kisisel_bakim,Sıla Düşünceli Hair & Beauty,13179292989
kisisel_bakim,Gamze Kaplan Beyond Beauty,13179306704
kisisel_bakim,Siclinic Hair - Beauty - Wellnes,13179307112
kisisel_bakim,ETS Kuaför,13188282717
kisisel_bakim,Emektar Erkek Kuaförü,13188314016
kisisel_bakim,Heaven Deluxe Epilasyon & Güzellik,13208302186
kisisel_bakim,Nail Lab Beytepe,13235728324
kisisel_bakim,Suin Hair & Beauty,13307810944
kisisel_bakim,Medusa Clinic,13325832038
kisisel_bakim,Barber's İbrahim Çay,13370716781
kisisel_bakim,Bro Barber's VIP Berber,13398089937
kisisel_bakim,Riona Kadın Kuaför,13479980792
kisisel_bakim,Seda Demir,13527199443
kisisel_bakim,Frezzavip,13527199460
kisisel_bakim,Epidermasoft,13527199496
kisisel_bakim,Pelin Özdemir Beauty Club,13543462154
kisisel_bakim,Roya Güzellik Merkezi,13543462155
kisisel_bakim,By Lider Saç Tasarım Merkezi,13543472533
kisisel_bakim,Ertan Erkek Kuaförü,13556681351
kisisel_bakim,M&G Erkek Kuaförü,13556681354
kisisel_bakim,Zuzu Kuaför,13556681383
kisisel_bakim,Sofya Güzellik Salonu,13586447980
kisisel_bakim,Prime Kuaför (By Ozzy),13593619402
kisisel_bakim,Kamil Barber's Saç Tasarım,13607277558
kisisel_bakim,Volkan Bayan Kuaförü,13626789063
kisisel_bakim,Marigold Güzellik Merkezi,13634478527
kisisel_bakim,Newmoss Hair Designer,13654686224
kisisel_bakim,Beyefendi Barber's,13660626401
kisisel_bakim,Pekcan Kuaför,13675871576
kisisel_bakim,Kuaför Serpil,13675871582
kisisel_bakim,Diana Kuaför,13675925710
kisisel_bakim,İka Saç Tasarım Güzellik Merkezi,13727018666
kisisel_bakim,Erkan Erkek Kuaförü,13727018674
kisisel_bakim,Başak Güzellik Merkezi,13727018676
kisisel_bakim,Faruk Erkek Kuaförü,13727058217
kisisel_bakim,Bilal Kuaför,13727058245
kisisel_bakim,Vural Bay Kuaför,13727058252
kisisel_bakim,Harmonia,13745903204
kisisel_bakim,Lidya Beauty Saloon,13746275002
kisisel_bakim,Kuaför Volkan,13752249801
kisisel_bakim,Beyefendi Erkek Kuaförü,13770850704
kisisel_bakim,Fatima & Nur Güzellik Salonu ve Tesettür,13782790672
kisisel_bakim,2A Kuaför,13782790678
kisisel_bakim,Pretty Women Güzellik Merkezi,13782790686
kisisel_bakim,Cemal Bayan Kuaförü,13782790688
kisisel_bakim,Şengezer Kuaför,13782790690
kisisel_bakim,Murat's Erkek Kuaförü,13782790696
kisisel_bakim,Şafak Özgüler Erkek Kuaförü,13803033603
kisisel_bakim,Serkan Erkek Kuaförü,13803049701
kisisel_bakim,Fikret Alıcı Hair Guru,13807440778
kisisel_bakim,Barbershop By Deniz,13808605643
kisisel_bakim,Esin Gül Güzellik Salonu,13811078480
kisisel_bakim,Şeyma Kuaför,13811078491
kisisel_bakim,Fatma Yağcı Beauty House,13811078496
kisisel_bakim,Zerda Kuaför,13811129014
kisisel_bakim,Hair Club Aykut Konak,13811129036
kisisel_bakim,Başkent Erkek Kuaförü,13811129065
kisisel_bakim,Konfor Time Erkek Kuaförü,13811129078
kisisel_bakim,Demet Kuaför,13811129087
kisisel_bakim,SS Hair,13913044027
kisisel_bakim,Blue Moss Kuaför,13913132537
kisisel_bakim,Boss Erkek Kuaförü,13914888178
kisisel_bakim,Prenses Bayan Kuaförü,13914888179
kisisel_bakim,A & Y Erkek Kuaförü,13918216812
kisisel_bakim,Ulutürk Saç Tasarım Merkezi,13918216822
kisisel_bakim,NK Kuaför & Güzellik,13918216838
kisisel_bakim,Enes Erkek Kuaförü,13918216858
kisisel_bakim,The End Bayan Kuaför & Güzellik Merkezi,13938461995
kisisel_bakim,Almila Kuaför,13947804313
kisisel_bakim,Berber By Serkan,13947804314
kisisel_bakim,Gülay Güzellik Salonu,13947804316
kisisel_bakim,Dilek Erkek Kuaförü,13947804324
kisisel_bakim,Gold'ss Quenn,13947804345
kisisel_bakim,Altan Kozmetik,13947804348
kisisel_bakim,Sevinç Kuaför,13947804351
kisisel_bakim,Ebru Işıklı Beauty Center,13947804362
kisisel_bakim,Elsa Güzellik Salonu,13947804364
kisisel_bakim,Moda Bayan Kuaförü,13947804368
kisisel_bakim,Yıldız Erkek Kuaförü,13947804370
kisisel_bakim,Nisa Güzellik,13947804380
kisisel_bakim,Merve Pek Güzellik,13947804381
kisisel_bakim,Monalisa Bayan Kuaförü & Güzellik Salonu,13947804384
kisisel_bakim,Meral Arun Bayan Kuaförü & Güzellik Salonu,13947804385
kisisel_bakim,Şevket Altıntaş Hair Lounge,13947821908
kisisel_bakim,Erkek Kuaförü Ahmet,13947821926
kisisel_bakim,Berber Altınmakas,13947821948
kisisel_bakim,Kuaför Avşar Kızı,13947829316
kisisel_bakim,Sevil Kuaför,13953884301
kisisel_bakim,red & white,13953885501
kisisel_bakim,Erhan Cavlanlar Hair Art,13953948402
kisisel_bakim,Ercan Yıldırım Berber,13953956101
kisisel_bakim,Seçkin Berber,13953966601
kisisel_bakim,Volkan Kuaför,13955461301
kisisel_bakim,Efix Erkek Kuaförü,13970191202
kisisel_bakim,Emine Savran Beauty,13970244003
kisisel_bakim,Tuğba Kuaför,13970244302
kisisel_bakim,MD Erkek Kuaförü,13980591973
kisisel_bakim,Çalışkan Erkek Kuaförü,13980591979
kisisel_bakim,Hair Baker Mert Yavuz,13982430937
kisisel_bakim,Deep Kuaför,13986366401
kisisel_bakim,Emre Polat Hair Studio,13986366402
kisisel_bakim,Jest Erkek Kuaförü,13986371602
kisisel_bakim,Ümir Çapar Kuaför,13990159502
kisisel_bakim,BeN Güzellik,13990174203
kisisel_bakim,Sibel Keskin Beauty,13990178601
kisisel_bakim,Barbers Hair Design,13990299302
kisisel_bakim,BV Kuaför,13990299401
kisisel_bakim,Sertaç Kılıç Berber,13990311401
kisisel_bakim,Yusuf Kuaför,13990311402
kisisel_bakim,Des Güzellik,13990321302
kisisel_bakim,estilo Kuaför,13991879201
kisisel_bakim,Güray Iç Giyim Kozmetik & Bijuteri,14021746661
kisisel_bakim,Saim Saç Tasarım,14021746666
kisisel_bakim,Ela Kuaför Güzellik Salonu,14028505501
kisisel_bakim,Bayan Kuaför,2868669884
kisisel_bakim,mustafa & erdem,5286077158
kisisel_bakim,David Walker,5287388144
kisisel_bakim,Moonlight Accesories,5287393326
kisisel_bakim,Star Kuaför,5287457717
kisisel_bakim,Beauty club,5287457719
kisisel_bakim,Eyfel Perfume,5703004696
kisisel_bakim,Matheus Perfume,5703014472
kisisel_bakim,Erkek Berber,5744647448
kisisel_bakim,Yüksel Kuaför,5940621160
kisisel_bakim,Saloon Uğur,7055237697
kisisel_bakim,Zey Di,7817115567
kisisel_bakim,Olga Tırnak Alsancak,8066503286
kisisel_bakim,3 Numara,8078225081
kisisel_bakim,Class Erkek Kuaförü,8090774097
kisisel_bakim,cut & More Bayan Kuaforu,8140536289
kisisel_bakim,Mert Erkek Kuaförü,8283658151
kisisel_bakim,dane's,8286010280
kisisel_bakim,Kuaför Zehra,8287329086
kisisel_bakim,Özoskar Erkek Kuaförü,8602956231
kisisel_bakim,By Tosun Kuaför,8615436367
kisisel_bakim,Kuaför Selma,8615436369
kisisel_bakim,Salon Mia Kuaför & Güzellik Merkezi,8710402341
kisisel_bakim,Salon Rio,8710402365
kisisel_bakim,Kuaför Hüseyin,8710402366
kisisel_bakim,Çiçek Kuaför,8710420126
kisisel_bakim,Ata Erkek Kuaförü,8782667651
kisisel_bakim,Kuaför Mert,8863797843
kisisel_bakim,Neşem Bayan Kuaförü,8863797846
kisisel_bakim,Elit Salon,8884001936
kisisel_bakim,Diva Kozmetik,9415641937
kisisel_bakim,Madame Nails,9573113998
kisisel_bakim,Saloon Misis,9573124414
kisisel_bakim,Muammer Erkek Kuaförü,9610176438
kisisel_bakim,Hidayet Pehlivan Hair Stylist,9610176456
kisisel_bakim,Erkan Kuaför,9631911793
kisisel_bakim,Suat Erdoğan Coiffeur,9806414081
kisisel_bakim,Mirina Clinic,9827440718
kisisel_bakim,SaCramento Barber Shop,9837240520
kisisel_bakim,KEY Kuaför & Güzellik Salonu,9839417255
kisisel_bakim,Tuğçe Kuaför,9843897217
kisisel_bakim,Yoas Kuaför & Güzellik Salonu,9857107422
kisisel_bakim,Özel Essi Polikliniği,9896777081
kisisel_bakim,Nedim Berber,9922809717
kisisel_bakim,Sevil,10031675869
kisisel_bakim,Nihal Adağ Güzellik Salonu,10098472600
kisisel_bakim,Fethiye Kuaför,10596565122
kisisel_bakim,Sevilen Kuaför,10833447927
kisisel_bakim,Uslu Erkek Kuaförü,10833447936
kisisel_bakim,Jeune Clou,10899526790
kisisel_bakim,Mona Güzellik & Estetik Manisa,10911578093
kisisel_bakim,X-one-beauty,10916721275
kisisel_bakim,Zeki,10918405190
kisisel_bakim,Lushness,10965632493
kisisel_bakim,Nurbatho,10979344017
kisisel_bakim,Hair mate,10979366365
kisisel_bakim,Fezcan,11004172522
kisisel_bakim,Boom by Procsin,11022521569
kisisel_bakim,Levent Kiraz Saloon,11063983610
kisisel_bakim,Salon Yasemin,11063983618
kisisel_bakim,Arya Güzellik,11063983620
kisisel_bakim,Central Life,11063983621
kisisel_bakim,Madam Olga,11063983625
kisisel_bakim,Meliderm Epilasyon & Güzellik,11063983626
kisisel_bakim,Kuaför Berkay,11069490857
kisisel_bakim,Gümüş Makyaj Stüdyo,11069659301
kisisel_bakim,Kuaför Nuri,11076377400
kisisel_bakim,Barış Erkek Kuaförü,11076393809
kisisel_bakim,Kuaför Coşkun,11076393820
kisisel_bakim,Salon Eren,11076402220
kisisel_bakim,Yeşim Saç Tasarım,11090096006
kisisel_bakim,İbrahim İbrahim,11141615448
kisisel_bakim,Meral Beauty Studio,11141615449
kisisel_bakim,Bahtışen,11141622800
kisisel_bakim,First İbrahim,11141628485
kisisel_bakim,Erkan Yıldırım,11141643592
kisisel_bakim,WO-MEN Kuaför,11244212237
kisisel_bakim,Miss Güzellik,11396047667
kisisel_bakim,Saloon By Hakan,11407316729
kisisel_bakim,Leca Kozmetik,11425036308
kisisel_bakim,Hülyam Güzellik,11425038988
kisisel_bakim,Burak Berber,11431621377
kisisel_bakim,SALOON 1881,11526070374
kisisel_bakim,neşe Nail Art,11526070385
kisisel_bakim,Simel Kuaför,11526070386
kisisel_bakim,Eren Kuaför,11526070389
kisisel_bakim,Beyaz Güzellik Salonu,11526070392
kisisel_bakim,Kuaför Ramo,11526070395
kisisel_bakim,Can Saç Tasarım Merkezi,11526070419
kisisel_bakim,Kuaför Ceyhun,11526070436
kisisel_bakim,Kozağaç Berber,11526070446
kisisel_bakim,Aysun Kuaför,11527696331
kisisel_bakim,Zeliha Solmaz,11527696332
kisisel_bakim,Pınar Eğmen,11527696341
kisisel_bakim,Hüseyin Akbaş,11527696351
kisisel_bakim,Barber Shop - Serkan,11527696356
kisisel_bakim,Saloon Melike,11527696363
kisisel_bakim,MÇ Erkek Kuaförü,11601274928
kisisel_bakim,Life Erkek Kuaförü,11601719252
kisisel_bakim,Doğan Barber Shop,11601823259
kisisel_bakim,Berna Yıldız,11795589351
kisisel_bakim,Ramo's Men's Barber,11808165325
kisisel_bakim,Laura,11832531185
kisisel_bakim,Gürol & Kemal,11844125581
kisisel_bakim,Nail Room,11888927486
kisisel_bakim,Siyah İnci,11888927492
kisisel_bakim,Sweety,11888927493
kisisel_bakim,By Arda,11889025366
kisisel_bakim,Tırnak Center,11889035672
kisisel_bakim,Aura,11889035678
kisisel_bakim,Seher Bilğe Saç Tasarım,11889035680
kisisel_bakim,Ulaş Şentürk,11889040030
kisisel_bakim,As Kuaför Samii,11893241180
kisisel_bakim,Sadullah Özcan,11898939860
kisisel_bakim,Santora,11903244768
kisisel_bakim,Sinem,11903268571
kisisel_bakim,Zafer,11904325638
kisisel_bakim,Doğan Hair Design,11904325642
kisisel_bakim,Metin Demir,11904325645
kisisel_bakim,Ferdi Aker,11904333170
kisisel_bakim,Smyrna,11904333180
kisisel_bakim,Takmatırnak,11904380374
kisisel_bakim,Erkan Güleç,11904380378
kisisel_bakim,Inter,11925440299
kisisel_bakim,Seven,11927923368
kisisel_bakim,Heaven Garden,11940028597
kisisel_bakim,Ires,11948729587
kisisel_bakim,Hair Attack,11955956604
kisisel_bakim,Casanova,12000710790
kisisel_bakim,Saloon Ferdi,12000763041
kisisel_bakim,Affa,12009080166
kisisel_bakim,Şeyda Atlı,12009081146
kisisel_bakim,By Cihan Kuaför,12117979032
kisisel_bakim,Son Söz Kozmetik,12117979092
kisisel_bakim,Helin Gül Beauty Center,12153901264
kisisel_bakim,Eren Erkek Kuaförü,12478378696
kisisel_bakim,Kuaför Engin ve Emrah,12478442049
kisisel_bakim,Nur Taşkın Nail & Beauty Salon,12478442058
kisisel_bakim,Kuaförüm Adem,12478442067
kisisel_bakim,Salon Tolga,12478442070
kisisel_bakim,Kuaför Ayhan,12478442076
kisisel_bakim,Mukan Alkan Hair Designer,12484236181
kisisel_bakim,One Aura Hair İzmir,12506566509
kisisel_bakim,Saloon Gentleman,12518427662
kisisel_bakim,Hüseyin Köşem Kuaför,12518427666
kisisel_bakim,The Moon Kuaför by Ferdi,12612608550
kisisel_bakim,Vedat Can Barber Art,12652353141
kisisel_bakim,Ela Royal Klinik Sağlık Turizm ve Danışmanlık A.Ş.,12750531302
kisisel_bakim,Mert Kırtan Hair Studio,12891697146
kisisel_bakim,Maskumen Lounge,13009363415
kisisel_bakim,Dilan Polat Estetik ve Güzellik Salonu,13014527672
kisisel_bakim,Adahan Berber,13017251382
kisisel_bakim,More,13048177118
kisisel_bakim,Kuaför Nurşen & Özkan,13048203651
kisisel_bakim,Rizz Coiffeur,13048223254
kisisel_bakim,Watsons Girne Bulvarı,13228503601
kisisel_bakim,Kuaför Hatip,13233969838
kisisel_bakim,Zümrüt Kuaför,13234909750
kisisel_bakim,Görkem Özgül Hair&Beauty Atelier,13353563920
kisisel_bakim,By Kılcı Erkek Kuaförü,13390053518
kisisel_bakim,Arzu Kuaför,13390082496
kisisel_bakim,Gül Durgun Hair & Makeup Studio,13390099004
kisisel_bakim,Glow Up Protez Tırnak Stüdyosu,13392653777
kisisel_bakim,Dermameg Güzellik Salonu,13394756583
kisisel_bakim,Tayfun Erkek Kuaförü,13394756589
kisisel_bakim,Serkan Engin Berber Shop,13394768724
kisisel_bakim,Berber Rahim,13468633651
kisisel_bakim,Flora,13472854894
kisisel_bakim,Hobi,13472858322
kisisel_bakim,Saloon Klas,13472858323
kisisel_bakim,Gülçin Akın Studio,13472858327
kisisel_bakim,Plaza Cilt Bakım Salonu,13473069537
kisisel_bakim,Salih Exclusive,13473069553
kisisel_bakim,Kuaför Murat,13473069555
kisisel_bakim,Atakan Hair Design,13476187447
kisisel_bakim,Nuray Yaprak Kaş Tasarım Stüdyosu,13626298128
kisisel_bakim,Dr. Deniz Şen,13626316255
kisisel_bakim,Takma Tırnak,13626316261
kisisel_bakim,Buda Nails,13647318311
kisisel_bakim,Saloon Saçlı,13647329475
kisisel_bakim,Efkan Gölgeçen Hair Artist,13800994980
kisisel_bakim,Kuaför Arzu & Burhan,13830833482
kisisel_bakim,Figaro Erkek Kuaförü,13926005917
kisisel_bakim,Kuaför Leyla,2796344224
kisisel_bakim,Emin Bayan Kuafor Salonu,4913442822
kisisel_bakim,Sun Viva,5101832030
kisisel_bakim,Studio Coiffure,5101846422
kisisel_bakim,Kağan Parfümeri,5101931122
kisisel_bakim,Kuaför Erdener,5278499701
kisisel_bakim,Kozmetik Shop,5278499706
kisisel_bakim,Berber S Club,5278499719
kisisel_bakim,Eker Meydan Sokak Berberi,5409834524
kisisel_bakim,Nuran Bayan Kuaförü,5827943107
kisisel_bakim,Emre Erkek Kuaförü,5827969997
kisisel_bakim,A&S BAYAN KUAFÖRÜ SAÇ KAYNAK MERKEZİ,5838931823
kisisel_bakim,Kuaför Mehdi Toprak,6110949986
kisisel_bakim,Güzellik Uzm. Yakup Dabankara,6457524148
kisisel_bakim,Kuaför Davut,8592339690
kisisel_bakim,AS Kuaför,9197117880
kisisel_bakim,Model,10098039872
kisisel_bakim,Tuncay Kuaför,10296571909
kisisel_bakim,Bilgen Beauty,10304608727
kisisel_bakim,Salon 16,11078343947
kisisel_bakim,By Tuncay,11159392911
kisisel_bakim,Yakutoğlu Berber,11369740332
kisisel_bakim,Salon Bedriye Kaya,11877409350
kisisel_bakim,Erkoç Erkek Kuaförü,12484966650
kisisel_bakim,Hakan Arı Hairstyle,13097926789
kisisel_bakim,Hilal Bayan Kuaförü,13197700736
kisisel_bakim,Emre Çakır,13525768226
kisisel_bakim,As Erkek Kuaförü,13525768325
kisisel_bakim,Jasmin Friseur,2286513580
kisisel_bakim,İlnur Güzellik Salonu,3721365027
kisisel_bakim,Barış Erkek kuaförü,4567541891
kisisel_bakim,selda kuaför,5122625621
kisisel_bakim,Kuaför Ahmet Çıtanak,5210589722
kisisel_bakim,Özgür Lara Erkek Kuaförü Berber,5418444263
kisisel_bakim,Epilasyon,5628815823
kisisel_bakim,kuaförü Erkek GürselrüG,5913801631
kisisel_bakim,Caddes Güzellik Salonu,5983220338
kisisel_bakim,Mira Bayan Kuaförü,6036137863
kisisel_bakim,Fenomen Erkek Kuaförü,6036137864
kisisel_bakim,Funda Cay,6051381749
kisisel_bakim,Mukaddes Güzellik & Masaj Salonu,6051650235
kisisel_bakim,Şahin Kuaför,6074937994
kisisel_bakim,Caka Kuaför,6142436186
kisisel_bakim,Kuaför Yetgin,6172504389
kisisel_bakim,Ayışığı Erkek Küaförü,6278052369
kisisel_bakim,by mustafa erkek beriberi,6486233485
kisisel_bakim,Cadde’m,6541089163
kisisel_bakim,Berber Mustafa,6543198485
kisisel_bakim,Erkek/Bayan Küaförü,6634168703
kisisel_bakim,Fener Erkek Kuaförü,6745752080
kisisel_bakim,Şahin Erkek Küaförü,6789351510
kisisel_bakim,Bayan Küaförü,6789351535
kisisel_bakim,S&N Salon Nashira,7775318862
kisisel_bakim,Berber Hakan Keleş,8100494115
kisisel_bakim,İsmet Kuaför,8101101517
kisisel_bakim,Ali Akman,8120527100
kisisel_bakim,Pınar Güzellik Salonu,8315239037
kisisel_bakim,Artı Kuaför,8334020717
kisisel_bakim,Erkek Kuaför,9590932662
kisisel_bakim,Denıç,9735586217
kisisel_bakim,Cerence Kuaför,9981595511
kisisel_bakim,D&D (Derya & Dicle) Bayan Kuaförü,10060541548
kisisel_bakim,Berber Reşo,10154788843
kisisel_bakim,ZEN,10154788845
kisisel_bakim,Belinay,10154841680
kisisel_bakim,Usta Makas Barber Shop,10214195473
kisisel_bakim,Berber Fatih,10214195480
kisisel_bakim,Fix Kuaför,10218345433
kisisel_bakim,Kuaför Mehmet Yalçınkaya,10218345459
kisisel_bakim,Yalçın Kuaför,10220059013
kisisel_bakim,Polen Barber,10220067924
kisisel_bakim,By Berki,10220067929
kisisel_bakim,Kuaför Samet,10763738353
kisisel_bakim,Anjana Spa,10949967280
kisisel_bakim,Kizir Kuaför,11202160200
kisisel_bakim,Miracle Güzellik Salonu,11265606969
kisisel_bakim,Black Barber,12020228669
kisisel_bakim,Class Hair Design,12097504903
kisisel_bakim,Serkan Denk Gentlemen's Club,12180075168
kisisel_bakim,Funda Akdoğan Güzellik Akademisi,12203546391
kisisel_bakim,Kuaför Regaip,12236150901
kisisel_bakim,Alim Erkek Kuaförü,12241770896
kisisel_bakim,Uğur Erkek Kuaförü,12241937099
kisisel_bakim,Barış erkek kuaförü,12246656932
kisisel_bakim,Evren Kara Bayan Kuaförü,12246656933
kisisel_bakim,Anıl kozmetik,12246668956
kisisel_bakim,Kuaför Kemal Barut,12248773489
kisisel_bakim,Saloon İbrahim Yeter,12248782350
kisisel_bakim,Kuaför Ramazan Tunç,12252256173
kisisel_bakim,Nazar kuaför,12252261518
kisisel_bakim,Fiyakalı Studio,12254571766
kisisel_bakim,Get Shine,12471404397
kisisel_bakim,gamze baran elegant,12500981108
kisisel_bakim,watsons,12516348842
kisisel_bakim,Islek,13368598522
kisisel_bakim,Ozan Haznedaroğlu,13589430244
kisisel_bakim,Belgin Beauty,13916793853
kisisel_bakim,Ramazan&Can Bayan Kuaförü,1889488363
kisisel_bakim,Nezih Erkek Kuaförü,6815030310
kisisel_bakim,Metro Kuaför,6815789386
kisisel_bakim,Mesken Kuaför,6854671590
kisisel_bakim,Adana Saç Ekim ve Estetik Merkezi,7418639025
kisisel_bakim,1D - Berber Fevzi Erkek Kuaförü,11510751080
kisisel_bakim,6B - İbrahim Köksal,11510751088
kisisel_bakim,8E - Volkan ve Nurettin Berberi,11510751091
kisisel_bakim,11F - Erkek Kuaförü Yılmaz,11510751095
kisisel_bakim,İnter Kuaför Süha,12628201309
kisisel_bakim,Salon Ahmet Çelikada Bayan Kuaförü,12637094889
kisisel_bakim,Esberber,12645084012
kisisel_bakim,D.Y Güzellik,13514292941
kisisel_bakim,Koray Özkral,13739868477
kisisel_bakim,Karşehir Berber,3276627377
kisisel_bakim,Amir Kozmetik,4697128795
kisisel_bakim,leydi kuaför,5109185731
kisisel_bakim,Magic Man,12049041169
kisisel_bakim,Demet Bayan Kuaför,13206689951
kisisel_bakim,E&N Plus Erkek Kuaförü,13819497175
kisisel_bakim,SalonAlperen,4317762590
kisisel_bakim,Gaziantep Lazer Epilasyon Servisi,6854368964
kisisel_bakim,MAC,9278226947
kisisel_bakim,Oskar Kuaför,12717897905
kisisel_bakim,Berber Müslüm,13188396803
kisisel_bakim,Farmasi Necla,4573533493
kisisel_bakim,Kuaför Öznur,12450949232
kisisel_bakim,Taşkent Erkek Kuaförü,12450949234
kisisel_bakim,Berber Ramazan,12450949235
kisisel_bakim,Filiz Fermancı Güzellik Salonu,12645244087
kisisel_bakim,Berber Neco,13190396902
kisisel_bakim,Berber Kasabası,13294000585
kisisel_bakim,Mahmut Tavan,13296427274
kisisel_bakim,Emerald Beautay,13299244160
kisisel_bakim,H&D Erkek Kuaförü,4877225535
kisisel_bakim,Neco Berber,10307197345
kisisel_bakim,Şen erkek kuaförü,10916758607
kisisel_bakim,Kırık makas,11019665106
kisisel_bakim,Seher Erkek Kuaförü,11539743950
kisisel_bakim,Tekstar Bayan Kuaförü,12249727502
kisisel_bakim,Kuaför Oğuz,12249727503
kisisel_bakim,Emrah Aras Beauty Center,12625914786
kisisel_bakim,GR Beauty Salon,12869145704
kisisel_bakim,Ali Göksu Hairdresser,12869145705
kisisel_bakim,Bilal Hair Designer,12869145717
kisisel_bakim,Avon,12874102253
kisisel_bakim,Esfa Beauty Center,13234182538
